outlet_id,kota,minggu,jumlah_artikel,indeks_personalisasi,bagian_duplikasi,hari_ke_penetapan,source_url,archive_url,retrieved_at,first_seen,last_checked,regime_id,fiktif
harian-losari.example,Makassar,2014-01-06,26,0.292,0.599,-1498,https://harian-losari.example/fixture/metrik/2014-01-06,,2026-09-09,2026-09-09T00:00:00+07:00,2026-09-09T00:00:00+07:00,ilham,True
harian-losari.example,Makassar,2014-01-13,35,0.316,0.58,-1491,https://harian-losari.example/fixture/metrik/2014-01-13,,2026-09-09,2026-09-09T00:00:00+07:00,2026-09-09T00:00:00+07:00,ilham,True
harian-losari.example,Makassar,2014-01-20,44,0.315,0.469,-1484,https://harian-losari.example/fixture/metrik/2014-01-20,,2026-09-09,2026-09-09T00:00:00+07:00,2026-09-09T00:00:00+07:00,ilham,True
harian-losari.example,Makassar,2014-01-27,51,0.286,0.625,-1477,https://harian-losari.example/fixture/metrik/2014-01-27,,2026-09-09,2026-09-09T00:00:00+07:00,2026-09-09T00:00:00+07:00,ilham,True
harian-losari.example,Makassar,2014-02-03,28,0.301,0.588,-1470,https://harian-losari.example/fixture/metrik/2014-02-03,,2026-09-09,2026-09-09T00:00:00+07:00,2026-09-09T00:00:00+07:00,ilham,True
harian-losari.example,Makassar,2014-02-10,39,0.325,0.569,-1463,https://harian-losari.example/fixture/metrik/2014-02-10,,2026-09-09,2026-09-09T00:00:00+07:00,2026-09-09T00:00:00+07:00,ilham,True
harian-losari.example,Makassar,2014-02-17,30,0.341,0.62,-1456,https://harian-losari.example/fixture/metrik/2014-02-17,,2026-09-09,2026-09-09T00:00:00+07:00,2026-09-09T00:00:00+07:00,ilham,True
harian-losari.example,Makassar,2014-02-24,42,0.279,0.589,-1449,https://harian-losari.example/fixture/metrik/2014-02-24,,2026-09-09,2026-09-09T00:00:00+07:00,2026-09-09T00:00:00+07:00,ilham,True
harian-losari.example,Makassar,2014-03-03,46,0.372,0.542,-1442,https://harian-losari.example/fixture/metrik/2014-03-03,,2026-09-09,2026-09-09T00:00:00+07:00,2026-09-09T00:00:00+07:00,ilham,True
harian-losari.example,Makassar,2014-03-10,45,0.307,0.585,-1435,https://harian-losari.example/fixture/metrik/2014-03-10,,2026-09-09,2026-09-09T00:00:00+07:00,2026-09-09T00:00:00+07:00,ilham,True
harian-losari.example,Makassar,2014-03-17,28,0.329,0.714,-1428,https://harian-losari.example/fixture/metrik/2014-03-17,,2026-09-09,2026-09-09T00:00:00+07:00,2026-09-09T00:00:00+07:00,ilham,True
harian-losari.example,Makassar,2014-03-24,42,0.305,0.581,-1421,https://harian-losari.example/fixture/metrik/2014-03-24,,2026-09-09,2026-09-09T00:00:00+07:00,2026-09-09T00:00:00+07:00,ilham,True
harian-losari.example,Makassar,2014-03-31,42,0.34,0.584,-1414,https://harian-losari.example/fixture/metrik/2014-03-31,,2026-09-09,2026-09-09T00:00:00+07:00,2026-09-09T00:00:00+07:00,ilham,True
harian-losari.example,Makassar,2014-04-07,29,0.336,0.62,-1407,https://harian-losari.example/fixture/metrik/2014-04-07,,2026-09-09,2026-09-09T00:00:00+07:00,2026-09-09T00:00:00+07:00,ilham,True
harian-losari.example,Makassar,2014-04-14,44,0.304,0.669,-1400,https://harian-losari.example/fixture/metrik/2014-04-14,,2026-09-09,2026-09-09T00:00:00+07:00,2026-09-09T00:00:00+07:00,ilham,True
harian-losari.example,Makassar,2014-04-21,56,0.34,0.566,-1393,https://harian-losari.example/fixture/metrik/2014-04-21,,2026-09-09,2026-09-09T00:00:00+07:00,2026-09-09T00:00:00+07:00,ilham,True
harian-losari.example,Makassar,2014-04-28,33,0.323,0.579,-1386,https://harian-losari.example/fixture/metrik/2014-04-28,,2026-09-09,2026-09-09T00:00:00+07:00,2026-09-09T00:00:00+07:00,ilham,True
harian-losari.example,Makassar,2014-05-05,41,0.345,0.605,-1379,https://harian-losari.example/fixture/metrik/2014-05-05,,2026-09-09,2026-09-09T00:00:00+07:00,2026-09-09T00:00:00+07:00,ilham,True
harian-losari.example,Makassar,2014-05-12,41,0.358,0.644,-1372,https://harian-losari.example/fixture/metrik/2014-05-12,,2026-09-09,2026-09-09T00:00:00+07:00,2026-09-09T00:00:00+07:00,danny1,True
harian-losari.example,Makassar,2014-05-19,36,0.393,0.498,-1365,https://harian-losari.example/fixture/metrik/2014-05-19,,2026-09-09,2026-09-09T00:00:00+07:00,2026-09-09T00:00:00+07:00,danny1,True
harian-losari.example,Makassar,2014-05-26,24,0.306,0.582,-1358,https://harian-losari.example/fixture/metrik/2014-05-26,,2026-09-09,2026-09-09T00:00:00+07:00,2026-09-09T00:00:00+07:00,danny1,True
harian-losari.example,Makassar,2014-06-02,39,0.404,0.505,-1351,https://harian-losari.example/fixture/metrik/2014-06-02,,2026-09-09,2026-09-09T00:00:00+07:00,2026-09-09T00:00:00+07:00,danny1,True
harian-losari.example,Makassar,2014-06-09,41,0.385,0.534,-1344,https://harian-losari.example/fixture/metrik/2014-06-09,,2026-09-09,2026-09-09T00:00:00+07:00,2026-09-09T00:00:00+07:00,danny1,True
harian-losari.example,Makassar,2014-06-16,43,0.373,0.543,-1337,https://harian-losari.example/fixture/metrik/2014-06-16,,2026-09-09,2026-09-09T00:00:00+07:00,2026-09-09T00:00:00+07:00,danny1,True
harian-losari.example,Makassar,2014-06-23,48,0.361,0.606,-1330,https://harian-losari.example/fixture/metrik/2014-06-23,,2026-09-09,2026-09-09T00:00:00+07:00,2026-09-09T00:00:00+07:00,danny1,True
harian-losari.example,Makassar,2014-06-30,39,0.427,0.602,-1323,https://harian-losari.example/fixture/metrik/2014-06-30,,2026-09-09,2026-09-09T00:00:00+07:00,2026-09-09T00:00:00+07:00,danny1,True
harian-losari.example,Makassar,2014-07-07,38,0.373,0.617,-1316,https://harian-losari.example/fixture/metrik/2014-07-07,,2026-09-09,2026-09-09T00:00:00+07:00,2026-09-09T00:00:00+07:00,danny1,True
harian-losari.example,Makassar,2014-07-14,30,0.33,0.506,-1309,https://harian-losari.example/fixture/metrik/2014-07-14,,2026-09-09,2026-09-09T00:00:00+07:00,2026-09-09T00:00:00+07:00,danny1,True
harian-losari.example,Makassar,2014-07-21,42,0.355,0.617,-1302,https://harian-losari.example/fixture/metrik/2014-07-21,,2026-09-09,2026-09-09T00:00:00+07:00,2026-09-09T00:00:00+07:00,danny1,True
harian-losari.example,Makassar,2014-07-28,45,0.36,0.589,-1295,https://harian-losari.example/fixture/metrik/2014-07-28,,2026-09-09,2026-09-09T00:00:00+07:00,2026-09-09T00:00:00+07:00,danny1,True
harian-losari.example,Makassar,2014-08-04,42,0.316,0.638,-1288,https://harian-losari.example/fixture/metrik/2014-08-04,,2026-09-09,2026-09-09T00:00:00+07:00,2026-09-09T00:00:00+07:00,danny1,True
harian-losari.example,Makassar,2014-08-11,35,0.369,0.697,-1281,https://harian-losari.example/fixture/metrik/2014-08-11,,2026-09-09,2026-09-09T00:00:00+07:00,2026-09-09T00:00:00+07:00,danny1,True
harian-losari.example,Makassar,2014-08-18,32,0.371,0.589,-1274,https://harian-losari.example/fixture/metrik/2014-08-18,,2026-09-09,2026-09-09T00:00:00+07:00,2026-09-09T00:00:00+07:00,danny1,True
harian-losari.example,Makassar,2014-08-25,30,0.4,0.561,-1267,https://harian-losari.example/fixture/metrik/2014-08-25,,2026-09-09,2026-09-09T00:00:00+07:00,2026-09-09T00:00:00+07:00,danny1,True
harian-losari.example,Makassar,2014-09-01,31,0.354,0.627,-1260,https://harian-losari.example/fixture/metrik/2014-09-01,,2026-09-09,2026-09-09T00:00:00+07:00,2026-09-09T00:00:00+07:00,danny1,True
harian-losari.example,Makassar,2014-09-08,31,0.34,0.586,-1253,https://harian-losari.example/fixture/metrik/2014-09-08,,2026-09-09,2026-09-09T00:00:00+07:00,2026-09-09T00:00:00+07:00,danny1,True
harian-losari.example,Makassar,2014-09-15,43,0.402,0.557,-1246,https://harian-losari.example/fixture/metrik/2014-09-15,,2026-09-09,2026-09-09T00:00:00+07:00,2026-09-09T00:00:00+07:00,danny1,True
harian-losari.example,Makassar,2014-09-22,38,0.367,0.559,-1239,https://harian-losari.example/fixture/metrik/2014-09-22,,2026-09-09,2026-09-09T00:00:00+07:00,2026-09-09T00:00:00+07:00,danny1,True
harian-losari.example,Makassar,2014-09-29,34,0.416,0.586,-1232,https://harian-losari.example/fixture/metrik/2014-09-29,,2026-09-09,2026-09-09T00:00:00+07:00,2026-09-09T00:00:00+07:00,danny1,True
harian-losari.example,Makassar,2014-10-06,39,0.381,0.628,-1225,https://harian-losari.example/fixture/metrik/2014-10-06,,2026-09-09,2026-09-09T00:00:00+07:00,2026-09-09T00:00:00+07:00,danny1,True
harian-losari.example,Makassar,2014-10-13,40,0.349,0.533,-1218,https://harian-losari.example/fixture/metrik/2014-10-13,,2026-09-09,2026-09-09T00:00:00+07:00,2026-09-09T00:00:00+07:00,danny1,True
harian-losari.example,Makassar,2014-10-20,38,0.384,0.634,-1211,https://harian-losari.example/fixture/metrik/2014-10-20,,2026-09-09,2026-09-09T00:00:00+07:00,2026-09-09T00:00:00+07:00,danny1,True
harian-losari.example,Makassar,2014-10-27,35,0.272,0.519,-1204,https://harian-losari.example/fixture/metrik/2014-10-27,,2026-09-09,2026-09-09T00:00:00+07:00,2026-09-09T00:00:00+07:00,danny1,True
harian-losari.example,Makassar,2014-11-03,28,0.364,0.527,-1197,https://harian-losari.example/fixture/metrik/2014-11-03,,2026-09-09,2026-09-09T00:00:00+07:00,2026-09-09T00:00:00+07:00,danny1,True
harian-losari.example,Makassar,2014-11-10,42,0.333,0.589,-1190,https://harian-losari.example/fixture/metrik/2014-11-10,,2026-09-09,2026-09-09T00:00:00+07:00,2026-09-09T00:00:00+07:00,danny1,True
harian-losari.example,Makassar,2014-11-17,41,0.391,0.567,-1183,https://harian-losari.example/fixture/metrik/2014-11-17,,2026-09-09,2026-09-09T00:00:00+07:00,2026-09-09T00:00:00+07:00,danny1,True
harian-losari.example,Makassar,2014-11-24,27,0.319,0.494,-1176,https://harian-losari.example/fixture/metrik/2014-11-24,,2026-09-09,2026-09-09T00:00:00+07:00,2026-09-09T00:00:00+07:00,danny1,True
harian-losari.example,Makassar,2014-12-01,25,0.408,0.502,-1169,https://harian-losari.example/fixture/metrik/2014-12-01,,2026-09-09,2026-09-09T00:00:00+07:00,2026-09-09T00:00:00+07:00,danny1,True
harian-losari.example,Makassar,2014-12-08,42,0.401,0.506,-1162,https://harian-losari.example/fixture/metrik/2014-12-08,,2026-09-09,2026-09-09T00:00:00+07:00,2026-09-09T00:00:00+07:00,danny1,True
harian-losari.example,Makassar,2014-12-15,40,0.384,0.574,-1155,https://harian-losari.example/fixture/metrik/2014-12-15,,2026-09-09,2026-09-09T00:00:00+07:00,2026-09-09T00:00:00+07:00,danny1,True
harian-losari.example,Makassar,2014-12-22,33,0.369,0.621,-1148,https://harian-losari.example/fixture/metrik/2014-12-22,,2026-09-09,2026-09-09T00:00:00+07:00,2026-09-09T00:00:00+07:00,danny1,True
harian-losari.example,Makassar,2014-12-29,33,0.42,0.634,-1141,https://harian-losari.example/fixture/metrik/2014-12-29,,2026-09-09,2026-09-09T00:00:00+07:00,2026-09-09T00:00:00+07:00,danny1,True
harian-losari.example,Makassar,2015-01-05,32,0.358,0.602,-1134,https://harian-losari.example/fixture/metrik/2015-01-05,,2026-09-09,2026-09-09T00:00:00+07:00,2026-09-09T00:00:00+07:00,danny1,True
harian-losari.example,Makassar,2015-01-12,34,0.366,0.601,-1127,https://harian-losari.example/fixture/metrik/2015-01-12,,2026-09-09,2026-09-09T00:00:00+07:00,2026-09-09T00:00:00+07:00,danny1,True
harian-losari.example,Makassar,2015-01-19,27,0.363,0.503,-1120,https://harian-losari.example/fixture/metrik/2015-01-19,,2026-09-09,2026-09-09T00:00:00+07:00,2026-09-09T00:00:00+07:00,danny1,True
harian-losari.example,Makassar,2015-01-26,38,0.388,0.688,-1113,https://harian-losari.example/fixture/metrik/2015-01-26,,2026-09-09,2026-09-09T00:00:00+07:00,2026-09-09T00:00:00+07:00,danny1,True
harian-losari.example,Makassar,2015-02-02,30,0.38,0.648,-1106,https://harian-losari.example/fixture/metrik/2015-02-02,,2026-09-09,2026-09-09T00:00:00+07:00,2026-09-09T00:00:00+07:00,danny1,True
harian-losari.example,Makassar,2015-02-09,39,0.39,0.637,-1099,https://harian-losari.example/fixture/metrik/2015-02-09,,2026-09-09,2026-09-09T00:00:00+07:00,2026-09-09T00:00:00+07:00,danny1,True
harian-losari.example,Makassar,2015-02-16,25,0.402,0.511,-1092,https://harian-losari.example/fixture/metrik/2015-02-16,,2026-09-09,2026-09-09T00:00:00+07:00,2026-09-09T00:00:00+07:00,danny1,True
harian-losari.example,Makassar,2015-02-23,32,0.284,0.623,-1085,https://harian-losari.example/fixture/metrik/2015-02-23,,2026-09-09,2026-09-09T00:00:00+07:00,2026-09-09T00:00:00+07:00,danny1,True
harian-losari.example,Makassar,2015-03-02,42,0.323,0.542,-1078,https://harian-losari.example/fixture/metrik/2015-03-02,,2026-09-09,2026-09-09T00:00:00+07:00,2026-09-09T00:00:00+07:00,danny1,True
harian-losari.example,Makassar,2015-03-09,32,0.32,0.635,-1071,https://harian-losari.example/fixture/metrik/2015-03-09,,2026-09-09,2026-09-09T00:00:00+07:00,2026-09-09T00:00:00+07:00,danny1,True
harian-losari.example,Makassar,2015-03-16,32,0.372,0.588,-1064,https://harian-losari.example/fixture/metrik/2015-03-16,,2026-09-09,2026-09-09T00:00:00+07:00,2026-09-09T00:00:00+07:00,danny1,True
harian-losari.example,Makassar,2015-03-23,42,0.32,0.602,-1057,https://harian-losari.example/fixture/metrik/2015-03-23,,2026-09-09,2026-09-09T00:00:00+07:00,2026-09-09T00:00:00+07:00,danny1,True
harian-losari.example,Makassar,2015-03-30,41,0.447,0.664,-1050,https://harian-losari.example/fixture/metrik/2015-03-30,,2026-09-09,2026-09-09T00:00:00+07:00,2026-09-09T00:00:00+07:00,danny1,True
harian-losari.example,Makassar,2015-04-06,46,0.403,0.495,-1043,https://harian-losari.example/fixture/metrik/2015-04-06,,2026-09-09,2026-09-09T00:00:00+07:00,2026-09-09T00:00:00+07:00,danny1,True
harian-losari.example,Makassar,2015-04-13,35,0.355,0.58,-1036,https://harian-losari.example/fixture/metrik/2015-04-13,,2026-09-09,2026-09-09T00:00:00+07:00,2026-09-09T00:00:00+07:00,danny1,True
harian-losari.example,Makassar,2015-04-20,40,0.398,0.563,-1029,https://harian-losari.example/fixture/metrik/2015-04-20,,2026-09-09,2026-09-09T00:00:00+07:00,2026-09-09T00:00:00+07:00,danny1,True
harian-losari.example,Makassar,2015-04-27,37,0.285,0.601,-1022,https://harian-losari.example/fixture/metrik/2015-04-27,,2026-09-09,2026-09-09T00:00:00+07:00,2026-09-09T00:00:00+07:00,danny1,True
harian-losari.example,Makassar,2015-05-04,36,0.41,0.538,-1015,https://harian-losari.example/fixture/metrik/2015-05-04,,2026-09-09,2026-09-09T00:00:00+07:00,2026-09-09T00:00:00+07:00,danny1,True
harian-losari.example,Makassar,2015-05-11,39,0.322,0.562,-1008,https://harian-losari.example/fixture/metrik/2015-05-11,,2026-09-09,2026-09-09T00:00:00+07:00,2026-09-09T00:00:00+07:00,danny1,True
harian-losari.example,Makassar,2015-05-18,44,0.379,0.558,-1001,https://harian-losari.example/fixture/metrik/2015-05-18,,2026-09-09,2026-09-09T00:00:00+07:00,2026-09-09T00:00:00+07:00,danny1,True
harian-losari.example,Makassar,2015-05-25,45,0.366,0.544,-994,https://harian-losari.example/fixture/metrik/2015-05-25,,2026-09-09,2026-09-09T00:00:00+07:00,2026-09-09T00:00:00+07:00,danny1,True
harian-losari.example,Makassar,2015-06-01,38,0.394,0.549,-987,https://harian-losari.example/fixture/metrik/2015-06-01,,2026-09-09,2026-09-09T00:00:00+07:00,2026-09-09T00:00:00+07:00,danny1,True
harian-losari.example,Makassar,2015-06-08,36,0.367,0.574,-980,https://harian-losari.example/fixture/metrik/2015-06-08,,2026-09-09,2026-09-09T00:00:00+07:00,2026-09-09T00:00:00+07:00,danny1,True
harian-losari.example,Makassar,2015-06-15,43,0.351,0.554,-973,https://harian-losari.example/fixture/metrik/2015-06-15,,2026-09-09,2026-09-09T00:00:00+07:00,2026-09-09T00:00:00+07:00,danny1,True
harian-losari.example,Makassar,2015-06-22,46,0.328,0.643,-966,https://harian-losari.example/fixture/metrik/2015-06-22,,2026-09-09,2026-09-09T00:00:00+07:00,2026-09-09T00:00:00+07:00,danny1,True
harian-losari.example,Makassar,2015-06-29,45,0.394,0.544,-959,https://harian-losari.example/fixture/metrik/2015-06-29,,2026-09-09,2026-09-09T00:00:00+07:00,2026-09-09T00:00:00+07:00,danny1,True
harian-losari.example,Makassar,2015-07-06,42,0.365,0.558,-952,https://harian-losari.example/fixture/metrik/2015-07-06,,2026-09-09,2026-09-09T00:00:00+07:00,2026-09-09T00:00:00+07:00,danny1,True
harian-losari.example,Makassar,2015-07-13,40,0.302,0.503,-945,https://harian-losari.example/fixture/metrik/2015-07-13,,2026-09-09,2026-09-09T00:00:00+07:00,2026-09-09T00:00:00+07:00,danny1,True
harian-losari.example,Makassar,2015-07-20,39,0.348,0.579,-938,https://harian-losari.example/fixture/metrik/2015-07-20,,2026-09-09,2026-09-09T00:00:00+07:00,2026-09-09T00:00:00+07:00,danny1,True
harian-losari.example,Makassar,2015-07-27,50,0.39,0.456,-931,https://harian-losari.example/fixture/metrik/2015-07-27,,2026-09-09,2026-09-09T00:00:00+07:00,2026-09-09T00:00:00+07:00,danny1,True
harian-losari.example,Makassar,2015-08-03,39,0.315,0.533,-924,https://harian-losari.example/fixture/metrik/2015-08-03,,2026-09-09,2026-09-09T00:00:00+07:00,2026-09-09T00:00:00+07:00,danny1,True
harian-losari.example,Makassar,2015-08-10,43,0.338,0.631,-917,https://harian-losari.example/fixture/metrik/2015-08-10,,2026-09-09,2026-09-09T00:00:00+07:00,2026-09-09T00:00:00+07:00,danny1,True
harian-losari.example,Makassar,2015-08-17,37,0.396,0.565,-910,https://harian-losari.example/fixture/metrik/2015-08-17,,2026-09-09,2026-09-09T00:00:00+07:00,2026-09-09T00:00:00+07:00,danny1,True
harian-losari.example,Makassar,2015-08-24,36,0.356,0.637,-903,https://harian-losari.example/fixture/metrik/2015-08-24,,2026-09-09,2026-09-09T00:00:00+07:00,2026-09-09T00:00:00+07:00,danny1,True
harian-losari.example,Makassar,2015-08-31,41,0.349,0.548,-896,https://harian-losari.example/fixture/metrik/2015-08-31,,2026-09-09,2026-09-09T00:00:00+07:00,2026-09-09T00:00:00+07:00,danny1,True
harian-losari.example,Makassar,2015-09-07,26,0.425,0.624,-889,https://harian-losari.example/fixture/metrik/2015-09-07,,2026-09-09,2026-09-09T00:00:00+07:00,2026-09-09T00:00:00+07:00,danny1,True
harian-losari.example,Makassar,2015-09-14,42,0.363,0.649,-882,https://harian-losari.example/fixture/metrik/2015-09-14,,2026-09-09,2026-09-09T00:00:00+07:00,2026-09-09T00:00:00+07:00,danny1,True
harian-losari.example,Makassar,2015-09-21,46,0.419,0.509,-875,https://harian-losari.example/fixture/metrik/2015-09-21,,2026-09-09,2026-09-09T00:00:00+07:00,2026-09-09T00:00:00+07:00,danny1,True
harian-losari.example,Makassar,2015-09-28,34,0.33,0.562,-868,https://harian-losari.example/fixture/metrik/2015-09-28,,2026-09-09,2026-09-09T00:00:00+07:00,2026-09-09T00:00:00+07:00,danny1,True
harian-losari.example,Makassar,2015-10-05,52,0.377,0.577,-861,https://harian-losari.example/fixture/metrik/2015-10-05,,2026-09-09,2026-09-09T00:00:00+07:00,2026-09-09T00:00:00+07:00,danny1,True
harian-losari.example,Makassar,2015-10-12,33,0.299,0.597,-854,https://harian-losari.example/fixture/metrik/2015-10-12,,2026-09-09,2026-09-09T00:00:00+07:00,2026-09-09T00:00:00+07:00,danny1,True
harian-losari.example,Makassar,2015-10-19,39,0.406,0.466,-847,https://harian-losari.example/fixture/metrik/2015-10-19,,2026-09-09,2026-09-09T00:00:00+07:00,2026-09-09T00:00:00+07:00,danny1,True
harian-losari.example,Makassar,2015-10-26,38,0.333,0.472,-840,https://harian-losari.example/fixture/metrik/2015-10-26,,2026-09-09,2026-09-09T00:00:00+07:00,2026-09-09T00:00:00+07:00,danny1,True
harian-losari.example,Makassar,2015-11-02,42,0.385,0.622,-833,https://harian-losari.example/fixture/metrik/2015-11-02,,2026-09-09,2026-09-09T00:00:00+07:00,2026-09-09T00:00:00+07:00,danny1,True
harian-losari.example,Makassar,2015-11-09,35,0.376,0.527,-826,https://harian-losari.example/fixture/metrik/2015-11-09,,2026-09-09,2026-09-09T00:00:00+07:00,2026-09-09T00:00:00+07:00,danny1,True
harian-losari.example,Makassar,2015-11-16,26,0.313,0.572,-819,https://harian-losari.example/fixture/metrik/2015-11-16,,2026-09-09,2026-09-09T00:00:00+07:00,2026-09-09T00:00:00+07:00,danny1,True
harian-losari.example,Makassar,2015-11-23,27,0.386,0.686,-812,https://harian-losari.example/fixture/metrik/2015-11-23,,2026-09-09,2026-09-09T00:00:00+07:00,2026-09-09T00:00:00+07:00,danny1,True
harian-losari.example,Makassar,2015-11-30,47,0.362,0.53,-805,https://harian-losari.example/fixture/metrik/2015-11-30,,2026-09-09,2026-09-09T00:00:00+07:00,2026-09-09T00:00:00+07:00,danny1,True
harian-losari.example,Makassar,2015-12-07,28,0.369,0.569,-798,https://harian-losari.example/fixture/metrik/2015-12-07,,2026-09-09,2026-09-09T00:00:00+07:00,2026-09-09T00:00:00+07:00,danny1,True
harian-losari.example,Makassar,2015-12-14,38,0.386,0.546,-791,https://harian-losari.example/fixture/metrik/2015-12-14,,2026-09-09,2026-09-09T00:00:00+07:00,2026-09-09T00:00:00+07:00,danny1,True
harian-losari.example,Makassar,2015-12-21,31,0.386,0.627,-784,https://harian-losari.example/fixture/metrik/2015-12-21,,2026-09-09,2026-09-09T00:00:00+07:00,2026-09-09T00:00:00+07:00,danny1,True
harian-losari.example,Makassar,2015-12-28,45,0.352,0.527,-777,https://harian-losari.example/fixture/metrik/2015-12-28,,2026-09-09,2026-09-09T00:00:00+07:00,2026-09-09T00:00:00+07:00,danny1,True
harian-losari.example,Makassar,2016-01-04,42,0.392,0.576,-770,https://harian-losari.example/fixture/metrik/2016-01-04,,2026-09-09,2026-09-09T00:00:00+07:00,2026-09-09T00:00:00+07:00,danny1,True
harian-losari.example,Makassar,2016-01-11,37,0.295,0.626,-763,https://harian-losari.example/fixture/metrik/2016-01-11,,2026-09-09,2026-09-09T00:00:00+07:00,2026-09-09T00:00:00+07:00,danny1,True
harian-losari.example,Makassar,2016-01-18,44,0.376,0.624,-756,https://harian-losari.example/fixture/metrik/2016-01-18,,2026-09-09,2026-09-09T00:00:00+07:00,2026-09-09T00:00:00+07:00,danny1,True
harian-losari.example,Makassar,2016-01-25,31,0.368,0.563,-749,https://harian-losari.example/fixture/metrik/2016-01-25,,2026-09-09,2026-09-09T00:00:00+07:00,2026-09-09T00:00:00+07:00,danny1,True
harian-losari.example,Makassar,2016-02-01,35,0.355,0.617,-742,https://harian-losari.example/fixture/metrik/2016-02-01,,2026-09-09,2026-09-09T00:00:00+07:00,2026-09-09T00:00:00+07:00,danny1,True
harian-losari.example,Makassar,2016-02-08,39,0.352,0.488,-735,https://harian-losari.example/fixture/metrik/2016-02-08,,2026-09-09,2026-09-09T00:00:00+07:00,2026-09-09T00:00:00+07:00,danny1,True
harian-losari.example,Makassar,2016-02-15,35,0.411,0.627,-728,https://harian-losari.example/fixture/metrik/2016-02-15,,2026-09-09,2026-09-09T00:00:00+07:00,2026-09-09T00:00:00+07:00,danny1,True
harian-losari.example,Makassar,2016-02-22,35,0.371,0.642,-721,https://harian-losari.example/fixture/metrik/2016-02-22,,2026-09-09,2026-09-09T00:00:00+07:00,2026-09-09T00:00:00+07:00,danny1,True
harian-losari.example,Makassar,2016-02-29,30,0.339,0.624,-714,https://harian-losari.example/fixture/metrik/2016-02-29,,2026-09-09,2026-09-09T00:00:00+07:00,2026-09-09T00:00:00+07:00,danny1,True
harian-losari.example,Makassar,2016-03-07,30,0.448,0.506,-707,https://harian-losari.example/fixture/metrik/2016-03-07,,2026-09-09,2026-09-09T00:00:00+07:00,2026-09-09T00:00:00+07:00,danny1,True
harian-losari.example,Makassar,2016-03-14,37,0.38,0.609,-700,https://harian-losari.example/fixture/metrik/2016-03-14,,2026-09-09,2026-09-09T00:00:00+07:00,2026-09-09T00:00:00+07:00,danny1,True
harian-losari.example,Makassar,2016-03-21,29,0.357,0.532,-693,https://harian-losari.example/fixture/metrik/2016-03-21,,2026-09-09,2026-09-09T00:00:00+07:00,2026-09-09T00:00:00+07:00,danny1,True
harian-losari.example,Makassar,2016-03-28,42,0.357,0.618,-686,https://harian-losari.example/fixture/metrik/2016-03-28,,2026-09-09,2026-09-09T00:00:00+07:00,2026-09-09T00:00:00+07:00,danny1,True
harian-losari.example,Makassar,2016-04-04,52,0.377,0.58,-679,https://harian-losari.example/fixture/metrik/2016-04-04,,2026-09-09,2026-09-09T00:00:00+07:00,2026-09-09T00:00:00+07:00,danny1,True
harian-losari.example,Makassar,2016-04-11,37,0.351,0.598,-672,https://harian-losari.example/fixture/metrik/2016-04-11,,2026-09-09,2026-09-09T00:00:00+07:00,2026-09-09T00:00:00+07:00,danny1,True
harian-losari.example,Makassar,2016-04-18,35,0.358,0.64,-665,https://harian-losari.example/fixture/metrik/2016-04-18,,2026-09-09,2026-09-09T00:00:00+07:00,2026-09-09T00:00:00+07:00,danny1,True
harian-losari.example,Makassar,2016-04-25,37,0.353,0.591,-658,https://harian-losari.example/fixture/metrik/2016-04-25,,2026-09-09,2026-09-09T00:00:00+07:00,2026-09-09T00:00:00+07:00,danny1,True
harian-losari.example,Makassar,2016-05-02,41,0.326,0.544,-651,https://harian-losari.example/fixture/metrik/2016-05-02,,2026-09-09,2026-09-09T00:00:00+07:00,2026-09-09T00:00:00+07:00,danny1,True
harian-losari.example,Makassar,2016-05-09,32,0.339,0.5,-644,https://harian-losari.example/fixture/metrik/2016-05-09,,2026-09-09,2026-09-09T00:00:00+07:00,2026-09-09T00:00:00+07:00,danny1,True
harian-losari.example,Makassar,2016-05-16,29,0.395,0.536,-637,https://harian-losari.example/fixture/metrik/2016-05-16,,2026-09-09,2026-09-09T00:00:00+07:00,2026-09-09T00:00:00+07:00,danny1,True
harian-losari.example,Makassar,2016-05-23,41,0.315,0.611,-630,https://harian-losari.example/fixture/metrik/2016-05-23,,2026-09-09,2026-09-09T00:00:00+07:00,2026-09-09T00:00:00+07:00,danny1,True
harian-losari.example,Makassar,2016-05-30,46,0.354,0.658,-623,https://harian-losari.example/fixture/metrik/2016-05-30,,2026-09-09,2026-09-09T00:00:00+07:00,2026-09-09T00:00:00+07:00,danny1,True
harian-losari.example,Makassar,2016-06-06,42,0.338,0.608,-616,https://harian-losari.example/fixture/metrik/2016-06-06,,2026-09-09,2026-09-09T00:00:00+07:00,2026-09-09T00:00:00+07:00,danny1,True
harian-losari.example,Makassar,2016-06-13,38,0.318,0.606,-609,https://harian-losari.example/fixture/metrik/2016-06-13,,2026-09-09,2026-09-09T00:00:00+07:00,2026-09-09T00:00:00+07:00,danny1,True
harian-losari.example,Makassar,2016-06-20,35,0.348,0.532,-602,https://harian-losari.example/fixture/metrik/2016-06-20,,2026-09-09,2026-09-09T00:00:00+07:00,2026-09-09T00:00:00+07:00,danny1,True
harian-losari.example,Makassar,2016-06-27,45,0.379,0.498,-595,https://harian-losari.example/fixture/metrik/2016-06-27,,2026-09-09,2026-09-09T00:00:00+07:00,2026-09-09T00:00:00+07:00,danny1,True
harian-losari.example,Makassar,2016-07-04,27,0.339,0.614,-588,https://harian-losari.example/fixture/metrik/2016-07-04,,2026-09-09,2026-09-09T00:00:00+07:00,2026-09-09T00:00:00+07:00,danny1,True
harian-losari.example,Makassar,2016-07-11,40,0.338,0.533,-581,https://harian-losari.example/fixture/metrik/2016-07-11,,2026-09-09,2026-09-09T00:00:00+07:00,2026-09-09T00:00:00+07:00,danny1,True
harian-losari.example,Makassar,2016-07-18,44,0.364,0.656,-574,https://harian-losari.example/fixture/metrik/2016-07-18,,2026-09-09,2026-09-09T00:00:00+07:00,2026-09-09T00:00:00+07:00,danny1,True
harian-losari.example,Makassar,2016-07-25,41,0.274,0.581,-567,https://harian-losari.example/fixture/metrik/2016-07-25,,2026-09-09,2026-09-09T00:00:00+07:00,2026-09-09T00:00:00+07:00,danny1,True
harian-losari.example,Makassar,2016-08-01,33,0.36,0.537,-560,https://harian-losari.example/fixture/metrik/2016-08-01,,2026-09-09,2026-09-09T00:00:00+07:00,2026-09-09T00:00:00+07:00,danny1,True
harian-losari.example,Makassar,2016-08-08,42,0.329,0.556,-553,https://harian-losari.example/fixture/metrik/2016-08-08,,2026-09-09,2026-09-09T00:00:00+07:00,2026-09-09T00:00:00+07:00,danny1,True
harian-losari.example,Makassar,2016-08-15,33,0.368,0.535,-546,https://harian-losari.example/fixture/metrik/2016-08-15,,2026-09-09,2026-09-09T00:00:00+07:00,2026-09-09T00:00:00+07:00,danny1,True
harian-losari.example,Makassar,2016-08-22,33,0.369,0.538,-539,https://harian-losari.example/fixture/metrik/2016-08-22,,2026-09-09,2026-09-09T00:00:00+07:00,2026-09-09T00:00:00+07:00,danny1,True
harian-losari.example,Makassar,2016-08-29,38,0.362,0.556,-532,https://harian-losari.example/fixture/metrik/2016-08-29,,2026-09-09,2026-09-09T00:00:00+07:00,2026-09-09T00:00:00+07:00,danny1,True
harian-losari.example,Makassar,2016-09-05,41,0.304,0.632,-525,https://harian-losari.example/fixture/metrik/2016-09-05,,2026-09-09,2026-09-09T00:00:00+07:00,2026-09-09T00:00:00+07:00,danny1,True
harian-losari.example,Makassar,2016-09-12,44,0.36,0.628,-518,https://harian-losari.example/fixture/metrik/2016-09-12,,2026-09-09,2026-09-09T00:00:00+07:00,2026-09-09T00:00:00+07:00,danny1,True
harian-losari.example,Makassar,2016-09-19,39,0.376,0.614,-511,https://harian-losari.example/fixture/metrik/2016-09-19,,2026-09-09,2026-09-09T00:00:00+07:00,2026-09-09T00:00:00+07:00,danny1,True
harian-losari.example,Makassar,2016-09-26,29,0.377,0.563,-504,https://harian-losari.example/fixture/metrik/2016-09-26,,2026-09-09,2026-09-09T00:00:00+07:00,2026-09-09T00:00:00+07:00,danny1,True
harian-losari.example,Makassar,2016-10-03,44,0.352,0.612,-497,https://harian-losari.example/fixture/metrik/2016-10-03,,2026-09-09,2026-09-09T00:00:00+07:00,2026-09-09T00:00:00+07:00,danny1,True
harian-losari.example,Makassar,2016-10-10,22,0.363,0.489,-490,https://harian-losari.example/fixture/metrik/2016-10-10,,2026-09-09,2026-09-09T00:00:00+07:00,2026-09-09T00:00:00+07:00,danny1,True
harian-losari.example,Makassar,2016-10-17,33,0.346,0.656,-483,https://harian-losari.example/fixture/metrik/2016-10-17,,2026-09-09,2026-09-09T00:00:00+07:00,2026-09-09T00:00:00+07:00,danny1,True
harian-losari.example,Makassar,2016-10-24,24,0.384,0.623,-476,https://harian-losari.example/fixture/metrik/2016-10-24,,2026-09-09,2026-09-09T00:00:00+07:00,2026-09-09T00:00:00+07:00,danny1,True
harian-losari.example,Makassar,2016-10-31,24,0.364,0.439,-469,https://harian-losari.example/fixture/metrik/2016-10-31,,2026-09-09,2026-09-09T00:00:00+07:00,2026-09-09T00:00:00+07:00,danny1,True
harian-losari.example,Makassar,2016-11-07,40,0.358,0.62,-462,https://harian-losari.example/fixture/metrik/2016-11-07,,2026-09-09,2026-09-09T00:00:00+07:00,2026-09-09T00:00:00+07:00,danny1,True
harian-losari.example,Makassar,2016-11-14,48,0.404,0.604,-455,https://harian-losari.example/fixture/metrik/2016-11-14,,2026-09-09,2026-09-09T00:00:00+07:00,2026-09-09T00:00:00+07:00,danny1,True
harian-losari.example,Makassar,2016-11-21,47,0.312,0.583,-448,https://harian-losari.example/fixture/metrik/2016-11-21,,2026-09-09,2026-09-09T00:00:00+07:00,2026-09-09T00:00:00+07:00,danny1,True
harian-losari.example,Makassar,2016-11-28,50,0.315,0.555,-441,https://harian-losari.example/fixture/metrik/2016-11-28,,2026-09-09,2026-09-09T00:00:00+07:00,2026-09-09T00:00:00+07:00,danny1,True
harian-losari.example,Makassar,2016-12-05,30,0.309,0.647,-434,https://harian-losari.example/fixture/metrik/2016-12-05,,2026-09-09,2026-09-09T00:00:00+07:00,2026-09-09T00:00:00+07:00,danny1,True
harian-losari.example,Makassar,2016-12-12,37,0.329,0.534,-427,https://harian-losari.example/fixture/metrik/2016-12-12,,2026-09-09,2026-09-09T00:00:00+07:00,2026-09-09T00:00:00+07:00,danny1,True
harian-losari.example,Makassar,2016-12-19,43,0.365,0.625,-420,https://harian-losari.example/fixture/metrik/2016-12-19,,2026-09-09,2026-09-09T00:00:00+07:00,2026-09-09T00:00:00+07:00,danny1,True
harian-losari.example,Makassar,2016-12-26,39,0.308,0.525,-413,https://harian-losari.example/fixture/metrik/2016-12-26,,2026-09-09,2026-09-09T00:00:00+07:00,2026-09-09T00:00:00+07:00,danny1,True
harian-losari.example,Makassar,2017-01-02,30,0.408,0.617,-406,https://harian-losari.example/fixture/metrik/2017-01-02,,2026-09-09,2026-09-09T00:00:00+07:00,2026-09-09T00:00:00+07:00,danny1,True
harian-losari.example,Makassar,2017-01-09,41,0.37,0.6,-399,https://harian-losari.example/fixture/metrik/2017-01-09,,2026-09-09,2026-09-09T00:00:00+07:00,2026-09-09T00:00:00+07:00,danny1,True
harian-losari.example,Makassar,2017-01-16,32,0.365,0.547,-392,https://harian-losari.example/fixture/metrik/2017-01-16,,2026-09-09,2026-09-09T00:00:00+07:00,2026-09-09T00:00:00+07:00,danny1,True
harian-losari.example,Makassar,2017-01-23,30,0.363,0.578,-385,https://harian-losari.example/fixture/metrik/2017-01-23,,2026-09-09,2026-09-09T00:00:00+07:00,2026-09-09T00:00:00+07:00,danny1,True
harian-losari.example,Makassar,2017-01-30,44,0.358,0.57,-378,https://harian-losari.example/fixture/metrik/2017-01-30,,2026-09-09,2026-09-09T00:00:00+07:00,2026-09-09T00:00:00+07:00,danny1,True
harian-losari.example,Makassar,2017-02-06,41,0.404,0.676,-371,https://harian-losari.example/fixture/metrik/2017-02-06,,2026-09-09,2026-09-09T00:00:00+07:00,2026-09-09T00:00:00+07:00,danny1,True
harian-losari.example,Makassar,2017-02-13,31,0.373,0.635,-364,https://harian-losari.example/fixture/metrik/2017-02-13,,2026-09-09,2026-09-09T00:00:00+07:00,2026-09-09T00:00:00+07:00,danny1,True
harian-losari.example,Makassar,2017-02-20,30,0.377,0.517,-357,https://harian-losari.example/fixture/metrik/2017-02-20,,2026-09-09,2026-09-09T00:00:00+07:00,2026-09-09T00:00:00+07:00,danny1,True
harian-losari.example,Makassar,2017-02-27,39,0.398,0.665,-350,https://harian-losari.example/fixture/metrik/2017-02-27,,2026-09-09,2026-09-09T00:00:00+07:00,2026-09-09T00:00:00+07:00,danny1,True
harian-losari.example,Makassar,2017-03-06,37,0.341,0.57,-343,https://harian-losari.example/fixture/metrik/2017-03-06,,2026-09-09,2026-09-09T00:00:00+07:00,2026-09-09T00:00:00+07:00,danny1,True
harian-losari.example,Makassar,2017-03-13,38,0.351,0.548,-336,https://harian-losari.example/fixture/metrik/2017-03-13,,2026-09-09,2026-09-09T00:00:00+07:00,2026-09-09T00:00:00+07:00,danny1,True
harian-losari.example,Makassar,2017-03-20,48,0.362,0.581,-329,https://harian-losari.example/fixture/metrik/2017-03-20,,2026-09-09,2026-09-09T00:00:00+07:00,2026-09-09T00:00:00+07:00,danny1,True
harian-losari.example,Makassar,2017-03-27,39,0.367,0.567,-322,https://harian-losari.example/fixture/metrik/2017-03-27,,2026-09-09,2026-09-09T00:00:00+07:00,2026-09-09T00:00:00+07:00,danny1,True
harian-losari.example,Makassar,2017-04-03,42,0.398,0.608,-315,https://harian-losari.example/fixture/metrik/2017-04-03,,2026-09-09,2026-09-09T00:00:00+07:00,2026-09-09T00:00:00+07:00,danny1,True
harian-losari.example,Makassar,2017-04-10,47,0.33,0.649,-308,https://harian-losari.example/fixture/metrik/2017-04-10,,2026-09-09,2026-09-09T00:00:00+07:00,2026-09-09T00:00:00+07:00,danny1,True
harian-losari.example,Makassar,2017-04-17,25,0.357,0.653,-301,https://harian-losari.example/fixture/metrik/2017-04-17,,2026-09-09,2026-09-09T00:00:00+07:00,2026-09-09T00:00:00+07:00,danny1,True
harian-losari.example,Makassar,2017-04-24,32,0.351,0.485,-294,https://harian-losari.example/fixture/metrik/2017-04-24,,2026-09-09,2026-09-09T00:00:00+07:00,2026-09-09T00:00:00+07:00,danny1,True
harian-losari.example,Makassar,2017-05-01,44,0.401,0.63,-287,https://harian-losari.example/fixture/metrik/2017-05-01,,2026-09-09,2026-09-09T00:00:00+07:00,2026-09-09T00:00:00+07:00,danny1,True
harian-losari.example,Makassar,2017-05-08,46,0.358,0.56,-280,https://harian-losari.example/fixture/metrik/2017-05-08,,2026-09-09,2026-09-09T00:00:00+07:00,2026-09-09T00:00:00+07:00,danny1,True
harian-losari.example,Makassar,2017-05-15,33,0.396,0.594,-273,https://harian-losari.example/fixture/metrik/2017-05-15,,2026-09-09,2026-09-09T00:00:00+07:00,2026-09-09T00:00:00+07:00,danny1,True
harian-losari.example,Makassar,2017-05-22,30,0.304,0.545,-266,https://harian-losari.example/fixture/metrik/2017-05-22,,2026-09-09,2026-09-09T00:00:00+07:00,2026-09-09T00:00:00+07:00,danny1,True
harian-losari.example,Makassar,2017-05-29,33,0.383,0.572,-259,https://harian-losari.example/fixture/metrik/2017-05-29,,2026-09-09,2026-09-09T00:00:00+07:00,2026-09-09T00:00:00+07:00,danny1,True
harian-losari.example,Makassar,2017-06-05,42,0.394,0.552,-252,https://harian-losari.example/fixture/metrik/2017-06-05,,2026-09-09,2026-09-09T00:00:00+07:00,2026-09-09T00:00:00+07:00,danny1,True
harian-losari.example,Makassar,2017-06-12,34,0.347,0.63,-245,https://harian-losari.example/fixture/metrik/2017-06-12,,2026-09-09,2026-09-09T00:00:00+07:00,2026-09-09T00:00:00+07:00,danny1,True
harian-losari.example,Makassar,2017-06-19,42,0.349,0.575,-238,https://harian-losari.example/fixture/metrik/2017-06-19,,2026-09-09,2026-09-09T00:00:00+07:00,2026-09-09T00:00:00+07:00,danny1,True
harian-losari.example,Makassar,2017-06-26,33,0.352,0.67,-231,https://harian-losari.example/fixture/metrik/2017-06-26,,2026-09-09,2026-09-09T00:00:00+07:00,2026-09-09T00:00:00+07:00,danny1,True
harian-losari.example,Makassar,2017-07-03,35,0.378,0.533,-224,https://harian-losari.example/fixture/metrik/2017-07-03,,2026-09-09,2026-09-09T00:00:00+07:00,2026-09-09T00:00:00+07:00,danny1,True
harian-losari.example,Makassar,2017-07-10,39,0.396,0.555,-217,https://harian-losari.example/fixture/metrik/2017-07-10,,2026-09-09,2026-09-09T00:00:00+07:00,2026-09-09T00:00:00+07:00,danny1,True
harian-losari.example,Makassar,2017-07-17,37,0.359,0.6,-210,https://harian-losari.example/fixture/metrik/2017-07-17,,2026-09-09,2026-09-09T00:00:00+07:00,2026-09-09T00:00:00+07:00,danny1,True
harian-losari.example,Makassar,2017-07-24,38,0.362,0.541,-203,https://harian-losari.example/fixture/metrik/2017-07-24,,2026-09-09,2026-09-09T00:00:00+07:00,2026-09-09T00:00:00+07:00,danny1,True
harian-losari.example,Makassar,2017-07-31,36,0.311,0.724,-196,https://harian-losari.example/fixture/metrik/2017-07-31,,2026-09-09,2026-09-09T00:00:00+07:00,2026-09-09T00:00:00+07:00,danny1,True
harian-losari.example,Makassar,2017-08-07,40,0.406,0.598,-189,https://harian-losari.example/fixture/metrik/2017-08-07,,2026-09-09,2026-09-09T00:00:00+07:00,2026-09-09T00:00:00+07:00,danny1,True
harian-losari.example,Makassar,2017-08-14,27,0.455,0.613,-182,https://harian-losari.example/fixture/metrik/2017-08-14,,2026-09-09,2026-09-09T00:00:00+07:00,2026-09-09T00:00:00+07:00,danny1,True
harian-losari.example,Makassar,2017-08-21,47,0.376,0.647,-175,https://harian-losari.example/fixture/metrik/2017-08-21,,2026-09-09,2026-09-09T00:00:00+07:00,2026-09-09T00:00:00+07:00,danny1,True
harian-losari.example,Makassar,2017-08-28,32,0.388,0.624,-168,https://harian-losari.example/fixture/metrik/2017-08-28,,2026-09-09,2026-09-09T00:00:00+07:00,2026-09-09T00:00:00+07:00,danny1,True
harian-losari.example,Makassar,2017-09-04,44,0.41,0.503,-161,https://harian-losari.example/fixture/metrik/2017-09-04,,2026-09-09,2026-09-09T00:00:00+07:00,2026-09-09T00:00:00+07:00,danny1,True
harian-losari.example,Makassar,2017-09-11,36,0.408,0.656,-154,https://harian-losari.example/fixture/metrik/2017-09-11,,2026-09-09,2026-09-09T00:00:00+07:00,2026-09-09T00:00:00+07:00,danny1,True
harian-losari.example,Makassar,2017-09-18,38,0.484,0.621,-147,https://harian-losari.example/fixture/metrik/2017-09-18,,2026-09-09,2026-09-09T00:00:00+07:00,2026-09-09T00:00:00+07:00,danny1,True
harian-losari.example,Makassar,2017-09-25,34,0.503,0.58,-140,https://harian-losari.example/fixture/metrik/2017-09-25,,2026-09-09,2026-09-09T00:00:00+07:00,2026-09-09T00:00:00+07:00,danny1,True
harian-losari.example,Makassar,2017-10-02,37,0.48,0.6,-133,https://harian-losari.example/fixture/metrik/2017-10-02,,2026-09-09,2026-09-09T00:00:00+07:00,2026-09-09T00:00:00+07:00,danny1,True
harian-losari.example,Makassar,2017-10-09,42,0.501,0.654,-126,https://harian-losari.example/fixture/metrik/2017-10-09,,2026-09-09,2026-09-09T00:00:00+07:00,2026-09-09T00:00:00+07:00,danny1,True
harian-losari.example,Makassar,2017-10-16,35,0.481,0.646,-119,https://harian-losari.example/fixture/metrik/2017-10-16,,2026-09-09,2026-09-09T00:00:00+07:00,2026-09-09T00:00:00+07:00,danny1,True
harian-losari.example,Makassar,2017-10-23,45,0.516,0.649,-112,https://harian-losari.example/fixture/metrik/2017-10-23,,2026-09-09,2026-09-09T00:00:00+07:00,2026-09-09T00:00:00+07:00,danny1,True
harian-losari.example,Makassar,2017-10-30,36,0.566,0.641,-105,https://harian-losari.example/fixture/metrik/2017-10-30,,2026-09-09,2026-09-09T00:00:00+07:00,2026-09-09T00:00:00+07:00,danny1,True
harian-losari.example,Makassar,2017-11-06,33,0.527,0.579,-98,https://harian-losari.example/fixture/metrik/2017-11-06,,2026-09-09,2026-09-09T00:00:00+07:00,2026-09-09T00:00:00+07:00,danny1,True
harian-losari.example,Makassar,2017-11-13,39,0.588,0.679,-91,https://harian-losari.example/fixture/metrik/2017-11-13,,2026-09-09,2026-09-09T00:00:00+07:00,2026-09-09T00:00:00+07:00,danny1,True
harian-losari.example,Makassar,2017-11-20,38,0.589,0.651,-84,https://harian-losari.example/fixture/metrik/2017-11-20,,2026-09-09,2026-09-09T00:00:00+07:00,2026-09-09T00:00:00+07:00,danny1,True
harian-losari.example,Makassar,2017-11-27,37,0.63,0.632,-77,https://harian-losari.example/fixture/metrik/2017-11-27,,2026-09-09,2026-09-09T00:00:00+07:00,2026-09-09T00:00:00+07:00,danny1,True
harian-losari.example,Makassar,2017-12-04,39,0.623,0.701,-70,https://harian-losari.example/fixture/metrik/2017-12-04,,2026-09-09,2026-09-09T00:00:00+07:00,2026-09-09T00:00:00+07:00,danny1,True
harian-losari.example,Makassar,2017-12-11,33,0.655,0.666,-63,https://harian-losari.example/fixture/metrik/2017-12-11,,2026-09-09,2026-09-09T00:00:00+07:00,2026-09-09T00:00:00+07:00,danny1,True
harian-losari.example,Makassar,2017-12-18,41,0.658,0.67,-56,https://harian-losari.example/fixture/metrik/2017-12-18,,2026-09-09,2026-09-09T00:00:00+07:00,2026-09-09T00:00:00+07:00,danny1,True
harian-losari.example,Makassar,2017-12-25,47,0.609,0.655,-49,https://harian-losari.example/fixture/metrik/2017-12-25,,2026-09-09,2026-09-09T00:00:00+07:00,2026-09-09T00:00:00+07:00,danny1,True
harian-losari.example,Makassar,2018-01-01,28,0.691,0.774,-42,https://harian-losari.example/fixture/metrik/2018-01-01,,2026-09-09,2026-09-09T00:00:00+07:00,2026-09-09T00:00:00+07:00,danny1,True
harian-losari.example,Makassar,2018-01-08,39,0.662,0.679,-35,https://harian-losari.example/fixture/metrik/2018-01-08,,2026-09-09,2026-09-09T00:00:00+07:00,2026-09-09T00:00:00+07:00,danny1,True
harian-losari.example,Makassar,2018-01-15,41,0.708,0.734,-28,https://harian-losari.example/fixture/metrik/2018-01-15,,2026-09-09,2026-09-09T00:00:00+07:00,2026-09-09T00:00:00+07:00,danny1,True
harian-losari.example,Makassar,2018-01-22,31,0.685,0.657,-21,https://harian-losari.example/fixture/metrik/2018-01-22,,2026-09-09,2026-09-09T00:00:00+07:00,2026-09-09T00:00:00+07:00,danny1,True
harian-losari.example,Makassar,2018-01-29,46,0.665,0.635,-14,https://harian-losari.example/fixture/metrik/2018-01-29,,2026-09-09,2026-09-09T00:00:00+07:00,2026-09-09T00:00:00+07:00,danny1,True
harian-losari.example,Makassar,2018-02-05,25,0.66,0.676,-7,https://harian-losari.example/fixture/metrik/2018-02-05,,2026-09-09,2026-09-09T00:00:00+07:00,2026-09-09T00:00:00+07:00,danny1,True
harian-losari.example,Makassar,2018-02-12,42,0.625,0.755,0,https://harian-losari.example/fixture/metrik/2018-02-12,,2026-09-09,2026-09-09T00:00:00+07:00,2026-09-09T00:00:00+07:00,danny1,True
harian-losari.example,Makassar,2018-02-19,29,0.631,0.591,7,https://harian-losari.example/fixture/metrik/2018-02-19,,2026-09-09,2026-09-09T00:00:00+07:00,2026-09-09T00:00:00+07:00,danny1,True
harian-losari.example,Makassar,2018-02-26,39,0.587,0.579,14,https://harian-losari.example/fixture/metrik/2018-02-26,,2026-09-09,2026-09-09T00:00:00+07:00,2026-09-09T00:00:00+07:00,danny1,True
harian-losari.example,Makassar,2018-03-05,42,0.356,0.472,21,https://harian-losari.example/fixture/metrik/2018-03-05,,2026-09-09,2026-09-09T00:00:00+07:00,2026-09-09T00:00:00+07:00,danny1,True
harian-losari.example,Makassar,2018-03-12,31,0.311,0.538,28,https://harian-losari.example/fixture/metrik/2018-03-12,,2026-09-09,2026-09-09T00:00:00+07:00,2026-09-09T00:00:00+07:00,danny1,True
harian-losari.example,Makassar,2018-03-19,41,0.345,0.594,35,https://harian-losari.example/fixture/metrik/2018-03-19,,2026-09-09,2026-09-09T00:00:00+07:00,2026-09-09T00:00:00+07:00,danny1,True
harian-losari.example,Makassar,2018-03-26,39,0.406,0.556,42,https://harian-losari.example/fixture/metrik/2018-03-26,,2026-09-09,2026-09-09T00:00:00+07:00,2026-09-09T00:00:00+07:00,danny1,True
harian-losari.example,Makassar,2018-04-02,25,0.431,0.567,49,https://harian-losari.example/fixture/metrik/2018-04-02,,2026-09-09,2026-09-09T00:00:00+07:00,2026-09-09T00:00:00+07:00,danny1,True
harian-losari.example,Makassar,2018-04-09,55,0.329,0.562,56,https://harian-losari.example/fixture/metrik/2018-04-09,,2026-09-09,2026-09-09T00:00:00+07:00,2026-09-09T00:00:00+07:00,danny1,True
harian-losari.example,Makassar,2018-04-16,38,0.331,0.536,63,https://harian-losari.example/fixture/metrik/2018-04-16,,2026-09-09,2026-09-09T00:00:00+07:00,2026-09-09T00:00:00+07:00,danny1,True
harian-losari.example,Makassar,2018-04-23,39,0.146,0.594,70,https://harian-losari.example/fixture/metrik/2018-04-23,,2026-09-09,2026-09-09T00:00:00+07:00,2026-09-09T00:00:00+07:00,danny1,True
harian-losari.example,Makassar,2018-04-30,39,0.172,0.493,77,https://harian-losari.example/fixture/metrik/2018-04-30,,2026-09-09,2026-09-09T00:00:00+07:00,2026-09-09T00:00:00+07:00,danny1,True
harian-losari.example,Makassar,2018-05-07,46,0.128,0.626,84,https://harian-losari.example/fixture/metrik/2018-05-07,,2026-09-09,2026-09-09T00:00:00+07:00,2026-09-09T00:00:00+07:00,danny1,True
harian-losari.example,Makassar,2018-05-14,39,0.193,0.585,91,https://harian-losari.example/fixture/metrik/2018-05-14,,2026-09-09,2026-09-09T00:00:00+07:00,2026-09-09T00:00:00+07:00,danny1,True
harian-losari.example,Makassar,2018-05-21,32,0.225,0.54,98,https://harian-losari.example/fixture/metrik/2018-05-21,,2026-09-09,2026-09-09T00:00:00+07:00,2026-09-09T00:00:00+07:00,danny1,True
harian-losari.example,Makassar,2018-05-28,31,0.168,0.605,105,https://harian-losari.example/fixture/metrik/2018-05-28,,2026-09-09,2026-09-09T00:00:00+07:00,2026-09-09T00:00:00+07:00,danny1,True
harian-losari.example,Makassar,2018-06-04,35,0.21,0.602,112,https://harian-losari.example/fixture/metrik/2018-06-04,,2026-09-09,2026-09-09T00:00:00+07:00,2026-09-09T00:00:00+07:00,danny1,True
harian-losari.example,Makassar,2018-06-11,25,0.198,0.539,119,https://harian-losari.example/fixture/metrik/2018-06-11,,2026-09-09,2026-09-09T00:00:00+07:00,2026-09-09T00:00:00+07:00,danny1,True
harian-losari.example,Makassar,2018-06-18,32,0.156,0.627,126,https://harian-losari.example/fixture/metrik/2018-06-18,,2026-09-09,2026-09-09T00:00:00+07:00,2026-09-09T00:00:00+07:00,danny1,True
harian-losari.example,Makassar,2018-06-25,39,0.17,0.574,133,https://harian-losari.example/fixture/metrik/2018-06-25,,2026-09-09,2026-09-09T00:00:00+07:00,2026-09-09T00:00:00+07:00,danny1,True
harian-losari.example,Makassar,2018-07-02,30,0.159,0.567,140,https://harian-losari.example/fixture/metrik/2018-07-02,,2026-09-09,2026-09-09T00:00:00+07:00,2026-09-09T00:00:00+07:00,danny1,True
harian-losari.example,Makassar,2018-07-09,30,0.134,0.584,147,https://harian-losari.example/fixture/metrik/2018-07-09,,2026-09-09,2026-09-09T00:00:00+07:00,2026-09-09T00:00:00+07:00,danny1,True
harian-losari.example,Makassar,2018-07-16,39,0.381,0.607,154,https://harian-losari.example/fixture/metrik/2018-07-16,,2026-09-09,2026-09-09T00:00:00+07:00,2026-09-09T00:00:00+07:00,danny1,True
harian-losari.example,Makassar,2018-07-23,26,0.438,0.514,161,https://harian-losari.example/fixture/metrik/2018-07-23,,2026-09-09,2026-09-09T00:00:00+07:00,2026-09-09T00:00:00+07:00,danny1,True
harian-losari.example,Makassar,2018-07-30,39,0.369,0.627,168,https://harian-losari.example/fixture/metrik/2018-07-30,,2026-09-09,2026-09-09T00:00:00+07:00,2026-09-09T00:00:00+07:00,danny1,True
harian-losari.example,Makassar,2018-08-06,36,0.374,0.553,175,https://harian-losari.example/fixture/metrik/2018-08-06,,2026-09-09,2026-09-09T00:00:00+07:00,2026-09-09T00:00:00+07:00,danny1,True
harian-losari.example,Makassar,2018-08-13,47,0.38,0.465,182,https://harian-losari.example/fixture/metrik/2018-08-13,,2026-09-09,2026-09-09T00:00:00+07:00,2026-09-09T00:00:00+07:00,danny1,True
harian-losari.example,Makassar,2018-08-20,35,0.373,0.528,189,https://harian-losari.example/fixture/metrik/2018-08-20,,2026-09-09,2026-09-09T00:00:00+07:00,2026-09-09T00:00:00+07:00,danny1,True
harian-losari.example,Makassar,2018-08-27,27,0.375,0.48,196,https://harian-losari.example/fixture/metrik/2018-08-27,,2026-09-09,2026-09-09T00:00:00+07:00,2026-09-09T00:00:00+07:00,danny1,True
harian-losari.example,Makassar,2018-09-03,48,0.334,0.563,203,https://harian-losari.example/fixture/metrik/2018-09-03,,2026-09-09,2026-09-09T00:00:00+07:00,2026-09-09T00:00:00+07:00,danny1,True
harian-losari.example,Makassar,2018-09-10,30,0.374,0.635,210,https://harian-losari.example/fixture/metrik/2018-09-10,,2026-09-09,2026-09-09T00:00:00+07:00,2026-09-09T00:00:00+07:00,danny1,True
harian-losari.example,Makassar,2018-09-17,51,0.384,0.557,217,https://harian-losari.example/fixture/metrik/2018-09-17,,2026-09-09,2026-09-09T00:00:00+07:00,2026-09-09T00:00:00+07:00,danny1,True
harian-losari.example,Makassar,2018-09-24,38,0.401,0.549,224,https://harian-losari.example/fixture/metrik/2018-09-24,,2026-09-09,2026-09-09T00:00:00+07:00,2026-09-09T00:00:00+07:00,danny1,True
harian-losari.example,Makassar,2018-10-01,32,0.311,0.583,231,https://harian-losari.example/fixture/metrik/2018-10-01,,2026-09-09,2026-09-09T00:00:00+07:00,2026-09-09T00:00:00+07:00,danny1,True
harian-losari.example,Makassar,2018-10-08,38,0.335,0.515,238,https://harian-losari.example/fixture/metrik/2018-10-08,,2026-09-09,2026-09-09T00:00:00+07:00,2026-09-09T00:00:00+07:00,danny1,True
harian-losari.example,Makassar,2018-10-15,38,0.426,0.585,245,https://harian-losari.example/fixture/metrik/2018-10-15,,2026-09-09,2026-09-09T00:00:00+07:00,2026-09-09T00:00:00+07:00,danny1,True
harian-losari.example,Makassar,2018-10-22,42,0.404,0.656,252,https://harian-losari.example/fixture/metrik/2018-10-22,,2026-09-09,2026-09-09T00:00:00+07:00,2026-09-09T00:00:00+07:00,danny1,True
harian-losari.example,Makassar,2018-10-29,43,0.318,0.625,259,https://harian-losari.example/fixture/metrik/2018-10-29,,2026-09-09,2026-09-09T00:00:00+07:00,2026-09-09T00:00:00+07:00,danny1,True
harian-losari.example,Makassar,2018-11-05,28,0.403,0.593,266,https://harian-losari.example/fixture/metrik/2018-11-05,,2026-09-09,2026-09-09T00:00:00+07:00,2026-09-09T00:00:00+07:00,danny1,True
harian-losari.example,Makassar,2018-11-12,39,0.349,0.611,273,https://harian-losari.example/fixture/metrik/2018-11-12,,2026-09-09,2026-09-09T00:00:00+07:00,2026-09-09T00:00:00+07:00,danny1,True
harian-losari.example,Makassar,2018-11-19,40,0.333,0.595,280,https://harian-losari.example/fixture/metrik/2018-11-19,,2026-09-09,2026-09-09T00:00:00+07:00,2026-09-09T00:00:00+07:00,danny1,True
harian-losari.example,Makassar,2018-11-26,32,0.4,0.623,287,https://harian-losari.example/fixture/metrik/2018-11-26,,2026-09-09,2026-09-09T00:00:00+07:00,2026-09-09T00:00:00+07:00,danny1,True
harian-losari.example,Makassar,2018-12-03,51,0.4,0.567,294,https://harian-losari.example/fixture/metrik/2018-12-03,,2026-09-09,2026-09-09T00:00:00+07:00,2026-09-09T00:00:00+07:00,danny1,True
harian-losari.example,Makassar,2018-12-10,42,0.429,0.523,301,https://harian-losari.example/fixture/metrik/2018-12-10,,2026-09-09,2026-09-09T00:00:00+07:00,2026-09-09T00:00:00+07:00,danny1,True
harian-losari.example,Makassar,2018-12-17,37,0.414,0.456,308,https://harian-losari.example/fixture/metrik/2018-12-17,,2026-09-09,2026-09-09T00:00:00+07:00,2026-09-09T00:00:00+07:00,danny1,True
harian-losari.example,Makassar,2018-12-24,35,0.353,0.603,315,https://harian-losari.example/fixture/metrik/2018-12-24,,2026-09-09,2026-09-09T00:00:00+07:00,2026-09-09T00:00:00+07:00,danny1,True
harian-losari.example,Makassar,2018-12-31,29,0.347,0.57,322,https://harian-losari.example/fixture/metrik/2018-12-31,,2026-09-09,2026-09-09T00:00:00+07:00,2026-09-09T00:00:00+07:00,danny1,True
harian-losari.example,Makassar,2019-01-07,28,0.357,0.586,329,https://harian-losari.example/fixture/metrik/2019-01-07,,2026-09-09,2026-09-09T00:00:00+07:00,2026-09-09T00:00:00+07:00,danny1,True
harian-losari.example,Makassar,2019-01-14,43,0.321,0.576,336,https://harian-losari.example/fixture/metrik/2019-01-14,,2026-09-09,2026-09-09T00:00:00+07:00,2026-09-09T00:00:00+07:00,danny1,True
harian-losari.example,Makassar,2019-01-21,34,0.416,0.514,343,https://harian-losari.example/fixture/metrik/2019-01-21,,2026-09-09,2026-09-09T00:00:00+07:00,2026-09-09T00:00:00+07:00,danny1,True
harian-losari.example,Makassar,2019-01-28,38,0.387,0.56,350,https://harian-losari.example/fixture/metrik/2019-01-28,,2026-09-09,2026-09-09T00:00:00+07:00,2026-09-09T00:00:00+07:00,danny1,True
harian-losari.example,Makassar,2019-02-04,31,0.354,0.593,357,https://harian-losari.example/fixture/metrik/2019-02-04,,2026-09-09,2026-09-09T00:00:00+07:00,2026-09-09T00:00:00+07:00,danny1,True
harian-losari.example,Makassar,2019-02-11,41,0.382,0.484,364,https://harian-losari.example/fixture/metrik/2019-02-11,,2026-09-09,2026-09-09T00:00:00+07:00,2026-09-09T00:00:00+07:00,danny1,True
harian-losari.example,Makassar,2019-02-18,44,0.36,0.542,371,https://harian-losari.example/fixture/metrik/2019-02-18,,2026-09-09,2026-09-09T00:00:00+07:00,2026-09-09T00:00:00+07:00,danny1,True
harian-losari.example,Makassar,2019-02-25,33,0.347,0.542,378,https://harian-losari.example/fixture/metrik/2019-02-25,,2026-09-09,2026-09-09T00:00:00+07:00,2026-09-09T00:00:00+07:00,danny1,True
harian-losari.example,Makassar,2019-03-04,32,0.335,0.581,385,https://harian-losari.example/fixture/metrik/2019-03-04,,2026-09-09,2026-09-09T00:00:00+07:00,2026-09-09T00:00:00+07:00,danny1,True
harian-losari.example,Makassar,2019-03-11,29,0.315,0.552,392,https://harian-losari.example/fixture/metrik/2019-03-11,,2026-09-09,2026-09-09T00:00:00+07:00,2026-09-09T00:00:00+07:00,danny1,True
harian-losari.example,Makassar,2019-03-18,26,0.369,0.537,399,https://harian-losari.example/fixture/metrik/2019-03-18,,2026-09-09,2026-09-09T00:00:00+07:00,2026-09-09T00:00:00+07:00,danny1,True
harian-losari.example,Makassar,2019-03-25,19,0.343,0.619,406,https://harian-losari.example/fixture/metrik/2019-03-25,,2026-09-09,2026-09-09T00:00:00+07:00,2026-09-09T00:00:00+07:00,danny1,True
harian-losari.example,Makassar,2019-04-01,22,0.357,0.598,413,https://harian-losari.example/fixture/metrik/2019-04-01,,2026-09-09,2026-09-09T00:00:00+07:00,2026-09-09T00:00:00+07:00,danny1,True
harian-losari.example,Makassar,2019-04-08,29,0.401,0.636,420,https://harian-losari.example/fixture/metrik/2019-04-08,,2026-09-09,2026-09-09T00:00:00+07:00,2026-09-09T00:00:00+07:00,danny1,True
harian-losari.example,Makassar,2019-04-15,39,0.416,0.65,427,https://harian-losari.example/fixture/metrik/2019-04-15,,2026-09-09,2026-09-09T00:00:00+07:00,2026-09-09T00:00:00+07:00,danny1,True
harian-losari.example,Makassar,2019-04-22,43,0.361,0.5,434,https://harian-losari.example/fixture/metrik/2019-04-22,,2026-09-09,2026-09-09T00:00:00+07:00,2026-09-09T00:00:00+07:00,danny1,True
harian-losari.example,Makassar,2019-04-29,41,0.408,0.606,441,https://harian-losari.example/fixture/metrik/2019-04-29,,2026-09-09,2026-09-09T00:00:00+07:00,2026-09-09T00:00:00+07:00,danny1,True
harian-losari.example,Makassar,2019-05-06,44,0.346,0.64,448,https://harian-losari.example/fixture/metrik/2019-05-06,,2026-09-09,2026-09-09T00:00:00+07:00,2026-09-09T00:00:00+07:00,danny1,True
harian-losari.example,Makassar,2019-05-13,38,0.09,0.559,455,https://harian-losari.example/fixture/metrik/2019-05-13,,2026-09-09,2026-09-09T00:00:00+07:00,2026-09-09T00:00:00+07:00,pj,True
harian-losari.example,Makassar,2019-05-20,35,0.068,0.561,462,https://harian-losari.example/fixture/metrik/2019-05-20,,2026-09-09,2026-09-09T00:00:00+07:00,2026-09-09T00:00:00+07:00,pj,True
harian-losari.example,Makassar,2019-05-27,27,0.108,0.573,469,https://harian-losari.example/fixture/metrik/2019-05-27,,2026-09-09,2026-09-09T00:00:00+07:00,2026-09-09T00:00:00+07:00,pj,True
harian-losari.example,Makassar,2019-06-03,26,0.103,0.676,476,https://harian-losari.example/fixture/metrik/2019-06-03,,2026-09-09,2026-09-09T00:00:00+07:00,2026-09-09T00:00:00+07:00,pj,True
harian-losari.example,Makassar,2019-06-10,43,0.1,0.576,-471,https://harian-losari.example/fixture/metrik/2019-06-10,,2026-09-09,2026-09-09T00:00:00+07:00,2026-09-09T00:00:00+07:00,pj,True
harian-losari.example,Makassar,2019-06-17,40,0.078,0.595,-464,https://harian-losari.example/fixture/metrik/2019-06-17,,2026-09-09,2026-09-09T00:00:00+07:00,2026-09-09T00:00:00+07:00,pj,True
harian-losari.example,Makassar,2019-06-24,38,0.19,0.547,-457,https://harian-losari.example/fixture/metrik/2019-06-24,,2026-09-09,2026-09-09T00:00:00+07:00,2026-09-09T00:00:00+07:00,pj,True
harian-losari.example,Makassar,2019-07-01,38,0.084,0.561,-450,https://harian-losari.example/fixture/metrik/2019-07-01,,2026-09-09,2026-09-09T00:00:00+07:00,2026-09-09T00:00:00+07:00,pj,True
harian-losari.example,Makassar,2019-07-08,41,0.111,0.504,-443,https://harian-losari.example/fixture/metrik/2019-07-08,,2026-09-09,2026-09-09T00:00:00+07:00,2026-09-09T00:00:00+07:00,pj,True
harian-losari.example,Makassar,2019-07-15,59,0.124,0.653,-436,https://harian-losari.example/fixture/metrik/2019-07-15,,2026-09-09,2026-09-09T00:00:00+07:00,2026-09-09T00:00:00+07:00,pj,True
harian-losari.example,Makassar,2019-07-22,36,0.099,0.63,-429,https://harian-losari.example/fixture/metrik/2019-07-22,,2026-09-09,2026-09-09T00:00:00+07:00,2026-09-09T00:00:00+07:00,pj,True
harian-losari.example,Makassar,2019-07-29,42,0.095,0.56,-422,https://harian-losari.example/fixture/metrik/2019-07-29,,2026-09-09,2026-09-09T00:00:00+07:00,2026-09-09T00:00:00+07:00,pj,True
harian-losari.example,Makassar,2019-08-05,39,0.124,0.608,-415,https://harian-losari.example/fixture/metrik/2019-08-05,,2026-09-09,2026-09-09T00:00:00+07:00,2026-09-09T00:00:00+07:00,pj,True
harian-losari.example,Makassar,2019-08-12,42,0.086,0.582,-408,https://harian-losari.example/fixture/metrik/2019-08-12,,2026-09-09,2026-09-09T00:00:00+07:00,2026-09-09T00:00:00+07:00,pj,True
harian-losari.example,Makassar,2019-08-19,37,0.159,0.633,-401,https://harian-losari.example/fixture/metrik/2019-08-19,,2026-09-09,2026-09-09T00:00:00+07:00,2026-09-09T00:00:00+07:00,pj,True
harian-losari.example,Makassar,2019-08-26,32,0.13,0.525,-394,https://harian-losari.example/fixture/metrik/2019-08-26,,2026-09-09,2026-09-09T00:00:00+07:00,2026-09-09T00:00:00+07:00,pj,True
harian-losari.example,Makassar,2019-09-02,50,0.119,0.565,-387,https://harian-losari.example/fixture/metrik/2019-09-02,,2026-09-09,2026-09-09T00:00:00+07:00,2026-09-09T00:00:00+07:00,pj,True
harian-losari.example,Makassar,2019-09-09,36,0.047,0.564,-380,https://harian-losari.example/fixture/metrik/2019-09-09,,2026-09-09,2026-09-09T00:00:00+07:00,2026-09-09T00:00:00+07:00,pj,True
harian-losari.example,Makassar,2019-09-16,36,0.091,0.579,-373,https://harian-losari.example/fixture/metrik/2019-09-16,,2026-09-09,2026-09-09T00:00:00+07:00,2026-09-09T00:00:00+07:00,pj,True
harian-losari.example,Makassar,2019-09-23,39,0.121,0.595,-366,https://harian-losari.example/fixture/metrik/2019-09-23,,2026-09-09,2026-09-09T00:00:00+07:00,2026-09-09T00:00:00+07:00,pj,True
harian-losari.example,Makassar,2019-09-30,45,0.144,0.598,-359,https://harian-losari.example/fixture/metrik/2019-09-30,,2026-09-09,2026-09-09T00:00:00+07:00,2026-09-09T00:00:00+07:00,pj,True
harian-losari.example,Makassar,2019-10-07,36,0.096,0.594,-352,https://harian-losari.example/fixture/metrik/2019-10-07,,2026-09-09,2026-09-09T00:00:00+07:00,2026-09-09T00:00:00+07:00,pj,True
harian-losari.example,Makassar,2019-10-14,28,0.066,0.659,-345,https://harian-losari.example/fixture/metrik/2019-10-14,,2026-09-09,2026-09-09T00:00:00+07:00,2026-09-09T00:00:00+07:00,pj,True
harian-losari.example,Makassar,2019-10-21,28,0.101,0.596,-338,https://harian-losari.example/fixture/metrik/2019-10-21,,2026-09-09,2026-09-09T00:00:00+07:00,2026-09-09T00:00:00+07:00,pj,True
harian-losari.example,Makassar,2019-10-28,35,0.068,0.519,-331,https://harian-losari.example/fixture/metrik/2019-10-28,,2026-09-09,2026-09-09T00:00:00+07:00,2026-09-09T00:00:00+07:00,pj,True
harian-losari.example,Makassar,2019-11-04,35,0.098,0.539,-324,https://harian-losari.example/fixture/metrik/2019-11-04,,2026-09-09,2026-09-09T00:00:00+07:00,2026-09-09T00:00:00+07:00,pj,True
harian-losari.example,Makassar,2019-11-11,30,0.108,0.409,-317,https://harian-losari.example/fixture/metrik/2019-11-11,,2026-09-09,2026-09-09T00:00:00+07:00,2026-09-09T00:00:00+07:00,pj,True
harian-losari.example,Makassar,2019-11-18,28,0.126,0.621,-310,https://harian-losari.example/fixture/metrik/2019-11-18,,2026-09-09,2026-09-09T00:00:00+07:00,2026-09-09T00:00:00+07:00,pj,True
harian-losari.example,Makassar,2019-11-25,39,0.101,0.634,-303,https://harian-losari.example/fixture/metrik/2019-11-25,,2026-09-09,2026-09-09T00:00:00+07:00,2026-09-09T00:00:00+07:00,pj,True
harian-losari.example,Makassar,2019-12-02,43,0.151,0.614,-296,https://harian-losari.example/fixture/metrik/2019-12-02,,2026-09-09,2026-09-09T00:00:00+07:00,2026-09-09T00:00:00+07:00,pj,True
harian-losari.example,Makassar,2019-12-09,36,0.113,0.573,-289,https://harian-losari.example/fixture/metrik/2019-12-09,,2026-09-09,2026-09-09T00:00:00+07:00,2026-09-09T00:00:00+07:00,pj,True
harian-losari.example,Makassar,2019-12-16,42,0.117,0.638,-282,https://harian-losari.example/fixture/metrik/2019-12-16,,2026-09-09,2026-09-09T00:00:00+07:00,2026-09-09T00:00:00+07:00,pj,True
harian-losari.example,Makassar,2019-12-23,33,0.063,0.576,-275,https://harian-losari.example/fixture/metrik/2019-12-23,,2026-09-09,2026-09-09T00:00:00+07:00,2026-09-09T00:00:00+07:00,pj,True
harian-losari.example,Makassar,2019-12-30,37,0.071,0.586,-268,https://harian-losari.example/fixture/metrik/2019-12-30,,2026-09-09,2026-09-09T00:00:00+07:00,2026-09-09T00:00:00+07:00,pj,True
harian-losari.example,Makassar,2020-01-06,35,0.105,0.565,-261,https://harian-losari.example/fixture/metrik/2020-01-06,,2026-09-09,2026-09-09T00:00:00+07:00,2026-09-09T00:00:00+07:00,pj,True
harian-losari.example,Makassar,2020-01-13,34,0.146,0.496,-254,https://harian-losari.example/fixture/metrik/2020-01-13,,2026-09-09,2026-09-09T00:00:00+07:00,2026-09-09T00:00:00+07:00,pj,True
harian-losari.example,Makassar,2020-01-20,41,0.02,0.566,-247,https://harian-losari.example/fixture/metrik/2020-01-20,,2026-09-09,2026-09-09T00:00:00+07:00,2026-09-09T00:00:00+07:00,pj,True
harian-losari.example,Makassar,2020-01-27,26,0.08,0.558,-240,https://harian-losari.example/fixture/metrik/2020-01-27,,2026-09-09,2026-09-09T00:00:00+07:00,2026-09-09T00:00:00+07:00,pj,True
harian-losari.example,Makassar,2020-02-03,40,0.088,0.572,-233,https://harian-losari.example/fixture/metrik/2020-02-03,,2026-09-09,2026-09-09T00:00:00+07:00,2026-09-09T00:00:00+07:00,pj,True
harian-losari.example,Makassar,2020-02-10,33,0.102,0.581,-226,https://harian-losari.example/fixture/metrik/2020-02-10,,2026-09-09,2026-09-09T00:00:00+07:00,2026-09-09T00:00:00+07:00,pj,True
harian-losari.example,Makassar,2020-02-17,23,0.144,0.513,-219,https://harian-losari.example/fixture/metrik/2020-02-17,,2026-09-09,2026-09-09T00:00:00+07:00,2026-09-09T00:00:00+07:00,pj,True
harian-losari.example,Makassar,2020-02-24,45,0.061,0.604,-212,https://harian-losari.example/fixture/metrik/2020-02-24,,2026-09-09,2026-09-09T00:00:00+07:00,2026-09-09T00:00:00+07:00,pj,True
harian-losari.example,Makassar,2020-03-02,37,0.145,0.584,-205,https://harian-losari.example/fixture/metrik/2020-03-02,,2026-09-09,2026-09-09T00:00:00+07:00,2026-09-09T00:00:00+07:00,pj,True
harian-losari.example,Makassar,2020-03-09,24,0.145,0.511,-198,https://harian-losari.example/fixture/metrik/2020-03-09,,2026-09-09,2026-09-09T00:00:00+07:00,2026-09-09T00:00:00+07:00,pj,True
harian-losari.example,Makassar,2020-03-16,37,0.146,0.56,-191,https://harian-losari.example/fixture/metrik/2020-03-16,,2026-09-09,2026-09-09T00:00:00+07:00,2026-09-09T00:00:00+07:00,pj,True
harian-losari.example,Makassar,2020-03-23,38,0.129,0.482,-184,https://harian-losari.example/fixture/metrik/2020-03-23,,2026-09-09,2026-09-09T00:00:00+07:00,2026-09-09T00:00:00+07:00,pj,True
harian-losari.example,Makassar,2020-03-30,42,0.141,0.546,-177,https://harian-losari.example/fixture/metrik/2020-03-30,,2026-09-09,2026-09-09T00:00:00+07:00,2026-09-09T00:00:00+07:00,pj,True
harian-losari.example,Makassar,2020-04-06,29,0.117,0.533,-170,https://harian-losari.example/fixture/metrik/2020-04-06,,2026-09-09,2026-09-09T00:00:00+07:00,2026-09-09T00:00:00+07:00,pj,True
harian-losari.example,Makassar,2020-04-13,38,0.216,0.668,-163,https://harian-losari.example/fixture/metrik/2020-04-13,,2026-09-09,2026-09-09T00:00:00+07:00,2026-09-09T00:00:00+07:00,pj,True
harian-losari.example,Makassar,2020-04-20,38,0.154,0.638,-156,https://harian-losari.example/fixture/metrik/2020-04-20,,2026-09-09,2026-09-09T00:00:00+07:00,2026-09-09T00:00:00+07:00,pj,True
harian-losari.example,Makassar,2020-04-27,32,0.149,0.563,-149,https://harian-losari.example/fixture/metrik/2020-04-27,,2026-09-09,2026-09-09T00:00:00+07:00,2026-09-09T00:00:00+07:00,pj,True
harian-losari.example,Makassar,2020-05-04,42,0.125,0.558,-142,https://harian-losari.example/fixture/metrik/2020-05-04,,2026-09-09,2026-09-09T00:00:00+07:00,2026-09-09T00:00:00+07:00,pj,True
harian-losari.example,Makassar,2020-05-11,34,0.235,0.624,-135,https://harian-losari.example/fixture/metrik/2020-05-11,,2026-09-09,2026-09-09T00:00:00+07:00,2026-09-09T00:00:00+07:00,pj,True
harian-losari.example,Makassar,2020-05-18,36,0.19,0.548,-128,https://harian-losari.example/fixture/metrik/2020-05-18,,2026-09-09,2026-09-09T00:00:00+07:00,2026-09-09T00:00:00+07:00,pj,True
harian-losari.example,Makassar,2020-05-25,29,0.231,0.556,-121,https://harian-losari.example/fixture/metrik/2020-05-25,,2026-09-09,2026-09-09T00:00:00+07:00,2026-09-09T00:00:00+07:00,pj,True
harian-losari.example,Makassar,2020-06-01,30,0.271,0.606,-114,https://harian-losari.example/fixture/metrik/2020-06-01,,2026-09-09,2026-09-09T00:00:00+07:00,2026-09-09T00:00:00+07:00,pj,True
harian-losari.example,Makassar,2020-06-08,45,0.343,0.748,-107,https://harian-losari.example/fixture/metrik/2020-06-08,,2026-09-09,2026-09-09T00:00:00+07:00,2026-09-09T00:00:00+07:00,pj,True
harian-losari.example,Makassar,2020-06-15,26,0.291,0.563,-100,https://harian-losari.example/fixture/metrik/2020-06-15,,2026-09-09,2026-09-09T00:00:00+07:00,2026-09-09T00:00:00+07:00,pj,True
harian-losari.example,Makassar,2020-06-22,33,0.347,0.619,-93,https://harian-losari.example/fixture/metrik/2020-06-22,,2026-09-09,2026-09-09T00:00:00+07:00,2026-09-09T00:00:00+07:00,pj,True
harian-losari.example,Makassar,2020-06-29,41,0.263,0.53,-86,https://harian-losari.example/fixture/metrik/2020-06-29,,2026-09-09,2026-09-09T00:00:00+07:00,2026-09-09T00:00:00+07:00,pj,True
harian-losari.example,Makassar,2020-07-06,44,0.336,0.636,-79,https://harian-losari.example/fixture/metrik/2020-07-06,,2026-09-09,2026-09-09T00:00:00+07:00,2026-09-09T00:00:00+07:00,pj,True
harian-losari.example,Makassar,2020-07-13,38,0.344,0.563,-72,https://harian-losari.example/fixture/metrik/2020-07-13,,2026-09-09,2026-09-09T00:00:00+07:00,2026-09-09T00:00:00+07:00,pj,True
harian-losari.example,Makassar,2020-07-20,34,0.403,0.664,-65,https://harian-losari.example/fixture/metrik/2020-07-20,,2026-09-09,2026-09-09T00:00:00+07:00,2026-09-09T00:00:00+07:00,pj,True
harian-losari.example,Makassar,2020-07-27,49,0.42,0.721,-58,https://harian-losari.example/fixture/metrik/2020-07-27,,2026-09-09,2026-09-09T00:00:00+07:00,2026-09-09T00:00:00+07:00,pj,True
harian-losari.example,Makassar,2020-08-03,32,0.473,0.788,-51,https://harian-losari.example/fixture/metrik/2020-08-03,,2026-09-09,2026-09-09T00:00:00+07:00,2026-09-09T00:00:00+07:00,pj,True
harian-losari.example,Makassar,2020-08-10,28,0.448,0.69,-44,https://harian-losari.example/fixture/metrik/2020-08-10,,2026-09-09,2026-09-09T00:00:00+07:00,2026-09-09T00:00:00+07:00,pj,True
harian-losari.example,Makassar,2020-08-17,34,0.49,0.655,-37,https://harian-losari.example/fixture/metrik/2020-08-17,,2026-09-09,2026-09-09T00:00:00+07:00,2026-09-09T00:00:00+07:00,pj,True
harian-losari.example,Makassar,2020-08-24,37,0.484,0.709,-30,https://harian-losari.example/fixture/metrik/2020-08-24,,2026-09-09,2026-09-09T00:00:00+07:00,2026-09-09T00:00:00+07:00,pj,True
harian-losari.example,Makassar,2020-08-31,18,0.412,0.714,-23,https://harian-losari.example/fixture/metrik/2020-08-31,,2026-09-09,2026-09-09T00:00:00+07:00,2026-09-09T00:00:00+07:00,pj,True
harian-losari.example,Makassar,2020-09-07,42,0.437,0.73,-16,https://harian-losari.example/fixture/metrik/2020-09-07,,2026-09-09,2026-09-09T00:00:00+07:00,2026-09-09T00:00:00+07:00,pj,True
harian-losari.example,Makassar,2020-09-14,50,0.438,0.671,-9,https://harian-losari.example/fixture/metrik/2020-09-14,,2026-09-09,2026-09-09T00:00:00+07:00,2026-09-09T00:00:00+07:00,pj,True
harian-losari.example,Makassar,2020-09-21,49,0.438,0.672,-2,https://harian-losari.example/fixture/metrik/2020-09-21,,2026-09-09,2026-09-09T00:00:00+07:00,2026-09-09T00:00:00+07:00,pj,True
harian-losari.example,Makassar,2020-09-28,37,0.34,0.657,5,https://harian-losari.example/fixture/metrik/2020-09-28,,2026-09-09,2026-09-09T00:00:00+07:00,2026-09-09T00:00:00+07:00,pj,True
harian-losari.example,Makassar,2020-10-05,40,0.37,0.603,12,https://harian-losari.example/fixture/metrik/2020-10-05,,2026-09-09,2026-09-09T00:00:00+07:00,2026-09-09T00:00:00+07:00,pj,True
harian-losari.example,Makassar,2020-10-12,36,0.066,0.482,19,https://harian-losari.example/fixture/metrik/2020-10-12,,2026-09-09,2026-09-09T00:00:00+07:00,2026-09-09T00:00:00+07:00,pj,True
harian-losari.example,Makassar,2020-10-19,44,0.133,0.606,26,https://harian-losari.example/fixture/metrik/2020-10-19,,2026-09-09,2026-09-09T00:00:00+07:00,2026-09-09T00:00:00+07:00,pj,True
harian-losari.example,Makassar,2020-10-26,47,0.12,0.581,33,https://harian-losari.example/fixture/metrik/2020-10-26,,2026-09-09,2026-09-09T00:00:00+07:00,2026-09-09T00:00:00+07:00,pj,True
harian-losari.example,Makassar,2020-11-02,34,0.174,0.512,40,https://harian-losari.example/fixture/metrik/2020-11-02,,2026-09-09,2026-09-09T00:00:00+07:00,2026-09-09T00:00:00+07:00,pj,True
harian-losari.example,Makassar,2020-11-09,30,0.086,0.628,47,https://harian-losari.example/fixture/metrik/2020-11-09,,2026-09-09,2026-09-09T00:00:00+07:00,2026-09-09T00:00:00+07:00,pj,True
harian-losari.example,Makassar,2020-11-16,39,0.1,0.515,54,https://harian-losari.example/fixture/metrik/2020-11-16,,2026-09-09,2026-09-09T00:00:00+07:00,2026-09-09T00:00:00+07:00,pj,True
harian-losari.example,Makassar,2020-11-23,36,0.099,0.507,61,https://harian-losari.example/fixture/metrik/2020-11-23,,2026-09-09,2026-09-09T00:00:00+07:00,2026-09-09T00:00:00+07:00,pj,True
harian-losari.example,Makassar,2020-11-30,33,0.094,0.43,68,https://harian-losari.example/fixture/metrik/2020-11-30,,2026-09-09,2026-09-09T00:00:00+07:00,2026-09-09T00:00:00+07:00,pj,True
harian-losari.example,Makassar,2020-12-07,43,0.071,0.625,75,https://harian-losari.example/fixture/metrik/2020-12-07,,2026-09-09,2026-09-09T00:00:00+07:00,2026-09-09T00:00:00+07:00,pj,True
harian-losari.example,Makassar,2020-12-14,47,0.104,0.562,82,https://harian-losari.example/fixture/metrik/2020-12-14,,2026-09-09,2026-09-09T00:00:00+07:00,2026-09-09T00:00:00+07:00,pj,True
harian-losari.example,Makassar,2020-12-21,25,0.165,0.637,89,https://harian-losari.example/fixture/metrik/2020-12-21,,2026-09-09,2026-09-09T00:00:00+07:00,2026-09-09T00:00:00+07:00,pj,True
harian-losari.example,Makassar,2020-12-28,32,0.116,0.644,96,https://harian-losari.example/fixture/metrik/2020-12-28,,2026-09-09,2026-09-09T00:00:00+07:00,2026-09-09T00:00:00+07:00,pj,True
harian-losari.example,Makassar,2021-01-04,41,0.148,0.532,103,https://harian-losari.example/fixture/metrik/2021-01-04,,2026-09-09,2026-09-09T00:00:00+07:00,2026-09-09T00:00:00+07:00,pj,True
harian-losari.example,Makassar,2021-01-11,43,0.094,0.535,110,https://harian-losari.example/fixture/metrik/2021-01-11,,2026-09-09,2026-09-09T00:00:00+07:00,2026-09-09T00:00:00+07:00,pj,True
harian-losari.example,Makassar,2021-01-18,37,0.059,0.567,117,https://harian-losari.example/fixture/metrik/2021-01-18,,2026-09-09,2026-09-09T00:00:00+07:00,2026-09-09T00:00:00+07:00,pj,True
harian-losari.example,Makassar,2021-01-25,45,0.113,0.602,124,https://harian-losari.example/fixture/metrik/2021-01-25,,2026-09-09,2026-09-09T00:00:00+07:00,2026-09-09T00:00:00+07:00,pj,True
harian-losari.example,Makassar,2021-02-01,50,0.1,0.595,131,https://harian-losari.example/fixture/metrik/2021-02-01,,2026-09-09,2026-09-09T00:00:00+07:00,2026-09-09T00:00:00+07:00,pj,True
harian-losari.example,Makassar,2021-02-08,33,0.112,0.595,138,https://harian-losari.example/fixture/metrik/2021-02-08,,2026-09-09,2026-09-09T00:00:00+07:00,2026-09-09T00:00:00+07:00,pj,True
harian-losari.example,Makassar,2021-02-15,25,0.11,0.465,145,https://harian-losari.example/fixture/metrik/2021-02-15,,2026-09-09,2026-09-09T00:00:00+07:00,2026-09-09T00:00:00+07:00,pj,True
harian-losari.example,Makassar,2021-02-22,34,0.058,0.551,152,https://harian-losari.example/fixture/metrik/2021-02-22,,2026-09-09,2026-09-09T00:00:00+07:00,2026-09-09T00:00:00+07:00,pj,True
harian-losari.example,Makassar,2021-03-01,30,0.37,0.544,159,https://harian-losari.example/fixture/metrik/2021-03-01,,2026-09-09,2026-09-09T00:00:00+07:00,2026-09-09T00:00:00+07:00,danny2,True
harian-losari.example,Makassar,2021-03-08,35,0.39,0.589,166,https://harian-losari.example/fixture/metrik/2021-03-08,,2026-09-09,2026-09-09T00:00:00+07:00,2026-09-09T00:00:00+07:00,danny2,True
harian-losari.example,Makassar,2021-03-15,31,0.384,0.594,173,https://harian-losari.example/fixture/metrik/2021-03-15,,2026-09-09,2026-09-09T00:00:00+07:00,2026-09-09T00:00:00+07:00,danny2,True
harian-losari.example,Makassar,2021-03-22,45,0.374,0.543,180,https://harian-losari.example/fixture/metrik/2021-03-22,,2026-09-09,2026-09-09T00:00:00+07:00,2026-09-09T00:00:00+07:00,danny2,True
harian-losari.example,Makassar,2021-03-29,30,0.44,0.607,187,https://harian-losari.example/fixture/metrik/2021-03-29,,2026-09-09,2026-09-09T00:00:00+07:00,2026-09-09T00:00:00+07:00,danny2,True
harian-losari.example,Makassar,2021-04-05,37,0.395,0.675,194,https://harian-losari.example/fixture/metrik/2021-04-05,,2026-09-09,2026-09-09T00:00:00+07:00,2026-09-09T00:00:00+07:00,danny2,True
harian-losari.example,Makassar,2021-04-12,31,0.395,0.454,201,https://harian-losari.example/fixture/metrik/2021-04-12,,2026-09-09,2026-09-09T00:00:00+07:00,2026-09-09T00:00:00+07:00,danny2,True
harian-losari.example,Makassar,2021-04-19,50,0.397,0.636,208,https://harian-losari.example/fixture/metrik/2021-04-19,,2026-09-09,2026-09-09T00:00:00+07:00,2026-09-09T00:00:00+07:00,danny2,True
harian-losari.example,Makassar,2021-04-26,52,0.406,0.495,215,https://harian-losari.example/fixture/metrik/2021-04-26,,2026-09-09,2026-09-09T00:00:00+07:00,2026-09-09T00:00:00+07:00,danny2,True
harian-losari.example,Makassar,2021-05-03,29,0.322,0.684,222,https://harian-losari.example/fixture/metrik/2021-05-03,,2026-09-09,2026-09-09T00:00:00+07:00,2026-09-09T00:00:00+07:00,danny2,True
harian-losari.example,Makassar,2021-05-10,24,0.381,0.642,229,https://harian-losari.example/fixture/metrik/2021-05-10,,2026-09-09,2026-09-09T00:00:00+07:00,2026-09-09T00:00:00+07:00,danny2,True
harian-losari.example,Makassar,2021-05-17,40,0.392,0.498,236,https://harian-losari.example/fixture/metrik/2021-05-17,,2026-09-09,2026-09-09T00:00:00+07:00,2026-09-09T00:00:00+07:00,danny2,True
harian-losari.example,Makassar,2021-05-24,32,0.39,0.52,243,https://harian-losari.example/fixture/metrik/2021-05-24,,2026-09-09,2026-09-09T00:00:00+07:00,2026-09-09T00:00:00+07:00,danny2,True
harian-losari.example,Makassar,2021-05-31,40,0.4,0.548,250,https://harian-losari.example/fixture/metrik/2021-05-31,,2026-09-09,2026-09-09T00:00:00+07:00,2026-09-09T00:00:00+07:00,danny2,True
harian-losari.example,Makassar,2021-06-07,34,0.343,0.602,257,https://harian-losari.example/fixture/metrik/2021-06-07,,2026-09-09,2026-09-09T00:00:00+07:00,2026-09-09T00:00:00+07:00,danny2,True
harian-losari.example,Makassar,2021-06-14,35,0.404,0.547,264,https://harian-losari.example/fixture/metrik/2021-06-14,,2026-09-09,2026-09-09T00:00:00+07:00,2026-09-09T00:00:00+07:00,danny2,True
harian-losari.example,Makassar,2021-06-21,31,0.315,0.655,271,https://harian-losari.example/fixture/metrik/2021-06-21,,2026-09-09,2026-09-09T00:00:00+07:00,2026-09-09T00:00:00+07:00,danny2,True
harian-losari.example,Makassar,2021-06-28,35,0.322,0.573,278,https://harian-losari.example/fixture/metrik/2021-06-28,,2026-09-09,2026-09-09T00:00:00+07:00,2026-09-09T00:00:00+07:00,danny2,True
harian-losari.example,Makassar,2021-07-05,37,0.386,0.566,285,https://harian-losari.example/fixture/metrik/2021-07-05,,2026-09-09,2026-09-09T00:00:00+07:00,2026-09-09T00:00:00+07:00,danny2,True
harian-losari.example,Makassar,2021-07-12,53,0.455,0.638,292,https://harian-losari.example/fixture/metrik/2021-07-12,,2026-09-09,2026-09-09T00:00:00+07:00,2026-09-09T00:00:00+07:00,danny2,True
harian-losari.example,Makassar,2021-07-19,33,0.429,0.59,299,https://harian-losari.example/fixture/metrik/2021-07-19,,2026-09-09,2026-09-09T00:00:00+07:00,2026-09-09T00:00:00+07:00,danny2,True
harian-losari.example,Makassar,2021-07-26,30,0.33,0.552,306,https://harian-losari.example/fixture/metrik/2021-07-26,,2026-09-09,2026-09-09T00:00:00+07:00,2026-09-09T00:00:00+07:00,danny2,True
harian-losari.example,Makassar,2021-08-02,45,0.416,0.56,313,https://harian-losari.example/fixture/metrik/2021-08-02,,2026-09-09,2026-09-09T00:00:00+07:00,2026-09-09T00:00:00+07:00,danny2,True
harian-losari.example,Makassar,2021-08-09,48,0.363,0.572,320,https://harian-losari.example/fixture/metrik/2021-08-09,,2026-09-09,2026-09-09T00:00:00+07:00,2026-09-09T00:00:00+07:00,danny2,True
harian-losari.example,Makassar,2021-08-16,41,0.362,0.723,327,https://harian-losari.example/fixture/metrik/2021-08-16,,2026-09-09,2026-09-09T00:00:00+07:00,2026-09-09T00:00:00+07:00,danny2,True
harian-losari.example,Makassar,2021-08-23,41,0.326,0.487,334,https://harian-losari.example/fixture/metrik/2021-08-23,,2026-09-09,2026-09-09T00:00:00+07:00,2026-09-09T00:00:00+07:00,danny2,True
harian-losari.example,Makassar,2021-08-30,47,0.385,0.564,341,https://harian-losari.example/fixture/metrik/2021-08-30,,2026-09-09,2026-09-09T00:00:00+07:00,2026-09-09T00:00:00+07:00,danny2,True
harian-losari.example,Makassar,2021-09-06,43,0.348,0.547,348,https://harian-losari.example/fixture/metrik/2021-09-06,,2026-09-09,2026-09-09T00:00:00+07:00,2026-09-09T00:00:00+07:00,danny2,True
harian-losari.example,Makassar,2021-09-13,30,0.38,0.513,355,https://harian-losari.example/fixture/metrik/2021-09-13,,2026-09-09,2026-09-09T00:00:00+07:00,2026-09-09T00:00:00+07:00,danny2,True
harian-losari.example,Makassar,2021-09-20,35,0.35,0.65,362,https://harian-losari.example/fixture/metrik/2021-09-20,,2026-09-09,2026-09-09T00:00:00+07:00,2026-09-09T00:00:00+07:00,danny2,True
harian-losari.example,Makassar,2021-09-27,47,0.429,0.502,369,https://harian-losari.example/fixture/metrik/2021-09-27,,2026-09-09,2026-09-09T00:00:00+07:00,2026-09-09T00:00:00+07:00,danny2,True
harian-losari.example,Makassar,2021-10-04,38,0.343,0.583,376,https://harian-losari.example/fixture/metrik/2021-10-04,,2026-09-09,2026-09-09T00:00:00+07:00,2026-09-09T00:00:00+07:00,danny2,True
harian-losari.example,Makassar,2021-10-11,39,0.452,0.622,383,https://harian-losari.example/fixture/metrik/2021-10-11,,2026-09-09,2026-09-09T00:00:00+07:00,2026-09-09T00:00:00+07:00,danny2,True
harian-losari.example,Makassar,2021-10-18,43,0.397,0.657,390,https://harian-losari.example/fixture/metrik/2021-10-18,,2026-09-09,2026-09-09T00:00:00+07:00,2026-09-09T00:00:00+07:00,danny2,True
harian-losari.example,Makassar,2021-10-25,51,0.366,0.695,397,https://harian-losari.example/fixture/metrik/2021-10-25,,2026-09-09,2026-09-09T00:00:00+07:00,2026-09-09T00:00:00+07:00,danny2,True
harian-losari.example,Makassar,2021-11-01,45,0.353,0.531,404,https://harian-losari.example/fixture/metrik/2021-11-01,,2026-09-09,2026-09-09T00:00:00+07:00,2026-09-09T00:00:00+07:00,danny2,True
harian-losari.example,Makassar,2021-11-08,49,0.39,0.523,411,https://harian-losari.example/fixture/metrik/2021-11-08,,2026-09-09,2026-09-09T00:00:00+07:00,2026-09-09T00:00:00+07:00,danny2,True
harian-losari.example,Makassar,2021-11-15,47,0.392,0.57,418,https://harian-losari.example/fixture/metrik/2021-11-15,,2026-09-09,2026-09-09T00:00:00+07:00,2026-09-09T00:00:00+07:00,danny2,True
harian-losari.example,Makassar,2021-11-22,40,0.358,0.609,425,https://harian-losari.example/fixture/metrik/2021-11-22,,2026-09-09,2026-09-09T00:00:00+07:00,2026-09-09T00:00:00+07:00,danny2,True
harian-losari.example,Makassar,2021-11-29,35,0.408,0.608,432,https://harian-losari.example/fixture/metrik/2021-11-29,,2026-09-09,2026-09-09T00:00:00+07:00,2026-09-09T00:00:00+07:00,danny2,True
harian-losari.example,Makassar,2021-12-06,41,0.376,0.545,439,https://harian-losari.example/fixture/metrik/2021-12-06,,2026-09-09,2026-09-09T00:00:00+07:00,2026-09-09T00:00:00+07:00,danny2,True
harian-losari.example,Makassar,2021-12-13,47,0.321,0.596,446,https://harian-losari.example/fixture/metrik/2021-12-13,,2026-09-09,2026-09-09T00:00:00+07:00,2026-09-09T00:00:00+07:00,danny2,True
harian-losari.example,Makassar,2021-12-20,40,0.42,0.617,453,https://harian-losari.example/fixture/metrik/2021-12-20,,2026-09-09,2026-09-09T00:00:00+07:00,2026-09-09T00:00:00+07:00,danny2,True
harian-losari.example,Makassar,2021-12-27,40,0.386,0.533,460,https://harian-losari.example/fixture/metrik/2021-12-27,,2026-09-09,2026-09-09T00:00:00+07:00,2026-09-09T00:00:00+07:00,danny2,True
harian-losari.example,Makassar,2022-01-03,49,0.442,0.634,467,https://harian-losari.example/fixture/metrik/2022-01-03,,2026-09-09,2026-09-09T00:00:00+07:00,2026-09-09T00:00:00+07:00,danny2,True
harian-losari.example,Makassar,2022-01-10,41,0.405,0.546,474,https://harian-losari.example/fixture/metrik/2022-01-10,,2026-09-09,2026-09-09T00:00:00+07:00,2026-09-09T00:00:00+07:00,danny2,True
harian-losari.example,Makassar,2022-01-17,34,0.392,0.613,481,https://harian-losari.example/fixture/metrik/2022-01-17,,2026-09-09,2026-09-09T00:00:00+07:00,2026-09-09T00:00:00+07:00,danny2,True
harian-losari.example,Makassar,2022-01-24,45,0.355,0.506,488,https://harian-losari.example/fixture/metrik/2022-01-24,,2026-09-09,2026-09-09T00:00:00+07:00,2026-09-09T00:00:00+07:00,danny2,True
harian-losari.example,Makassar,2022-01-31,40,0.408,0.569,495,https://harian-losari.example/fixture/metrik/2022-01-31,,2026-09-09,2026-09-09T00:00:00+07:00,2026-09-09T00:00:00+07:00,danny2,True
harian-losari.example,Makassar,2022-02-07,48,0.426,0.611,502,https://harian-losari.example/fixture/metrik/2022-02-07,,2026-09-09,2026-09-09T00:00:00+07:00,2026-09-09T00:00:00+07:00,danny2,True
harian-losari.example,Makassar,2022-02-14,33,0.384,0.587,509,https://harian-losari.example/fixture/metrik/2022-02-14,,2026-09-09,2026-09-09T00:00:00+07:00,2026-09-09T00:00:00+07:00,danny2,True
harian-losari.example,Makassar,2022-02-21,45,0.413,0.561,516,https://harian-losari.example/fixture/metrik/2022-02-21,,2026-09-09,2026-09-09T00:00:00+07:00,2026-09-09T00:00:00+07:00,danny2,True
harian-losari.example,Makassar,2022-02-28,37,0.377,0.677,523,https://harian-losari.example/fixture/metrik/2022-02-28,,2026-09-09,2026-09-09T00:00:00+07:00,2026-09-09T00:00:00+07:00,danny2,True
harian-losari.example,Makassar,2022-03-07,35,0.39,0.491,530,https://harian-losari.example/fixture/metrik/2022-03-07,,2026-09-09,2026-09-09T00:00:00+07:00,2026-09-09T00:00:00+07:00,danny2,True
harian-losari.example,Makassar,2022-03-14,44,0.451,0.574,537,https://harian-losari.example/fixture/metrik/2022-03-14,,2026-09-09,2026-09-09T00:00:00+07:00,2026-09-09T00:00:00+07:00,danny2,True
harian-losari.example,Makassar,2022-03-21,37,0.382,0.603,544,https://harian-losari.example/fixture/metrik/2022-03-21,,2026-09-09,2026-09-09T00:00:00+07:00,2026-09-09T00:00:00+07:00,danny2,True
harian-losari.example,Makassar,2022-03-28,36,0.371,0.574,551,https://harian-losari.example/fixture/metrik/2022-03-28,,2026-09-09,2026-09-09T00:00:00+07:00,2026-09-09T00:00:00+07:00,danny2,True
harian-losari.example,Makassar,2022-04-04,33,0.431,0.606,558,https://harian-losari.example/fixture/metrik/2022-04-04,,2026-09-09,2026-09-09T00:00:00+07:00,2026-09-09T00:00:00+07:00,danny2,True
harian-losari.example,Makassar,2022-04-11,20,0.376,0.544,565,https://harian-losari.example/fixture/metrik/2022-04-11,,2026-09-09,2026-09-09T00:00:00+07:00,2026-09-09T00:00:00+07:00,danny2,True
harian-losari.example,Makassar,2022-04-18,39,0.387,0.58,572,https://harian-losari.example/fixture/metrik/2022-04-18,,2026-09-09,2026-09-09T00:00:00+07:00,2026-09-09T00:00:00+07:00,danny2,True
harian-losari.example,Makassar,2022-04-25,32,0.402,0.615,579,https://harian-losari.example/fixture/metrik/2022-04-25,,2026-09-09,2026-09-09T00:00:00+07:00,2026-09-09T00:00:00+07:00,danny2,True
harian-losari.example,Makassar,2022-05-02,36,0.389,0.55,586,https://harian-losari.example/fixture/metrik/2022-05-02,,2026-09-09,2026-09-09T00:00:00+07:00,2026-09-09T00:00:00+07:00,danny2,True
harian-losari.example,Makassar,2022-05-09,43,0.409,0.595,593,https://harian-losari.example/fixture/metrik/2022-05-09,,2026-09-09,2026-09-09T00:00:00+07:00,2026-09-09T00:00:00+07:00,danny2,True
harian-losari.example,Makassar,2022-05-16,41,0.44,0.566,600,https://harian-losari.example/fixture/metrik/2022-05-16,,2026-09-09,2026-09-09T00:00:00+07:00,2026-09-09T00:00:00+07:00,danny2,True
harian-losari.example,Makassar,2022-05-23,46,0.433,0.624,607,https://harian-losari.example/fixture/metrik/2022-05-23,,2026-09-09,2026-09-09T00:00:00+07:00,2026-09-09T00:00:00+07:00,danny2,True
harian-losari.example,Makassar,2022-05-30,24,0.468,0.657,614,https://harian-losari.example/fixture/metrik/2022-05-30,,2026-09-09,2026-09-09T00:00:00+07:00,2026-09-09T00:00:00+07:00,danny2,True
harian-losari.example,Makassar,2022-06-06,33,0.388,0.637,621,https://harian-losari.example/fixture/metrik/2022-06-06,,2026-09-09,2026-09-09T00:00:00+07:00,2026-09-09T00:00:00+07:00,danny2,True
harian-losari.example,Makassar,2022-06-13,35,0.429,0.557,628,https://harian-losari.example/fixture/metrik/2022-06-13,,2026-09-09,2026-09-09T00:00:00+07:00,2026-09-09T00:00:00+07:00,danny2,True
harian-losari.example,Makassar,2022-06-20,38,0.439,0.527,635,https://harian-losari.example/fixture/metrik/2022-06-20,,2026-09-09,2026-09-09T00:00:00+07:00,2026-09-09T00:00:00+07:00,danny2,True
harian-losari.example,Makassar,2022-06-27,40,0.412,0.574,642,https://harian-losari.example/fixture/metrik/2022-06-27,,2026-09-09,2026-09-09T00:00:00+07:00,2026-09-09T00:00:00+07:00,danny2,True
harian-losari.example,Makassar,2022-07-04,32,0.374,0.559,649,https://harian-losari.example/fixture/metrik/2022-07-04,,2026-09-09,2026-09-09T00:00:00+07:00,2026-09-09T00:00:00+07:00,danny2,True
harian-losari.example,Makassar,2022-07-11,34,0.374,0.566,656,https://harian-losari.example/fixture/metrik/2022-07-11,,2026-09-09,2026-09-09T00:00:00+07:00,2026-09-09T00:00:00+07:00,danny2,True
harian-losari.example,Makassar,2022-07-18,33,0.353,0.61,663,https://harian-losari.example/fixture/metrik/2022-07-18,,2026-09-09,2026-09-09T00:00:00+07:00,2026-09-09T00:00:00+07:00,danny2,True
harian-losari.example,Makassar,2022-07-25,42,0.416,0.505,670,https://harian-losari.example/fixture/metrik/2022-07-25,,2026-09-09,2026-09-09T00:00:00+07:00,2026-09-09T00:00:00+07:00,danny2,True
harian-losari.example,Makassar,2022-08-01,30,0.408,0.611,677,https://harian-losari.example/fixture/metrik/2022-08-01,,2026-09-09,2026-09-09T00:00:00+07:00,2026-09-09T00:00:00+07:00,danny2,True
harian-losari.example,Makassar,2022-08-08,39,0.445,0.568,684,https://harian-losari.example/fixture/metrik/2022-08-08,,2026-09-09,2026-09-09T00:00:00+07:00,2026-09-09T00:00:00+07:00,danny2,True
harian-losari.example,Makassar,2022-08-15,31,0.424,0.66,691,https://harian-losari.example/fixture/metrik/2022-08-15,,2026-09-09,2026-09-09T00:00:00+07:00,2026-09-09T00:00:00+07:00,danny2,True
harian-losari.example,Makassar,2022-08-22,25,0.387,0.555,698,https://harian-losari.example/fixture/metrik/2022-08-22,,2026-09-09,2026-09-09T00:00:00+07:00,2026-09-09T00:00:00+07:00,danny2,True
harian-losari.example,Makassar,2022-08-29,40,0.365,0.623,705,https://harian-losari.example/fixture/metrik/2022-08-29,,2026-09-09,2026-09-09T00:00:00+07:00,2026-09-09T00:00:00+07:00,danny2,True
harian-losari.example,Makassar,2022-09-05,47,0.347,0.524,712,https://harian-losari.example/fixture/metrik/2022-09-05,,2026-09-09,2026-09-09T00:00:00+07:00,2026-09-09T00:00:00+07:00,danny2,True
harian-losari.example,Makassar,2022-09-12,25,0.39,0.574,719,https://harian-losari.example/fixture/metrik/2022-09-12,,2026-09-09,2026-09-09T00:00:00+07:00,2026-09-09T00:00:00+07:00,danny2,True
harian-losari.example,Makassar,2022-09-19,44,0.407,0.514,726,https://harian-losari.example/fixture/metrik/2022-09-19,,2026-09-09,2026-09-09T00:00:00+07:00,2026-09-09T00:00:00+07:00,danny2,True
harian-losari.example,Makassar,2022-09-26,49,0.405,0.583,-727,https://harian-losari.example/fixture/metrik/2022-09-26,,2026-09-09,2026-09-09T00:00:00+07:00,2026-09-09T00:00:00+07:00,danny2,True
harian-losari.example,Makassar,2022-10-03,40,0.353,0.578,-720,https://harian-losari.example/fixture/metrik/2022-10-03,,2026-09-09,2026-09-09T00:00:00+07:00,2026-09-09T00:00:00+07:00,danny2,True
harian-losari.example,Makassar,2022-10-10,49,0.393,0.546,-713,https://harian-losari.example/fixture/metrik/2022-10-10,,2026-09-09,2026-09-09T00:00:00+07:00,2026-09-09T00:00:00+07:00,danny2,True
harian-losari.example,Makassar,2022-10-17,28,0.371,0.602,-706,https://harian-losari.example/fixture/metrik/2022-10-17,,2026-09-09,2026-09-09T00:00:00+07:00,2026-09-09T00:00:00+07:00,danny2,True
harian-losari.example,Makassar,2022-10-24,43,0.401,0.567,-699,https://harian-losari.example/fixture/metrik/2022-10-24,,2026-09-09,2026-09-09T00:00:00+07:00,2026-09-09T00:00:00+07:00,danny2,True
harian-losari.example,Makassar,2022-10-31,37,0.423,0.598,-692,https://harian-losari.example/fixture/metrik/2022-10-31,,2026-09-09,2026-09-09T00:00:00+07:00,2026-09-09T00:00:00+07:00,danny2,True
harian-losari.example,Makassar,2022-11-07,37,0.389,0.699,-685,https://harian-losari.example/fixture/metrik/2022-11-07,,2026-09-09,2026-09-09T00:00:00+07:00,2026-09-09T00:00:00+07:00,danny2,True
harian-losari.example,Makassar,2022-11-14,37,0.479,0.615,-678,https://harian-losari.example/fixture/metrik/2022-11-14,,2026-09-09,2026-09-09T00:00:00+07:00,2026-09-09T00:00:00+07:00,danny2,True
harian-losari.example,Makassar,2022-11-21,39,0.39,0.637,-671,https://harian-losari.example/fixture/metrik/2022-11-21,,2026-09-09,2026-09-09T00:00:00+07:00,2026-09-09T00:00:00+07:00,danny2,True
harian-losari.example,Makassar,2022-11-28,32,0.387,0.523,-664,https://harian-losari.example/fixture/metrik/2022-11-28,,2026-09-09,2026-09-09T00:00:00+07:00,2026-09-09T00:00:00+07:00,danny2,True
harian-losari.example,Makassar,2022-12-05,33,0.36,0.564,-657,https://harian-losari.example/fixture/metrik/2022-12-05,,2026-09-09,2026-09-09T00:00:00+07:00,2026-09-09T00:00:00+07:00,danny2,True
harian-losari.example,Makassar,2022-12-12,38,0.401,0.62,-650,https://harian-losari.example/fixture/metrik/2022-12-12,,2026-09-09,2026-09-09T00:00:00+07:00,2026-09-09T00:00:00+07:00,danny2,True
harian-losari.example,Makassar,2022-12-19,42,0.409,0.623,-643,https://harian-losari.example/fixture/metrik/2022-12-19,,2026-09-09,2026-09-09T00:00:00+07:00,2026-09-09T00:00:00+07:00,danny2,True
harian-losari.example,Makassar,2022-12-26,38,0.382,0.585,-636,https://harian-losari.example/fixture/metrik/2022-12-26,,2026-09-09,2026-09-09T00:00:00+07:00,2026-09-09T00:00:00+07:00,danny2,True
harian-losari.example,Makassar,2023-01-02,34,0.366,0.563,-629,https://harian-losari.example/fixture/metrik/2023-01-02,,2026-09-09,2026-09-09T00:00:00+07:00,2026-09-09T00:00:00+07:00,danny2,True
harian-losari.example,Makassar,2023-01-09,47,0.433,0.589,-622,https://harian-losari.example/fixture/metrik/2023-01-09,,2026-09-09,2026-09-09T00:00:00+07:00,2026-09-09T00:00:00+07:00,danny2,True
harian-losari.example,Makassar,2023-01-16,38,0.44,0.65,-615,https://harian-losari.example/fixture/metrik/2023-01-16,,2026-09-09,2026-09-09T00:00:00+07:00,2026-09-09T00:00:00+07:00,danny2,True
harian-losari.example,Makassar,2023-01-23,40,0.45,0.582,-608,https://harian-losari.example/fixture/metrik/2023-01-23,,2026-09-09,2026-09-09T00:00:00+07:00,2026-09-09T00:00:00+07:00,danny2,True
harian-losari.example,Makassar,2023-01-30,25,0.347,0.667,-601,https://harian-losari.example/fixture/metrik/2023-01-30,,2026-09-09,2026-09-09T00:00:00+07:00,2026-09-09T00:00:00+07:00,danny2,True
harian-losari.example,Makassar,2023-02-06,32,0.359,0.449,-594,https://harian-losari.example/fixture/metrik/2023-02-06,,2026-09-09,2026-09-09T00:00:00+07:00,2026-09-09T00:00:00+07:00,danny2,True
harian-losari.example,Makassar,2023-02-13,36,0.42,0.554,-587,https://harian-losari.example/fixture/metrik/2023-02-13,,2026-09-09,2026-09-09T00:00:00+07:00,2026-09-09T00:00:00+07:00,danny2,True
harian-losari.example,Makassar,2023-02-20,48,0.352,0.61,-580,https://harian-losari.example/fixture/metrik/2023-02-20,,2026-09-09,2026-09-09T00:00:00+07:00,2026-09-09T00:00:00+07:00,danny2,True
harian-losari.example,Makassar,2023-02-27,36,0.415,0.584,-573,https://harian-losari.example/fixture/metrik/2023-02-27,,2026-09-09,2026-09-09T00:00:00+07:00,2026-09-09T00:00:00+07:00,danny2,True
harian-losari.example,Makassar,2023-03-06,40,0.391,0.502,-566,https://harian-losari.example/fixture/metrik/2023-03-06,,2026-09-09,2026-09-09T00:00:00+07:00,2026-09-09T00:00:00+07:00,danny2,True
harian-losari.example,Makassar,2023-03-13,32,0.375,0.704,-559,https://harian-losari.example/fixture/metrik/2023-03-13,,2026-09-09,2026-09-09T00:00:00+07:00,2026-09-09T00:00:00+07:00,danny2,True
harian-losari.example,Makassar,2023-03-20,45,0.415,0.549,-552,https://harian-losari.example/fixture/metrik/2023-03-20,,2026-09-09,2026-09-09T00:00:00+07:00,2026-09-09T00:00:00+07:00,danny2,True
harian-losari.example,Makassar,2023-03-27,43,0.399,0.662,-545,https://harian-losari.example/fixture/metrik/2023-03-27,,2026-09-09,2026-09-09T00:00:00+07:00,2026-09-09T00:00:00+07:00,danny2,True
harian-losari.example,Makassar,2023-04-03,28,0.407,0.607,-538,https://harian-losari.example/fixture/metrik/2023-04-03,,2026-09-09,2026-09-09T00:00:00+07:00,2026-09-09T00:00:00+07:00,danny2,True
harian-losari.example,Makassar,2023-04-10,37,0.388,0.486,-531,https://harian-losari.example/fixture/metrik/2023-04-10,,2026-09-09,2026-09-09T00:00:00+07:00,2026-09-09T00:00:00+07:00,danny2,True
harian-losari.example,Makassar,2023-04-17,39,0.326,0.575,-524,https://harian-losari.example/fixture/metrik/2023-04-17,,2026-09-09,2026-09-09T00:00:00+07:00,2026-09-09T00:00:00+07:00,danny2,True
harian-losari.example,Makassar,2023-04-24,38,0.362,0.498,-517,https://harian-losari.example/fixture/metrik/2023-04-24,,2026-09-09,2026-09-09T00:00:00+07:00,2026-09-09T00:00:00+07:00,danny2,True
harian-losari.example,Makassar,2023-05-01,44,0.397,0.574,-510,https://harian-losari.example/fixture/metrik/2023-05-01,,2026-09-09,2026-09-09T00:00:00+07:00,2026-09-09T00:00:00+07:00,danny2,True
harian-losari.example,Makassar,2023-05-08,39,0.426,0.539,-503,https://harian-losari.example/fixture/metrik/2023-05-08,,2026-09-09,2026-09-09T00:00:00+07:00,2026-09-09T00:00:00+07:00,danny2,True
harian-losari.example,Makassar,2023-05-15,48,0.41,0.595,-496,https://harian-losari.example/fixture/metrik/2023-05-15,,2026-09-09,2026-09-09T00:00:00+07:00,2026-09-09T00:00:00+07:00,danny2,True
harian-losari.example,Makassar,2023-05-22,34,0.382,0.588,-489,https://harian-losari.example/fixture/metrik/2023-05-22,,2026-09-09,2026-09-09T00:00:00+07:00,2026-09-09T00:00:00+07:00,danny2,True
harian-losari.example,Makassar,2023-05-29,46,0.423,0.632,-482,https://harian-losari.example/fixture/metrik/2023-05-29,,2026-09-09,2026-09-09T00:00:00+07:00,2026-09-09T00:00:00+07:00,danny2,True
harian-losari.example,Makassar,2023-06-05,33,0.388,0.557,-475,https://harian-losari.example/fixture/metrik/2023-06-05,,2026-09-09,2026-09-09T00:00:00+07:00,2026-09-09T00:00:00+07:00,danny2,True
harian-losari.example,Makassar,2023-06-12,36,0.366,0.584,-468,https://harian-losari.example/fixture/metrik/2023-06-12,,2026-09-09,2026-09-09T00:00:00+07:00,2026-09-09T00:00:00+07:00,danny2,True
harian-losari.example,Makassar,2023-06-19,45,0.369,0.538,-461,https://harian-losari.example/fixture/metrik/2023-06-19,,2026-09-09,2026-09-09T00:00:00+07:00,2026-09-09T00:00:00+07:00,danny2,True
harian-losari.example,Makassar,2023-06-26,29,0.386,0.585,-454,https://harian-losari.example/fixture/metrik/2023-06-26,,2026-09-09,2026-09-09T00:00:00+07:00,2026-09-09T00:00:00+07:00,danny2,True
harian-losari.example,Makassar,2023-07-03,36,0.331,0.605,-447,https://harian-losari.example/fixture/metrik/2023-07-03,,2026-09-09,2026-09-09T00:00:00+07:00,2026-09-09T00:00:00+07:00,danny2,True
harian-losari.example,Makassar,2023-07-10,42,0.345,0.66,-440,https://harian-losari.example/fixture/metrik/2023-07-10,,2026-09-09,2026-09-09T00:00:00+07:00,2026-09-09T00:00:00+07:00,danny2,True
harian-losari.example,Makassar,2023-07-17,38,0.38,0.558,-433,https://harian-losari.example/fixture/metrik/2023-07-17,,2026-09-09,2026-09-09T00:00:00+07:00,2026-09-09T00:00:00+07:00,danny2,True
harian-losari.example,Makassar,2023-07-24,43,0.416,0.462,-426,https://harian-losari.example/fixture/metrik/2023-07-24,,2026-09-09,2026-09-09T00:00:00+07:00,2026-09-09T00:00:00+07:00,danny2,True
harian-losari.example,Makassar,2023-07-31,43,0.421,0.578,-419,https://harian-losari.example/fixture/metrik/2023-07-31,,2026-09-09,2026-09-09T00:00:00+07:00,2026-09-09T00:00:00+07:00,danny2,True
harian-losari.example,Makassar,2023-08-07,32,0.41,0.634,-412,https://harian-losari.example/fixture/metrik/2023-08-07,,2026-09-09,2026-09-09T00:00:00+07:00,2026-09-09T00:00:00+07:00,danny2,True
harian-losari.example,Makassar,2023-08-14,50,0.432,0.562,-405,https://harian-losari.example/fixture/metrik/2023-08-14,,2026-09-09,2026-09-09T00:00:00+07:00,2026-09-09T00:00:00+07:00,danny2,True
harian-losari.example,Makassar,2023-08-21,44,0.347,0.528,-398,https://harian-losari.example/fixture/metrik/2023-08-21,,2026-09-09,2026-09-09T00:00:00+07:00,2026-09-09T00:00:00+07:00,danny2,True
harian-losari.example,Makassar,2023-08-28,44,0.375,0.488,-391,https://harian-losari.example/fixture/metrik/2023-08-28,,2026-09-09,2026-09-09T00:00:00+07:00,2026-09-09T00:00:00+07:00,danny2,True
harian-losari.example,Makassar,2023-09-04,42,0.404,0.622,-384,https://harian-losari.example/fixture/metrik/2023-09-04,,2026-09-09,2026-09-09T00:00:00+07:00,2026-09-09T00:00:00+07:00,danny2,True
harian-losari.example,Makassar,2023-09-11,44,0.356,0.56,-377,https://harian-losari.example/fixture/metrik/2023-09-11,,2026-09-09,2026-09-09T00:00:00+07:00,2026-09-09T00:00:00+07:00,danny2,True
harian-losari.example,Makassar,2023-09-18,42,0.438,0.589,-370,https://harian-losari.example/fixture/metrik/2023-09-18,,2026-09-09,2026-09-09T00:00:00+07:00,2026-09-09T00:00:00+07:00,danny2,True
harian-losari.example,Makassar,2023-09-25,40,0.358,0.547,-363,https://harian-losari.example/fixture/metrik/2023-09-25,,2026-09-09,2026-09-09T00:00:00+07:00,2026-09-09T00:00:00+07:00,danny2,True
harian-losari.example,Makassar,2023-10-02,27,0.382,0.637,-356,https://harian-losari.example/fixture/metrik/2023-10-02,,2026-09-09,2026-09-09T00:00:00+07:00,2026-09-09T00:00:00+07:00,danny2,True
harian-losari.example,Makassar,2023-10-09,27,0.406,0.592,-349,https://harian-losari.example/fixture/metrik/2023-10-09,,2026-09-09,2026-09-09T00:00:00+07:00,2026-09-09T00:00:00+07:00,danny2,True
harian-losari.example,Makassar,2023-10-16,34,0.337,0.51,-342,https://harian-losari.example/fixture/metrik/2023-10-16,,2026-09-09,2026-09-09T00:00:00+07:00,2026-09-09T00:00:00+07:00,danny2,True
harian-losari.example,Makassar,2023-10-23,33,0.366,0.518,-335,https://harian-losari.example/fixture/metrik/2023-10-23,,2026-09-09,2026-09-09T00:00:00+07:00,2026-09-09T00:00:00+07:00,danny2,True
harian-losari.example,Makassar,2023-10-30,37,0.394,0.56,-328,https://harian-losari.example/fixture/metrik/2023-10-30,,2026-09-09,2026-09-09T00:00:00+07:00,2026-09-09T00:00:00+07:00,danny2,True
harian-losari.example,Makassar,2023-11-06,42,0.334,0.558,-321,https://harian-losari.example/fixture/metrik/2023-11-06,,2026-09-09,2026-09-09T00:00:00+07:00,2026-09-09T00:00:00+07:00,danny2,True
harian-losari.example,Makassar,2023-11-13,46,0.406,0.478,-314,https://harian-losari.example/fixture/metrik/2023-11-13,,2026-09-09,2026-09-09T00:00:00+07:00,2026-09-09T00:00:00+07:00,danny2,True
harian-losari.example,Makassar,2023-11-20,40,0.447,0.593,-307,https://harian-losari.example/fixture/metrik/2023-11-20,,2026-09-09,2026-09-09T00:00:00+07:00,2026-09-09T00:00:00+07:00,danny2,True
harian-losari.example,Makassar,2023-11-27,36,0.399,0.521,-300,https://harian-losari.example/fixture/metrik/2023-11-27,,2026-09-09,2026-09-09T00:00:00+07:00,2026-09-09T00:00:00+07:00,danny2,True
harian-losari.example,Makassar,2023-12-04,32,0.418,0.643,-293,https://harian-losari.example/fixture/metrik/2023-12-04,,2026-09-09,2026-09-09T00:00:00+07:00,2026-09-09T00:00:00+07:00,danny2,True
harian-losari.example,Makassar,2023-12-11,37,0.449,0.553,-286,https://harian-losari.example/fixture/metrik/2023-12-11,,2026-09-09,2026-09-09T00:00:00+07:00,2026-09-09T00:00:00+07:00,danny2,True
harian-losari.example,Makassar,2023-12-18,37,0.305,0.627,-279,https://harian-losari.example/fixture/metrik/2023-12-18,,2026-09-09,2026-09-09T00:00:00+07:00,2026-09-09T00:00:00+07:00,danny2,True
harian-losari.example,Makassar,2023-12-25,33,0.455,0.596,-272,https://harian-losari.example/fixture/metrik/2023-12-25,,2026-09-09,2026-09-09T00:00:00+07:00,2026-09-09T00:00:00+07:00,danny2,True
harian-losari.example,Makassar,2024-01-01,25,0.424,0.58,-265,https://harian-losari.example/fixture/metrik/2024-01-01,,2026-09-09,2026-09-09T00:00:00+07:00,2026-09-09T00:00:00+07:00,danny2,True
harian-losari.example,Makassar,2024-01-08,36,0.4,0.54,-258,https://harian-losari.example/fixture/metrik/2024-01-08,,2026-09-09,2026-09-09T00:00:00+07:00,2026-09-09T00:00:00+07:00,danny2,True
harian-losari.example,Makassar,2024-01-15,42,0.388,0.578,-251,https://harian-losari.example/fixture/metrik/2024-01-15,,2026-09-09,2026-09-09T00:00:00+07:00,2026-09-09T00:00:00+07:00,danny2,True
harian-losari.example,Makassar,2024-01-22,42,0.38,0.568,-244,https://harian-losari.example/fixture/metrik/2024-01-22,,2026-09-09,2026-09-09T00:00:00+07:00,2026-09-09T00:00:00+07:00,danny2,True
harian-losari.example,Makassar,2024-01-29,44,0.404,0.55,-237,https://harian-losari.example/fixture/metrik/2024-01-29,,2026-09-09,2026-09-09T00:00:00+07:00,2026-09-09T00:00:00+07:00,danny2,True
harian-losari.example,Makassar,2024-02-05,40,0.317,0.569,-230,https://harian-losari.example/fixture/metrik/2024-02-05,,2026-09-09,2026-09-09T00:00:00+07:00,2026-09-09T00:00:00+07:00,danny2,True
harian-losari.example,Makassar,2024-02-12,36,0.414,0.54,-223,https://harian-losari.example/fixture/metrik/2024-02-12,,2026-09-09,2026-09-09T00:00:00+07:00,2026-09-09T00:00:00+07:00,danny2,True
harian-losari.example,Makassar,2024-02-19,37,0.369,0.601,-216,https://harian-losari.example/fixture/metrik/2024-02-19,,2026-09-09,2026-09-09T00:00:00+07:00,2026-09-09T00:00:00+07:00,danny2,True
harian-losari.example,Makassar,2024-02-26,32,0.372,0.655,-209,https://harian-losari.example/fixture/metrik/2024-02-26,,2026-09-09,2026-09-09T00:00:00+07:00,2026-09-09T00:00:00+07:00,danny2,True
harian-losari.example,Makassar,2024-03-04,52,0.389,0.534,-202,https://harian-losari.example/fixture/metrik/2024-03-04,,2026-09-09,2026-09-09T00:00:00+07:00,2026-09-09T00:00:00+07:00,danny2,True
harian-losari.example,Makassar,2024-03-11,37,0.449,0.575,-195,https://harian-losari.example/fixture/metrik/2024-03-11,,2026-09-09,2026-09-09T00:00:00+07:00,2026-09-09T00:00:00+07:00,danny2,True
harian-losari.example,Makassar,2024-03-18,38,0.47,0.646,-188,https://harian-losari.example/fixture/metrik/2024-03-18,,2026-09-09,2026-09-09T00:00:00+07:00,2026-09-09T00:00:00+07:00,danny2,True
harian-losari.example,Makassar,2024-03-25,37,0.375,0.618,-181,https://harian-losari.example/fixture/metrik/2024-03-25,,2026-09-09,2026-09-09T00:00:00+07:00,2026-09-09T00:00:00+07:00,danny2,True
harian-losari.example,Makassar,2024-04-01,37,0.435,0.579,-174,https://harian-losari.example/fixture/metrik/2024-04-01,,2026-09-09,2026-09-09T00:00:00+07:00,2026-09-09T00:00:00+07:00,danny2,True
harian-losari.example,Makassar,2024-04-08,33,0.417,0.657,-167,https://harian-losari.example/fixture/metrik/2024-04-08,,2026-09-09,2026-09-09T00:00:00+07:00,2026-09-09T00:00:00+07:00,danny2,True
harian-losari.example,Makassar,2024-04-15,45,0.49,0.671,-160,https://harian-losari.example/fixture/metrik/2024-04-15,,2026-09-09,2026-09-09T00:00:00+07:00,2026-09-09T00:00:00+07:00,danny2,True
harian-losari.example,Makassar,2024-04-22,35,0.473,0.681,-153,https://harian-losari.example/fixture/metrik/2024-04-22,,2026-09-09,2026-09-09T00:00:00+07:00,2026-09-09T00:00:00+07:00,danny2,True
harian-losari.example,Makassar,2024-04-29,48,0.541,0.594,-146,https://harian-losari.example/fixture/metrik/2024-04-29,,2026-09-09,2026-09-09T00:00:00+07:00,2026-09-09T00:00:00+07:00,danny2,True
harian-losari.example,Makassar,2024-05-06,38,0.492,0.631,-139,https://harian-losari.example/fixture/metrik/2024-05-06,,2026-09-09,2026-09-09T00:00:00+07:00,2026-09-09T00:00:00+07:00,danny2,True
harian-losari.example,Makassar,2024-05-13,38,0.557,0.668,-132,https://harian-losari.example/fixture/metrik/2024-05-13,,2026-09-09,2026-09-09T00:00:00+07:00,2026-09-09T00:00:00+07:00,danny2,True
harian-losari.example,Makassar,2024-05-20,29,0.49,0.67,-125,https://harian-losari.example/fixture/metrik/2024-05-20,,2026-09-09,2026-09-09T00:00:00+07:00,2026-09-09T00:00:00+07:00,danny2,True
harian-losari.example,Makassar,2024-05-27,31,0.536,0.609,-118,https://harian-losari.example/fixture/metrik/2024-05-27,,2026-09-09,2026-09-09T00:00:00+07:00,2026-09-09T00:00:00+07:00,danny2,True
harian-losari.example,Makassar,2024-06-03,34,0.535,0.659,-111,https://harian-losari.example/fixture/metrik/2024-06-03,,2026-09-09,2026-09-09T00:00:00+07:00,2026-09-09T00:00:00+07:00,danny2,True
harian-losari.example,Makassar,2024-06-10,25,0.517,0.674,-104,https://harian-losari.example/fixture/metrik/2024-06-10,,2026-09-09,2026-09-09T00:00:00+07:00,2026-09-09T00:00:00+07:00,danny2,True
harian-losari.example,Makassar,2024-06-17,44,0.629,0.563,-97,https://harian-losari.example/fixture/metrik/2024-06-17,,2026-09-09,2026-09-09T00:00:00+07:00,2026-09-09T00:00:00+07:00,danny2,True
harian-losari.example,Makassar,2024-06-24,38,0.587,0.607,-90,https://harian-losari.example/fixture/metrik/2024-06-24,,2026-09-09,2026-09-09T00:00:00+07:00,2026-09-09T00:00:00+07:00,danny2,True
harian-losari.example,Makassar,2024-07-01,33,0.641,0.801,-83,https://harian-losari.example/fixture/metrik/2024-07-01,,2026-09-09,2026-09-09T00:00:00+07:00,2026-09-09T00:00:00+07:00,danny2,True
harian-losari.example,Makassar,2024-07-08,43,0.61,0.679,-76,https://harian-losari.example/fixture/metrik/2024-07-08,,2026-09-09,2026-09-09T00:00:00+07:00,2026-09-09T00:00:00+07:00,danny2,True
harian-losari.example,Makassar,2024-07-15,33,0.664,0.639,-69,https://harian-losari.example/fixture/metrik/2024-07-15,,2026-09-09,2026-09-09T00:00:00+07:00,2026-09-09T00:00:00+07:00,danny2,True
harian-losari.example,Makassar,2024-07-22,42,0.691,0.723,-62,https://harian-losari.example/fixture/metrik/2024-07-22,,2026-09-09,2026-09-09T00:00:00+07:00,2026-09-09T00:00:00+07:00,danny2,True
harian-losari.example,Makassar,2024-07-29,40,0.655,0.651,-55,https://harian-losari.example/fixture/metrik/2024-07-29,,2026-09-09,2026-09-09T00:00:00+07:00,2026-09-09T00:00:00+07:00,danny2,True
harian-losari.example,Makassar,2024-08-05,27,0.697,0.734,-48,https://harian-losari.example/fixture/metrik/2024-08-05,,2026-09-09,2026-09-09T00:00:00+07:00,2026-09-09T00:00:00+07:00,danny2,True
harian-losari.example,Makassar,2024-08-12,40,0.667,0.64,-41,https://harian-losari.example/fixture/metrik/2024-08-12,,2026-09-09,2026-09-09T00:00:00+07:00,2026-09-09T00:00:00+07:00,danny2,True
harian-losari.example,Makassar,2024-08-19,52,0.704,0.699,-34,https://harian-losari.example/fixture/metrik/2024-08-19,,2026-09-09,2026-09-09T00:00:00+07:00,2026-09-09T00:00:00+07:00,danny2,True
harian-losari.example,Makassar,2024-08-26,47,0.705,0.643,-27,https://harian-losari.example/fixture/metrik/2024-08-26,,2026-09-09,2026-09-09T00:00:00+07:00,2026-09-09T00:00:00+07:00,danny2,True
harian-losari.example,Makassar,2024-09-02,41,0.717,0.695,-20,https://harian-losari.example/fixture/metrik/2024-09-02,,2026-09-09,2026-09-09T00:00:00+07:00,2026-09-09T00:00:00+07:00,danny2,True
harian-losari.example,Makassar,2024-09-09,35,0.685,0.672,-13,https://harian-losari.example/fixture/metrik/2024-09-09,,2026-09-09,2026-09-09T00:00:00+07:00,2026-09-09T00:00:00+07:00,danny2,True
harian-losari.example,Makassar,2024-09-16,22,0.646,0.684,-6,https://harian-losari.example/fixture/metrik/2024-09-16,,2026-09-09,2026-09-09T00:00:00+07:00,2026-09-09T00:00:00+07:00,danny2,True
harian-losari.example,Makassar,2024-09-23,34,0.672,0.648,1,https://harian-losari.example/fixture/metrik/2024-09-23,,2026-09-09,2026-09-09T00:00:00+07:00,2026-09-09T00:00:00+07:00,danny2,True
harian-losari.example,Makassar,2024-09-30,46,0.697,0.698,8,https://harian-losari.example/fixture/metrik/2024-09-30,,2026-09-09,2026-09-09T00:00:00+07:00,2026-09-09T00:00:00+07:00,danny2,True
harian-losari.example,Makassar,2024-10-07,33,0.375,0.525,15,https://harian-losari.example/fixture/metrik/2024-10-07,,2026-09-09,2026-09-09T00:00:00+07:00,2026-09-09T00:00:00+07:00,danny2,True
harian-losari.example,Makassar,2024-10-14,50,0.413,0.688,22,https://harian-losari.example/fixture/metrik/2024-10-14,,2026-09-09,2026-09-09T00:00:00+07:00,2026-09-09T00:00:00+07:00,danny2,True
harian-losari.example,Makassar,2024-10-21,38,0.337,0.562,29,https://harian-losari.example/fixture/metrik/2024-10-21,,2026-09-09,2026-09-09T00:00:00+07:00,2026-09-09T00:00:00+07:00,danny2,True
harian-losari.example,Makassar,2024-10-28,33,0.331,0.606,36,https://harian-losari.example/fixture/metrik/2024-10-28,,2026-09-09,2026-09-09T00:00:00+07:00,2026-09-09T00:00:00+07:00,danny2,True
harian-losari.example,Makassar,2024-11-04,35,0.42,0.593,43,https://harian-losari.example/fixture/metrik/2024-11-04,,2026-09-09,2026-09-09T00:00:00+07:00,2026-09-09T00:00:00+07:00,danny2,True
harian-losari.example,Makassar,2024-11-11,41,0.404,0.563,50,https://harian-losari.example/fixture/metrik/2024-11-11,,2026-09-09,2026-09-09T00:00:00+07:00,2026-09-09T00:00:00+07:00,danny2,True
harian-losari.example,Makassar,2024-11-18,33,0.412,0.579,57,https://harian-losari.example/fixture/metrik/2024-11-18,,2026-09-09,2026-09-09T00:00:00+07:00,2026-09-09T00:00:00+07:00,danny2,True
harian-losari.example,Makassar,2024-11-25,38,0.373,0.697,64,https://harian-losari.example/fixture/metrik/2024-11-25,,2026-09-09,2026-09-09T00:00:00+07:00,2026-09-09T00:00:00+07:00,danny2,True
harian-losari.example,Makassar,2024-12-02,40,0.396,0.539,71,https://harian-losari.example/fixture/metrik/2024-12-02,,2026-09-09,2026-09-09T00:00:00+07:00,2026-09-09T00:00:00+07:00,danny2,True
harian-losari.example,Makassar,2024-12-09,35,0.351,0.682,78,https://harian-losari.example/fixture/metrik/2024-12-09,,2026-09-09,2026-09-09T00:00:00+07:00,2026-09-09T00:00:00+07:00,danny2,True
harian-losari.example,Makassar,2024-12-16,31,0.376,0.557,85,https://harian-losari.example/fixture/metrik/2024-12-16,,2026-09-09,2026-09-09T00:00:00+07:00,2026-09-09T00:00:00+07:00,danny2,True
harian-losari.example,Makassar,2024-12-23,47,0.338,0.596,92,https://harian-losari.example/fixture/metrik/2024-12-23,,2026-09-09,2026-09-09T00:00:00+07:00,2026-09-09T00:00:00+07:00,danny2,True
harian-losari.example,Makassar,2024-12-30,28,0.445,0.521,99,https://harian-losari.example/fixture/metrik/2024-12-30,,2026-09-09,2026-09-09T00:00:00+07:00,2026-09-09T00:00:00+07:00,danny2,True
harian-losari.example,Makassar,2025-01-06,44,0.373,0.621,106,https://harian-losari.example/fixture/metrik/2025-01-06,,2026-09-09,2026-09-09T00:00:00+07:00,2026-09-09T00:00:00+07:00,danny2,True
harian-losari.example,Makassar,2025-01-13,26,0.422,0.659,113,https://harian-losari.example/fixture/metrik/2025-01-13,,2026-09-09,2026-09-09T00:00:00+07:00,2026-09-09T00:00:00+07:00,danny2,True
harian-losari.example,Makassar,2025-01-20,30,0.363,0.615,120,https://harian-losari.example/fixture/metrik/2025-01-20,,2026-09-09,2026-09-09T00:00:00+07:00,2026-09-09T00:00:00+07:00,danny2,True
harian-losari.example,Makassar,2025-01-27,20,0.399,0.605,127,https://harian-losari.example/fixture/metrik/2025-01-27,,2026-09-09,2026-09-09T00:00:00+07:00,2026-09-09T00:00:00+07:00,danny2,True
harian-losari.example,Makassar,2025-02-03,34,0.372,0.577,134,https://harian-losari.example/fixture/metrik/2025-02-03,,2026-09-09,2026-09-09T00:00:00+07:00,2026-09-09T00:00:00+07:00,danny2,True
harian-losari.example,Makassar,2025-02-10,37,0.359,0.629,141,https://harian-losari.example/fixture/metrik/2025-02-10,,2026-09-09,2026-09-09T00:00:00+07:00,2026-09-09T00:00:00+07:00,danny2,True
harian-losari.example,Makassar,2025-02-17,37,0.408,0.59,148,https://harian-losari.example/fixture/metrik/2025-02-17,,2026-09-09,2026-09-09T00:00:00+07:00,2026-09-09T00:00:00+07:00,danny2,True
harian-losari.example,Makassar,2025-02-24,33,0.347,0.587,155,https://harian-losari.example/fixture/metrik/2025-02-24,,2026-09-09,2026-09-09T00:00:00+07:00,2026-09-09T00:00:00+07:00,appi,True
harian-losari.example,Makassar,2025-03-03,33,0.395,0.532,162,https://harian-losari.example/fixture/metrik/2025-03-03,,2026-09-09,2026-09-09T00:00:00+07:00,2026-09-09T00:00:00+07:00,appi,True
harian-losari.example,Makassar,2025-03-10,25,0.353,0.607,169,https://harian-losari.example/fixture/metrik/2025-03-10,,2026-09-09,2026-09-09T00:00:00+07:00,2026-09-09T00:00:00+07:00,appi,True
harian-losari.example,Makassar,2025-03-17,25,0.362,0.627,176,https://harian-losari.example/fixture/metrik/2025-03-17,,2026-09-09,2026-09-09T00:00:00+07:00,2026-09-09T00:00:00+07:00,appi,True
harian-losari.example,Makassar,2025-03-24,49,0.353,0.593,183,https://harian-losari.example/fixture/metrik/2025-03-24,,2026-09-09,2026-09-09T00:00:00+07:00,2026-09-09T00:00:00+07:00,appi,True
harian-losari.example,Makassar,2025-03-31,34,0.362,0.621,190,https://harian-losari.example/fixture/metrik/2025-03-31,,2026-09-09,2026-09-09T00:00:00+07:00,2026-09-09T00:00:00+07:00,appi,True
harian-losari.example,Makassar,2025-04-07,41,0.396,0.639,197,https://harian-losari.example/fixture/metrik/2025-04-07,,2026-09-09,2026-09-09T00:00:00+07:00,2026-09-09T00:00:00+07:00,appi,True
harian-losari.example,Makassar,2025-04-14,34,0.402,0.556,204,https://harian-losari.example/fixture/metrik/2025-04-14,,2026-09-09,2026-09-09T00:00:00+07:00,2026-09-09T00:00:00+07:00,appi,True
harian-losari.example,Makassar,2025-04-21,44,0.38,0.53,211,https://harian-losari.example/fixture/metrik/2025-04-21,,2026-09-09,2026-09-09T00:00:00+07:00,2026-09-09T00:00:00+07:00,appi,True
harian-losari.example,Makassar,2025-04-28,33,0.352,0.676,218,https://harian-losari.example/fixture/metrik/2025-04-28,,2026-09-09,2026-09-09T00:00:00+07:00,2026-09-09T00:00:00+07:00,appi,True
harian-losari.example,Makassar,2025-05-05,46,0.401,0.627,225,https://harian-losari.example/fixture/metrik/2025-05-05,,2026-09-09,2026-09-09T00:00:00+07:00,2026-09-09T00:00:00+07:00,appi,True
harian-losari.example,Makassar,2025-05-12,48,0.309,0.617,232,https://harian-losari.example/fixture/metrik/2025-05-12,,2026-09-09,2026-09-09T00:00:00+07:00,2026-09-09T00:00:00+07:00,appi,True
harian-losari.example,Makassar,2025-05-19,45,0.334,0.67,239,https://harian-losari.example/fixture/metrik/2025-05-19,,2026-09-09,2026-09-09T00:00:00+07:00,2026-09-09T00:00:00+07:00,appi,True
harian-losari.example,Makassar,2025-05-26,39,0.35,0.646,246,https://harian-losari.example/fixture/metrik/2025-05-26,,2026-09-09,2026-09-09T00:00:00+07:00,2026-09-09T00:00:00+07:00,appi,True
harian-losari.example,Makassar,2025-06-02,35,0.355,0.456,253,https://harian-losari.example/fixture/metrik/2025-06-02,,2026-09-09,2026-09-09T00:00:00+07:00,2026-09-09T00:00:00+07:00,appi,True
harian-losari.example,Makassar,2025-06-09,37,0.363,0.698,260,https://harian-losari.example/fixture/metrik/2025-06-09,,2026-09-09,2026-09-09T00:00:00+07:00,2026-09-09T00:00:00+07:00,appi,True
harian-losari.example,Makassar,2025-06-16,42,0.341,0.552,267,https://harian-losari.example/fixture/metrik/2025-06-16,,2026-09-09,2026-09-09T00:00:00+07:00,2026-09-09T00:00:00+07:00,appi,True
harian-losari.example,Makassar,2025-06-23,39,0.309,0.579,274,https://harian-losari.example/fixture/metrik/2025-06-23,,2026-09-09,2026-09-09T00:00:00+07:00,2026-09-09T00:00:00+07:00,appi,True
harian-losari.example,Makassar,2025-06-30,30,0.325,0.603,281,https://harian-losari.example/fixture/metrik/2025-06-30,,2026-09-09,2026-09-09T00:00:00+07:00,2026-09-09T00:00:00+07:00,appi,True
harian-losari.example,Makassar,2025-07-07,29,0.359,0.491,288,https://harian-losari.example/fixture/metrik/2025-07-07,,2026-09-09,2026-09-09T00:00:00+07:00,2026-09-09T00:00:00+07:00,appi,True
harian-losari.example,Makassar,2025-07-14,35,0.318,0.59,295,https://harian-losari.example/fixture/metrik/2025-07-14,,2026-09-09,2026-09-09T00:00:00+07:00,2026-09-09T00:00:00+07:00,appi,True
harian-losari.example,Makassar,2025-07-21,27,0.327,0.544,302,https://harian-losari.example/fixture/metrik/2025-07-21,,2026-09-09,2026-09-09T00:00:00+07:00,2026-09-09T00:00:00+07:00,appi,True
harian-losari.example,Makassar,2025-07-28,22,0.363,0.565,309,https://harian-losari.example/fixture/metrik/2025-07-28,,2026-09-09,2026-09-09T00:00:00+07:00,2026-09-09T00:00:00+07:00,appi,True
harian-losari.example,Makassar,2025-08-04,41,0.356,0.592,316,https://harian-losari.example/fixture/metrik/2025-08-04,,2026-09-09,2026-09-09T00:00:00+07:00,2026-09-09T00:00:00+07:00,appi,True
harian-losari.example,Makassar,2025-08-11,18,0.358,0.55,323,https://harian-losari.example/fixture/metrik/2025-08-11,,2026-09-09,2026-09-09T00:00:00+07:00,2026-09-09T00:00:00+07:00,appi,True
harian-losari.example,Makassar,2025-08-18,45,0.348,0.535,330,https://harian-losari.example/fixture/metrik/2025-08-18,,2026-09-09,2026-09-09T00:00:00+07:00,2026-09-09T00:00:00+07:00,appi,True
harian-losari.example,Makassar,2025-08-25,40,0.264,0.525,337,https://harian-losari.example/fixture/metrik/2025-08-25,,2026-09-09,2026-09-09T00:00:00+07:00,2026-09-09T00:00:00+07:00,appi,True
harian-losari.example,Makassar,2025-09-01,41,0.339,0.473,344,https://harian-losari.example/fixture/metrik/2025-09-01,,2026-09-09,2026-09-09T00:00:00+07:00,2026-09-09T00:00:00+07:00,appi,True
harian-losari.example,Makassar,2025-09-08,42,0.313,0.62,351,https://harian-losari.example/fixture/metrik/2025-09-08,,2026-09-09,2026-09-09T00:00:00+07:00,2026-09-09T00:00:00+07:00,appi,True
harian-losari.example,Makassar,2025-09-15,41,0.324,0.565,358,https://harian-losari.example/fixture/metrik/2025-09-15,,2026-09-09,2026-09-09T00:00:00+07:00,2026-09-09T00:00:00+07:00,appi,True
harian-losari.example,Makassar,2025-09-22,36,0.349,0.474,365,https://harian-losari.example/fixture/metrik/2025-09-22,,2026-09-09,2026-09-09T00:00:00+07:00,2026-09-09T00:00:00+07:00,appi,True
harian-losari.example,Makassar,2025-09-29,35,0.371,0.491,372,https://harian-losari.example/fixture/metrik/2025-09-29,,2026-09-09,2026-09-09T00:00:00+07:00,2026-09-09T00:00:00+07:00,appi,True
harian-losari.example,Makassar,2025-10-06,34,0.306,0.588,379,https://harian-losari.example/fixture/metrik/2025-10-06,,2026-09-09,2026-09-09T00:00:00+07:00,2026-09-09T00:00:00+07:00,appi,True
harian-losari.example,Makassar,2025-10-13,46,0.32,0.506,386,https://harian-losari.example/fixture/metrik/2025-10-13,,2026-09-09,2026-09-09T00:00:00+07:00,2026-09-09T00:00:00+07:00,appi,True
harian-losari.example,Makassar,2025-10-20,36,0.345,0.496,393,https://harian-losari.example/fixture/metrik/2025-10-20,,2026-09-09,2026-09-09T00:00:00+07:00,2026-09-09T00:00:00+07:00,appi,True
harian-losari.example,Makassar,2025-10-27,42,0.329,0.713,400,https://harian-losari.example/fixture/metrik/2025-10-27,,2026-09-09,2026-09-09T00:00:00+07:00,2026-09-09T00:00:00+07:00,appi,True
harian-losari.example,Makassar,2025-11-03,33,0.369,0.599,407,https://harian-losari.example/fixture/metrik/2025-11-03,,2026-09-09,2026-09-09T00:00:00+07:00,2026-09-09T00:00:00+07:00,appi,True
harian-losari.example,Makassar,2025-11-10,44,0.362,0.626,414,https://harian-losari.example/fixture/metrik/2025-11-10,,2026-09-09,2026-09-09T00:00:00+07:00,2026-09-09T00:00:00+07:00,appi,True
harian-losari.example,Makassar,2025-11-17,34,0.391,0.613,421,https://harian-losari.example/fixture/metrik/2025-11-17,,2026-09-09,2026-09-09T00:00:00+07:00,2026-09-09T00:00:00+07:00,appi,True
harian-losari.example,Makassar,2025-11-24,34,0.379,0.633,428,https://harian-losari.example/fixture/metrik/2025-11-24,,2026-09-09,2026-09-09T00:00:00+07:00,2026-09-09T00:00:00+07:00,appi,True
harian-losari.example,Makassar,2025-12-01,43,0.31,0.595,435,https://harian-losari.example/fixture/metrik/2025-12-01,,2026-09-09,2026-09-09T00:00:00+07:00,2026-09-09T00:00:00+07:00,appi,True
harian-losari.example,Makassar,2025-12-08,40,0.291,0.555,442,https://harian-losari.example/fixture/metrik/2025-12-08,,2026-09-09,2026-09-09T00:00:00+07:00,2026-09-09T00:00:00+07:00,appi,True
harian-losari.example,Makassar,2025-12-15,61,0.384,0.624,449,https://harian-losari.example/fixture/metrik/2025-12-15,,2026-09-09,2026-09-09T00:00:00+07:00,2026-09-09T00:00:00+07:00,appi,True
harian-losari.example,Makassar,2025-12-22,38,0.37,0.584,456,https://harian-losari.example/fixture/metrik/2025-12-22,,2026-09-09,2026-09-09T00:00:00+07:00,2026-09-09T00:00:00+07:00,appi,True
harian-losari.example,Makassar,2025-12-29,41,0.34,0.554,463,https://harian-losari.example/fixture/metrik/2025-12-29,,2026-09-09,2026-09-09T00:00:00+07:00,2026-09-09T00:00:00+07:00,appi,True
suara-tamalanrea.example,Makassar,2014-01-06,28,0.306,0.478,-1498,https://suara-tamalanrea.example/fixture/metrik/2014-01-06,,2026-09-09,2026-09-09T00:00:00+07:00,2026-09-09T00:00:00+07:00,ilham,True
suara-tamalanrea.example,Makassar,2014-01-13,34,0.267,0.506,-1491,https://suara-tamalanrea.example/fixture/metrik/2014-01-13,,2026-09-09,2026-09-09T00:00:00+07:00,2026-09-09T00:00:00+07:00,ilham,True
suara-tamalanrea.example,Makassar,2014-01-20,37,0.263,0.476,-1484,https://suara-tamalanrea.example/fixture/metrik/2014-01-20,,2026-09-09,2026-09-09T00:00:00+07:00,2026-09-09T00:00:00+07:00,ilham,True
suara-tamalanrea.example,Makassar,2014-01-27,44,0.256,0.482,-1477,https://suara-tamalanrea.example/fixture/metrik/2014-01-27,,2026-09-09,2026-09-09T00:00:00+07:00,2026-09-09T00:00:00+07:00,ilham,True
suara-tamalanrea.example,Makassar,2014-02-03,36,0.225,0.481,-1470,https://suara-tamalanrea.example/fixture/metrik/2014-02-03,,2026-09-09,2026-09-09T00:00:00+07:00,2026-09-09T00:00:00+07:00,ilham,True
suara-tamalanrea.example,Makassar,2014-02-10,29,0.347,0.486,-1463,https://suara-tamalanrea.example/fixture/metrik/2014-02-10,,2026-09-09,2026-09-09T00:00:00+07:00,2026-09-09T00:00:00+07:00,ilham,True
suara-tamalanrea.example,Makassar,2014-02-17,35,0.308,0.644,-1456,https://suara-tamalanrea.example/fixture/metrik/2014-02-17,,2026-09-09,2026-09-09T00:00:00+07:00,2026-09-09T00:00:00+07:00,ilham,True
suara-tamalanrea.example,Makassar,2014-02-24,49,0.308,0.507,-1449,https://suara-tamalanrea.example/fixture/metrik/2014-02-24,,2026-09-09,2026-09-09T00:00:00+07:00,2026-09-09T00:00:00+07:00,ilham,True
suara-tamalanrea.example,Makassar,2014-03-03,43,0.251,0.523,-1442,https://suara-tamalanrea.example/fixture/metrik/2014-03-03,,2026-09-09,2026-09-09T00:00:00+07:00,2026-09-09T00:00:00+07:00,ilham,True
suara-tamalanrea.example,Makassar,2014-03-10,33,0.327,0.522,-1435,https://suara-tamalanrea.example/fixture/metrik/2014-03-10,,2026-09-09,2026-09-09T00:00:00+07:00,2026-09-09T00:00:00+07:00,ilham,True
suara-tamalanrea.example,Makassar,2014-03-17,38,0.301,0.58,-1428,https://suara-tamalanrea.example/fixture/metrik/2014-03-17,,2026-09-09,2026-09-09T00:00:00+07:00,2026-09-09T00:00:00+07:00,ilham,True
suara-tamalanrea.example,Makassar,2014-03-24,34,0.357,0.436,-1421,https://suara-tamalanrea.example/fixture/metrik/2014-03-24,,2026-09-09,2026-09-09T00:00:00+07:00,2026-09-09T00:00:00+07:00,ilham,True
suara-tamalanrea.example,Makassar,2014-03-31,35,0.326,0.553,-1414,https://suara-tamalanrea.example/fixture/metrik/2014-03-31,,2026-09-09,2026-09-09T00:00:00+07:00,2026-09-09T00:00:00+07:00,ilham,True
suara-tamalanrea.example,Makassar,2014-04-07,32,0.284,0.451,-1407,https://suara-tamalanrea.example/fixture/metrik/2014-04-07,,2026-09-09,2026-09-09T00:00:00+07:00,2026-09-09T00:00:00+07:00,ilham,True
suara-tamalanrea.example,Makassar,2014-04-14,18,0.299,0.554,-1400,https://suara-tamalanrea.example/fixture/metrik/2014-04-14,,2026-09-09,2026-09-09T00:00:00+07:00,2026-09-09T00:00:00+07:00,ilham,True
suara-tamalanrea.example,Makassar,2014-04-21,38,0.299,0.464,-1393,https://suara-tamalanrea.example/fixture/metrik/2014-04-21,,2026-09-09,2026-09-09T00:00:00+07:00,2026-09-09T00:00:00+07:00,ilham,True
suara-tamalanrea.example,Makassar,2014-04-28,58,0.303,0.531,-1386,https://suara-tamalanrea.example/fixture/metrik/2014-04-28,,2026-09-09,2026-09-09T00:00:00+07:00,2026-09-09T00:00:00+07:00,ilham,True
suara-tamalanrea.example,Makassar,2014-05-05,41,0.304,0.566,-1379,https://suara-tamalanrea.example/fixture/metrik/2014-05-05,,2026-09-09,2026-09-09T00:00:00+07:00,2026-09-09T00:00:00+07:00,ilham,True
suara-tamalanrea.example,Makassar,2014-05-12,41,0.325,0.464,-1372,https://suara-tamalanrea.example/fixture/metrik/2014-05-12,,2026-09-09,2026-09-09T00:00:00+07:00,2026-09-09T00:00:00+07:00,danny1,True
suara-tamalanrea.example,Makassar,2014-05-19,38,0.338,0.454,-1365,https://suara-tamalanrea.example/fixture/metrik/2014-05-19,,2026-09-09,2026-09-09T00:00:00+07:00,2026-09-09T00:00:00+07:00,danny1,True
suara-tamalanrea.example,Makassar,2014-05-26,34,0.297,0.513,-1358,https://suara-tamalanrea.example/fixture/metrik/2014-05-26,,2026-09-09,2026-09-09T00:00:00+07:00,2026-09-09T00:00:00+07:00,danny1,True
suara-tamalanrea.example,Makassar,2014-06-02,37,0.396,0.511,-1351,https://suara-tamalanrea.example/fixture/metrik/2014-06-02,,2026-09-09,2026-09-09T00:00:00+07:00,2026-09-09T00:00:00+07:00,danny1,True
suara-tamalanrea.example,Makassar,2014-06-09,36,0.336,0.451,-1344,https://suara-tamalanrea.example/fixture/metrik/2014-06-09,,2026-09-09,2026-09-09T00:00:00+07:00,2026-09-09T00:00:00+07:00,danny1,True
suara-tamalanrea.example,Makassar,2014-06-16,22,0.343,0.586,-1337,https://suara-tamalanrea.example/fixture/metrik/2014-06-16,,2026-09-09,2026-09-09T00:00:00+07:00,2026-09-09T00:00:00+07:00,danny1,True
suara-tamalanrea.example,Makassar,2014-06-23,37,0.291,0.473,-1330,https://suara-tamalanrea.example/fixture/metrik/2014-06-23,,2026-09-09,2026-09-09T00:00:00+07:00,2026-09-09T00:00:00+07:00,danny1,True
suara-tamalanrea.example,Makassar,2014-06-30,39,0.313,0.545,-1323,https://suara-tamalanrea.example/fixture/metrik/2014-06-30,,2026-09-09,2026-09-09T00:00:00+07:00,2026-09-09T00:00:00+07:00,danny1,True
suara-tamalanrea.example,Makassar,2014-07-07,31,0.321,0.618,-1316,https://suara-tamalanrea.example/fixture/metrik/2014-07-07,,2026-09-09,2026-09-09T00:00:00+07:00,2026-09-09T00:00:00+07:00,danny1,True
suara-tamalanrea.example,Makassar,2014-07-14,27,0.372,0.472,-1309,https://suara-tamalanrea.example/fixture/metrik/2014-07-14,,2026-09-09,2026-09-09T00:00:00+07:00,2026-09-09T00:00:00+07:00,danny1,True
suara-tamalanrea.example,Makassar,2014-07-21,36,0.261,0.648,-1302,https://suara-tamalanrea.example/fixture/metrik/2014-07-21,,2026-09-09,2026-09-09T00:00:00+07:00,2026-09-09T00:00:00+07:00,danny1,True
suara-tamalanrea.example,Makassar,2014-07-28,39,0.268,0.586,-1295,https://suara-tamalanrea.example/fixture/metrik/2014-07-28,,2026-09-09,2026-09-09T00:00:00+07:00,2026-09-09T00:00:00+07:00,danny1,True
suara-tamalanrea.example,Makassar,2014-08-04,41,0.326,0.58,-1288,https://suara-tamalanrea.example/fixture/metrik/2014-08-04,,2026-09-09,2026-09-09T00:00:00+07:00,2026-09-09T00:00:00+07:00,danny1,True
suara-tamalanrea.example,Makassar,2014-08-11,25,0.302,0.54,-1281,https://suara-tamalanrea.example/fixture/metrik/2014-08-11,,2026-09-09,2026-09-09T00:00:00+07:00,2026-09-09T00:00:00+07:00,danny1,True
suara-tamalanrea.example,Makassar,2014-08-18,39,0.336,0.487,-1274,https://suara-tamalanrea.example/fixture/metrik/2014-08-18,,2026-09-09,2026-09-09T00:00:00+07:00,2026-09-09T00:00:00+07:00,danny1,True
suara-tamalanrea.example,Makassar,2014-08-25,43,0.293,0.539,-1267,https://suara-tamalanrea.example/fixture/metrik/2014-08-25,,2026-09-09,2026-09-09T00:00:00+07:00,2026-09-09T00:00:00+07:00,danny1,True
suara-tamalanrea.example,Makassar,2014-09-01,52,0.311,0.606,-1260,https://suara-tamalanrea.example/fixture/metrik/2014-09-01,,2026-09-09,2026-09-09T00:00:00+07:00,2026-09-09T00:00:00+07:00,danny1,True
suara-tamalanrea.example,Makassar,2014-09-08,31,0.29,0.497,-1253,https://suara-tamalanrea.example/fixture/metrik/2014-09-08,,2026-09-09,2026-09-09T00:00:00+07:00,2026-09-09T00:00:00+07:00,danny1,True
suara-tamalanrea.example,Makassar,2014-09-15,42,0.324,0.565,-1246,https://suara-tamalanrea.example/fixture/metrik/2014-09-15,,2026-09-09,2026-09-09T00:00:00+07:00,2026-09-09T00:00:00+07:00,danny1,True
suara-tamalanrea.example,Makassar,2014-09-22,42,0.362,0.475,-1239,https://suara-tamalanrea.example/fixture/metrik/2014-09-22,,2026-09-09,2026-09-09T00:00:00+07:00,2026-09-09T00:00:00+07:00,danny1,True
suara-tamalanrea.example,Makassar,2014-09-29,29,0.323,0.456,-1232,https://suara-tamalanrea.example/fixture/metrik/2014-09-29,,2026-09-09,2026-09-09T00:00:00+07:00,2026-09-09T00:00:00+07:00,danny1,True
suara-tamalanrea.example,Makassar,2014-10-06,33,0.329,0.548,-1225,https://suara-tamalanrea.example/fixture/metrik/2014-10-06,,2026-09-09,2026-09-09T00:00:00+07:00,2026-09-09T00:00:00+07:00,danny1,True
suara-tamalanrea.example,Makassar,2014-10-13,42,0.329,0.491,-1218,https://suara-tamalanrea.example/fixture/metrik/2014-10-13,,2026-09-09,2026-09-09T00:00:00+07:00,2026-09-09T00:00:00+07:00,danny1,True
suara-tamalanrea.example,Makassar,2014-10-20,44,0.34,0.534,-1211,https://suara-tamalanrea.example/fixture/metrik/2014-10-20,,2026-09-09,2026-09-09T00:00:00+07:00,2026-09-09T00:00:00+07:00,danny1,True
suara-tamalanrea.example,Makassar,2014-10-27,36,0.282,0.471,-1204,https://suara-tamalanrea.example/fixture/metrik/2014-10-27,,2026-09-09,2026-09-09T00:00:00+07:00,2026-09-09T00:00:00+07:00,danny1,True
suara-tamalanrea.example,Makassar,2014-11-03,33,0.344,0.605,-1197,https://suara-tamalanrea.example/fixture/metrik/2014-11-03,,2026-09-09,2026-09-09T00:00:00+07:00,2026-09-09T00:00:00+07:00,danny1,True
suara-tamalanrea.example,Makassar,2014-11-10,18,0.28,0.477,-1190,https://suara-tamalanrea.example/fixture/metrik/2014-11-10,,2026-09-09,2026-09-09T00:00:00+07:00,2026-09-09T00:00:00+07:00,danny1,True
suara-tamalanrea.example,Makassar,2014-11-17,45,0.284,0.455,-1183,https://suara-tamalanrea.example/fixture/metrik/2014-11-17,,2026-09-09,2026-09-09T00:00:00+07:00,2026-09-09T00:00:00+07:00,danny1,True
suara-tamalanrea.example,Makassar,2014-11-24,33,0.308,0.456,-1176,https://suara-tamalanrea.example/fixture/metrik/2014-11-24,,2026-09-09,2026-09-09T00:00:00+07:00,2026-09-09T00:00:00+07:00,danny1,True
suara-tamalanrea.example,Makassar,2014-12-01,33,0.37,0.487,-1169,https://suara-tamalanrea.example/fixture/metrik/2014-12-01,,2026-09-09,2026-09-09T00:00:00+07:00,2026-09-09T00:00:00+07:00,danny1,True
suara-tamalanrea.example,Makassar,2014-12-08,34,0.327,0.575,-1162,https://suara-tamalanrea.example/fixture/metrik/2014-12-08,,2026-09-09,2026-09-09T00:00:00+07:00,2026-09-09T00:00:00+07:00,danny1,True
suara-tamalanrea.example,Makassar,2014-12-15,43,0.321,0.572,-1155,https://suara-tamalanrea.example/fixture/metrik/2014-12-15,,2026-09-09,2026-09-09T00:00:00+07:00,2026-09-09T00:00:00+07:00,danny1,True
suara-tamalanrea.example,Makassar,2014-12-22,30,0.359,0.482,-1148,https://suara-tamalanrea.example/fixture/metrik/2014-12-22,,2026-09-09,2026-09-09T00:00:00+07:00,2026-09-09T00:00:00+07:00,danny1,True
suara-tamalanrea.example,Makassar,2014-12-29,48,0.357,0.547,-1141,https://suara-tamalanrea.example/fixture/metrik/2014-12-29,,2026-09-09,2026-09-09T00:00:00+07:00,2026-09-09T00:00:00+07:00,danny1,True
suara-tamalanrea.example,Makassar,2015-01-05,43,0.316,0.573,-1134,https://suara-tamalanrea.example/fixture/metrik/2015-01-05,,2026-09-09,2026-09-09T00:00:00+07:00,2026-09-09T00:00:00+07:00,danny1,True
suara-tamalanrea.example,Makassar,2015-01-12,33,0.298,0.606,-1127,https://suara-tamalanrea.example/fixture/metrik/2015-01-12,,2026-09-09,2026-09-09T00:00:00+07:00,2026-09-09T00:00:00+07:00,danny1,True
suara-tamalanrea.example,Makassar,2015-01-19,39,0.301,0.506,-1120,https://suara-tamalanrea.example/fixture/metrik/2015-01-19,,2026-09-09,2026-09-09T00:00:00+07:00,2026-09-09T00:00:00+07:00,danny1,True
suara-tamalanrea.example,Makassar,2015-01-26,35,0.383,0.552,-1113,https://suara-tamalanrea.example/fixture/metrik/2015-01-26,,2026-09-09,2026-09-09T00:00:00+07:00,2026-09-09T00:00:00+07:00,danny1,True
suara-tamalanrea.example,Makassar,2015-02-02,40,0.383,0.571,-1106,https://suara-tamalanrea.example/fixture/metrik/2015-02-02,,2026-09-09,2026-09-09T00:00:00+07:00,2026-09-09T00:00:00+07:00,danny1,True
suara-tamalanrea.example,Makassar,2015-02-09,26,0.302,0.542,-1099,https://suara-tamalanrea.example/fixture/metrik/2015-02-09,,2026-09-09,2026-09-09T00:00:00+07:00,2026-09-09T00:00:00+07:00,danny1,True
suara-tamalanrea.example,Makassar,2015-02-16,29,0.346,0.554,-1092,https://suara-tamalanrea.example/fixture/metrik/2015-02-16,,2026-09-09,2026-09-09T00:00:00+07:00,2026-09-09T00:00:00+07:00,danny1,True
suara-tamalanrea.example,Makassar,2015-02-23,40,0.315,0.424,-1085,https://suara-tamalanrea.example/fixture/metrik/2015-02-23,,2026-09-09,2026-09-09T00:00:00+07:00,2026-09-09T00:00:00+07:00,danny1,True
suara-tamalanrea.example,Makassar,2015-03-02,52,0.254,0.554,-1078,https://suara-tamalanrea.example/fixture/metrik/2015-03-02,,2026-09-09,2026-09-09T00:00:00+07:00,2026-09-09T00:00:00+07:00,danny1,True
suara-tamalanrea.example,Makassar,2015-03-09,42,0.348,0.467,-1071,https://suara-tamalanrea.example/fixture/metrik/2015-03-09,,2026-09-09,2026-09-09T00:00:00+07:00,2026-09-09T00:00:00+07:00,danny1,True
suara-tamalanrea.example,Makassar,2015-03-16,38,0.332,0.581,-1064,https://suara-tamalanrea.example/fixture/metrik/2015-03-16,,2026-09-09,2026-09-09T00:00:00+07:00,2026-09-09T00:00:00+07:00,danny1,True
suara-tamalanrea.example,Makassar,2015-03-23,36,0.33,0.445,-1057,https://suara-tamalanrea.example/fixture/metrik/2015-03-23,,2026-09-09,2026-09-09T00:00:00+07:00,2026-09-09T00:00:00+07:00,danny1,True
suara-tamalanrea.example,Makassar,2015-03-30,39,0.326,0.51,-1050,https://suara-tamalanrea.example/fixture/metrik/2015-03-30,,2026-09-09,2026-09-09T00:00:00+07:00,2026-09-09T00:00:00+07:00,danny1,True
suara-tamalanrea.example,Makassar,2015-04-06,43,0.381,0.565,-1043,https://suara-tamalanrea.example/fixture/metrik/2015-04-06,,2026-09-09,2026-09-09T00:00:00+07:00,2026-09-09T00:00:00+07:00,danny1,True
suara-tamalanrea.example,Makassar,2015-04-13,35,0.319,0.529,-1036,https://suara-tamalanrea.example/fixture/metrik/2015-04-13,,2026-09-09,2026-09-09T00:00:00+07:00,2026-09-09T00:00:00+07:00,danny1,True
suara-tamalanrea.example,Makassar,2015-04-20,47,0.345,0.435,-1029,https://suara-tamalanrea.example/fixture/metrik/2015-04-20,,2026-09-09,2026-09-09T00:00:00+07:00,2026-09-09T00:00:00+07:00,danny1,True
suara-tamalanrea.example,Makassar,2015-04-27,38,0.32,0.533,-1022,https://suara-tamalanrea.example/fixture/metrik/2015-04-27,,2026-09-09,2026-09-09T00:00:00+07:00,2026-09-09T00:00:00+07:00,danny1,True
suara-tamalanrea.example,Makassar,2015-05-04,31,0.317,0.503,-1015,https://suara-tamalanrea.example/fixture/metrik/2015-05-04,,2026-09-09,2026-09-09T00:00:00+07:00,2026-09-09T00:00:00+07:00,danny1,True
suara-tamalanrea.example,Makassar,2015-05-11,31,0.285,0.532,-1008,https://suara-tamalanrea.example/fixture/metrik/2015-05-11,,2026-09-09,2026-09-09T00:00:00+07:00,2026-09-09T00:00:00+07:00,danny1,True
suara-tamalanrea.example,Makassar,2015-05-18,38,0.288,0.572,-1001,https://suara-tamalanrea.example/fixture/metrik/2015-05-18,,2026-09-09,2026-09-09T00:00:00+07:00,2026-09-09T00:00:00+07:00,danny1,True
suara-tamalanrea.example,Makassar,2015-05-25,32,0.354,0.604,-994,https://suara-tamalanrea.example/fixture/metrik/2015-05-25,,2026-09-09,2026-09-09T00:00:00+07:00,2026-09-09T00:00:00+07:00,danny1,True
suara-tamalanrea.example,Makassar,2015-06-01,27,0.373,0.61,-987,https://suara-tamalanrea.example/fixture/metrik/2015-06-01,,2026-09-09,2026-09-09T00:00:00+07:00,2026-09-09T00:00:00+07:00,danny1,True
suara-tamalanrea.example,Makassar,2015-06-08,38,0.358,0.489,-980,https://suara-tamalanrea.example/fixture/metrik/2015-06-08,,2026-09-09,2026-09-09T00:00:00+07:00,2026-09-09T00:00:00+07:00,danny1,True
suara-tamalanrea.example,Makassar,2015-06-15,39,0.365,0.491,-973,https://suara-tamalanrea.example/fixture/metrik/2015-06-15,,2026-09-09,2026-09-09T00:00:00+07:00,2026-09-09T00:00:00+07:00,danny1,True
suara-tamalanrea.example,Makassar,2015-06-22,34,0.274,0.514,-966,https://suara-tamalanrea.example/fixture/metrik/2015-06-22,,2026-09-09,2026-09-09T00:00:00+07:00,2026-09-09T00:00:00+07:00,danny1,True
suara-tamalanrea.example,Makassar,2015-06-29,46,0.279,0.589,-959,https://suara-tamalanrea.example/fixture/metrik/2015-06-29,,2026-09-09,2026-09-09T00:00:00+07:00,2026-09-09T00:00:00+07:00,danny1,True
suara-tamalanrea.example,Makassar,2015-07-06,38,0.283,0.538,-952,https://suara-tamalanrea.example/fixture/metrik/2015-07-06,,2026-09-09,2026-09-09T00:00:00+07:00,2026-09-09T00:00:00+07:00,danny1,True
suara-tamalanrea.example,Makassar,2015-07-13,31,0.281,0.488,-945,https://suara-tamalanrea.example/fixture/metrik/2015-07-13,,2026-09-09,2026-09-09T00:00:00+07:00,2026-09-09T00:00:00+07:00,danny1,True
suara-tamalanrea.example,Makassar,2015-07-20,39,0.379,0.452,-938,https://suara-tamalanrea.example/fixture/metrik/2015-07-20,,2026-09-09,2026-09-09T00:00:00+07:00,2026-09-09T00:00:00+07:00,danny1,True
suara-tamalanrea.example,Makassar,2015-07-27,42,0.337,0.486,-931,https://suara-tamalanrea.example/fixture/metrik/2015-07-27,,2026-09-09,2026-09-09T00:00:00+07:00,2026-09-09T00:00:00+07:00,danny1,True
suara-tamalanrea.example,Makassar,2015-08-03,33,0.27,0.504,-924,https://suara-tamalanrea.example/fixture/metrik/2015-08-03,,2026-09-09,2026-09-09T00:00:00+07:00,2026-09-09T00:00:00+07:00,danny1,True
suara-tamalanrea.example,Makassar,2015-08-10,24,0.277,0.451,-917,https://suara-tamalanrea.example/fixture/metrik/2015-08-10,,2026-09-09,2026-09-09T00:00:00+07:00,2026-09-09T00:00:00+07:00,danny1,True
suara-tamalanrea.example,Makassar,2015-08-17,31,0.307,0.588,-910,https://suara-tamalanrea.example/fixture/metrik/2015-08-17,,2026-09-09,2026-09-09T00:00:00+07:00,2026-09-09T00:00:00+07:00,danny1,True
suara-tamalanrea.example,Makassar,2015-08-24,47,0.283,0.549,-903,https://suara-tamalanrea.example/fixture/metrik/2015-08-24,,2026-09-09,2026-09-09T00:00:00+07:00,2026-09-09T00:00:00+07:00,danny1,True
suara-tamalanrea.example,Makassar,2015-08-31,49,0.331,0.487,-896,https://suara-tamalanrea.example/fixture/metrik/2015-08-31,,2026-09-09,2026-09-09T00:00:00+07:00,2026-09-09T00:00:00+07:00,danny1,True
suara-tamalanrea.example,Makassar,2015-09-07,37,0.285,0.528,-889,https://suara-tamalanrea.example/fixture/metrik/2015-09-07,,2026-09-09,2026-09-09T00:00:00+07:00,2026-09-09T00:00:00+07:00,danny1,True
suara-tamalanrea.example,Makassar,2015-09-14,37,0.327,0.466,-882,https://suara-tamalanrea.example/fixture/metrik/2015-09-14,,2026-09-09,2026-09-09T00:00:00+07:00,2026-09-09T00:00:00+07:00,danny1,True
suara-tamalanrea.example,Makassar,2015-09-21,40,0.318,0.464,-875,https://suara-tamalanrea.example/fixture/metrik/2015-09-21,,2026-09-09,2026-09-09T00:00:00+07:00,2026-09-09T00:00:00+07:00,danny1,True
suara-tamalanrea.example,Makassar,2015-09-28,31,0.421,0.532,-868,https://suara-tamalanrea.example/fixture/metrik/2015-09-28,,2026-09-09,2026-09-09T00:00:00+07:00,2026-09-09T00:00:00+07:00,danny1,True
suara-tamalanrea.example,Makassar,2015-10-05,43,0.309,0.537,-861,https://suara-tamalanrea.example/fixture/metrik/2015-10-05,,2026-09-09,2026-09-09T00:00:00+07:00,2026-09-09T00:00:00+07:00,danny1,True
suara-tamalanrea.example,Makassar,2015-10-12,35,0.371,0.53,-854,https://suara-tamalanrea.example/fixture/metrik/2015-10-12,,2026-09-09,2026-09-09T00:00:00+07:00,2026-09-09T00:00:00+07:00,danny1,True
suara-tamalanrea.example,Makassar,2015-10-19,40,0.246,0.539,-847,https://suara-tamalanrea.example/fixture/metrik/2015-10-19,,2026-09-09,2026-09-09T00:00:00+07:00,2026-09-09T00:00:00+07:00,danny1,True
suara-tamalanrea.example,Makassar,2015-10-26,43,0.301,0.601,-840,https://suara-tamalanrea.example/fixture/metrik/2015-10-26,,2026-09-09,2026-09-09T00:00:00+07:00,2026-09-09T00:00:00+07:00,danny1,True
suara-tamalanrea.example,Makassar,2015-11-02,37,0.286,0.507,-833,https://suara-tamalanrea.example/fixture/metrik/2015-11-02,,2026-09-09,2026-09-09T00:00:00+07:00,2026-09-09T00:00:00+07:00,danny1,True
suara-tamalanrea.example,Makassar,2015-11-09,40,0.261,0.582,-826,https://suara-tamalanrea.example/fixture/metrik/2015-11-09,,2026-09-09,2026-09-09T00:00:00+07:00,2026-09-09T00:00:00+07:00,danny1,True
suara-tamalanrea.example,Makassar,2015-11-16,54,0.338,0.583,-819,https://suara-tamalanrea.example/fixture/metrik/2015-11-16,,2026-09-09,2026-09-09T00:00:00+07:00,2026-09-09T00:00:00+07:00,danny1,True
suara-tamalanrea.example,Makassar,2015-11-23,51,0.336,0.512,-812,https://suara-tamalanrea.example/fixture/metrik/2015-11-23,,2026-09-09,2026-09-09T00:00:00+07:00,2026-09-09T00:00:00+07:00,danny1,True
suara-tamalanrea.example,Makassar,2015-11-30,41,0.314,0.482,-805,https://suara-tamalanrea.example/fixture/metrik/2015-11-30,,2026-09-09,2026-09-09T00:00:00+07:00,2026-09-09T00:00:00+07:00,danny1,True
suara-tamalanrea.example,Makassar,2015-12-07,27,0.346,0.567,-798,https://suara-tamalanrea.example/fixture/metrik/2015-12-07,,2026-09-09,2026-09-09T00:00:00+07:00,2026-09-09T00:00:00+07:00,danny1,True
suara-tamalanrea.example,Makassar,2015-12-14,42,0.27,0.518,-791,https://suara-tamalanrea.example/fixture/metrik/2015-12-14,,2026-09-09,2026-09-09T00:00:00+07:00,2026-09-09T00:00:00+07:00,danny1,True
suara-tamalanrea.example,Makassar,2015-12-21,49,0.33,0.461,-784,https://suara-tamalanrea.example/fixture/metrik/2015-12-21,,2026-09-09,2026-09-09T00:00:00+07:00,2026-09-09T00:00:00+07:00,danny1,True
suara-tamalanrea.example,Makassar,2015-12-28,32,0.306,0.544,-777,https://suara-tamalanrea.example/fixture/metrik/2015-12-28,,2026-09-09,2026-09-09T00:00:00+07:00,2026-09-09T00:00:00+07:00,danny1,True
suara-tamalanrea.example,Makassar,2016-01-04,50,0.367,0.485,-770,https://suara-tamalanrea.example/fixture/metrik/2016-01-04,,2026-09-09,2026-09-09T00:00:00+07:00,2026-09-09T00:00:00+07:00,danny1,True
suara-tamalanrea.example,Makassar,2016-01-11,35,0.303,0.483,-763,https://suara-tamalanrea.example/fixture/metrik/2016-01-11,,2026-09-09,2026-09-09T00:00:00+07:00,2026-09-09T00:00:00+07:00,danny1,True
suara-tamalanrea.example,Makassar,2016-01-18,34,0.29,0.488,-756,https://suara-tamalanrea.example/fixture/metrik/2016-01-18,,2026-09-09,2026-09-09T00:00:00+07:00,2026-09-09T00:00:00+07:00,danny1,True
suara-tamalanrea.example,Makassar,2016-01-25,37,0.36,0.522,-749,https://suara-tamalanrea.example/fixture/metrik/2016-01-25,,2026-09-09,2026-09-09T00:00:00+07:00,2026-09-09T00:00:00+07:00,danny1,True
suara-tamalanrea.example,Makassar,2016-02-01,33,0.353,0.566,-742,https://suara-tamalanrea.example/fixture/metrik/2016-02-01,,2026-09-09,2026-09-09T00:00:00+07:00,2026-09-09T00:00:00+07:00,danny1,True
suara-tamalanrea.example,Makassar,2016-02-08,36,0.36,0.585,-735,https://suara-tamalanrea.example/fixture/metrik/2016-02-08,,2026-09-09,2026-09-09T00:00:00+07:00,2026-09-09T00:00:00+07:00,danny1,True
suara-tamalanrea.example,Makassar,2016-02-15,33,0.358,0.452,-728,https://suara-tamalanrea.example/fixture/metrik/2016-02-15,,2026-09-09,2026-09-09T00:00:00+07:00,2026-09-09T00:00:00+07:00,danny1,True
suara-tamalanrea.example,Makassar,2016-02-22,44,0.269,0.54,-721,https://suara-tamalanrea.example/fixture/metrik/2016-02-22,,2026-09-09,2026-09-09T00:00:00+07:00,2026-09-09T00:00:00+07:00,danny1,True
suara-tamalanrea.example,Makassar,2016-02-29,35,0.292,0.477,-714,https://suara-tamalanrea.example/fixture/metrik/2016-02-29,,2026-09-09,2026-09-09T00:00:00+07:00,2026-09-09T00:00:00+07:00,danny1,True
suara-tamalanrea.example,Makassar,2016-03-07,31,0.306,0.476,-707,https://suara-tamalanrea.example/fixture/metrik/2016-03-07,,2026-09-09,2026-09-09T00:00:00+07:00,2026-09-09T00:00:00+07:00,danny1,True
suara-tamalanrea.example,Makassar,2016-03-14,30,0.351,0.537,-700,https://suara-tamalanrea.example/fixture/metrik/2016-03-14,,2026-09-09,2026-09-09T00:00:00+07:00,2026-09-09T00:00:00+07:00,danny1,True
suara-tamalanrea.example,Makassar,2016-03-21,57,0.386,0.538,-693,https://suara-tamalanrea.example/fixture/metrik/2016-03-21,,2026-09-09,2026-09-09T00:00:00+07:00,2026-09-09T00:00:00+07:00,danny1,True
suara-tamalanrea.example,Makassar,2016-03-28,29,0.282,0.5,-686,https://suara-tamalanrea.example/fixture/metrik/2016-03-28,,2026-09-09,2026-09-09T00:00:00+07:00,2026-09-09T00:00:00+07:00,danny1,True
suara-tamalanrea.example,Makassar,2016-04-04,43,0.333,0.541,-679,https://suara-tamalanrea.example/fixture/metrik/2016-04-04,,2026-09-09,2026-09-09T00:00:00+07:00,2026-09-09T00:00:00+07:00,danny1,True
suara-tamalanrea.example,Makassar,2016-04-11,51,0.291,0.501,-672,https://suara-tamalanrea.example/fixture/metrik/2016-04-11,,2026-09-09,2026-09-09T00:00:00+07:00,2026-09-09T00:00:00+07:00,danny1,True
suara-tamalanrea.example,Makassar,2016-04-18,32,0.357,0.524,-665,https://suara-tamalanrea.example/fixture/metrik/2016-04-18,,2026-09-09,2026-09-09T00:00:00+07:00,2026-09-09T00:00:00+07:00,danny1,True
suara-tamalanrea.example,Makassar,2016-04-25,36,0.352,0.465,-658,https://suara-tamalanrea.example/fixture/metrik/2016-04-25,,2026-09-09,2026-09-09T00:00:00+07:00,2026-09-09T00:00:00+07:00,danny1,True
suara-tamalanrea.example,Makassar,2016-05-02,24,0.268,0.482,-651,https://suara-tamalanrea.example/fixture/metrik/2016-05-02,,2026-09-09,2026-09-09T00:00:00+07:00,2026-09-09T00:00:00+07:00,danny1,True
suara-tamalanrea.example,Makassar,2016-05-09,36,0.305,0.617,-644,https://suara-tamalanrea.example/fixture/metrik/2016-05-09,,2026-09-09,2026-09-09T00:00:00+07:00,2026-09-09T00:00:00+07:00,danny1,True
suara-tamalanrea.example,Makassar,2016-05-16,34,0.281,0.419,-637,https://suara-tamalanrea.example/fixture/metrik/2016-05-16,,2026-09-09,2026-09-09T00:00:00+07:00,2026-09-09T00:00:00+07:00,danny1,True
suara-tamalanrea.example,Makassar,2016-05-23,52,0.37,0.545,-630,https://suara-tamalanrea.example/fixture/metrik/2016-05-23,,2026-09-09,2026-09-09T00:00:00+07:00,2026-09-09T00:00:00+07:00,danny1,True
suara-tamalanrea.example,Makassar,2016-05-30,53,0.278,0.526,-623,https://suara-tamalanrea.example/fixture/metrik/2016-05-30,,2026-09-09,2026-09-09T00:00:00+07:00,2026-09-09T00:00:00+07:00,danny1,True
suara-tamalanrea.example,Makassar,2016-06-06,32,0.338,0.573,-616,https://suara-tamalanrea.example/fixture/metrik/2016-06-06,,2026-09-09,2026-09-09T00:00:00+07:00,2026-09-09T00:00:00+07:00,danny1,True
suara-tamalanrea.example,Makassar,2016-06-13,39,0.283,0.522,-609,https://suara-tamalanrea.example/fixture/metrik/2016-06-13,,2026-09-09,2026-09-09T00:00:00+07:00,2026-09-09T00:00:00+07:00,danny1,True
suara-tamalanrea.example,Makassar,2016-06-20,52,0.311,0.643,-602,https://suara-tamalanrea.example/fixture/metrik/2016-06-20,,2026-09-09,2026-09-09T00:00:00+07:00,2026-09-09T00:00:00+07:00,danny1,True
suara-tamalanrea.example,Makassar,2016-06-27,34,0.305,0.533,-595,https://suara-tamalanrea.example/fixture/metrik/2016-06-27,,2026-09-09,2026-09-09T00:00:00+07:00,2026-09-09T00:00:00+07:00,danny1,True
suara-tamalanrea.example,Makassar,2016-07-04,48,0.287,0.423,-588,https://suara-tamalanrea.example/fixture/metrik/2016-07-04,,2026-09-09,2026-09-09T00:00:00+07:00,2026-09-09T00:00:00+07:00,danny1,True
suara-tamalanrea.example,Makassar,2016-07-11,38,0.352,0.509,-581,https://suara-tamalanrea.example/fixture/metrik/2016-07-11,,2026-09-09,2026-09-09T00:00:00+07:00,2026-09-09T00:00:00+07:00,danny1,True
suara-tamalanrea.example,Makassar,2016-07-18,38,0.357,0.565,-574,https://suara-tamalanrea.example/fixture/metrik/2016-07-18,,2026-09-09,2026-09-09T00:00:00+07:00,2026-09-09T00:00:00+07:00,danny1,True
suara-tamalanrea.example,Makassar,2016-07-25,48,0.383,0.541,-567,https://suara-tamalanrea.example/fixture/metrik/2016-07-25,,2026-09-09,2026-09-09T00:00:00+07:00,2026-09-09T00:00:00+07:00,danny1,True
suara-tamalanrea.example,Makassar,2016-08-01,25,0.298,0.46,-560,https://suara-tamalanrea.example/fixture/metrik/2016-08-01,,2026-09-09,2026-09-09T00:00:00+07:00,2026-09-09T00:00:00+07:00,danny1,True
suara-tamalanrea.example,Makassar,2016-08-08,43,0.34,0.573,-553,https://suara-tamalanrea.example/fixture/metrik/2016-08-08,,2026-09-09,2026-09-09T00:00:00+07:00,2026-09-09T00:00:00+07:00,danny1,True
suara-tamalanrea.example,Makassar,2016-08-15,36,0.349,0.523,-546,https://suara-tamalanrea.example/fixture/metrik/2016-08-15,,2026-09-09,2026-09-09T00:00:00+07:00,2026-09-09T00:00:00+07:00,danny1,True
suara-tamalanrea.example,Makassar,2016-08-22,25,0.297,0.563,-539,https://suara-tamalanrea.example/fixture/metrik/2016-08-22,,2026-09-09,2026-09-09T00:00:00+07:00,2026-09-09T00:00:00+07:00,danny1,True
suara-tamalanrea.example,Makassar,2016-08-29,36,0.369,0.538,-532,https://suara-tamalanrea.example/fixture/metrik/2016-08-29,,2026-09-09,2026-09-09T00:00:00+07:00,2026-09-09T00:00:00+07:00,danny1,True
suara-tamalanrea.example,Makassar,2016-09-05,29,0.309,0.549,-525,https://suara-tamalanrea.example/fixture/metrik/2016-09-05,,2026-09-09,2026-09-09T00:00:00+07:00,2026-09-09T00:00:00+07:00,danny1,True
suara-tamalanrea.example,Makassar,2016-09-12,33,0.336,0.637,-518,https://suara-tamalanrea.example/fixture/metrik/2016-09-12,,2026-09-09,2026-09-09T00:00:00+07:00,2026-09-09T00:00:00+07:00,danny1,True
suara-tamalanrea.example,Makassar,2016-09-19,39,0.354,0.569,-511,https://suara-tamalanrea.example/fixture/metrik/2016-09-19,,2026-09-09,2026-09-09T00:00:00+07:00,2026-09-09T00:00:00+07:00,danny1,True
suara-tamalanrea.example,Makassar,2016-09-26,42,0.31,0.492,-504,https://suara-tamalanrea.example/fixture/metrik/2016-09-26,,2026-09-09,2026-09-09T00:00:00+07:00,2026-09-09T00:00:00+07:00,danny1,True
suara-tamalanrea.example,Makassar,2016-10-03,37,0.363,0.518,-497,https://suara-tamalanrea.example/fixture/metrik/2016-10-03,,2026-09-09,2026-09-09T00:00:00+07:00,2026-09-09T00:00:00+07:00,danny1,True
suara-tamalanrea.example,Makassar,2016-10-10,39,0.319,0.434,-490,https://suara-tamalanrea.example/fixture/metrik/2016-10-10,,2026-09-09,2026-09-09T00:00:00+07:00,2026-09-09T00:00:00+07:00,danny1,True
suara-tamalanrea.example,Makassar,2016-10-17,41,0.332,0.506,-483,https://suara-tamalanrea.example/fixture/metrik/2016-10-17,,2026-09-09,2026-09-09T00:00:00+07:00,2026-09-09T00:00:00+07:00,danny1,True
suara-tamalanrea.example,Makassar,2016-10-24,47,0.369,0.491,-476,https://suara-tamalanrea.example/fixture/metrik/2016-10-24,,2026-09-09,2026-09-09T00:00:00+07:00,2026-09-09T00:00:00+07:00,danny1,True
suara-tamalanrea.example,Makassar,2016-10-31,31,0.252,0.569,-469,https://suara-tamalanrea.example/fixture/metrik/2016-10-31,,2026-09-09,2026-09-09T00:00:00+07:00,2026-09-09T00:00:00+07:00,danny1,True
suara-tamalanrea.example,Makassar,2016-11-07,31,0.272,0.452,-462,https://suara-tamalanrea.example/fixture/metrik/2016-11-07,,2026-09-09,2026-09-09T00:00:00+07:00,2026-09-09T00:00:00+07:00,danny1,True
suara-tamalanrea.example,Makassar,2016-11-14,31,0.376,0.532,-455,https://suara-tamalanrea.example/fixture/metrik/2016-11-14,,2026-09-09,2026-09-09T00:00:00+07:00,2026-09-09T00:00:00+07:00,danny1,True
suara-tamalanrea.example,Makassar,2016-11-21,42,0.367,0.575,-448,https://suara-tamalanrea.example/fixture/metrik/2016-11-21,,2026-09-09,2026-09-09T00:00:00+07:00,2026-09-09T00:00:00+07:00,danny1,True
suara-tamalanrea.example,Makassar,2016-11-28,24,0.352,0.543,-441,https://suara-tamalanrea.example/fixture/metrik/2016-11-28,,2026-09-09,2026-09-09T00:00:00+07:00,2026-09-09T00:00:00+07:00,danny1,True
suara-tamalanrea.example,Makassar,2016-12-05,36,0.329,0.544,-434,https://suara-tamalanrea.example/fixture/metrik/2016-12-05,,2026-09-09,2026-09-09T00:00:00+07:00,2026-09-09T00:00:00+07:00,danny1,True
suara-tamalanrea.example,Makassar,2016-12-12,32,0.277,0.548,-427,https://suara-tamalanrea.example/fixture/metrik/2016-12-12,,2026-09-09,2026-09-09T00:00:00+07:00,2026-09-09T00:00:00+07:00,danny1,True
suara-tamalanrea.example,Makassar,2016-12-19,34,0.415,0.474,-420,https://suara-tamalanrea.example/fixture/metrik/2016-12-19,,2026-09-09,2026-09-09T00:00:00+07:00,2026-09-09T00:00:00+07:00,danny1,True
suara-tamalanrea.example,Makassar,2016-12-26,28,0.344,0.461,-413,https://suara-tamalanrea.example/fixture/metrik/2016-12-26,,2026-09-09,2026-09-09T00:00:00+07:00,2026-09-09T00:00:00+07:00,danny1,True
suara-tamalanrea.example,Makassar,2017-01-02,19,0.298,0.507,-406,https://suara-tamalanrea.example/fixture/metrik/2017-01-02,,2026-09-09,2026-09-09T00:00:00+07:00,2026-09-09T00:00:00+07:00,danny1,True
suara-tamalanrea.example,Makassar,2017-01-09,41,0.26,0.565,-399,https://suara-tamalanrea.example/fixture/metrik/2017-01-09,,2026-09-09,2026-09-09T00:00:00+07:00,2026-09-09T00:00:00+07:00,danny1,True
suara-tamalanrea.example,Makassar,2017-01-16,41,0.259,0.485,-392,https://suara-tamalanrea.example/fixture/metrik/2017-01-16,,2026-09-09,2026-09-09T00:00:00+07:00,2026-09-09T00:00:00+07:00,danny1,True
suara-tamalanrea.example,Makassar,2017-01-23,45,0.327,0.545,-385,https://suara-tamalanrea.example/fixture/metrik/2017-01-23,,2026-09-09,2026-09-09T00:00:00+07:00,2026-09-09T00:00:00+07:00,danny1,True
suara-tamalanrea.example,Makassar,2017-01-30,48,0.301,0.495,-378,https://suara-tamalanrea.example/fixture/metrik/2017-01-30,,2026-09-09,2026-09-09T00:00:00+07:00,2026-09-09T00:00:00+07:00,danny1,True
suara-tamalanrea.example,Makassar,2017-02-06,37,0.267,0.478,-371,https://suara-tamalanrea.example/fixture/metrik/2017-02-06,,2026-09-09,2026-09-09T00:00:00+07:00,2026-09-09T00:00:00+07:00,danny1,True
suara-tamalanrea.example,Makassar,2017-02-13,35,0.25,0.441,-364,https://suara-tamalanrea.example/fixture/metrik/2017-02-13,,2026-09-09,2026-09-09T00:00:00+07:00,2026-09-09T00:00:00+07:00,danny1,True
suara-tamalanrea.example,Makassar,2017-02-20,32,0.335,0.477,-357,https://suara-tamalanrea.example/fixture/metrik/2017-02-20,,2026-09-09,2026-09-09T00:00:00+07:00,2026-09-09T00:00:00+07:00,danny1,True
suara-tamalanrea.example,Makassar,2017-02-27,39,0.266,0.565,-350,https://suara-tamalanrea.example/fixture/metrik/2017-02-27,,2026-09-09,2026-09-09T00:00:00+07:00,2026-09-09T00:00:00+07:00,danny1,True
suara-tamalanrea.example,Makassar,2017-03-06,35,0.341,0.533,-343,https://suara-tamalanrea.example/fixture/metrik/2017-03-06,,2026-09-09,2026-09-09T00:00:00+07:00,2026-09-09T00:00:00+07:00,danny1,True
suara-tamalanrea.example,Makassar,2017-03-13,52,0.357,0.482,-336,https://suara-tamalanrea.example/fixture/metrik/2017-03-13,,2026-09-09,2026-09-09T00:00:00+07:00,2026-09-09T00:00:00+07:00,danny1,True
suara-tamalanrea.example,Makassar,2017-03-20,36,0.334,0.45,-329,https://suara-tamalanrea.example/fixture/metrik/2017-03-20,,2026-09-09,2026-09-09T00:00:00+07:00,2026-09-09T00:00:00+07:00,danny1,True
suara-tamalanrea.example,Makassar,2017-03-27,28,0.32,0.576,-322,https://suara-tamalanrea.example/fixture/metrik/2017-03-27,,2026-09-09,2026-09-09T00:00:00+07:00,2026-09-09T00:00:00+07:00,danny1,True
suara-tamalanrea.example,Makassar,2017-04-03,40,0.354,0.567,-315,https://suara-tamalanrea.example/fixture/metrik/2017-04-03,,2026-09-09,2026-09-09T00:00:00+07:00,2026-09-09T00:00:00+07:00,danny1,True
suara-tamalanrea.example,Makassar,2017-04-10,42,0.28,0.502,-308,https://suara-tamalanrea.example/fixture/metrik/2017-04-10,,2026-09-09,2026-09-09T00:00:00+07:00,2026-09-09T00:00:00+07:00,danny1,True
suara-tamalanrea.example,Makassar,2017-04-17,26,0.36,0.55,-301,https://suara-tamalanrea.example/fixture/metrik/2017-04-17,,2026-09-09,2026-09-09T00:00:00+07:00,2026-09-09T00:00:00+07:00,danny1,True
suara-tamalanrea.example,Makassar,2017-04-24,39,0.349,0.465,-294,https://suara-tamalanrea.example/fixture/metrik/2017-04-24,,2026-09-09,2026-09-09T00:00:00+07:00,2026-09-09T00:00:00+07:00,danny1,True
suara-tamalanrea.example,Makassar,2017-05-01,31,0.323,0.534,-287,https://suara-tamalanrea.example/fixture/metrik/2017-05-01,,2026-09-09,2026-09-09T00:00:00+07:00,2026-09-09T00:00:00+07:00,danny1,True
suara-tamalanrea.example,Makassar,2017-05-08,38,0.292,0.518,-280,https://suara-tamalanrea.example/fixture/metrik/2017-05-08,,2026-09-09,2026-09-09T00:00:00+07:00,2026-09-09T00:00:00+07:00,danny1,True
suara-tamalanrea.example,Makassar,2017-05-15,49,0.309,0.531,-273,https://suara-tamalanrea.example/fixture/metrik/2017-05-15,,2026-09-09,2026-09-09T00:00:00+07:00,2026-09-09T00:00:00+07:00,danny1,True
suara-tamalanrea.example,Makassar,2017-05-22,37,0.314,0.524,-266,https://suara-tamalanrea.example/fixture/metrik/2017-05-22,,2026-09-09,2026-09-09T00:00:00+07:00,2026-09-09T00:00:00+07:00,danny1,True
suara-tamalanrea.example,Makassar,2017-05-29,53,0.34,0.507,-259,https://suara-tamalanrea.example/fixture/metrik/2017-05-29,,2026-09-09,2026-09-09T00:00:00+07:00,2026-09-09T00:00:00+07:00,danny1,True
suara-tamalanrea.example,Makassar,2017-06-05,42,0.35,0.591,-252,https://suara-tamalanrea.example/fixture/metrik/2017-06-05,,2026-09-09,2026-09-09T00:00:00+07:00,2026-09-09T00:00:00+07:00,danny1,True
suara-tamalanrea.example,Makassar,2017-06-12,42,0.264,0.527,-245,https://suara-tamalanrea.example/fixture/metrik/2017-06-12,,2026-09-09,2026-09-09T00:00:00+07:00,2026-09-09T00:00:00+07:00,danny1,True
suara-tamalanrea.example,Makassar,2017-06-19,41,0.318,0.536,-238,https://suara-tamalanrea.example/fixture/metrik/2017-06-19,,2026-09-09,2026-09-09T00:00:00+07:00,2026-09-09T00:00:00+07:00,danny1,True
suara-tamalanrea.example,Makassar,2017-06-26,45,0.34,0.486,-231,https://suara-tamalanrea.example/fixture/metrik/2017-06-26,,2026-09-09,2026-09-09T00:00:00+07:00,2026-09-09T00:00:00+07:00,danny1,True
suara-tamalanrea.example,Makassar,2017-07-03,34,0.368,0.491,-224,https://suara-tamalanrea.example/fixture/metrik/2017-07-03,,2026-09-09,2026-09-09T00:00:00+07:00,2026-09-09T00:00:00+07:00,danny1,True
suara-tamalanrea.example,Makassar,2017-07-10,35,0.358,0.458,-217,https://suara-tamalanrea.example/fixture/metrik/2017-07-10,,2026-09-09,2026-09-09T00:00:00+07:00,2026-09-09T00:00:00+07:00,danny1,True
suara-tamalanrea.example,Makassar,2017-07-17,43,0.318,0.499,-210,https://suara-tamalanrea.example/fixture/metrik/2017-07-17,,2026-09-09,2026-09-09T00:00:00+07:00,2026-09-09T00:00:00+07:00,danny1,True
suara-tamalanrea.example,Makassar,2017-07-24,38,0.261,0.509,-203,https://suara-tamalanrea.example/fixture/metrik/2017-07-24,,2026-09-09,2026-09-09T00:00:00+07:00,2026-09-09T00:00:00+07:00,danny1,True
suara-tamalanrea.example,Makassar,2017-07-31,51,0.347,0.495,-196,https://suara-tamalanrea.example/fixture/metrik/2017-07-31,,2026-09-09,2026-09-09T00:00:00+07:00,2026-09-09T00:00:00+07:00,danny1,True
suara-tamalanrea.example,Makassar,2017-08-07,37,0.321,0.504,-189,https://suara-tamalanrea.example/fixture/metrik/2017-08-07,,2026-09-09,2026-09-09T00:00:00+07:00,2026-09-09T00:00:00+07:00,danny1,True
suara-tamalanrea.example,Makassar,2017-08-14,44,0.296,0.579,-182,https://suara-tamalanrea.example/fixture/metrik/2017-08-14,,2026-09-09,2026-09-09T00:00:00+07:00,2026-09-09T00:00:00+07:00,danny1,True
suara-tamalanrea.example,Makassar,2017-08-21,35,0.261,0.512,-175,https://suara-tamalanrea.example/fixture/metrik/2017-08-21,,2026-09-09,2026-09-09T00:00:00+07:00,2026-09-09T00:00:00+07:00,danny1,True
suara-tamalanrea.example,Makassar,2017-08-28,44,0.303,0.523,-168,https://suara-tamalanrea.example/fixture/metrik/2017-08-28,,2026-09-09,2026-09-09T00:00:00+07:00,2026-09-09T00:00:00+07:00,danny1,True
suara-tamalanrea.example,Makassar,2017-09-04,40,0.451,0.578,-161,https://suara-tamalanrea.example/fixture/metrik/2017-09-04,,2026-09-09,2026-09-09T00:00:00+07:00,2026-09-09T00:00:00+07:00,danny1,True
suara-tamalanrea.example,Makassar,2017-09-11,34,0.311,0.569,-154,https://suara-tamalanrea.example/fixture/metrik/2017-09-11,,2026-09-09,2026-09-09T00:00:00+07:00,2026-09-09T00:00:00+07:00,danny1,True
suara-tamalanrea.example,Makassar,2017-09-18,35,0.368,0.579,-147,https://suara-tamalanrea.example/fixture/metrik/2017-09-18,,2026-09-09,2026-09-09T00:00:00+07:00,2026-09-09T00:00:00+07:00,danny1,True
suara-tamalanrea.example,Makassar,2017-09-25,40,0.403,0.578,-140,https://suara-tamalanrea.example/fixture/metrik/2017-09-25,,2026-09-09,2026-09-09T00:00:00+07:00,2026-09-09T00:00:00+07:00,danny1,True
suara-tamalanrea.example,Makassar,2017-10-02,32,0.338,0.528,-133,https://suara-tamalanrea.example/fixture/metrik/2017-10-02,,2026-09-09,2026-09-09T00:00:00+07:00,2026-09-09T00:00:00+07:00,danny1,True
suara-tamalanrea.example,Makassar,2017-10-09,38,0.515,0.632,-126,https://suara-tamalanrea.example/fixture/metrik/2017-10-09,,2026-09-09,2026-09-09T00:00:00+07:00,2026-09-09T00:00:00+07:00,danny1,True
suara-tamalanrea.example,Makassar,2017-10-16,38,0.481,0.582,-119,https://suara-tamalanrea.example/fixture/metrik/2017-10-16,,2026-09-09,2026-09-09T00:00:00+07:00,2026-09-09T00:00:00+07:00,danny1,True
suara-tamalanrea.example,Makassar,2017-10-23,32,0.504,0.617,-112,https://suara-tamalanrea.example/fixture/metrik/2017-10-23,,2026-09-09,2026-09-09T00:00:00+07:00,2026-09-09T00:00:00+07:00,danny1,True
suara-tamalanrea.example,Makassar,2017-10-30,50,0.534,0.588,-105,https://suara-tamalanrea.example/fixture/metrik/2017-10-30,,2026-09-09,2026-09-09T00:00:00+07:00,2026-09-09T00:00:00+07:00,danny1,True
suara-tamalanrea.example,Makassar,2017-11-06,42,0.508,0.556,-98,https://suara-tamalanrea.example/fixture/metrik/2017-11-06,,2026-09-09,2026-09-09T00:00:00+07:00,2026-09-09T00:00:00+07:00,danny1,True
suara-tamalanrea.example,Makassar,2017-11-13,30,0.478,0.648,-91,https://suara-tamalanrea.example/fixture/metrik/2017-11-13,,2026-09-09,2026-09-09T00:00:00+07:00,2026-09-09T00:00:00+07:00,danny1,True
suara-tamalanrea.example,Makassar,2017-11-20,38,0.51,0.553,-84,https://suara-tamalanrea.example/fixture/metrik/2017-11-20,,2026-09-09,2026-09-09T00:00:00+07:00,2026-09-09T00:00:00+07:00,danny1,True
suara-tamalanrea.example,Makassar,2017-11-27,34,0.58,0.637,-77,https://suara-tamalanrea.example/fixture/metrik/2017-11-27,,2026-09-09,2026-09-09T00:00:00+07:00,2026-09-09T00:00:00+07:00,danny1,True
suara-tamalanrea.example,Makassar,2017-12-04,41,0.564,0.55,-70,https://suara-tamalanrea.example/fixture/metrik/2017-12-04,,2026-09-09,2026-09-09T00:00:00+07:00,2026-09-09T00:00:00+07:00,danny1,True
suara-tamalanrea.example,Makassar,2017-12-11,39,0.64,0.604,-63,https://suara-tamalanrea.example/fixture/metrik/2017-12-11,,2026-09-09,2026-09-09T00:00:00+07:00,2026-09-09T00:00:00+07:00,danny1,True
suara-tamalanrea.example,Makassar,2017-12-18,31,0.585,0.582,-56,https://suara-tamalanrea.example/fixture/metrik/2017-12-18,,2026-09-09,2026-09-09T00:00:00+07:00,2026-09-09T00:00:00+07:00,danny1,True
suara-tamalanrea.example,Makassar,2017-12-25,31,0.58,0.599,-49,https://suara-tamalanrea.example/fixture/metrik/2017-12-25,,2026-09-09,2026-09-09T00:00:00+07:00,2026-09-09T00:00:00+07:00,danny1,True
suara-tamalanrea.example,Makassar,2018-01-01,36,0.672,0.646,-42,https://suara-tamalanrea.example/fixture/metrik/2018-01-01,,2026-09-09,2026-09-09T00:00:00+07:00,2026-09-09T00:00:00+07:00,danny1,True
suara-tamalanrea.example,Makassar,2018-01-08,39,0.623,0.629,-35,https://suara-tamalanrea.example/fixture/metrik/2018-01-08,,2026-09-09,2026-09-09T00:00:00+07:00,2026-09-09T00:00:00+07:00,danny1,True
suara-tamalanrea.example,Makassar,2018-01-15,33,0.633,0.614,-28,https://suara-tamalanrea.example/fixture/metrik/2018-01-15,,2026-09-09,2026-09-09T00:00:00+07:00,2026-09-09T00:00:00+07:00,danny1,True
suara-tamalanrea.example,Makassar,2018-01-22,41,0.665,0.603,-21,https://suara-tamalanrea.example/fixture/metrik/2018-01-22,,2026-09-09,2026-09-09T00:00:00+07:00,2026-09-09T00:00:00+07:00,danny1,True
suara-tamalanrea.example,Makassar,2018-01-29,39,0.617,0.558,-14,https://suara-tamalanrea.example/fixture/metrik/2018-01-29,,2026-09-09,2026-09-09T00:00:00+07:00,2026-09-09T00:00:00+07:00,danny1,True
suara-tamalanrea.example,Makassar,2018-02-05,40,0.645,0.617,-7,https://suara-tamalanrea.example/fixture/metrik/2018-02-05,,2026-09-09,2026-09-09T00:00:00+07:00,2026-09-09T00:00:00+07:00,danny1,True
suara-tamalanrea.example,Makassar,2018-02-12,39,0.612,0.656,0,https://suara-tamalanrea.example/fixture/metrik/2018-02-12,,2026-09-09,2026-09-09T00:00:00+07:00,2026-09-09T00:00:00+07:00,danny1,True
suara-tamalanrea.example,Makassar,2018-02-19,45,0.578,0.62,7,https://suara-tamalanrea.example/fixture/metrik/2018-02-19,,2026-09-09,2026-09-09T00:00:00+07:00,2026-09-09T00:00:00+07:00,danny1,True
suara-tamalanrea.example,Makassar,2018-02-26,30,0.596,0.542,14,https://suara-tamalanrea.example/fixture/metrik/2018-02-26,,2026-09-09,2026-09-09T00:00:00+07:00,2026-09-09T00:00:00+07:00,danny1,True
suara-tamalanrea.example,Makassar,2018-03-05,43,0.307,0.388,21,https://suara-tamalanrea.example/fixture/metrik/2018-03-05,,2026-09-09,2026-09-09T00:00:00+07:00,2026-09-09T00:00:00+07:00,danny1,True
suara-tamalanrea.example,Makassar,2018-03-12,38,0.297,0.476,28,https://suara-tamalanrea.example/fixture/metrik/2018-03-12,,2026-09-09,2026-09-09T00:00:00+07:00,2026-09-09T00:00:00+07:00,danny1,True
suara-tamalanrea.example,Makassar,2018-03-19,35,0.328,0.492,35,https://suara-tamalanrea.example/fixture/metrik/2018-03-19,,2026-09-09,2026-09-09T00:00:00+07:00,2026-09-09T00:00:00+07:00,danny1,True
suara-tamalanrea.example,Makassar,2018-03-26,33,0.327,0.487,42,https://suara-tamalanrea.example/fixture/metrik/2018-03-26,,2026-09-09,2026-09-09T00:00:00+07:00,2026-09-09T00:00:00+07:00,danny1,True
suara-tamalanrea.example,Makassar,2018-04-02,31,0.365,0.494,49,https://suara-tamalanrea.example/fixture/metrik/2018-04-02,,2026-09-09,2026-09-09T00:00:00+07:00,2026-09-09T00:00:00+07:00,danny1,True
suara-tamalanrea.example,Makassar,2018-04-09,44,0.278,0.538,56,https://suara-tamalanrea.example/fixture/metrik/2018-04-09,,2026-09-09,2026-09-09T00:00:00+07:00,2026-09-09T00:00:00+07:00,danny1,True
suara-tamalanrea.example,Makassar,2018-04-16,38,0.353,0.486,63,https://suara-tamalanrea.example/fixture/metrik/2018-04-16,,2026-09-09,2026-09-09T00:00:00+07:00,2026-09-09T00:00:00+07:00,danny1,True
suara-tamalanrea.example,Makassar,2018-04-23,36,0.133,0.481,70,https://suara-tamalanrea.example/fixture/metrik/2018-04-23,,2026-09-09,2026-09-09T00:00:00+07:00,2026-09-09T00:00:00+07:00,danny1,True
suara-tamalanrea.example,Makassar,2018-04-30,37,0.175,0.559,77,https://suara-tamalanrea.example/fixture/metrik/2018-04-30,,2026-09-09,2026-09-09T00:00:00+07:00,2026-09-09T00:00:00+07:00,danny1,True
suara-tamalanrea.example,Makassar,2018-05-07,35,0.159,0.561,84,https://suara-tamalanrea.example/fixture/metrik/2018-05-07,,2026-09-09,2026-09-09T00:00:00+07:00,2026-09-09T00:00:00+07:00,danny1,True
suara-tamalanrea.example,Makassar,2018-05-14,23,0.129,0.494,91,https://suara-tamalanrea.example/fixture/metrik/2018-05-14,,2026-09-09,2026-09-09T00:00:00+07:00,2026-09-09T00:00:00+07:00,danny1,True
suara-tamalanrea.example,Makassar,2018-05-21,49,0.163,0.474,98,https://suara-tamalanrea.example/fixture/metrik/2018-05-21,,2026-09-09,2026-09-09T00:00:00+07:00,2026-09-09T00:00:00+07:00,danny1,True
suara-tamalanrea.example,Makassar,2018-05-28,35,0.204,0.593,105,https://suara-tamalanrea.example/fixture/metrik/2018-05-28,,2026-09-09,2026-09-09T00:00:00+07:00,2026-09-09T00:00:00+07:00,danny1,True
suara-tamalanrea.example,Makassar,2018-06-04,32,0.149,0.472,112,https://suara-tamalanrea.example/fixture/metrik/2018-06-04,,2026-09-09,2026-09-09T00:00:00+07:00,2026-09-09T00:00:00+07:00,danny1,True
suara-tamalanrea.example,Makassar,2018-06-11,31,0.232,0.552,119,https://suara-tamalanrea.example/fixture/metrik/2018-06-11,,2026-09-09,2026-09-09T00:00:00+07:00,2026-09-09T00:00:00+07:00,danny1,True
suara-tamalanrea.example,Makassar,2018-06-18,42,0.129,0.454,126,https://suara-tamalanrea.example/fixture/metrik/2018-06-18,,2026-09-09,2026-09-09T00:00:00+07:00,2026-09-09T00:00:00+07:00,danny1,True
suara-tamalanrea.example,Makassar,2018-06-25,39,0.141,0.48,133,https://suara-tamalanrea.example/fixture/metrik/2018-06-25,,2026-09-09,2026-09-09T00:00:00+07:00,2026-09-09T00:00:00+07:00,danny1,True
suara-tamalanrea.example,Makassar,2018-07-02,45,0.201,0.447,140,https://suara-tamalanrea.example/fixture/metrik/2018-07-02,,2026-09-09,2026-09-09T00:00:00+07:00,2026-09-09T00:00:00+07:00,danny1,True
suara-tamalanrea.example,Makassar,2018-07-09,31,0.203,0.562,147,https://suara-tamalanrea.example/fixture/metrik/2018-07-09,,2026-09-09,2026-09-09T00:00:00+07:00,2026-09-09T00:00:00+07:00,danny1,True
suara-tamalanrea.example,Makassar,2018-07-16,33,0.327,0.642,154,https://suara-tamalanrea.example/fixture/metrik/2018-07-16,,2026-09-09,2026-09-09T00:00:00+07:00,2026-09-09T00:00:00+07:00,danny1,True
suara-tamalanrea.example,Makassar,2018-07-23,48,0.317,0.534,161,https://suara-tamalanrea.example/fixture/metrik/2018-07-23,,2026-09-09,2026-09-09T00:00:00+07:00,2026-09-09T00:00:00+07:00,danny1,True
suara-tamalanrea.example,Makassar,2018-07-30,43,0.381,0.539,168,https://suara-tamalanrea.example/fixture/metrik/2018-07-30,,2026-09-09,2026-09-09T00:00:00+07:00,2026-09-09T00:00:00+07:00,danny1,True
suara-tamalanrea.example,Makassar,2018-08-06,34,0.327,0.532,175,https://suara-tamalanrea.example/fixture/metrik/2018-08-06,,2026-09-09,2026-09-09T00:00:00+07:00,2026-09-09T00:00:00+07:00,danny1,True
suara-tamalanrea.example,Makassar,2018-08-13,33,0.331,0.561,182,https://suara-tamalanrea.example/fixture/metrik/2018-08-13,,2026-09-09,2026-09-09T00:00:00+07:00,2026-09-09T00:00:00+07:00,danny1,True
suara-tamalanrea.example,Makassar,2018-08-20,34,0.356,0.548,189,https://suara-tamalanrea.example/fixture/metrik/2018-08-20,,2026-09-09,2026-09-09T00:00:00+07:00,2026-09-09T00:00:00+07:00,danny1,True
suara-tamalanrea.example,Makassar,2018-08-27,38,0.29,0.574,196,https://suara-tamalanrea.example/fixture/metrik/2018-08-27,,2026-09-09,2026-09-09T00:00:00+07:00,2026-09-09T00:00:00+07:00,danny1,True
suara-tamalanrea.example,Makassar,2018-09-03,40,0.315,0.398,203,https://suara-tamalanrea.example/fixture/metrik/2018-09-03,,2026-09-09,2026-09-09T00:00:00+07:00,2026-09-09T00:00:00+07:00,danny1,True
suara-tamalanrea.example,Makassar,2018-09-10,33,0.294,0.507,210,https://suara-tamalanrea.example/fixture/metrik/2018-09-10,,2026-09-09,2026-09-09T00:00:00+07:00,2026-09-09T00:00:00+07:00,danny1,True
suara-tamalanrea.example,Makassar,2018-09-17,45,0.277,0.56,217,https://suara-tamalanrea.example/fixture/metrik/2018-09-17,,2026-09-09,2026-09-09T00:00:00+07:00,2026-09-09T00:00:00+07:00,danny1,True
suara-tamalanrea.example,Makassar,2018-09-24,37,0.261,0.415,224,https://suara-tamalanrea.example/fixture/metrik/2018-09-24,,2026-09-09,2026-09-09T00:00:00+07:00,2026-09-09T00:00:00+07:00,danny1,True
suara-tamalanrea.example,Makassar,2018-10-01,39,0.281,0.597,231,https://suara-tamalanrea.example/fixture/metrik/2018-10-01,,2026-09-09,2026-09-09T00:00:00+07:00,2026-09-09T00:00:00+07:00,danny1,True
suara-tamalanrea.example,Makassar,2018-10-08,42,0.332,0.477,238,https://suara-tamalanrea.example/fixture/metrik/2018-10-08,,2026-09-09,2026-09-09T00:00:00+07:00,2026-09-09T00:00:00+07:00,danny1,True
suara-tamalanrea.example,Makassar,2018-10-15,40,0.404,0.532,245,https://suara-tamalanrea.example/fixture/metrik/2018-10-15,,2026-09-09,2026-09-09T00:00:00+07:00,2026-09-09T00:00:00+07:00,danny1,True
suara-tamalanrea.example,Makassar,2018-10-22,34,0.307,0.484,252,https://suara-tamalanrea.example/fixture/metrik/2018-10-22,,2026-09-09,2026-09-09T00:00:00+07:00,2026-09-09T00:00:00+07:00,danny1,True
suara-tamalanrea.example,Makassar,2018-10-29,40,0.297,0.586,259,https://suara-tamalanrea.example/fixture/metrik/2018-10-29,,2026-09-09,2026-09-09T00:00:00+07:00,2026-09-09T00:00:00+07:00,danny1,True
suara-tamalanrea.example,Makassar,2018-11-05,42,0.281,0.501,266,https://suara-tamalanrea.example/fixture/metrik/2018-11-05,,2026-09-09,2026-09-09T00:00:00+07:00,2026-09-09T00:00:00+07:00,danny1,True
suara-tamalanrea.example,Makassar,2018-11-12,35,0.294,0.549,273,https://suara-tamalanrea.example/fixture/metrik/2018-11-12,,2026-09-09,2026-09-09T00:00:00+07:00,2026-09-09T00:00:00+07:00,danny1,True
suara-tamalanrea.example,Makassar,2018-11-19,38,0.279,0.498,280,https://suara-tamalanrea.example/fixture/metrik/2018-11-19,,2026-09-09,2026-09-09T00:00:00+07:00,2026-09-09T00:00:00+07:00,danny1,True
suara-tamalanrea.example,Makassar,2018-11-26,47,0.335,0.53,287,https://suara-tamalanrea.example/fixture/metrik/2018-11-26,,2026-09-09,2026-09-09T00:00:00+07:00,2026-09-09T00:00:00+07:00,danny1,True
suara-tamalanrea.example,Makassar,2018-12-03,36,0.339,0.527,294,https://suara-tamalanrea.example/fixture/metrik/2018-12-03,,2026-09-09,2026-09-09T00:00:00+07:00,2026-09-09T00:00:00+07:00,danny1,True
suara-tamalanrea.example,Makassar,2018-12-10,38,0.345,0.472,301,https://suara-tamalanrea.example/fixture/metrik/2018-12-10,,2026-09-09,2026-09-09T00:00:00+07:00,2026-09-09T00:00:00+07:00,danny1,True
suara-tamalanrea.example,Makassar,2018-12-17,34,0.336,0.539,308,https://suara-tamalanrea.example/fixture/metrik/2018-12-17,,2026-09-09,2026-09-09T00:00:00+07:00,2026-09-09T00:00:00+07:00,danny1,True
suara-tamalanrea.example,Makassar,2018-12-24,38,0.302,0.5,315,https://suara-tamalanrea.example/fixture/metrik/2018-12-24,,2026-09-09,2026-09-09T00:00:00+07:00,2026-09-09T00:00:00+07:00,danny1,True
suara-tamalanrea.example,Makassar,2018-12-31,41,0.341,0.424,322,https://suara-tamalanrea.example/fixture/metrik/2018-12-31,,2026-09-09,2026-09-09T00:00:00+07:00,2026-09-09T00:00:00+07:00,danny1,True
suara-tamalanrea.example,Makassar,2019-01-07,46,0.369,0.498,329,https://suara-tamalanrea.example/fixture/metrik/2019-01-07,,2026-09-09,2026-09-09T00:00:00+07:00,2026-09-09T00:00:00+07:00,danny1,True
suara-tamalanrea.example,Makassar,2019-01-14,52,0.317,0.538,336,https://suara-tamalanrea.example/fixture/metrik/2019-01-14,,2026-09-09,2026-09-09T00:00:00+07:00,2026-09-09T00:00:00+07:00,danny1,True
suara-tamalanrea.example,Makassar,2019-01-21,16,0.331,0.497,343,https://suara-tamalanrea.example/fixture/metrik/2019-01-21,,2026-09-09,2026-09-09T00:00:00+07:00,2026-09-09T00:00:00+07:00,danny1,True
suara-tamalanrea.example,Makassar,2019-01-28,55,0.32,0.583,350,https://suara-tamalanrea.example/fixture/metrik/2019-01-28,,2026-09-09,2026-09-09T00:00:00+07:00,2026-09-09T00:00:00+07:00,danny1,True
suara-tamalanrea.example,Makassar,2019-02-04,35,0.4,0.449,357,https://suara-tamalanrea.example/fixture/metrik/2019-02-04,,2026-09-09,2026-09-09T00:00:00+07:00,2026-09-09T00:00:00+07:00,danny1,True
suara-tamalanrea.example,Makassar,2019-02-11,39,0.287,0.581,364,https://suara-tamalanrea.example/fixture/metrik/2019-02-11,,2026-09-09,2026-09-09T00:00:00+07:00,2026-09-09T00:00:00+07:00,danny1,True
suara-tamalanrea.example,Makassar,2019-02-18,41,0.365,0.499,371,https://suara-tamalanrea.example/fixture/metrik/2019-02-18,,2026-09-09,2026-09-09T00:00:00+07:00,2026-09-09T00:00:00+07:00,danny1,True
suara-tamalanrea.example,Makassar,2019-02-25,42,0.362,0.511,378,https://suara-tamalanrea.example/fixture/metrik/2019-02-25,,2026-09-09,2026-09-09T00:00:00+07:00,2026-09-09T00:00:00+07:00,danny1,True
suara-tamalanrea.example,Makassar,2019-03-04,35,0.315,0.391,385,https://suara-tamalanrea.example/fixture/metrik/2019-03-04,,2026-09-09,2026-09-09T00:00:00+07:00,2026-09-09T00:00:00+07:00,danny1,True
suara-tamalanrea.example,Makassar,2019-03-11,44,0.312,0.433,392,https://suara-tamalanrea.example/fixture/metrik/2019-03-11,,2026-09-09,2026-09-09T00:00:00+07:00,2026-09-09T00:00:00+07:00,danny1,True
suara-tamalanrea.example,Makassar,2019-03-18,40,0.327,0.551,399,https://suara-tamalanrea.example/fixture/metrik/2019-03-18,,2026-09-09,2026-09-09T00:00:00+07:00,2026-09-09T00:00:00+07:00,danny1,True
suara-tamalanrea.example,Makassar,2019-03-25,52,0.317,0.509,406,https://suara-tamalanrea.example/fixture/metrik/2019-03-25,,2026-09-09,2026-09-09T00:00:00+07:00,2026-09-09T00:00:00+07:00,danny1,True
suara-tamalanrea.example,Makassar,2019-04-01,36,0.257,0.565,413,https://suara-tamalanrea.example/fixture/metrik/2019-04-01,,2026-09-09,2026-09-09T00:00:00+07:00,2026-09-09T00:00:00+07:00,danny1,True
suara-tamalanrea.example,Makassar,2019-04-08,42,0.383,0.436,420,https://suara-tamalanrea.example/fixture/metrik/2019-04-08,,2026-09-09,2026-09-09T00:00:00+07:00,2026-09-09T00:00:00+07:00,danny1,True
suara-tamalanrea.example,Makassar,2019-04-15,53,0.321,0.48,427,https://suara-tamalanrea.example/fixture/metrik/2019-04-15,,2026-09-09,2026-09-09T00:00:00+07:00,2026-09-09T00:00:00+07:00,danny1,True
suara-tamalanrea.example,Makassar,2019-04-22,32,0.332,0.481,434,https://suara-tamalanrea.example/fixture/metrik/2019-04-22,,2026-09-09,2026-09-09T00:00:00+07:00,2026-09-09T00:00:00+07:00,danny1,True
suara-tamalanrea.example,Makassar,2019-04-29,52,0.269,0.538,441,https://suara-tamalanrea.example/fixture/metrik/2019-04-29,,2026-09-09,2026-09-09T00:00:00+07:00,2026-09-09T00:00:00+07:00,danny1,True
suara-tamalanrea.example,Makassar,2019-05-06,27,0.271,0.462,448,https://suara-tamalanrea.example/fixture/metrik/2019-05-06,,2026-09-09,2026-09-09T00:00:00+07:00,2026-09-09T00:00:00+07:00,danny1,True
suara-tamalanrea.example,Makassar,2019-05-13,38,0.101,0.59,455,https://suara-tamalanrea.example/fixture/metrik/2019-05-13,,2026-09-09,2026-09-09T00:00:00+07:00,2026-09-09T00:00:00+07:00,pj,True
suara-tamalanrea.example,Makassar,2019-05-20,43,0.108,0.525,462,https://suara-tamalanrea.example/fixture/metrik/2019-05-20,,2026-09-09,2026-09-09T00:00:00+07:00,2026-09-09T00:00:00+07:00,pj,True
suara-tamalanrea.example,Makassar,2019-05-27,39,0.12,0.519,469,https://suara-tamalanrea.example/fixture/metrik/2019-05-27,,2026-09-09,2026-09-09T00:00:00+07:00,2026-09-09T00:00:00+07:00,pj,True
suara-tamalanrea.example,Makassar,2019-06-03,38,0.092,0.581,476,https://suara-tamalanrea.example/fixture/metrik/2019-06-03,,2026-09-09,2026-09-09T00:00:00+07:00,2026-09-09T00:00:00+07:00,pj,True
suara-tamalanrea.example,Makassar,2019-06-10,46,0.107,0.54,-471,https://suara-tamalanrea.example/fixture/metrik/2019-06-10,,2026-09-09,2026-09-09T00:00:00+07:00,2026-09-09T00:00:00+07:00,pj,True
suara-tamalanrea.example,Makassar,2019-06-17,33,0.1,0.528,-464,https://suara-tamalanrea.example/fixture/metrik/2019-06-17,,2026-09-09,2026-09-09T00:00:00+07:00,2026-09-09T00:00:00+07:00,pj,True
suara-tamalanrea.example,Makassar,2019-06-24,32,0.108,0.491,-457,https://suara-tamalanrea.example/fixture/metrik/2019-06-24,,2026-09-09,2026-09-09T00:00:00+07:00,2026-09-09T00:00:00+07:00,pj,True
suara-tamalanrea.example,Makassar,2019-07-01,50,0.053,0.524,-450,https://suara-tamalanrea.example/fixture/metrik/2019-07-01,,2026-09-09,2026-09-09T00:00:00+07:00,2026-09-09T00:00:00+07:00,pj,True
suara-tamalanrea.example,Makassar,2019-07-08,39,0.116,0.568,-443,https://suara-tamalanrea.example/fixture/metrik/2019-07-08,,2026-09-09,2026-09-09T00:00:00+07:00,2026-09-09T00:00:00+07:00,pj,True
suara-tamalanrea.example,Makassar,2019-07-15,32,0.17,0.473,-436,https://suara-tamalanrea.example/fixture/metrik/2019-07-15,,2026-09-09,2026-09-09T00:00:00+07:00,2026-09-09T00:00:00+07:00,pj,True
suara-tamalanrea.example,Makassar,2019-07-22,41,0.13,0.523,-429,https://suara-tamalanrea.example/fixture/metrik/2019-07-22,,2026-09-09,2026-09-09T00:00:00+07:00,2026-09-09T00:00:00+07:00,pj,True
suara-tamalanrea.example,Makassar,2019-07-29,36,0.147,0.505,-422,https://suara-tamalanrea.example/fixture/metrik/2019-07-29,,2026-09-09,2026-09-09T00:00:00+07:00,2026-09-09T00:00:00+07:00,pj,True
suara-tamalanrea.example,Makassar,2019-08-05,37,0.112,0.501,-415,https://suara-tamalanrea.example/fixture/metrik/2019-08-05,,2026-09-09,2026-09-09T00:00:00+07:00,2026-09-09T00:00:00+07:00,pj,True
suara-tamalanrea.example,Makassar,2019-08-12,31,0.074,0.543,-408,https://suara-tamalanrea.example/fixture/metrik/2019-08-12,,2026-09-09,2026-09-09T00:00:00+07:00,2026-09-09T00:00:00+07:00,pj,True
suara-tamalanrea.example,Makassar,2019-08-19,34,0.124,0.529,-401,https://suara-tamalanrea.example/fixture/metrik/2019-08-19,,2026-09-09,2026-09-09T00:00:00+07:00,2026-09-09T00:00:00+07:00,pj,True
suara-tamalanrea.example,Makassar,2019-08-26,39,0.15,0.499,-394,https://suara-tamalanrea.example/fixture/metrik/2019-08-26,,2026-09-09,2026-09-09T00:00:00+07:00,2026-09-09T00:00:00+07:00,pj,True
suara-tamalanrea.example,Makassar,2019-09-02,32,0.117,0.583,-387,https://suara-tamalanrea.example/fixture/metrik/2019-09-02,,2026-09-09,2026-09-09T00:00:00+07:00,2026-09-09T00:00:00+07:00,pj,True
suara-tamalanrea.example,Makassar,2019-09-09,41,0.137,0.515,-380,https://suara-tamalanrea.example/fixture/metrik/2019-09-09,,2026-09-09,2026-09-09T00:00:00+07:00,2026-09-09T00:00:00+07:00,pj,True
suara-tamalanrea.example,Makassar,2019-09-16,37,0.122,0.485,-373,https://suara-tamalanrea.example/fixture/metrik/2019-09-16,,2026-09-09,2026-09-09T00:00:00+07:00,2026-09-09T00:00:00+07:00,pj,True
suara-tamalanrea.example,Makassar,2019-09-23,36,0.105,0.532,-366,https://suara-tamalanrea.example/fixture/metrik/2019-09-23,,2026-09-09,2026-09-09T00:00:00+07:00,2026-09-09T00:00:00+07:00,pj,True
suara-tamalanrea.example,Makassar,2019-09-30,35,0.118,0.475,-359,https://suara-tamalanrea.example/fixture/metrik/2019-09-30,,2026-09-09,2026-09-09T00:00:00+07:00,2026-09-09T00:00:00+07:00,pj,True
suara-tamalanrea.example,Makassar,2019-10-07,39,0.071,0.535,-352,https://suara-tamalanrea.example/fixture/metrik/2019-10-07,,2026-09-09,2026-09-09T00:00:00+07:00,2026-09-09T00:00:00+07:00,pj,True
suara-tamalanrea.example,Makassar,2019-10-14,44,0.039,0.554,-345,https://suara-tamalanrea.example/fixture/metrik/2019-10-14,,2026-09-09,2026-09-09T00:00:00+07:00,2026-09-09T00:00:00+07:00,pj,True
suara-tamalanrea.example,Makassar,2019-10-21,35,0.112,0.601,-338,https://suara-tamalanrea.example/fixture/metrik/2019-10-21,,2026-09-09,2026-09-09T00:00:00+07:00,2026-09-09T00:00:00+07:00,pj,True
suara-tamalanrea.example,Makassar,2019-10-28,48,0.082,0.623,-331,https://suara-tamalanrea.example/fixture/metrik/2019-10-28,,2026-09-09,2026-09-09T00:00:00+07:00,2026-09-09T00:00:00+07:00,pj,True
suara-tamalanrea.example,Makassar,2019-11-04,38,0.124,0.544,-324,https://suara-tamalanrea.example/fixture/metrik/2019-11-04,,2026-09-09,2026-09-09T00:00:00+07:00,2026-09-09T00:00:00+07:00,pj,True
suara-tamalanrea.example,Makassar,2019-11-11,29,0.052,0.536,-317,https://suara-tamalanrea.example/fixture/metrik/2019-11-11,,2026-09-09,2026-09-09T00:00:00+07:00,2026-09-09T00:00:00+07:00,pj,True
suara-tamalanrea.example,Makassar,2019-11-18,29,0.092,0.485,-310,https://suara-tamalanrea.example/fixture/metrik/2019-11-18,,2026-09-09,2026-09-09T00:00:00+07:00,2026-09-09T00:00:00+07:00,pj,True
suara-tamalanrea.example,Makassar,2019-11-25,45,0.041,0.578,-303,https://suara-tamalanrea.example/fixture/metrik/2019-11-25,,2026-09-09,2026-09-09T00:00:00+07:00,2026-09-09T00:00:00+07:00,pj,True
suara-tamalanrea.example,Makassar,2019-12-02,39,0.02,0.488,-296,https://suara-tamalanrea.example/fixture/metrik/2019-12-02,,2026-09-09,2026-09-09T00:00:00+07:00,2026-09-09T00:00:00+07:00,pj,True
suara-tamalanrea.example,Makassar,2019-12-09,34,0.147,0.566,-289,https://suara-tamalanrea.example/fixture/metrik/2019-12-09,,2026-09-09,2026-09-09T00:00:00+07:00,2026-09-09T00:00:00+07:00,pj,True
suara-tamalanrea.example,Makassar,2019-12-16,39,0.087,0.545,-282,https://suara-tamalanrea.example/fixture/metrik/2019-12-16,,2026-09-09,2026-09-09T00:00:00+07:00,2026-09-09T00:00:00+07:00,pj,True
suara-tamalanrea.example,Makassar,2019-12-23,32,0.044,0.526,-275,https://suara-tamalanrea.example/fixture/metrik/2019-12-23,,2026-09-09,2026-09-09T00:00:00+07:00,2026-09-09T00:00:00+07:00,pj,True
suara-tamalanrea.example,Makassar,2019-12-30,33,0.087,0.539,-268,https://suara-tamalanrea.example/fixture/metrik/2019-12-30,,2026-09-09,2026-09-09T00:00:00+07:00,2026-09-09T00:00:00+07:00,pj,True
suara-tamalanrea.example,Makassar,2020-01-06,53,0.136,0.582,-261,https://suara-tamalanrea.example/fixture/metrik/2020-01-06,,2026-09-09,2026-09-09T00:00:00+07:00,2026-09-09T00:00:00+07:00,pj,True
suara-tamalanrea.example,Makassar,2020-01-13,36,0.092,0.549,-254,https://suara-tamalanrea.example/fixture/metrik/2020-01-13,,2026-09-09,2026-09-09T00:00:00+07:00,2026-09-09T00:00:00+07:00,pj,True
suara-tamalanrea.example,Makassar,2020-01-20,32,0.064,0.595,-247,https://suara-tamalanrea.example/fixture/metrik/2020-01-20,,2026-09-09,2026-09-09T00:00:00+07:00,2026-09-09T00:00:00+07:00,pj,True
suara-tamalanrea.example,Makassar,2020-01-27,29,0.106,0.507,-240,https://suara-tamalanrea.example/fixture/metrik/2020-01-27,,2026-09-09,2026-09-09T00:00:00+07:00,2026-09-09T00:00:00+07:00,pj,True
suara-tamalanrea.example,Makassar,2020-02-03,42,0.048,0.448,-233,https://suara-tamalanrea.example/fixture/metrik/2020-02-03,,2026-09-09,2026-09-09T00:00:00+07:00,2026-09-09T00:00:00+07:00,pj,True
suara-tamalanrea.example,Makassar,2020-02-10,33,0.139,0.586,-226,https://suara-tamalanrea.example/fixture/metrik/2020-02-10,,2026-09-09,2026-09-09T00:00:00+07:00,2026-09-09T00:00:00+07:00,pj,True
suara-tamalanrea.example,Makassar,2020-02-17,38,0.104,0.477,-219,https://suara-tamalanrea.example/fixture/metrik/2020-02-17,,2026-09-09,2026-09-09T00:00:00+07:00,2026-09-09T00:00:00+07:00,pj,True
suara-tamalanrea.example,Makassar,2020-02-24,36,0.104,0.488,-212,https://suara-tamalanrea.example/fixture/metrik/2020-02-24,,2026-09-09,2026-09-09T00:00:00+07:00,2026-09-09T00:00:00+07:00,pj,True
suara-tamalanrea.example,Makassar,2020-03-02,36,0.138,0.579,-205,https://suara-tamalanrea.example/fixture/metrik/2020-03-02,,2026-09-09,2026-09-09T00:00:00+07:00,2026-09-09T00:00:00+07:00,pj,True
suara-tamalanrea.example,Makassar,2020-03-09,35,0.126,0.542,-198,https://suara-tamalanrea.example/fixture/metrik/2020-03-09,,2026-09-09,2026-09-09T00:00:00+07:00,2026-09-09T00:00:00+07:00,pj,True
suara-tamalanrea.example,Makassar,2020-03-16,29,0.119,0.517,-191,https://suara-tamalanrea.example/fixture/metrik/2020-03-16,,2026-09-09,2026-09-09T00:00:00+07:00,2026-09-09T00:00:00+07:00,pj,True
suara-tamalanrea.example,Makassar,2020-03-23,48,0.126,0.511,-184,https://suara-tamalanrea.example/fixture/metrik/2020-03-23,,2026-09-09,2026-09-09T00:00:00+07:00,2026-09-09T00:00:00+07:00,pj,True
suara-tamalanrea.example,Makassar,2020-03-30,33,0.132,0.447,-177,https://suara-tamalanrea.example/fixture/metrik/2020-03-30,,2026-09-09,2026-09-09T00:00:00+07:00,2026-09-09T00:00:00+07:00,pj,True
suara-tamalanrea.example,Makassar,2020-04-06,34,0.143,0.551,-170,https://suara-tamalanrea.example/fixture/metrik/2020-04-06,,2026-09-09,2026-09-09T00:00:00+07:00,2026-09-09T00:00:00+07:00,pj,True
suara-tamalanrea.example,Makassar,2020-04-13,47,0.126,0.565,-163,https://suara-tamalanrea.example/fixture/metrik/2020-04-13,,2026-09-09,2026-09-09T00:00:00+07:00,2026-09-09T00:00:00+07:00,pj,True
suara-tamalanrea.example,Makassar,2020-04-20,42,0.155,0.541,-156,https://suara-tamalanrea.example/fixture/metrik/2020-04-20,,2026-09-09,2026-09-09T00:00:00+07:00,2026-09-09T00:00:00+07:00,pj,True
suara-tamalanrea.example,Makassar,2020-04-27,43,0.225,0.493,-149,https://suara-tamalanrea.example/fixture/metrik/2020-04-27,,2026-09-09,2026-09-09T00:00:00+07:00,2026-09-09T00:00:00+07:00,pj,True
suara-tamalanrea.example,Makassar,2020-05-04,32,0.194,0.585,-142,https://suara-tamalanrea.example/fixture/metrik/2020-05-04,,2026-09-09,2026-09-09T00:00:00+07:00,2026-09-09T00:00:00+07:00,pj,True
suara-tamalanrea.example,Makassar,2020-05-11,37,0.204,0.534,-135,https://suara-tamalanrea.example/fixture/metrik/2020-05-11,,2026-09-09,2026-09-09T00:00:00+07:00,2026-09-09T00:00:00+07:00,pj,True
suara-tamalanrea.example,Makassar,2020-05-18,36,0.22,0.589,-128,https://suara-tamalanrea.example/fixture/metrik/2020-05-18,,2026-09-09,2026-09-09T00:00:00+07:00,2026-09-09T00:00:00+07:00,pj,True
suara-tamalanrea.example,Makassar,2020-05-25,36,0.163,0.618,-121,https://suara-tamalanrea.example/fixture/metrik/2020-05-25,,2026-09-09,2026-09-09T00:00:00+07:00,2026-09-09T00:00:00+07:00,pj,True
suara-tamalanrea.example,Makassar,2020-06-01,47,0.235,0.532,-114,https://suara-tamalanrea.example/fixture/metrik/2020-06-01,,2026-09-09,2026-09-09T00:00:00+07:00,2026-09-09T00:00:00+07:00,pj,True
suara-tamalanrea.example,Makassar,2020-06-08,34,0.238,0.593,-107,https://suara-tamalanrea.example/fixture/metrik/2020-06-08,,2026-09-09,2026-09-09T00:00:00+07:00,2026-09-09T00:00:00+07:00,pj,True
suara-tamalanrea.example,Makassar,2020-06-15,36,0.262,0.601,-100,https://suara-tamalanrea.example/fixture/metrik/2020-06-15,,2026-09-09,2026-09-09T00:00:00+07:00,2026-09-09T00:00:00+07:00,pj,True
suara-tamalanrea.example,Makassar,2020-06-22,42,0.272,0.613,-93,https://suara-tamalanrea.example/fixture/metrik/2020-06-22,,2026-09-09,2026-09-09T00:00:00+07:00,2026-09-09T00:00:00+07:00,pj,True
suara-tamalanrea.example,Makassar,2020-06-29,25,0.244,0.561,-86,https://suara-tamalanrea.example/fixture/metrik/2020-06-29,,2026-09-09,2026-09-09T00:00:00+07:00,2026-09-09T00:00:00+07:00,pj,True
suara-tamalanrea.example,Makassar,2020-07-06,43,0.32,0.604,-79,https://suara-tamalanrea.example/fixture/metrik/2020-07-06,,2026-09-09,2026-09-09T00:00:00+07:00,2026-09-09T00:00:00+07:00,pj,True
suara-tamalanrea.example,Makassar,2020-07-13,49,0.352,0.543,-72,https://suara-tamalanrea.example/fixture/metrik/2020-07-13,,2026-09-09,2026-09-09T00:00:00+07:00,2026-09-09T00:00:00+07:00,pj,True
suara-tamalanrea.example,Makassar,2020-07-20,45,0.374,0.63,-65,https://suara-tamalanrea.example/fixture/metrik/2020-07-20,,2026-09-09,2026-09-09T00:00:00+07:00,2026-09-09T00:00:00+07:00,pj,True
suara-tamalanrea.example,Makassar,2020-07-27,35,0.442,0.522,-58,https://suara-tamalanrea.example/fixture/metrik/2020-07-27,,2026-09-09,2026-09-09T00:00:00+07:00,2026-09-09T00:00:00+07:00,pj,True
suara-tamalanrea.example,Makassar,2020-08-03,45,0.396,0.621,-51,https://suara-tamalanrea.example/fixture/metrik/2020-08-03,,2026-09-09,2026-09-09T00:00:00+07:00,2026-09-09T00:00:00+07:00,pj,True
suara-tamalanrea.example,Makassar,2020-08-10,32,0.386,0.65,-44,https://suara-tamalanrea.example/fixture/metrik/2020-08-10,,2026-09-09,2026-09-09T00:00:00+07:00,2026-09-09T00:00:00+07:00,pj,True
suara-tamalanrea.example,Makassar,2020-08-17,29,0.42,0.511,-37,https://suara-tamalanrea.example/fixture/metrik/2020-08-17,,2026-09-09,2026-09-09T00:00:00+07:00,2026-09-09T00:00:00+07:00,pj,True
suara-tamalanrea.example,Makassar,2020-08-24,39,0.416,0.579,-30,https://suara-tamalanrea.example/fixture/metrik/2020-08-24,,2026-09-09,2026-09-09T00:00:00+07:00,2026-09-09T00:00:00+07:00,pj,True
suara-tamalanrea.example,Makassar,2020-08-31,34,0.361,0.57,-23,https://suara-tamalanrea.example/fixture/metrik/2020-08-31,,2026-09-09,2026-09-09T00:00:00+07:00,2026-09-09T00:00:00+07:00,pj,True
suara-tamalanrea.example,Makassar,2020-09-07,24,0.432,0.705,-16,https://suara-tamalanrea.example/fixture/metrik/2020-09-07,,2026-09-09,2026-09-09T00:00:00+07:00,2026-09-09T00:00:00+07:00,pj,True
suara-tamalanrea.example,Makassar,2020-09-14,29,0.365,0.6,-9,https://suara-tamalanrea.example/fixture/metrik/2020-09-14,,2026-09-09,2026-09-09T00:00:00+07:00,2026-09-09T00:00:00+07:00,pj,True
suara-tamalanrea.example,Makassar,2020-09-21,40,0.355,0.626,-2,https://suara-tamalanrea.example/fixture/metrik/2020-09-21,,2026-09-09,2026-09-09T00:00:00+07:00,2026-09-09T00:00:00+07:00,pj,True
suara-tamalanrea.example,Makassar,2020-09-28,34,0.399,0.574,5,https://suara-tamalanrea.example/fixture/metrik/2020-09-28,,2026-09-09,2026-09-09T00:00:00+07:00,2026-09-09T00:00:00+07:00,pj,True
suara-tamalanrea.example,Makassar,2020-10-05,48,0.328,0.621,12,https://suara-tamalanrea.example/fixture/metrik/2020-10-05,,2026-09-09,2026-09-09T00:00:00+07:00,2026-09-09T00:00:00+07:00,pj,True
suara-tamalanrea.example,Makassar,2020-10-12,39,0.171,0.595,19,https://suara-tamalanrea.example/fixture/metrik/2020-10-12,,2026-09-09,2026-09-09T00:00:00+07:00,2026-09-09T00:00:00+07:00,pj,True
suara-tamalanrea.example,Makassar,2020-10-19,25,0.133,0.482,26,https://suara-tamalanrea.example/fixture/metrik/2020-10-19,,2026-09-09,2026-09-09T00:00:00+07:00,2026-09-09T00:00:00+07:00,pj,True
suara-tamalanrea.example,Makassar,2020-10-26,40,0.114,0.591,33,https://suara-tamalanrea.example/fixture/metrik/2020-10-26,,2026-09-09,2026-09-09T00:00:00+07:00,2026-09-09T00:00:00+07:00,pj,True
suara-tamalanrea.example,Makassar,2020-11-02,28,0.068,0.52,40,https://suara-tamalanrea.example/fixture/metrik/2020-11-02,,2026-09-09,2026-09-09T00:00:00+07:00,2026-09-09T00:00:00+07:00,pj,True
suara-tamalanrea.example,Makassar,2020-11-09,37,0.091,0.59,47,https://suara-tamalanrea.example/fixture/metrik/2020-11-09,,2026-09-09,2026-09-09T00:00:00+07:00,2026-09-09T00:00:00+07:00,pj,True
suara-tamalanrea.example,Makassar,2020-11-16,38,0.107,0.604,54,https://suara-tamalanrea.example/fixture/metrik/2020-11-16,,2026-09-09,2026-09-09T00:00:00+07:00,2026-09-09T00:00:00+07:00,pj,True
suara-tamalanrea.example,Makassar,2020-11-23,41,0.064,0.508,61,https://suara-tamalanrea.example/fixture/metrik/2020-11-23,,2026-09-09,2026-09-09T00:00:00+07:00,2026-09-09T00:00:00+07:00,pj,True
suara-tamalanrea.example,Makassar,2020-11-30,17,0.084,0.481,68,https://suara-tamalanrea.example/fixture/metrik/2020-11-30,,2026-09-09,2026-09-09T00:00:00+07:00,2026-09-09T00:00:00+07:00,pj,True
suara-tamalanrea.example,Makassar,2020-12-07,38,0.08,0.519,75,https://suara-tamalanrea.example/fixture/metrik/2020-12-07,,2026-09-09,2026-09-09T00:00:00+07:00,2026-09-09T00:00:00+07:00,pj,True
suara-tamalanrea.example,Makassar,2020-12-14,43,0.075,0.505,82,https://suara-tamalanrea.example/fixture/metrik/2020-12-14,,2026-09-09,2026-09-09T00:00:00+07:00,2026-09-09T00:00:00+07:00,pj,True
suara-tamalanrea.example,Makassar,2020-12-21,40,0.101,0.569,89,https://suara-tamalanrea.example/fixture/metrik/2020-12-21,,2026-09-09,2026-09-09T00:00:00+07:00,2026-09-09T00:00:00+07:00,pj,True
suara-tamalanrea.example,Makassar,2020-12-28,32,0.045,0.581,96,https://suara-tamalanrea.example/fixture/metrik/2020-12-28,,2026-09-09,2026-09-09T00:00:00+07:00,2026-09-09T00:00:00+07:00,pj,True
suara-tamalanrea.example,Makassar,2021-01-04,36,0.087,0.5,103,https://suara-tamalanrea.example/fixture/metrik/2021-01-04,,2026-09-09,2026-09-09T00:00:00+07:00,2026-09-09T00:00:00+07:00,pj,True
suara-tamalanrea.example,Makassar,2021-01-11,39,0.129,0.568,110,https://suara-tamalanrea.example/fixture/metrik/2021-01-11,,2026-09-09,2026-09-09T00:00:00+07:00,2026-09-09T00:00:00+07:00,pj,True
suara-tamalanrea.example,Makassar,2021-01-18,37,0.168,0.599,117,https://suara-tamalanrea.example/fixture/metrik/2021-01-18,,2026-09-09,2026-09-09T00:00:00+07:00,2026-09-09T00:00:00+07:00,pj,True
suara-tamalanrea.example,Makassar,2021-01-25,38,0.1,0.434,124,https://suara-tamalanrea.example/fixture/metrik/2021-01-25,,2026-09-09,2026-09-09T00:00:00+07:00,2026-09-09T00:00:00+07:00,pj,True
suara-tamalanrea.example,Makassar,2021-02-01,40,0.038,0.565,131,https://suara-tamalanrea.example/fixture/metrik/2021-02-01,,2026-09-09,2026-09-09T00:00:00+07:00,2026-09-09T00:00:00+07:00,pj,True
suara-tamalanrea.example,Makassar,2021-02-08,32,0.103,0.539,138,https://suara-tamalanrea.example/fixture/metrik/2021-02-08,,2026-09-09,2026-09-09T00:00:00+07:00,2026-09-09T00:00:00+07:00,pj,True
suara-tamalanrea.example,Makassar,2021-02-15,33,0.146,0.61,145,https://suara-tamalanrea.example/fixture/metrik/2021-02-15,,2026-09-09,2026-09-09T00:00:00+07:00,2026-09-09T00:00:00+07:00,pj,True
suara-tamalanrea.example,Makassar,2021-02-22,36,0.092,0.442,152,https://suara-tamalanrea.example/fixture/metrik/2021-02-22,,2026-09-09,2026-09-09T00:00:00+07:00,2026-09-09T00:00:00+07:00,pj,True
suara-tamalanrea.example,Makassar,2021-03-01,43,0.338,0.525,159,https://suara-tamalanrea.example/fixture/metrik/2021-03-01,,2026-09-09,2026-09-09T00:00:00+07:00,2026-09-09T00:00:00+07:00,danny2,True
suara-tamalanrea.example,Makassar,2021-03-08,57,0.335,0.581,166,https://suara-tamalanrea.example/fixture/metrik/2021-03-08,,2026-09-09,2026-09-09T00:00:00+07:00,2026-09-09T00:00:00+07:00,danny2,True
suara-tamalanrea.example,Makassar,2021-03-15,36,0.347,0.53,173,https://suara-tamalanrea.example/fixture/metrik/2021-03-15,,2026-09-09,2026-09-09T00:00:00+07:00,2026-09-09T00:00:00+07:00,danny2,True
suara-tamalanrea.example,Makassar,2021-03-22,32,0.313,0.605,180,https://suara-tamalanrea.example/fixture/metrik/2021-03-22,,2026-09-09,2026-09-09T00:00:00+07:00,2026-09-09T00:00:00+07:00,danny2,True
suara-tamalanrea.example,Makassar,2021-03-29,33,0.317,0.536,187,https://suara-tamalanrea.example/fixture/metrik/2021-03-29,,2026-09-09,2026-09-09T00:00:00+07:00,2026-09-09T00:00:00+07:00,danny2,True
suara-tamalanrea.example,Makassar,2021-04-05,37,0.314,0.411,194,https://suara-tamalanrea.example/fixture/metrik/2021-04-05,,2026-09-09,2026-09-09T00:00:00+07:00,2026-09-09T00:00:00+07:00,danny2,True
suara-tamalanrea.example,Makassar,2021-04-12,29,0.321,0.587,201,https://suara-tamalanrea.example/fixture/metrik/2021-04-12,,2026-09-09,2026-09-09T00:00:00+07:00,2026-09-09T00:00:00+07:00,danny2,True
suara-tamalanrea.example,Makassar,2021-04-19,38,0.344,0.56,208,https://suara-tamalanrea.example/fixture/metrik/2021-04-19,,2026-09-09,2026-09-09T00:00:00+07:00,2026-09-09T00:00:00+07:00,danny2,True
suara-tamalanrea.example,Makassar,2021-04-26,31,0.44,0.575,215,https://suara-tamalanrea.example/fixture/metrik/2021-04-26,,2026-09-09,2026-09-09T00:00:00+07:00,2026-09-09T00:00:00+07:00,danny2,True
suara-tamalanrea.example,Makassar,2021-05-03,43,0.296,0.527,222,https://suara-tamalanrea.example/fixture/metrik/2021-05-03,,2026-09-09,2026-09-09T00:00:00+07:00,2026-09-09T00:00:00+07:00,danny2,True
suara-tamalanrea.example,Makassar,2021-05-10,40,0.371,0.53,229,https://suara-tamalanrea.example/fixture/metrik/2021-05-10,,2026-09-09,2026-09-09T00:00:00+07:00,2026-09-09T00:00:00+07:00,danny2,True
suara-tamalanrea.example,Makassar,2021-05-17,53,0.358,0.497,236,https://suara-tamalanrea.example/fixture/metrik/2021-05-17,,2026-09-09,2026-09-09T00:00:00+07:00,2026-09-09T00:00:00+07:00,danny2,True
suara-tamalanrea.example,Makassar,2021-05-24,50,0.384,0.479,243,https://suara-tamalanrea.example/fixture/metrik/2021-05-24,,2026-09-09,2026-09-09T00:00:00+07:00,2026-09-09T00:00:00+07:00,danny2,True
suara-tamalanrea.example,Makassar,2021-05-31,35,0.319,0.59,250,https://suara-tamalanrea.example/fixture/metrik/2021-05-31,,2026-09-09,2026-09-09T00:00:00+07:00,2026-09-09T00:00:00+07:00,danny2,True
suara-tamalanrea.example,Makassar,2021-06-07,28,0.385,0.494,257,https://suara-tamalanrea.example/fixture/metrik/2021-06-07,,2026-09-09,2026-09-09T00:00:00+07:00,2026-09-09T00:00:00+07:00,danny2,True
suara-tamalanrea.example,Makassar,2021-06-14,53,0.341,0.55,264,https://suara-tamalanrea.example/fixture/metrik/2021-06-14,,2026-09-09,2026-09-09T00:00:00+07:00,2026-09-09T00:00:00+07:00,danny2,True
suara-tamalanrea.example,Makassar,2021-06-21,33,0.337,0.57,271,https://suara-tamalanrea.example/fixture/metrik/2021-06-21,,2026-09-09,2026-09-09T00:00:00+07:00,2026-09-09T00:00:00+07:00,danny2,True
suara-tamalanrea.example,Makassar,2021-06-28,40,0.321,0.573,278,https://suara-tamalanrea.example/fixture/metrik/2021-06-28,,2026-09-09,2026-09-09T00:00:00+07:00,2026-09-09T00:00:00+07:00,danny2,True
suara-tamalanrea.example,Makassar,2021-07-05,34,0.365,0.595,285,https://suara-tamalanrea.example/fixture/metrik/2021-07-05,,2026-09-09,2026-09-09T00:00:00+07:00,2026-09-09T00:00:00+07:00,danny2,True
suara-tamalanrea.example,Makassar,2021-07-12,46,0.336,0.588,292,https://suara-tamalanrea.example/fixture/metrik/2021-07-12,,2026-09-09,2026-09-09T00:00:00+07:00,2026-09-09T00:00:00+07:00,danny2,True
suara-tamalanrea.example,Makassar,2021-07-19,32,0.292,0.524,299,https://suara-tamalanrea.example/fixture/metrik/2021-07-19,,2026-09-09,2026-09-09T00:00:00+07:00,2026-09-09T00:00:00+07:00,danny2,True
suara-tamalanrea.example,Makassar,2021-07-26,46,0.349,0.533,306,https://suara-tamalanrea.example/fixture/metrik/2021-07-26,,2026-09-09,2026-09-09T00:00:00+07:00,2026-09-09T00:00:00+07:00,danny2,True
suara-tamalanrea.example,Makassar,2021-08-02,37,0.304,0.484,313,https://suara-tamalanrea.example/fixture/metrik/2021-08-02,,2026-09-09,2026-09-09T00:00:00+07:00,2026-09-09T00:00:00+07:00,danny2,True
suara-tamalanrea.example,Makassar,2021-08-09,45,0.319,0.601,320,https://suara-tamalanrea.example/fixture/metrik/2021-08-09,,2026-09-09,2026-09-09T00:00:00+07:00,2026-09-09T00:00:00+07:00,danny2,True
suara-tamalanrea.example,Makassar,2021-08-16,29,0.336,0.421,327,https://suara-tamalanrea.example/fixture/metrik/2021-08-16,,2026-09-09,2026-09-09T00:00:00+07:00,2026-09-09T00:00:00+07:00,danny2,True
suara-tamalanrea.example,Makassar,2021-08-23,36,0.317,0.528,334,https://suara-tamalanrea.example/fixture/metrik/2021-08-23,,2026-09-09,2026-09-09T00:00:00+07:00,2026-09-09T00:00:00+07:00,danny2,True
suara-tamalanrea.example,Makassar,2021-08-30,34,0.328,0.517,341,https://suara-tamalanrea.example/fixture/metrik/2021-08-30,,2026-09-09,2026-09-09T00:00:00+07:00,2026-09-09T00:00:00+07:00,danny2,True
suara-tamalanrea.example,Makassar,2021-09-06,45,0.377,0.482,348,https://suara-tamalanrea.example/fixture/metrik/2021-09-06,,2026-09-09,2026-09-09T00:00:00+07:00,2026-09-09T00:00:00+07:00,danny2,True
suara-tamalanrea.example,Makassar,2021-09-13,29,0.367,0.523,355,https://suara-tamalanrea.example/fixture/metrik/2021-09-13,,2026-09-09,2026-09-09T00:00:00+07:00,2026-09-09T00:00:00+07:00,danny2,True
suara-tamalanrea.example,Makassar,2021-09-20,49,0.369,0.544,362,https://suara-tamalanrea.example/fixture/metrik/2021-09-20,,2026-09-09,2026-09-09T00:00:00+07:00,2026-09-09T00:00:00+07:00,danny2,True
suara-tamalanrea.example,Makassar,2021-09-27,39,0.395,0.488,369,https://suara-tamalanrea.example/fixture/metrik/2021-09-27,,2026-09-09,2026-09-09T00:00:00+07:00,2026-09-09T00:00:00+07:00,danny2,True
suara-tamalanrea.example,Makassar,2021-10-04,39,0.399,0.574,376,https://suara-tamalanrea.example/fixture/metrik/2021-10-04,,2026-09-09,2026-09-09T00:00:00+07:00,2026-09-09T00:00:00+07:00,danny2,True
suara-tamalanrea.example,Makassar,2021-10-11,49,0.377,0.507,383,https://suara-tamalanrea.example/fixture/metrik/2021-10-11,,2026-09-09,2026-09-09T00:00:00+07:00,2026-09-09T00:00:00+07:00,danny2,True
suara-tamalanrea.example,Makassar,2021-10-18,30,0.348,0.495,390,https://suara-tamalanrea.example/fixture/metrik/2021-10-18,,2026-09-09,2026-09-09T00:00:00+07:00,2026-09-09T00:00:00+07:00,danny2,True
suara-tamalanrea.example,Makassar,2021-10-25,28,0.33,0.525,397,https://suara-tamalanrea.example/fixture/metrik/2021-10-25,,2026-09-09,2026-09-09T00:00:00+07:00,2026-09-09T00:00:00+07:00,danny2,True
suara-tamalanrea.example,Makassar,2021-11-01,44,0.312,0.507,404,https://suara-tamalanrea.example/fixture/metrik/2021-11-01,,2026-09-09,2026-09-09T00:00:00+07:00,2026-09-09T00:00:00+07:00,danny2,True
suara-tamalanrea.example,Makassar,2021-11-08,33,0.373,0.511,411,https://suara-tamalanrea.example/fixture/metrik/2021-11-08,,2026-09-09,2026-09-09T00:00:00+07:00,2026-09-09T00:00:00+07:00,danny2,True
suara-tamalanrea.example,Makassar,2021-11-15,41,0.323,0.5,418,https://suara-tamalanrea.example/fixture/metrik/2021-11-15,,2026-09-09,2026-09-09T00:00:00+07:00,2026-09-09T00:00:00+07:00,danny2,True
suara-tamalanrea.example,Makassar,2021-11-22,39,0.283,0.481,425,https://suara-tamalanrea.example/fixture/metrik/2021-11-22,,2026-09-09,2026-09-09T00:00:00+07:00,2026-09-09T00:00:00+07:00,danny2,True
suara-tamalanrea.example,Makassar,2021-11-29,34,0.409,0.591,432,https://suara-tamalanrea.example/fixture/metrik/2021-11-29,,2026-09-09,2026-09-09T00:00:00+07:00,2026-09-09T00:00:00+07:00,danny2,True
suara-tamalanrea.example,Makassar,2021-12-06,41,0.286,0.499,439,https://suara-tamalanrea.example/fixture/metrik/2021-12-06,,2026-09-09,2026-09-09T00:00:00+07:00,2026-09-09T00:00:00+07:00,danny2,True
suara-tamalanrea.example,Makassar,2021-12-13,36,0.363,0.537,446,https://suara-tamalanrea.example/fixture/metrik/2021-12-13,,2026-09-09,2026-09-09T00:00:00+07:00,2026-09-09T00:00:00+07:00,danny2,True
suara-tamalanrea.example,Makassar,2021-12-20,32,0.361,0.553,453,https://suara-tamalanrea.example/fixture/metrik/2021-12-20,,2026-09-09,2026-09-09T00:00:00+07:00,2026-09-09T00:00:00+07:00,danny2,True
suara-tamalanrea.example,Makassar,2021-12-27,54,0.3,0.497,460,https://suara-tamalanrea.example/fixture/metrik/2021-12-27,,2026-09-09,2026-09-09T00:00:00+07:00,2026-09-09T00:00:00+07:00,danny2,True
suara-tamalanrea.example,Makassar,2022-01-03,26,0.355,0.491,467,https://suara-tamalanrea.example/fixture/metrik/2022-01-03,,2026-09-09,2026-09-09T00:00:00+07:00,2026-09-09T00:00:00+07:00,danny2,True
suara-tamalanrea.example,Makassar,2022-01-10,43,0.377,0.538,474,https://suara-tamalanrea.example/fixture/metrik/2022-01-10,,2026-09-09,2026-09-09T00:00:00+07:00,2026-09-09T00:00:00+07:00,danny2,True
suara-tamalanrea.example,Makassar,2022-01-17,44,0.353,0.441,481,https://suara-tamalanrea.example/fixture/metrik/2022-01-17,,2026-09-09,2026-09-09T00:00:00+07:00,2026-09-09T00:00:00+07:00,danny2,True
suara-tamalanrea.example,Makassar,2022-01-24,33,0.314,0.539,488,https://suara-tamalanrea.example/fixture/metrik/2022-01-24,,2026-09-09,2026-09-09T00:00:00+07:00,2026-09-09T00:00:00+07:00,danny2,True
suara-tamalanrea.example,Makassar,2022-01-31,41,0.295,0.46,495,https://suara-tamalanrea.example/fixture/metrik/2022-01-31,,2026-09-09,2026-09-09T00:00:00+07:00,2026-09-09T00:00:00+07:00,danny2,True
suara-tamalanrea.example,Makassar,2022-02-07,41,0.377,0.468,502,https://suara-tamalanrea.example/fixture/metrik/2022-02-07,,2026-09-09,2026-09-09T00:00:00+07:00,2026-09-09T00:00:00+07:00,danny2,True
suara-tamalanrea.example,Makassar,2022-02-14,42,0.29,0.513,509,https://suara-tamalanrea.example/fixture/metrik/2022-02-14,,2026-09-09,2026-09-09T00:00:00+07:00,2026-09-09T00:00:00+07:00,danny2,True
suara-tamalanrea.example,Makassar,2022-02-21,48,0.369,0.569,516,https://suara-tamalanrea.example/fixture/metrik/2022-02-21,,2026-09-09,2026-09-09T00:00:00+07:00,2026-09-09T00:00:00+07:00,danny2,True
suara-tamalanrea.example,Makassar,2022-02-28,47,0.345,0.488,523,https://suara-tamalanrea.example/fixture/metrik/2022-02-28,,2026-09-09,2026-09-09T00:00:00+07:00,2026-09-09T00:00:00+07:00,danny2,True
suara-tamalanrea.example,Makassar,2022-03-07,44,0.378,0.57,530,https://suara-tamalanrea.example/fixture/metrik/2022-03-07,,2026-09-09,2026-09-09T00:00:00+07:00,2026-09-09T00:00:00+07:00,danny2,True
suara-tamalanrea.example,Makassar,2022-03-14,36,0.343,0.592,537,https://suara-tamalanrea.example/fixture/metrik/2022-03-14,,2026-09-09,2026-09-09T00:00:00+07:00,2026-09-09T00:00:00+07:00,danny2,True
suara-tamalanrea.example,Makassar,2022-03-21,46,0.329,0.489,544,https://suara-tamalanrea.example/fixture/metrik/2022-03-21,,2026-09-09,2026-09-09T00:00:00+07:00,2026-09-09T00:00:00+07:00,danny2,True
suara-tamalanrea.example,Makassar,2022-03-28,50,0.342,0.577,551,https://suara-tamalanrea.example/fixture/metrik/2022-03-28,,2026-09-09,2026-09-09T00:00:00+07:00,2026-09-09T00:00:00+07:00,danny2,True
suara-tamalanrea.example,Makassar,2022-04-04,41,0.377,0.523,558,https://suara-tamalanrea.example/fixture/metrik/2022-04-04,,2026-09-09,2026-09-09T00:00:00+07:00,2026-09-09T00:00:00+07:00,danny2,True
suara-tamalanrea.example,Makassar,2022-04-11,36,0.334,0.544,565,https://suara-tamalanrea.example/fixture/metrik/2022-04-11,,2026-09-09,2026-09-09T00:00:00+07:00,2026-09-09T00:00:00+07:00,danny2,True
suara-tamalanrea.example,Makassar,2022-04-18,33,0.281,0.54,572,https://suara-tamalanrea.example/fixture/metrik/2022-04-18,,2026-09-09,2026-09-09T00:00:00+07:00,2026-09-09T00:00:00+07:00,danny2,True
suara-tamalanrea.example,Makassar,2022-04-25,42,0.328,0.567,579,https://suara-tamalanrea.example/fixture/metrik/2022-04-25,,2026-09-09,2026-09-09T00:00:00+07:00,2026-09-09T00:00:00+07:00,danny2,True
suara-tamalanrea.example,Makassar,2022-05-02,46,0.362,0.533,586,https://suara-tamalanrea.example/fixture/metrik/2022-05-02,,2026-09-09,2026-09-09T00:00:00+07:00,2026-09-09T00:00:00+07:00,danny2,True
suara-tamalanrea.example,Makassar,2022-05-09,35,0.379,0.584,593,https://suara-tamalanrea.example/fixture/metrik/2022-05-09,,2026-09-09,2026-09-09T00:00:00+07:00,2026-09-09T00:00:00+07:00,danny2,True
suara-tamalanrea.example,Makassar,2022-05-16,40,0.368,0.473,600,https://suara-tamalanrea.example/fixture/metrik/2022-05-16,,2026-09-09,2026-09-09T00:00:00+07:00,2026-09-09T00:00:00+07:00,danny2,True
suara-tamalanrea.example,Makassar,2022-05-23,29,0.356,0.489,607,https://suara-tamalanrea.example/fixture/metrik/2022-05-23,,2026-09-09,2026-09-09T00:00:00+07:00,2026-09-09T00:00:00+07:00,danny2,True
suara-tamalanrea.example,Makassar,2022-05-30,23,0.334,0.509,614,https://suara-tamalanrea.example/fixture/metrik/2022-05-30,,2026-09-09,2026-09-09T00:00:00+07:00,2026-09-09T00:00:00+07:00,danny2,True
suara-tamalanrea.example,Makassar,2022-06-06,36,0.362,0.539,621,https://suara-tamalanrea.example/fixture/metrik/2022-06-06,,2026-09-09,2026-09-09T00:00:00+07:00,2026-09-09T00:00:00+07:00,danny2,True
suara-tamalanrea.example,Makassar,2022-06-13,32,0.334,0.503,628,https://suara-tamalanrea.example/fixture/metrik/2022-06-13,,2026-09-09,2026-09-09T00:00:00+07:00,2026-09-09T00:00:00+07:00,danny2,True
suara-tamalanrea.example,Makassar,2022-06-20,43,0.33,0.579,635,https://suara-tamalanrea.example/fixture/metrik/2022-06-20,,2026-09-09,2026-09-09T00:00:00+07:00,2026-09-09T00:00:00+07:00,danny2,True
suara-tamalanrea.example,Makassar,2022-06-27,37,0.344,0.536,642,https://suara-tamalanrea.example/fixture/metrik/2022-06-27,,2026-09-09,2026-09-09T00:00:00+07:00,2026-09-09T00:00:00+07:00,danny2,True
suara-tamalanrea.example,Makassar,2022-07-04,22,0.341,0.555,649,https://suara-tamalanrea.example/fixture/metrik/2022-07-04,,2026-09-09,2026-09-09T00:00:00+07:00,2026-09-09T00:00:00+07:00,danny2,True
suara-tamalanrea.example,Makassar,2022-07-11,45,0.352,0.512,656,https://suara-tamalanrea.example/fixture/metrik/2022-07-11,,2026-09-09,2026-09-09T00:00:00+07:00,2026-09-09T00:00:00+07:00,danny2,True
suara-tamalanrea.example,Makassar,2022-07-18,46,0.363,0.534,663,https://suara-tamalanrea.example/fixture/metrik/2022-07-18,,2026-09-09,2026-09-09T00:00:00+07:00,2026-09-09T00:00:00+07:00,danny2,True
suara-tamalanrea.example,Makassar,2022-07-25,35,0.352,0.405,670,https://suara-tamalanrea.example/fixture/metrik/2022-07-25,,2026-09-09,2026-09-09T00:00:00+07:00,2026-09-09T00:00:00+07:00,danny2,True
suara-tamalanrea.example,Makassar,2022-08-01,39,0.335,0.546,677,https://suara-tamalanrea.example/fixture/metrik/2022-08-01,,2026-09-09,2026-09-09T00:00:00+07:00,2026-09-09T00:00:00+07:00,danny2,True
suara-tamalanrea.example,Makassar,2022-08-08,40,0.376,0.484,684,https://suara-tamalanrea.example/fixture/metrik/2022-08-08,,2026-09-09,2026-09-09T00:00:00+07:00,2026-09-09T00:00:00+07:00,danny2,True
suara-tamalanrea.example,Makassar,2022-08-15,37,0.374,0.546,691,https://suara-tamalanrea.example/fixture/metrik/2022-08-15,,2026-09-09,2026-09-09T00:00:00+07:00,2026-09-09T00:00:00+07:00,danny2,True
suara-tamalanrea.example,Makassar,2022-08-22,42,0.399,0.539,698,https://suara-tamalanrea.example/fixture/metrik/2022-08-22,,2026-09-09,2026-09-09T00:00:00+07:00,2026-09-09T00:00:00+07:00,danny2,True
suara-tamalanrea.example,Makassar,2022-08-29,47,0.328,0.545,705,https://suara-tamalanrea.example/fixture/metrik/2022-08-29,,2026-09-09,2026-09-09T00:00:00+07:00,2026-09-09T00:00:00+07:00,danny2,True
suara-tamalanrea.example,Makassar,2022-09-05,28,0.344,0.428,712,https://suara-tamalanrea.example/fixture/metrik/2022-09-05,,2026-09-09,2026-09-09T00:00:00+07:00,2026-09-09T00:00:00+07:00,danny2,True
suara-tamalanrea.example,Makassar,2022-09-12,40,0.324,0.507,719,https://suara-tamalanrea.example/fixture/metrik/2022-09-12,,2026-09-09,2026-09-09T00:00:00+07:00,2026-09-09T00:00:00+07:00,danny2,True
suara-tamalanrea.example,Makassar,2022-09-19,45,0.302,0.57,726,https://suara-tamalanrea.example/fixture/metrik/2022-09-19,,2026-09-09,2026-09-09T00:00:00+07:00,2026-09-09T00:00:00+07:00,danny2,True
suara-tamalanrea.example,Makassar,2022-09-26,30,0.377,0.498,-727,https://suara-tamalanrea.example/fixture/metrik/2022-09-26,,2026-09-09,2026-09-09T00:00:00+07:00,2026-09-09T00:00:00+07:00,danny2,True
suara-tamalanrea.example,Makassar,2022-10-03,35,0.328,0.55,-720,https://suara-tamalanrea.example/fixture/metrik/2022-10-03,,2026-09-09,2026-09-09T00:00:00+07:00,2026-09-09T00:00:00+07:00,danny2,True
suara-tamalanrea.example,Makassar,2022-10-10,48,0.319,0.503,-713,https://suara-tamalanrea.example/fixture/metrik/2022-10-10,,2026-09-09,2026-09-09T00:00:00+07:00,2026-09-09T00:00:00+07:00,danny2,True
suara-tamalanrea.example,Makassar,2022-10-17,36,0.329,0.467,-706,https://suara-tamalanrea.example/fixture/metrik/2022-10-17,,2026-09-09,2026-09-09T00:00:00+07:00,2026-09-09T00:00:00+07:00,danny2,True
suara-tamalanrea.example,Makassar,2022-10-24,51,0.32,0.508,-699,https://suara-tamalanrea.example/fixture/metrik/2022-10-24,,2026-09-09,2026-09-09T00:00:00+07:00,2026-09-09T00:00:00+07:00,danny2,True
suara-tamalanrea.example,Makassar,2022-10-31,38,0.375,0.617,-692,https://suara-tamalanrea.example/fixture/metrik/2022-10-31,,2026-09-09,2026-09-09T00:00:00+07:00,2026-09-09T00:00:00+07:00,danny2,True
suara-tamalanrea.example,Makassar,2022-11-07,40,0.364,0.373,-685,https://suara-tamalanrea.example/fixture/metrik/2022-11-07,,2026-09-09,2026-09-09T00:00:00+07:00,2026-09-09T00:00:00+07:00,danny2,True
suara-tamalanrea.example,Makassar,2022-11-14,25,0.398,0.501,-678,https://suara-tamalanrea.example/fixture/metrik/2022-11-14,,2026-09-09,2026-09-09T00:00:00+07:00,2026-09-09T00:00:00+07:00,danny2,True
suara-tamalanrea.example,Makassar,2022-11-21,29,0.341,0.505,-671,https://suara-tamalanrea.example/fixture/metrik/2022-11-21,,2026-09-09,2026-09-09T00:00:00+07:00,2026-09-09T00:00:00+07:00,danny2,True
suara-tamalanrea.example,Makassar,2022-11-28,38,0.336,0.549,-664,https://suara-tamalanrea.example/fixture/metrik/2022-11-28,,2026-09-09,2026-09-09T00:00:00+07:00,2026-09-09T00:00:00+07:00,danny2,True
suara-tamalanrea.example,Makassar,2022-12-05,32,0.323,0.561,-657,https://suara-tamalanrea.example/fixture/metrik/2022-12-05,,2026-09-09,2026-09-09T00:00:00+07:00,2026-09-09T00:00:00+07:00,danny2,True
suara-tamalanrea.example,Makassar,2022-12-12,32,0.337,0.452,-650,https://suara-tamalanrea.example/fixture/metrik/2022-12-12,,2026-09-09,2026-09-09T00:00:00+07:00,2026-09-09T00:00:00+07:00,danny2,True
suara-tamalanrea.example,Makassar,2022-12-19,44,0.366,0.562,-643,https://suara-tamalanrea.example/fixture/metrik/2022-12-19,,2026-09-09,2026-09-09T00:00:00+07:00,2026-09-09T00:00:00+07:00,danny2,True
suara-tamalanrea.example,Makassar,2022-12-26,40,0.374,0.49,-636,https://suara-tamalanrea.example/fixture/metrik/2022-12-26,,2026-09-09,2026-09-09T00:00:00+07:00,2026-09-09T00:00:00+07:00,danny2,True
suara-tamalanrea.example,Makassar,2023-01-02,36,0.34,0.548,-629,https://suara-tamalanrea.example/fixture/metrik/2023-01-02,,2026-09-09,2026-09-09T00:00:00+07:00,2026-09-09T00:00:00+07:00,danny2,True
suara-tamalanrea.example,Makassar,2023-01-09,38,0.337,0.496,-622,https://suara-tamalanrea.example/fixture/metrik/2023-01-09,,2026-09-09,2026-09-09T00:00:00+07:00,2026-09-09T00:00:00+07:00,danny2,True
suara-tamalanrea.example,Makassar,2023-01-16,36,0.378,0.551,-615,https://suara-tamalanrea.example/fixture/metrik/2023-01-16,,2026-09-09,2026-09-09T00:00:00+07:00,2026-09-09T00:00:00+07:00,danny2,True
suara-tamalanrea.example,Makassar,2023-01-23,32,0.326,0.555,-608,https://suara-tamalanrea.example/fixture/metrik/2023-01-23,,2026-09-09,2026-09-09T00:00:00+07:00,2026-09-09T00:00:00+07:00,danny2,True
suara-tamalanrea.example,Makassar,2023-01-30,44,0.352,0.518,-601,https://suara-tamalanrea.example/fixture/metrik/2023-01-30,,2026-09-09,2026-09-09T00:00:00+07:00,2026-09-09T00:00:00+07:00,danny2,True
suara-tamalanrea.example,Makassar,2023-02-06,40,0.374,0.53,-594,https://suara-tamalanrea.example/fixture/metrik/2023-02-06,,2026-09-09,2026-09-09T00:00:00+07:00,2026-09-09T00:00:00+07:00,danny2,True
suara-tamalanrea.example,Makassar,2023-02-13,40,0.368,0.506,-587,https://suara-tamalanrea.example/fixture/metrik/2023-02-13,,2026-09-09,2026-09-09T00:00:00+07:00,2026-09-09T00:00:00+07:00,danny2,True
suara-tamalanrea.example,Makassar,2023-02-20,29,0.424,0.545,-580,https://suara-tamalanrea.example/fixture/metrik/2023-02-20,,2026-09-09,2026-09-09T00:00:00+07:00,2026-09-09T00:00:00+07:00,danny2,True
suara-tamalanrea.example,Makassar,2023-02-27,50,0.352,0.53,-573,https://suara-tamalanrea.example/fixture/metrik/2023-02-27,,2026-09-09,2026-09-09T00:00:00+07:00,2026-09-09T00:00:00+07:00,danny2,True
suara-tamalanrea.example,Makassar,2023-03-06,42,0.308,0.489,-566,https://suara-tamalanrea.example/fixture/metrik/2023-03-06,,2026-09-09,2026-09-09T00:00:00+07:00,2026-09-09T00:00:00+07:00,danny2,True
suara-tamalanrea.example,Makassar,2023-03-13,35,0.344,0.473,-559,https://suara-tamalanrea.example/fixture/metrik/2023-03-13,,2026-09-09,2026-09-09T00:00:00+07:00,2026-09-09T00:00:00+07:00,danny2,True
suara-tamalanrea.example,Makassar,2023-03-20,39,0.347,0.553,-552,https://suara-tamalanrea.example/fixture/metrik/2023-03-20,,2026-09-09,2026-09-09T00:00:00+07:00,2026-09-09T00:00:00+07:00,danny2,True
suara-tamalanrea.example,Makassar,2023-03-27,35,0.303,0.56,-545,https://suara-tamalanrea.example/fixture/metrik/2023-03-27,,2026-09-09,2026-09-09T00:00:00+07:00,2026-09-09T00:00:00+07:00,danny2,True
suara-tamalanrea.example,Makassar,2023-04-03,33,0.369,0.585,-538,https://suara-tamalanrea.example/fixture/metrik/2023-04-03,,2026-09-09,2026-09-09T00:00:00+07:00,2026-09-09T00:00:00+07:00,danny2,True
suara-tamalanrea.example,Makassar,2023-04-10,27,0.294,0.574,-531,https://suara-tamalanrea.example/fixture/metrik/2023-04-10,,2026-09-09,2026-09-09T00:00:00+07:00,2026-09-09T00:00:00+07:00,danny2,True
suara-tamalanrea.example,Makassar,2023-04-17,45,0.375,0.457,-524,https://suara-tamalanrea.example/fixture/metrik/2023-04-17,,2026-09-09,2026-09-09T00:00:00+07:00,2026-09-09T00:00:00+07:00,danny2,True
suara-tamalanrea.example,Makassar,2023-04-24,47,0.329,0.506,-517,https://suara-tamalanrea.example/fixture/metrik/2023-04-24,,2026-09-09,2026-09-09T00:00:00+07:00,2026-09-09T00:00:00+07:00,danny2,True
suara-tamalanrea.example,Makassar,2023-05-01,33,0.342,0.427,-510,https://suara-tamalanrea.example/fixture/metrik/2023-05-01,,2026-09-09,2026-09-09T00:00:00+07:00,2026-09-09T00:00:00+07:00,danny2,True
suara-tamalanrea.example,Makassar,2023-05-08,45,0.343,0.562,-503,https://suara-tamalanrea.example/fixture/metrik/2023-05-08,,2026-09-09,2026-09-09T00:00:00+07:00,2026-09-09T00:00:00+07:00,danny2,True
suara-tamalanrea.example,Makassar,2023-05-15,35,0.411,0.501,-496,https://suara-tamalanrea.example/fixture/metrik/2023-05-15,,2026-09-09,2026-09-09T00:00:00+07:00,2026-09-09T00:00:00+07:00,danny2,True
suara-tamalanrea.example,Makassar,2023-05-22,33,0.319,0.492,-489,https://suara-tamalanrea.example/fixture/metrik/2023-05-22,,2026-09-09,2026-09-09T00:00:00+07:00,2026-09-09T00:00:00+07:00,danny2,True
suara-tamalanrea.example,Makassar,2023-05-29,32,0.304,0.533,-482,https://suara-tamalanrea.example/fixture/metrik/2023-05-29,,2026-09-09,2026-09-09T00:00:00+07:00,2026-09-09T00:00:00+07:00,danny2,True
suara-tamalanrea.example,Makassar,2023-06-05,32,0.411,0.535,-475,https://suara-tamalanrea.example/fixture/metrik/2023-06-05,,2026-09-09,2026-09-09T00:00:00+07:00,2026-09-09T00:00:00+07:00,danny2,True
suara-tamalanrea.example,Makassar,2023-06-12,39,0.363,0.569,-468,https://suara-tamalanrea.example/fixture/metrik/2023-06-12,,2026-09-09,2026-09-09T00:00:00+07:00,2026-09-09T00:00:00+07:00,danny2,True
suara-tamalanrea.example,Makassar,2023-06-19,34,0.302,0.52,-461,https://suara-tamalanrea.example/fixture/metrik/2023-06-19,,2026-09-09,2026-09-09T00:00:00+07:00,2026-09-09T00:00:00+07:00,danny2,True
suara-tamalanrea.example,Makassar,2023-06-26,38,0.349,0.588,-454,https://suara-tamalanrea.example/fixture/metrik/2023-06-26,,2026-09-09,2026-09-09T00:00:00+07:00,2026-09-09T00:00:00+07:00,danny2,True
suara-tamalanrea.example,Makassar,2023-07-03,44,0.336,0.479,-447,https://suara-tamalanrea.example/fixture/metrik/2023-07-03,,2026-09-09,2026-09-09T00:00:00+07:00,2026-09-09T00:00:00+07:00,danny2,True
suara-tamalanrea.example,Makassar,2023-07-10,31,0.363,0.555,-440,https://suara-tamalanrea.example/fixture/metrik/2023-07-10,,2026-09-09,2026-09-09T00:00:00+07:00,2026-09-09T00:00:00+07:00,danny2,True
suara-tamalanrea.example,Makassar,2023-07-17,40,0.426,0.489,-433,https://suara-tamalanrea.example/fixture/metrik/2023-07-17,,2026-09-09,2026-09-09T00:00:00+07:00,2026-09-09T00:00:00+07:00,danny2,True
suara-tamalanrea.example,Makassar,2023-07-24,38,0.321,0.511,-426,https://suara-tamalanrea.example/fixture/metrik/2023-07-24,,2026-09-09,2026-09-09T00:00:00+07:00,2026-09-09T00:00:00+07:00,danny2,True
suara-tamalanrea.example,Makassar,2023-07-31,31,0.367,0.56,-419,https://suara-tamalanrea.example/fixture/metrik/2023-07-31,,2026-09-09,2026-09-09T00:00:00+07:00,2026-09-09T00:00:00+07:00,danny2,True
suara-tamalanrea.example,Makassar,2023-08-07,45,0.331,0.506,-412,https://suara-tamalanrea.example/fixture/metrik/2023-08-07,,2026-09-09,2026-09-09T00:00:00+07:00,2026-09-09T00:00:00+07:00,danny2,True
suara-tamalanrea.example,Makassar,2023-08-14,46,0.334,0.523,-405,https://suara-tamalanrea.example/fixture/metrik/2023-08-14,,2026-09-09,2026-09-09T00:00:00+07:00,2026-09-09T00:00:00+07:00,danny2,True
suara-tamalanrea.example,Makassar,2023-08-21,38,0.355,0.523,-398,https://suara-tamalanrea.example/fixture/metrik/2023-08-21,,2026-09-09,2026-09-09T00:00:00+07:00,2026-09-09T00:00:00+07:00,danny2,True
suara-tamalanrea.example,Makassar,2023-08-28,39,0.304,0.515,-391,https://suara-tamalanrea.example/fixture/metrik/2023-08-28,,2026-09-09,2026-09-09T00:00:00+07:00,2026-09-09T00:00:00+07:00,danny2,True
suara-tamalanrea.example,Makassar,2023-09-04,28,0.385,0.521,-384,https://suara-tamalanrea.example/fixture/metrik/2023-09-04,,2026-09-09,2026-09-09T00:00:00+07:00,2026-09-09T00:00:00+07:00,danny2,True
suara-tamalanrea.example,Makassar,2023-09-11,37,0.364,0.588,-377,https://suara-tamalanrea.example/fixture/metrik/2023-09-11,,2026-09-09,2026-09-09T00:00:00+07:00,2026-09-09T00:00:00+07:00,danny2,True
suara-tamalanrea.example,Makassar,2023-09-18,44,0.313,0.544,-370,https://suara-tamalanrea.example/fixture/metrik/2023-09-18,,2026-09-09,2026-09-09T00:00:00+07:00,2026-09-09T00:00:00+07:00,danny2,True
suara-tamalanrea.example,Makassar,2023-09-25,51,0.304,0.504,-363,https://suara-tamalanrea.example/fixture/metrik/2023-09-25,,2026-09-09,2026-09-09T00:00:00+07:00,2026-09-09T00:00:00+07:00,danny2,True
suara-tamalanrea.example,Makassar,2023-10-02,43,0.286,0.51,-356,https://suara-tamalanrea.example/fixture/metrik/2023-10-02,,2026-09-09,2026-09-09T00:00:00+07:00,2026-09-09T00:00:00+07:00,danny2,True
suara-tamalanrea.example,Makassar,2023-10-09,43,0.358,0.588,-349,https://suara-tamalanrea.example/fixture/metrik/2023-10-09,,2026-09-09,2026-09-09T00:00:00+07:00,2026-09-09T00:00:00+07:00,danny2,True
suara-tamalanrea.example,Makassar,2023-10-16,34,0.346,0.544,-342,https://suara-tamalanrea.example/fixture/metrik/2023-10-16,,2026-09-09,2026-09-09T00:00:00+07:00,2026-09-09T00:00:00+07:00,danny2,True
suara-tamalanrea.example,Makassar,2023-10-23,43,0.384,0.429,-335,https://suara-tamalanrea.example/fixture/metrik/2023-10-23,,2026-09-09,2026-09-09T00:00:00+07:00,2026-09-09T00:00:00+07:00,danny2,True
suara-tamalanrea.example,Makassar,2023-10-30,31,0.296,0.486,-328,https://suara-tamalanrea.example/fixture/metrik/2023-10-30,,2026-09-09,2026-09-09T00:00:00+07:00,2026-09-09T00:00:00+07:00,danny2,True
suara-tamalanrea.example,Makassar,2023-11-06,44,0.34,0.409,-321,https://suara-tamalanrea.example/fixture/metrik/2023-11-06,,2026-09-09,2026-09-09T00:00:00+07:00,2026-09-09T00:00:00+07:00,danny2,True
suara-tamalanrea.example,Makassar,2023-11-13,40,0.337,0.508,-314,https://suara-tamalanrea.example/fixture/metrik/2023-11-13,,2026-09-09,2026-09-09T00:00:00+07:00,2026-09-09T00:00:00+07:00,danny2,True
suara-tamalanrea.example,Makassar,2023-11-20,33,0.341,0.507,-307,https://suara-tamalanrea.example/fixture/metrik/2023-11-20,,2026-09-09,2026-09-09T00:00:00+07:00,2026-09-09T00:00:00+07:00,danny2,True
suara-tamalanrea.example,Makassar,2023-11-27,45,0.37,0.577,-300,https://suara-tamalanrea.example/fixture/metrik/2023-11-27,,2026-09-09,2026-09-09T00:00:00+07:00,2026-09-09T00:00:00+07:00,danny2,True
suara-tamalanrea.example,Makassar,2023-12-04,31,0.344,0.539,-293,https://suara-tamalanrea.example/fixture/metrik/2023-12-04,,2026-09-09,2026-09-09T00:00:00+07:00,2026-09-09T00:00:00+07:00,danny2,True
suara-tamalanrea.example,Makassar,2023-12-11,32,0.295,0.53,-286,https://suara-tamalanrea.example/fixture/metrik/2023-12-11,,2026-09-09,2026-09-09T00:00:00+07:00,2026-09-09T00:00:00+07:00,danny2,True
suara-tamalanrea.example,Makassar,2023-12-18,24,0.343,0.597,-279,https://suara-tamalanrea.example/fixture/metrik/2023-12-18,,2026-09-09,2026-09-09T00:00:00+07:00,2026-09-09T00:00:00+07:00,danny2,True
suara-tamalanrea.example,Makassar,2023-12-25,38,0.345,0.611,-272,https://suara-tamalanrea.example/fixture/metrik/2023-12-25,,2026-09-09,2026-09-09T00:00:00+07:00,2026-09-09T00:00:00+07:00,danny2,True
suara-tamalanrea.example,Makassar,2024-01-01,38,0.38,0.539,-265,https://suara-tamalanrea.example/fixture/metrik/2024-01-01,,2026-09-09,2026-09-09T00:00:00+07:00,2026-09-09T00:00:00+07:00,danny2,True
suara-tamalanrea.example,Makassar,2024-01-08,30,0.324,0.473,-258,https://suara-tamalanrea.example/fixture/metrik/2024-01-08,,2026-09-09,2026-09-09T00:00:00+07:00,2026-09-09T00:00:00+07:00,danny2,True
suara-tamalanrea.example,Makassar,2024-01-15,44,0.355,0.527,-251,https://suara-tamalanrea.example/fixture/metrik/2024-01-15,,2026-09-09,2026-09-09T00:00:00+07:00,2026-09-09T00:00:00+07:00,danny2,True
suara-tamalanrea.example,Makassar,2024-01-22,30,0.382,0.567,-244,https://suara-tamalanrea.example/fixture/metrik/2024-01-22,,2026-09-09,2026-09-09T00:00:00+07:00,2026-09-09T00:00:00+07:00,danny2,True
suara-tamalanrea.example,Makassar,2024-01-29,42,0.366,0.386,-237,https://suara-tamalanrea.example/fixture/metrik/2024-01-29,,2026-09-09,2026-09-09T00:00:00+07:00,2026-09-09T00:00:00+07:00,danny2,True
suara-tamalanrea.example,Makassar,2024-02-05,42,0.319,0.41,-230,https://suara-tamalanrea.example/fixture/metrik/2024-02-05,,2026-09-09,2026-09-09T00:00:00+07:00,2026-09-09T00:00:00+07:00,danny2,True
suara-tamalanrea.example,Makassar,2024-02-12,36,0.371,0.581,-223,https://suara-tamalanrea.example/fixture/metrik/2024-02-12,,2026-09-09,2026-09-09T00:00:00+07:00,2026-09-09T00:00:00+07:00,danny2,True
suara-tamalanrea.example,Makassar,2024-02-19,34,0.287,0.541,-216,https://suara-tamalanrea.example/fixture/metrik/2024-02-19,,2026-09-09,2026-09-09T00:00:00+07:00,2026-09-09T00:00:00+07:00,danny2,True
suara-tamalanrea.example,Makassar,2024-02-26,35,0.366,0.479,-209,https://suara-tamalanrea.example/fixture/metrik/2024-02-26,,2026-09-09,2026-09-09T00:00:00+07:00,2026-09-09T00:00:00+07:00,danny2,True
suara-tamalanrea.example,Makassar,2024-03-04,34,0.302,0.568,-202,https://suara-tamalanrea.example/fixture/metrik/2024-03-04,,2026-09-09,2026-09-09T00:00:00+07:00,2026-09-09T00:00:00+07:00,danny2,True
suara-tamalanrea.example,Makassar,2024-03-11,40,0.381,0.613,-195,https://suara-tamalanrea.example/fixture/metrik/2024-03-11,,2026-09-09,2026-09-09T00:00:00+07:00,2026-09-09T00:00:00+07:00,danny2,True
suara-tamalanrea.example,Makassar,2024-03-18,23,0.361,0.531,-188,https://suara-tamalanrea.example/fixture/metrik/2024-03-18,,2026-09-09,2026-09-09T00:00:00+07:00,2026-09-09T00:00:00+07:00,danny2,True
suara-tamalanrea.example,Makassar,2024-03-25,41,0.368,0.444,-181,https://suara-tamalanrea.example/fixture/metrik/2024-03-25,,2026-09-09,2026-09-09T00:00:00+07:00,2026-09-09T00:00:00+07:00,danny2,True
suara-tamalanrea.example,Makassar,2024-04-01,37,0.369,0.615,-174,https://suara-tamalanrea.example/fixture/metrik/2024-04-01,,2026-09-09,2026-09-09T00:00:00+07:00,2026-09-09T00:00:00+07:00,danny2,True
suara-tamalanrea.example,Makassar,2024-04-08,35,0.455,0.478,-167,https://suara-tamalanrea.example/fixture/metrik/2024-04-08,,2026-09-09,2026-09-09T00:00:00+07:00,2026-09-09T00:00:00+07:00,danny2,True
suara-tamalanrea.example,Makassar,2024-04-15,52,0.366,0.497,-160,https://suara-tamalanrea.example/fixture/metrik/2024-04-15,,2026-09-09,2026-09-09T00:00:00+07:00,2026-09-09T00:00:00+07:00,danny2,True
suara-tamalanrea.example,Makassar,2024-04-22,41,0.4,0.52,-153,https://suara-tamalanrea.example/fixture/metrik/2024-04-22,,2026-09-09,2026-09-09T00:00:00+07:00,2026-09-09T00:00:00+07:00,danny2,True
suara-tamalanrea.example,Makassar,2024-04-29,37,0.423,0.567,-146,https://suara-tamalanrea.example/fixture/metrik/2024-04-29,,2026-09-09,2026-09-09T00:00:00+07:00,2026-09-09T00:00:00+07:00,danny2,True
suara-tamalanrea.example,Makassar,2024-05-06,38,0.37,0.542,-139,https://suara-tamalanrea.example/fixture/metrik/2024-05-06,,2026-09-09,2026-09-09T00:00:00+07:00,2026-09-09T00:00:00+07:00,danny2,True
suara-tamalanrea.example,Makassar,2024-05-13,50,0.381,0.657,-132,https://suara-tamalanrea.example/fixture/metrik/2024-05-13,,2026-09-09,2026-09-09T00:00:00+07:00,2026-09-09T00:00:00+07:00,danny2,True
suara-tamalanrea.example,Makassar,2024-05-20,41,0.482,0.534,-125,https://suara-tamalanrea.example/fixture/metrik/2024-05-20,,2026-09-09,2026-09-09T00:00:00+07:00,2026-09-09T00:00:00+07:00,danny2,True
suara-tamalanrea.example,Makassar,2024-05-27,40,0.445,0.615,-118,https://suara-tamalanrea.example/fixture/metrik/2024-05-27,,2026-09-09,2026-09-09T00:00:00+07:00,2026-09-09T00:00:00+07:00,danny2,True
suara-tamalanrea.example,Makassar,2024-06-03,38,0.529,0.542,-111,https://suara-tamalanrea.example/fixture/metrik/2024-06-03,,2026-09-09,2026-09-09T00:00:00+07:00,2026-09-09T00:00:00+07:00,danny2,True
suara-tamalanrea.example,Makassar,2024-06-10,40,0.524,0.491,-104,https://suara-tamalanrea.example/fixture/metrik/2024-06-10,,2026-09-09,2026-09-09T00:00:00+07:00,2026-09-09T00:00:00+07:00,danny2,True
suara-tamalanrea.example,Makassar,2024-06-17,34,0.503,0.646,-97,https://suara-tamalanrea.example/fixture/metrik/2024-06-17,,2026-09-09,2026-09-09T00:00:00+07:00,2026-09-09T00:00:00+07:00,danny2,True
suara-tamalanrea.example,Makassar,2024-06-24,48,0.538,0.598,-90,https://suara-tamalanrea.example/fixture/metrik/2024-06-24,,2026-09-09,2026-09-09T00:00:00+07:00,2026-09-09T00:00:00+07:00,danny2,True
suara-tamalanrea.example,Makassar,2024-07-01,28,0.553,0.634,-83,https://suara-tamalanrea.example/fixture/metrik/2024-07-01,,2026-09-09,2026-09-09T00:00:00+07:00,2026-09-09T00:00:00+07:00,danny2,True
suara-tamalanrea.example,Makassar,2024-07-08,39,0.597,0.545,-76,https://suara-tamalanrea.example/fixture/metrik/2024-07-08,,2026-09-09,2026-09-09T00:00:00+07:00,2026-09-09T00:00:00+07:00,danny2,True
suara-tamalanrea.example,Makassar,2024-07-15,39,0.612,0.563,-69,https://suara-tamalanrea.example/fixture/metrik/2024-07-15,,2026-09-09,2026-09-09T00:00:00+07:00,2026-09-09T00:00:00+07:00,danny2,True
suara-tamalanrea.example,Makassar,2024-07-22,45,0.58,0.636,-62,https://suara-tamalanrea.example/fixture/metrik/2024-07-22,,2026-09-09,2026-09-09T00:00:00+07:00,2026-09-09T00:00:00+07:00,danny2,True
suara-tamalanrea.example,Makassar,2024-07-29,37,0.609,0.714,-55,https://suara-tamalanrea.example/fixture/metrik/2024-07-29,,2026-09-09,2026-09-09T00:00:00+07:00,2026-09-09T00:00:00+07:00,danny2,True
suara-tamalanrea.example,Makassar,2024-08-05,38,0.599,0.606,-48,https://suara-tamalanrea.example/fixture/metrik/2024-08-05,,2026-09-09,2026-09-09T00:00:00+07:00,2026-09-09T00:00:00+07:00,danny2,True
suara-tamalanrea.example,Makassar,2024-08-12,39,0.632,0.533,-41,https://suara-tamalanrea.example/fixture/metrik/2024-08-12,,2026-09-09,2026-09-09T00:00:00+07:00,2026-09-09T00:00:00+07:00,danny2,True
suara-tamalanrea.example,Makassar,2024-08-19,41,0.645,0.606,-34,https://suara-tamalanrea.example/fixture/metrik/2024-08-19,,2026-09-09,2026-09-09T00:00:00+07:00,2026-09-09T00:00:00+07:00,danny2,True
suara-tamalanrea.example,Makassar,2024-08-26,44,0.581,0.509,-27,https://suara-tamalanrea.example/fixture/metrik/2024-08-26,,2026-09-09,2026-09-09T00:00:00+07:00,2026-09-09T00:00:00+07:00,danny2,True
suara-tamalanrea.example,Makassar,2024-09-02,35,0.618,0.67,-20,https://suara-tamalanrea.example/fixture/metrik/2024-09-02,,2026-09-09,2026-09-09T00:00:00+07:00,2026-09-09T00:00:00+07:00,danny2,True
suara-tamalanrea.example,Makassar,2024-09-09,39,0.62,0.664,-13,https://suara-tamalanrea.example/fixture/metrik/2024-09-09,,2026-09-09,2026-09-09T00:00:00+07:00,2026-09-09T00:00:00+07:00,danny2,True
suara-tamalanrea.example,Makassar,2024-09-16,33,0.68,0.664,-6,https://suara-tamalanrea.example/fixture/metrik/2024-09-16,,2026-09-09,2026-09-09T00:00:00+07:00,2026-09-09T00:00:00+07:00,danny2,True
suara-tamalanrea.example,Makassar,2024-09-23,32,0.627,0.594,1,https://suara-tamalanrea.example/fixture/metrik/2024-09-23,,2026-09-09,2026-09-09T00:00:00+07:00,2026-09-09T00:00:00+07:00,danny2,True
suara-tamalanrea.example,Makassar,2024-09-30,36,0.586,0.602,8,https://suara-tamalanrea.example/fixture/metrik/2024-09-30,,2026-09-09,2026-09-09T00:00:00+07:00,2026-09-09T00:00:00+07:00,danny2,True
suara-tamalanrea.example,Makassar,2024-10-07,36,0.353,0.542,15,https://suara-tamalanrea.example/fixture/metrik/2024-10-07,,2026-09-09,2026-09-09T00:00:00+07:00,2026-09-09T00:00:00+07:00,danny2,True
suara-tamalanrea.example,Makassar,2024-10-14,35,0.303,0.488,22,https://suara-tamalanrea.example/fixture/metrik/2024-10-14,,2026-09-09,2026-09-09T00:00:00+07:00,2026-09-09T00:00:00+07:00,danny2,True
suara-tamalanrea.example,Makassar,2024-10-21,39,0.396,0.495,29,https://suara-tamalanrea.example/fixture/metrik/2024-10-21,,2026-09-09,2026-09-09T00:00:00+07:00,2026-09-09T00:00:00+07:00,danny2,True
suara-tamalanrea.example,Makassar,2024-10-28,30,0.337,0.516,36,https://suara-tamalanrea.example/fixture/metrik/2024-10-28,,2026-09-09,2026-09-09T00:00:00+07:00,2026-09-09T00:00:00+07:00,danny2,True
suara-tamalanrea.example,Makassar,2024-11-04,35,0.372,0.482,43,https://suara-tamalanrea.example/fixture/metrik/2024-11-04,,2026-09-09,2026-09-09T00:00:00+07:00,2026-09-09T00:00:00+07:00,danny2,True
suara-tamalanrea.example,Makassar,2024-11-11,34,0.405,0.393,50,https://suara-tamalanrea.example/fixture/metrik/2024-11-11,,2026-09-09,2026-09-09T00:00:00+07:00,2026-09-09T00:00:00+07:00,danny2,True
suara-tamalanrea.example,Makassar,2024-11-18,39,0.368,0.566,57,https://suara-tamalanrea.example/fixture/metrik/2024-11-18,,2026-09-09,2026-09-09T00:00:00+07:00,2026-09-09T00:00:00+07:00,danny2,True
suara-tamalanrea.example,Makassar,2024-11-25,30,0.339,0.494,64,https://suara-tamalanrea.example/fixture/metrik/2024-11-25,,2026-09-09,2026-09-09T00:00:00+07:00,2026-09-09T00:00:00+07:00,danny2,True
suara-tamalanrea.example,Makassar,2024-12-02,49,0.329,0.512,71,https://suara-tamalanrea.example/fixture/metrik/2024-12-02,,2026-09-09,2026-09-09T00:00:00+07:00,2026-09-09T00:00:00+07:00,danny2,True
suara-tamalanrea.example,Makassar,2024-12-09,28,0.372,0.481,78,https://suara-tamalanrea.example/fixture/metrik/2024-12-09,,2026-09-09,2026-09-09T00:00:00+07:00,2026-09-09T00:00:00+07:00,danny2,True
suara-tamalanrea.example,Makassar,2024-12-16,28,0.29,0.52,85,https://suara-tamalanrea.example/fixture/metrik/2024-12-16,,2026-09-09,2026-09-09T00:00:00+07:00,2026-09-09T00:00:00+07:00,danny2,True
suara-tamalanrea.example,Makassar,2024-12-23,40,0.415,0.518,92,https://suara-tamalanrea.example/fixture/metrik/2024-12-23,,2026-09-09,2026-09-09T00:00:00+07:00,2026-09-09T00:00:00+07:00,danny2,True
suara-tamalanrea.example,Makassar,2024-12-30,33,0.314,0.484,99,https://suara-tamalanrea.example/fixture/metrik/2024-12-30,,2026-09-09,2026-09-09T00:00:00+07:00,2026-09-09T00:00:00+07:00,danny2,True
suara-tamalanrea.example,Makassar,2025-01-06,32,0.339,0.509,106,https://suara-tamalanrea.example/fixture/metrik/2025-01-06,,2026-09-09,2026-09-09T00:00:00+07:00,2026-09-09T00:00:00+07:00,danny2,True
suara-tamalanrea.example,Makassar,2025-01-13,37,0.348,0.551,113,https://suara-tamalanrea.example/fixture/metrik/2025-01-13,,2026-09-09,2026-09-09T00:00:00+07:00,2026-09-09T00:00:00+07:00,danny2,True
suara-tamalanrea.example,Makassar,2025-01-20,28,0.401,0.553,120,https://suara-tamalanrea.example/fixture/metrik/2025-01-20,,2026-09-09,2026-09-09T00:00:00+07:00,2026-09-09T00:00:00+07:00,danny2,True
suara-tamalanrea.example,Makassar,2025-01-27,49,0.353,0.489,127,https://suara-tamalanrea.example/fixture/metrik/2025-01-27,,2026-09-09,2026-09-09T00:00:00+07:00,2026-09-09T00:00:00+07:00,danny2,True
suara-tamalanrea.example,Makassar,2025-02-03,41,0.376,0.555,134,https://suara-tamalanrea.example/fixture/metrik/2025-02-03,,2026-09-09,2026-09-09T00:00:00+07:00,2026-09-09T00:00:00+07:00,danny2,True
suara-tamalanrea.example,Makassar,2025-02-10,45,0.337,0.487,141,https://suara-tamalanrea.example/fixture/metrik/2025-02-10,,2026-09-09,2026-09-09T00:00:00+07:00,2026-09-09T00:00:00+07:00,danny2,True
suara-tamalanrea.example,Makassar,2025-02-17,42,0.357,0.559,148,https://suara-tamalanrea.example/fixture/metrik/2025-02-17,,2026-09-09,2026-09-09T00:00:00+07:00,2026-09-09T00:00:00+07:00,danny2,True
suara-tamalanrea.example,Makassar,2025-02-24,26,0.269,0.662,155,https://suara-tamalanrea.example/fixture/metrik/2025-02-24,,2026-09-09,2026-09-09T00:00:00+07:00,2026-09-09T00:00:00+07:00,appi,True
suara-tamalanrea.example,Makassar,2025-03-03,25,0.272,0.573,162,https://suara-tamalanrea.example/fixture/metrik/2025-03-03,,2026-09-09,2026-09-09T00:00:00+07:00,2026-09-09T00:00:00+07:00,appi,True
suara-tamalanrea.example,Makassar,2025-03-10,37,0.35,0.563,169,https://suara-tamalanrea.example/fixture/metrik/2025-03-10,,2026-09-09,2026-09-09T00:00:00+07:00,2026-09-09T00:00:00+07:00,appi,True
suara-tamalanrea.example,Makassar,2025-03-17,20,0.278,0.555,176,https://suara-tamalanrea.example/fixture/metrik/2025-03-17,,2026-09-09,2026-09-09T00:00:00+07:00,2026-09-09T00:00:00+07:00,appi,True
suara-tamalanrea.example,Makassar,2025-03-24,44,0.343,0.459,183,https://suara-tamalanrea.example/fixture/metrik/2025-03-24,,2026-09-09,2026-09-09T00:00:00+07:00,2026-09-09T00:00:00+07:00,appi,True
suara-tamalanrea.example,Makassar,2025-03-31,43,0.329,0.434,190,https://suara-tamalanrea.example/fixture/metrik/2025-03-31,,2026-09-09,2026-09-09T00:00:00+07:00,2026-09-09T00:00:00+07:00,appi,True
suara-tamalanrea.example,Makassar,2025-04-07,46,0.291,0.478,197,https://suara-tamalanrea.example/fixture/metrik/2025-04-07,,2026-09-09,2026-09-09T00:00:00+07:00,2026-09-09T00:00:00+07:00,appi,True
suara-tamalanrea.example,Makassar,2025-04-14,44,0.286,0.584,204,https://suara-tamalanrea.example/fixture/metrik/2025-04-14,,2026-09-09,2026-09-09T00:00:00+07:00,2026-09-09T00:00:00+07:00,appi,True
suara-tamalanrea.example,Makassar,2025-04-21,34,0.308,0.419,211,https://suara-tamalanrea.example/fixture/metrik/2025-04-21,,2026-09-09,2026-09-09T00:00:00+07:00,2026-09-09T00:00:00+07:00,appi,True
suara-tamalanrea.example,Makassar,2025-04-28,33,0.322,0.496,218,https://suara-tamalanrea.example/fixture/metrik/2025-04-28,,2026-09-09,2026-09-09T00:00:00+07:00,2026-09-09T00:00:00+07:00,appi,True
suara-tamalanrea.example,Makassar,2025-05-05,30,0.311,0.52,225,https://suara-tamalanrea.example/fixture/metrik/2025-05-05,,2026-09-09,2026-09-09T00:00:00+07:00,2026-09-09T00:00:00+07:00,appi,True
suara-tamalanrea.example,Makassar,2025-05-12,17,0.32,0.558,232,https://suara-tamalanrea.example/fixture/metrik/2025-05-12,,2026-09-09,2026-09-09T00:00:00+07:00,2026-09-09T00:00:00+07:00,appi,True
suara-tamalanrea.example,Makassar,2025-05-19,39,0.272,0.473,239,https://suara-tamalanrea.example/fixture/metrik/2025-05-19,,2026-09-09,2026-09-09T00:00:00+07:00,2026-09-09T00:00:00+07:00,appi,True
suara-tamalanrea.example,Makassar,2025-05-26,40,0.272,0.5,246,https://suara-tamalanrea.example/fixture/metrik/2025-05-26,,2026-09-09,2026-09-09T00:00:00+07:00,2026-09-09T00:00:00+07:00,appi,True
suara-tamalanrea.example,Makassar,2025-06-02,37,0.214,0.484,253,https://suara-tamalanrea.example/fixture/metrik/2025-06-02,,2026-09-09,2026-09-09T00:00:00+07:00,2026-09-09T00:00:00+07:00,appi,True
suara-tamalanrea.example,Makassar,2025-06-09,35,0.268,0.615,260,https://suara-tamalanrea.example/fixture/metrik/2025-06-09,,2026-09-09,2026-09-09T00:00:00+07:00,2026-09-09T00:00:00+07:00,appi,True
suara-tamalanrea.example,Makassar,2025-06-16,45,0.368,0.583,267,https://suara-tamalanrea.example/fixture/metrik/2025-06-16,,2026-09-09,2026-09-09T00:00:00+07:00,2026-09-09T00:00:00+07:00,appi,True
suara-tamalanrea.example,Makassar,2025-06-23,34,0.285,0.45,274,https://suara-tamalanrea.example/fixture/metrik/2025-06-23,,2026-09-09,2026-09-09T00:00:00+07:00,2026-09-09T00:00:00+07:00,appi,True
suara-tamalanrea.example,Makassar,2025-06-30,46,0.301,0.537,281,https://suara-tamalanrea.example/fixture/metrik/2025-06-30,,2026-09-09,2026-09-09T00:00:00+07:00,2026-09-09T00:00:00+07:00,appi,True
suara-tamalanrea.example,Makassar,2025-07-07,36,0.346,0.555,288,https://suara-tamalanrea.example/fixture/metrik/2025-07-07,,2026-09-09,2026-09-09T00:00:00+07:00,2026-09-09T00:00:00+07:00,appi,True
suara-tamalanrea.example,Makassar,2025-07-14,27,0.309,0.463,295,https://suara-tamalanrea.example/fixture/metrik/2025-07-14,,2026-09-09,2026-09-09T00:00:00+07:00,2026-09-09T00:00:00+07:00,appi,True
suara-tamalanrea.example,Makassar,2025-07-21,42,0.317,0.574,302,https://suara-tamalanrea.example/fixture/metrik/2025-07-21,,2026-09-09,2026-09-09T00:00:00+07:00,2026-09-09T00:00:00+07:00,appi,True
suara-tamalanrea.example,Makassar,2025-07-28,45,0.249,0.513,309,https://suara-tamalanrea.example/fixture/metrik/2025-07-28,,2026-09-09,2026-09-09T00:00:00+07:00,2026-09-09T00:00:00+07:00,appi,True
suara-tamalanrea.example,Makassar,2025-08-04,29,0.258,0.583,316,https://suara-tamalanrea.example/fixture/metrik/2025-08-04,,2026-09-09,2026-09-09T00:00:00+07:00,2026-09-09T00:00:00+07:00,appi,True
suara-tamalanrea.example,Makassar,2025-08-11,38,0.354,0.561,323,https://suara-tamalanrea.example/fixture/metrik/2025-08-11,,2026-09-09,2026-09-09T00:00:00+07:00,2026-09-09T00:00:00+07:00,appi,True
suara-tamalanrea.example,Makassar,2025-08-18,39,0.358,0.517,330,https://suara-tamalanrea.example/fixture/metrik/2025-08-18,,2026-09-09,2026-09-09T00:00:00+07:00,2026-09-09T00:00:00+07:00,appi,True
suara-tamalanrea.example,Makassar,2025-08-25,45,0.266,0.476,337,https://suara-tamalanrea.example/fixture/metrik/2025-08-25,,2026-09-09,2026-09-09T00:00:00+07:00,2026-09-09T00:00:00+07:00,appi,True
suara-tamalanrea.example,Makassar,2025-09-01,46,0.302,0.496,344,https://suara-tamalanrea.example/fixture/metrik/2025-09-01,,2026-09-09,2026-09-09T00:00:00+07:00,2026-09-09T00:00:00+07:00,appi,True
suara-tamalanrea.example,Makassar,2025-09-08,30,0.324,0.553,351,https://suara-tamalanrea.example/fixture/metrik/2025-09-08,,2026-09-09,2026-09-09T00:00:00+07:00,2026-09-09T00:00:00+07:00,appi,True
suara-tamalanrea.example,Makassar,2025-09-15,24,0.25,0.593,358,https://suara-tamalanrea.example/fixture/metrik/2025-09-15,,2026-09-09,2026-09-09T00:00:00+07:00,2026-09-09T00:00:00+07:00,appi,True
suara-tamalanrea.example,Makassar,2025-09-22,49,0.251,0.588,365,https://suara-tamalanrea.example/fixture/metrik/2025-09-22,,2026-09-09,2026-09-09T00:00:00+07:00,2026-09-09T00:00:00+07:00,appi,True
suara-tamalanrea.example,Makassar,2025-09-29,30,0.31,0.57,372,https://suara-tamalanrea.example/fixture/metrik/2025-09-29,,2026-09-09,2026-09-09T00:00:00+07:00,2026-09-09T00:00:00+07:00,appi,True
suara-tamalanrea.example,Makassar,2025-10-06,46,0.239,0.54,379,https://suara-tamalanrea.example/fixture/metrik/2025-10-06,,2026-09-09,2026-09-09T00:00:00+07:00,2026-09-09T00:00:00+07:00,appi,True
suara-tamalanrea.example,Makassar,2025-10-13,31,0.309,0.515,386,https://suara-tamalanrea.example/fixture/metrik/2025-10-13,,2026-09-09,2026-09-09T00:00:00+07:00,2026-09-09T00:00:00+07:00,appi,True
suara-tamalanrea.example,Makassar,2025-10-20,34,0.316,0.541,393,https://suara-tamalanrea.example/fixture/metrik/2025-10-20,,2026-09-09,2026-09-09T00:00:00+07:00,2026-09-09T00:00:00+07:00,appi,True
suara-tamalanrea.example,Makassar,2025-10-27,55,0.313,0.512,400,https://suara-tamalanrea.example/fixture/metrik/2025-10-27,,2026-09-09,2026-09-09T00:00:00+07:00,2026-09-09T00:00:00+07:00,appi,True
suara-tamalanrea.example,Makassar,2025-11-03,37,0.301,0.515,407,https://suara-tamalanrea.example/fixture/metrik/2025-11-03,,2026-09-09,2026-09-09T00:00:00+07:00,2026-09-09T00:00:00+07:00,appi,True
suara-tamalanrea.example,Makassar,2025-11-10,27,0.339,0.437,414,https://suara-tamalanrea.example/fixture/metrik/2025-11-10,,2026-09-09,2026-09-09T00:00:00+07:00,2026-09-09T00:00:00+07:00,appi,True
suara-tamalanrea.example,Makassar,2025-11-17,30,0.339,0.427,421,https://suara-tamalanrea.example/fixture/metrik/2025-11-17,,2026-09-09,2026-09-09T00:00:00+07:00,2026-09-09T00:00:00+07:00,appi,True
suara-tamalanrea.example,Makassar,2025-11-24,34,0.337,0.567,428,https://suara-tamalanrea.example/fixture/metrik/2025-11-24,,2026-09-09,2026-09-09T00:00:00+07:00,2026-09-09T00:00:00+07:00,appi,True
suara-tamalanrea.example,Makassar,2025-12-01,32,0.309,0.525,435,https://suara-tamalanrea.example/fixture/metrik/2025-12-01,,2026-09-09,2026-09-09T00:00:00+07:00,2026-09-09T00:00:00+07:00,appi,True
suara-tamalanrea.example,Makassar,2025-12-08,38,0.237,0.526,442,https://suara-tamalanrea.example/fixture/metrik/2025-12-08,,2026-09-09,2026-09-09T00:00:00+07:00,2026-09-09T00:00:00+07:00,appi,True
suara-tamalanrea.example,Makassar,2025-12-15,38,0.355,0.606,449,https://suara-tamalanrea.example/fixture/metrik/2025-12-15,,2026-09-09,2026-09-09T00:00:00+07:00,2026-09-09T00:00:00+07:00,appi,True
suara-tamalanrea.example,Makassar,2025-12-22,46,0.326,0.521,456,https://suara-tamalanrea.example/fixture/metrik/2025-12-22,,2026-09-09,2026-09-09T00:00:00+07:00,2026-09-09T00:00:00+07:00,appi,True
suara-tamalanrea.example,Makassar,2025-12-29,40,0.381,0.583,463,https://suara-tamalanrea.example/fixture/metrik/2025-12-29,,2026-09-09,2026-09-09T00:00:00+07:00,2026-09-09T00:00:00+07:00,appi,True
sulsel-kini.example,Makassar,2014-01-06,42,0.268,0.301,-1498,https://sulsel-kini.example/fixture/metrik/2014-01-06,,2026-09-09,2026-09-09T00:00:00+07:00,2026-09-09T00:00:00+07:00,ilham,True
sulsel-kini.example,Makassar,2014-01-13,31,0.215,0.391,-1491,https://sulsel-kini.example/fixture/metrik/2014-01-13,,2026-09-09,2026-09-09T00:00:00+07:00,2026-09-09T00:00:00+07:00,ilham,True
sulsel-kini.example,Makassar,2014-01-20,22,0.175,0.436,-1484,https://sulsel-kini.example/fixture/metrik/2014-01-20,,2026-09-09,2026-09-09T00:00:00+07:00,2026-09-09T00:00:00+07:00,ilham,True
sulsel-kini.example,Makassar,2014-01-27,30,0.251,0.364,-1477,https://sulsel-kini.example/fixture/metrik/2014-01-27,,2026-09-09,2026-09-09T00:00:00+07:00,2026-09-09T00:00:00+07:00,ilham,True
sulsel-kini.example,Makassar,2014-02-03,36,0.297,0.45,-1470,https://sulsel-kini.example/fixture/metrik/2014-02-03,,2026-09-09,2026-09-09T00:00:00+07:00,2026-09-09T00:00:00+07:00,ilham,True
sulsel-kini.example,Makassar,2014-02-10,36,0.254,0.411,-1463,https://sulsel-kini.example/fixture/metrik/2014-02-10,,2026-09-09,2026-09-09T00:00:00+07:00,2026-09-09T00:00:00+07:00,ilham,True
sulsel-kini.example,Makassar,2014-02-17,39,0.25,0.471,-1456,https://sulsel-kini.example/fixture/metrik/2014-02-17,,2026-09-09,2026-09-09T00:00:00+07:00,2026-09-09T00:00:00+07:00,ilham,True
sulsel-kini.example,Makassar,2014-02-24,40,0.185,0.294,-1449,https://sulsel-kini.example/fixture/metrik/2014-02-24,,2026-09-09,2026-09-09T00:00:00+07:00,2026-09-09T00:00:00+07:00,ilham,True
sulsel-kini.example,Makassar,2014-03-03,34,0.233,0.344,-1442,https://sulsel-kini.example/fixture/metrik/2014-03-03,,2026-09-09,2026-09-09T00:00:00+07:00,2026-09-09T00:00:00+07:00,ilham,True
sulsel-kini.example,Makassar,2014-03-10,40,0.194,0.365,-1435,https://sulsel-kini.example/fixture/metrik/2014-03-10,,2026-09-09,2026-09-09T00:00:00+07:00,2026-09-09T00:00:00+07:00,ilham,True
sulsel-kini.example,Makassar,2014-03-17,38,0.229,0.312,-1428,https://sulsel-kini.example/fixture/metrik/2014-03-17,,2026-09-09,2026-09-09T00:00:00+07:00,2026-09-09T00:00:00+07:00,ilham,True
sulsel-kini.example,Makassar,2014-03-24,34,0.249,0.365,-1421,https://sulsel-kini.example/fixture/metrik/2014-03-24,,2026-09-09,2026-09-09T00:00:00+07:00,2026-09-09T00:00:00+07:00,ilham,True
sulsel-kini.example,Makassar,2014-03-31,39,0.284,0.424,-1414,https://sulsel-kini.example/fixture/metrik/2014-03-31,,2026-09-09,2026-09-09T00:00:00+07:00,2026-09-09T00:00:00+07:00,ilham,True
sulsel-kini.example,Makassar,2014-04-07,35,0.245,0.323,-1407,https://sulsel-kini.example/fixture/metrik/2014-04-07,,2026-09-09,2026-09-09T00:00:00+07:00,2026-09-09T00:00:00+07:00,ilham,True
sulsel-kini.example,Makassar,2014-04-14,33,0.265,0.346,-1400,https://sulsel-kini.example/fixture/metrik/2014-04-14,,2026-09-09,2026-09-09T00:00:00+07:00,2026-09-09T00:00:00+07:00,ilham,True
sulsel-kini.example,Makassar,2014-04-21,34,0.228,0.305,-1393,https://sulsel-kini.example/fixture/metrik/2014-04-21,,2026-09-09,2026-09-09T00:00:00+07:00,2026-09-09T00:00:00+07:00,ilham,True
sulsel-kini.example,Makassar,2014-04-28,41,0.209,0.326,-1386,https://sulsel-kini.example/fixture/metrik/2014-04-28,,2026-09-09,2026-09-09T00:00:00+07:00,2026-09-09T00:00:00+07:00,ilham,True
sulsel-kini.example,Makassar,2014-05-05,37,0.174,0.346,-1379,https://sulsel-kini.example/fixture/metrik/2014-05-05,,2026-09-09,2026-09-09T00:00:00+07:00,2026-09-09T00:00:00+07:00,ilham,True
sulsel-kini.example,Makassar,2014-05-12,38,0.281,0.358,-1372,https://sulsel-kini.example/fixture/metrik/2014-05-12,,2026-09-09,2026-09-09T00:00:00+07:00,2026-09-09T00:00:00+07:00,danny1,True
sulsel-kini.example,Makassar,2014-05-19,43,0.259,0.338,-1365,https://sulsel-kini.example/fixture/metrik/2014-05-19,,2026-09-09,2026-09-09T00:00:00+07:00,2026-09-09T00:00:00+07:00,danny1,True
sulsel-kini.example,Makassar,2014-05-26,29,0.319,0.369,-1358,https://sulsel-kini.example/fixture/metrik/2014-05-26,,2026-09-09,2026-09-09T00:00:00+07:00,2026-09-09T00:00:00+07:00,danny1,True
sulsel-kini.example,Makassar,2014-06-02,51,0.256,0.343,-1351,https://sulsel-kini.example/fixture/metrik/2014-06-02,,2026-09-09,2026-09-09T00:00:00+07:00,2026-09-09T00:00:00+07:00,danny1,True
sulsel-kini.example,Makassar,2014-06-09,35,0.256,0.283,-1344,https://sulsel-kini.example/fixture/metrik/2014-06-09,,2026-09-09,2026-09-09T00:00:00+07:00,2026-09-09T00:00:00+07:00,danny1,True
sulsel-kini.example,Makassar,2014-06-16,42,0.255,0.379,-1337,https://sulsel-kini.example/fixture/metrik/2014-06-16,,2026-09-09,2026-09-09T00:00:00+07:00,2026-09-09T00:00:00+07:00,danny1,True
sulsel-kini.example,Makassar,2014-06-23,26,0.22,0.418,-1330,https://sulsel-kini.example/fixture/metrik/2014-06-23,,2026-09-09,2026-09-09T00:00:00+07:00,2026-09-09T00:00:00+07:00,danny1,True
sulsel-kini.example,Makassar,2014-06-30,30,0.243,0.336,-1323,https://sulsel-kini.example/fixture/metrik/2014-06-30,,2026-09-09,2026-09-09T00:00:00+07:00,2026-09-09T00:00:00+07:00,danny1,True
sulsel-kini.example,Makassar,2014-07-07,30,0.235,0.42,-1316,https://sulsel-kini.example/fixture/metrik/2014-07-07,,2026-09-09,2026-09-09T00:00:00+07:00,2026-09-09T00:00:00+07:00,danny1,True
sulsel-kini.example,Makassar,2014-07-14,53,0.209,0.32,-1309,https://sulsel-kini.example/fixture/metrik/2014-07-14,,2026-09-09,2026-09-09T00:00:00+07:00,2026-09-09T00:00:00+07:00,danny1,True
sulsel-kini.example,Makassar,2014-07-21,41,0.305,0.281,-1302,https://sulsel-kini.example/fixture/metrik/2014-07-21,,2026-09-09,2026-09-09T00:00:00+07:00,2026-09-09T00:00:00+07:00,danny1,True
sulsel-kini.example,Makassar,2014-07-28,37,0.281,0.455,-1295,https://sulsel-kini.example/fixture/metrik/2014-07-28,,2026-09-09,2026-09-09T00:00:00+07:00,2026-09-09T00:00:00+07:00,danny1,True
sulsel-kini.example,Makassar,2014-08-04,39,0.237,0.398,-1288,https://sulsel-kini.example/fixture/metrik/2014-08-04,,2026-09-09,2026-09-09T00:00:00+07:00,2026-09-09T00:00:00+07:00,danny1,True
sulsel-kini.example,Makassar,2014-08-11,33,0.276,0.355,-1281,https://sulsel-kini.example/fixture/metrik/2014-08-11,,2026-09-09,2026-09-09T00:00:00+07:00,2026-09-09T00:00:00+07:00,danny1,True
sulsel-kini.example,Makassar,2014-08-18,35,0.199,0.282,-1274,https://sulsel-kini.example/fixture/metrik/2014-08-18,,2026-09-09,2026-09-09T00:00:00+07:00,2026-09-09T00:00:00+07:00,danny1,True
sulsel-kini.example,Makassar,2014-08-25,31,0.22,0.369,-1267,https://sulsel-kini.example/fixture/metrik/2014-08-25,,2026-09-09,2026-09-09T00:00:00+07:00,2026-09-09T00:00:00+07:00,danny1,True
sulsel-kini.example,Makassar,2014-09-01,25,0.317,0.346,-1260,https://sulsel-kini.example/fixture/metrik/2014-09-01,,2026-09-09,2026-09-09T00:00:00+07:00,2026-09-09T00:00:00+07:00,danny1,True
sulsel-kini.example,Makassar,2014-09-08,41,0.267,0.392,-1253,https://sulsel-kini.example/fixture/metrik/2014-09-08,,2026-09-09,2026-09-09T00:00:00+07:00,2026-09-09T00:00:00+07:00,danny1,True
sulsel-kini.example,Makassar,2014-09-15,43,0.198,0.421,-1246,https://sulsel-kini.example/fixture/metrik/2014-09-15,,2026-09-09,2026-09-09T00:00:00+07:00,2026-09-09T00:00:00+07:00,danny1,True
sulsel-kini.example,Makassar,2014-09-22,31,0.285,0.425,-1239,https://sulsel-kini.example/fixture/metrik/2014-09-22,,2026-09-09,2026-09-09T00:00:00+07:00,2026-09-09T00:00:00+07:00,danny1,True
sulsel-kini.example,Makassar,2014-09-29,41,0.202,0.353,-1232,https://sulsel-kini.example/fixture/metrik/2014-09-29,,2026-09-09,2026-09-09T00:00:00+07:00,2026-09-09T00:00:00+07:00,danny1,True
sulsel-kini.example,Makassar,2014-10-06,34,0.266,0.28,-1225,https://sulsel-kini.example/fixture/metrik/2014-10-06,,2026-09-09,2026-09-09T00:00:00+07:00,2026-09-09T00:00:00+07:00,danny1,True
sulsel-kini.example,Makassar,2014-10-13,33,0.263,0.351,-1218,https://sulsel-kini.example/fixture/metrik/2014-10-13,,2026-09-09,2026-09-09T00:00:00+07:00,2026-09-09T00:00:00+07:00,danny1,True
sulsel-kini.example,Makassar,2014-10-20,36,0.291,0.338,-1211,https://sulsel-kini.example/fixture/metrik/2014-10-20,,2026-09-09,2026-09-09T00:00:00+07:00,2026-09-09T00:00:00+07:00,danny1,True
sulsel-kini.example,Makassar,2014-10-27,35,0.206,0.346,-1204,https://sulsel-kini.example/fixture/metrik/2014-10-27,,2026-09-09,2026-09-09T00:00:00+07:00,2026-09-09T00:00:00+07:00,danny1,True
sulsel-kini.example,Makassar,2014-11-03,34,0.329,0.367,-1197,https://sulsel-kini.example/fixture/metrik/2014-11-03,,2026-09-09,2026-09-09T00:00:00+07:00,2026-09-09T00:00:00+07:00,danny1,True
sulsel-kini.example,Makassar,2014-11-10,36,0.321,0.353,-1190,https://sulsel-kini.example/fixture/metrik/2014-11-10,,2026-09-09,2026-09-09T00:00:00+07:00,2026-09-09T00:00:00+07:00,danny1,True
sulsel-kini.example,Makassar,2014-11-17,27,0.222,0.374,-1183,https://sulsel-kini.example/fixture/metrik/2014-11-17,,2026-09-09,2026-09-09T00:00:00+07:00,2026-09-09T00:00:00+07:00,danny1,True
sulsel-kini.example,Makassar,2014-11-24,47,0.307,0.378,-1176,https://sulsel-kini.example/fixture/metrik/2014-11-24,,2026-09-09,2026-09-09T00:00:00+07:00,2026-09-09T00:00:00+07:00,danny1,True
sulsel-kini.example,Makassar,2014-12-01,43,0.262,0.375,-1169,https://sulsel-kini.example/fixture/metrik/2014-12-01,,2026-09-09,2026-09-09T00:00:00+07:00,2026-09-09T00:00:00+07:00,danny1,True
sulsel-kini.example,Makassar,2014-12-08,22,0.24,0.347,-1162,https://sulsel-kini.example/fixture/metrik/2014-12-08,,2026-09-09,2026-09-09T00:00:00+07:00,2026-09-09T00:00:00+07:00,danny1,True
sulsel-kini.example,Makassar,2014-12-15,37,0.254,0.369,-1155,https://sulsel-kini.example/fixture/metrik/2014-12-15,,2026-09-09,2026-09-09T00:00:00+07:00,2026-09-09T00:00:00+07:00,danny1,True
sulsel-kini.example,Makassar,2014-12-22,41,0.279,0.374,-1148,https://sulsel-kini.example/fixture/metrik/2014-12-22,,2026-09-09,2026-09-09T00:00:00+07:00,2026-09-09T00:00:00+07:00,danny1,True
sulsel-kini.example,Makassar,2014-12-29,38,0.317,0.318,-1141,https://sulsel-kini.example/fixture/metrik/2014-12-29,,2026-09-09,2026-09-09T00:00:00+07:00,2026-09-09T00:00:00+07:00,danny1,True
sulsel-kini.example,Makassar,2015-01-05,22,0.244,0.353,-1134,https://sulsel-kini.example/fixture/metrik/2015-01-05,,2026-09-09,2026-09-09T00:00:00+07:00,2026-09-09T00:00:00+07:00,danny1,True
sulsel-kini.example,Makassar,2015-01-12,43,0.26,0.327,-1127,https://sulsel-kini.example/fixture/metrik/2015-01-12,,2026-09-09,2026-09-09T00:00:00+07:00,2026-09-09T00:00:00+07:00,danny1,True
sulsel-kini.example,Makassar,2015-01-19,39,0.255,0.314,-1120,https://sulsel-kini.example/fixture/metrik/2015-01-19,,2026-09-09,2026-09-09T00:00:00+07:00,2026-09-09T00:00:00+07:00,danny1,True
sulsel-kini.example,Makassar,2015-01-26,28,0.251,0.399,-1113,https://sulsel-kini.example/fixture/metrik/2015-01-26,,2026-09-09,2026-09-09T00:00:00+07:00,2026-09-09T00:00:00+07:00,danny1,True
sulsel-kini.example,Makassar,2015-02-02,42,0.233,0.328,-1106,https://sulsel-kini.example/fixture/metrik/2015-02-02,,2026-09-09,2026-09-09T00:00:00+07:00,2026-09-09T00:00:00+07:00,danny1,True
sulsel-kini.example,Makassar,2015-02-09,41,0.226,0.385,-1099,https://sulsel-kini.example/fixture/metrik/2015-02-09,,2026-09-09,2026-09-09T00:00:00+07:00,2026-09-09T00:00:00+07:00,danny1,True
sulsel-kini.example,Makassar,2015-02-16,37,0.216,0.267,-1092,https://sulsel-kini.example/fixture/metrik/2015-02-16,,2026-09-09,2026-09-09T00:00:00+07:00,2026-09-09T00:00:00+07:00,danny1,True
sulsel-kini.example,Makassar,2015-02-23,31,0.301,0.485,-1085,https://sulsel-kini.example/fixture/metrik/2015-02-23,,2026-09-09,2026-09-09T00:00:00+07:00,2026-09-09T00:00:00+07:00,danny1,True
sulsel-kini.example,Makassar,2015-03-02,38,0.271,0.325,-1078,https://sulsel-kini.example/fixture/metrik/2015-03-02,,2026-09-09,2026-09-09T00:00:00+07:00,2026-09-09T00:00:00+07:00,danny1,True
sulsel-kini.example,Makassar,2015-03-09,40,0.273,0.369,-1071,https://sulsel-kini.example/fixture/metrik/2015-03-09,,2026-09-09,2026-09-09T00:00:00+07:00,2026-09-09T00:00:00+07:00,danny1,True
sulsel-kini.example,Makassar,2015-03-16,34,0.263,0.312,-1064,https://sulsel-kini.example/fixture/metrik/2015-03-16,,2026-09-09,2026-09-09T00:00:00+07:00,2026-09-09T00:00:00+07:00,danny1,True
sulsel-kini.example,Makassar,2015-03-23,37,0.242,0.352,-1057,https://sulsel-kini.example/fixture/metrik/2015-03-23,,2026-09-09,2026-09-09T00:00:00+07:00,2026-09-09T00:00:00+07:00,danny1,True
sulsel-kini.example,Makassar,2015-03-30,43,0.272,0.335,-1050,https://sulsel-kini.example/fixture/metrik/2015-03-30,,2026-09-09,2026-09-09T00:00:00+07:00,2026-09-09T00:00:00+07:00,danny1,True
sulsel-kini.example,Makassar,2015-04-06,26,0.249,0.394,-1043,https://sulsel-kini.example/fixture/metrik/2015-04-06,,2026-09-09,2026-09-09T00:00:00+07:00,2026-09-09T00:00:00+07:00,danny1,True
sulsel-kini.example,Makassar,2015-04-13,24,0.289,0.426,-1036,https://sulsel-kini.example/fixture/metrik/2015-04-13,,2026-09-09,2026-09-09T00:00:00+07:00,2026-09-09T00:00:00+07:00,danny1,True
sulsel-kini.example,Makassar,2015-04-20,57,0.211,0.464,-1029,https://sulsel-kini.example/fixture/metrik/2015-04-20,,2026-09-09,2026-09-09T00:00:00+07:00,2026-09-09T00:00:00+07:00,danny1,True
sulsel-kini.example,Makassar,2015-04-27,38,0.255,0.284,-1022,https://sulsel-kini.example/fixture/metrik/2015-04-27,,2026-09-09,2026-09-09T00:00:00+07:00,2026-09-09T00:00:00+07:00,danny1,True
sulsel-kini.example,Makassar,2015-05-04,31,0.246,0.368,-1015,https://sulsel-kini.example/fixture/metrik/2015-05-04,,2026-09-09,2026-09-09T00:00:00+07:00,2026-09-09T00:00:00+07:00,danny1,True
sulsel-kini.example,Makassar,2015-05-11,32,0.301,0.397,-1008,https://sulsel-kini.example/fixture/metrik/2015-05-11,,2026-09-09,2026-09-09T00:00:00+07:00,2026-09-09T00:00:00+07:00,danny1,True
sulsel-kini.example,Makassar,2015-05-18,30,0.238,0.318,-1001,https://sulsel-kini.example/fixture/metrik/2015-05-18,,2026-09-09,2026-09-09T00:00:00+07:00,2026-09-09T00:00:00+07:00,danny1,True
sulsel-kini.example,Makassar,2015-05-25,51,0.21,0.436,-994,https://sulsel-kini.example/fixture/metrik/2015-05-25,,2026-09-09,2026-09-09T00:00:00+07:00,2026-09-09T00:00:00+07:00,danny1,True
sulsel-kini.example,Makassar,2015-06-01,43,0.252,0.428,-987,https://sulsel-kini.example/fixture/metrik/2015-06-01,,2026-09-09,2026-09-09T00:00:00+07:00,2026-09-09T00:00:00+07:00,danny1,True
sulsel-kini.example,Makassar,2015-06-08,41,0.291,0.4,-980,https://sulsel-kini.example/fixture/metrik/2015-06-08,,2026-09-09,2026-09-09T00:00:00+07:00,2026-09-09T00:00:00+07:00,danny1,True
sulsel-kini.example,Makassar,2015-06-15,31,0.225,0.39,-973,https://sulsel-kini.example/fixture/metrik/2015-06-15,,2026-09-09,2026-09-09T00:00:00+07:00,2026-09-09T00:00:00+07:00,danny1,True
sulsel-kini.example,Makassar,2015-06-22,54,0.236,0.373,-966,https://sulsel-kini.example/fixture/metrik/2015-06-22,,2026-09-09,2026-09-09T00:00:00+07:00,2026-09-09T00:00:00+07:00,danny1,True
sulsel-kini.example,Makassar,2015-06-29,40,0.242,0.48,-959,https://sulsel-kini.example/fixture/metrik/2015-06-29,,2026-09-09,2026-09-09T00:00:00+07:00,2026-09-09T00:00:00+07:00,danny1,True
sulsel-kini.example,Makassar,2015-07-06,49,0.236,0.335,-952,https://sulsel-kini.example/fixture/metrik/2015-07-06,,2026-09-09,2026-09-09T00:00:00+07:00,2026-09-09T00:00:00+07:00,danny1,True
sulsel-kini.example,Makassar,2015-07-13,33,0.238,0.384,-945,https://sulsel-kini.example/fixture/metrik/2015-07-13,,2026-09-09,2026-09-09T00:00:00+07:00,2026-09-09T00:00:00+07:00,danny1,True
sulsel-kini.example,Makassar,2015-07-20,40,0.249,0.357,-938,https://sulsel-kini.example/fixture/metrik/2015-07-20,,2026-09-09,2026-09-09T00:00:00+07:00,2026-09-09T00:00:00+07:00,danny1,True
sulsel-kini.example,Makassar,2015-07-27,25,0.275,0.338,-931,https://sulsel-kini.example/fixture/metrik/2015-07-27,,2026-09-09,2026-09-09T00:00:00+07:00,2026-09-09T00:00:00+07:00,danny1,True
sulsel-kini.example,Makassar,2015-08-03,40,0.234,0.384,-924,https://sulsel-kini.example/fixture/metrik/2015-08-03,,2026-09-09,2026-09-09T00:00:00+07:00,2026-09-09T00:00:00+07:00,danny1,True
sulsel-kini.example,Makassar,2015-08-10,53,0.219,0.329,-917,https://sulsel-kini.example/fixture/metrik/2015-08-10,,2026-09-09,2026-09-09T00:00:00+07:00,2026-09-09T00:00:00+07:00,danny1,True
sulsel-kini.example,Makassar,2015-08-17,27,0.264,0.387,-910,https://sulsel-kini.example/fixture/metrik/2015-08-17,,2026-09-09,2026-09-09T00:00:00+07:00,2026-09-09T00:00:00+07:00,danny1,True
sulsel-kini.example,Makassar,2015-08-24,27,0.292,0.359,-903,https://sulsel-kini.example/fixture/metrik/2015-08-24,,2026-09-09,2026-09-09T00:00:00+07:00,2026-09-09T00:00:00+07:00,danny1,True
sulsel-kini.example,Makassar,2015-08-31,38,0.203,0.335,-896,https://sulsel-kini.example/fixture/metrik/2015-08-31,,2026-09-09,2026-09-09T00:00:00+07:00,2026-09-09T00:00:00+07:00,danny1,True
sulsel-kini.example,Makassar,2015-09-07,43,0.222,0.359,-889,https://sulsel-kini.example/fixture/metrik/2015-09-07,,2026-09-09,2026-09-09T00:00:00+07:00,2026-09-09T00:00:00+07:00,danny1,True
sulsel-kini.example,Makassar,2015-09-14,48,0.224,0.322,-882,https://sulsel-kini.example/fixture/metrik/2015-09-14,,2026-09-09,2026-09-09T00:00:00+07:00,2026-09-09T00:00:00+07:00,danny1,True
sulsel-kini.example,Makassar,2015-09-21,35,0.239,0.379,-875,https://sulsel-kini.example/fixture/metrik/2015-09-21,,2026-09-09,2026-09-09T00:00:00+07:00,2026-09-09T00:00:00+07:00,danny1,True
sulsel-kini.example,Makassar,2015-09-28,35,0.22,0.384,-868,https://sulsel-kini.example/fixture/metrik/2015-09-28,,2026-09-09,2026-09-09T00:00:00+07:00,2026-09-09T00:00:00+07:00,danny1,True
sulsel-kini.example,Makassar,2015-10-05,42,0.259,0.372,-861,https://sulsel-kini.example/fixture/metrik/2015-10-05,,2026-09-09,2026-09-09T00:00:00+07:00,2026-09-09T00:00:00+07:00,danny1,True
sulsel-kini.example,Makassar,2015-10-12,40,0.261,0.414,-854,https://sulsel-kini.example/fixture/metrik/2015-10-12,,2026-09-09,2026-09-09T00:00:00+07:00,2026-09-09T00:00:00+07:00,danny1,True
sulsel-kini.example,Makassar,2015-10-19,25,0.238,0.376,-847,https://sulsel-kini.example/fixture/metrik/2015-10-19,,2026-09-09,2026-09-09T00:00:00+07:00,2026-09-09T00:00:00+07:00,danny1,True
sulsel-kini.example,Makassar,2015-10-26,31,0.318,0.361,-840,https://sulsel-kini.example/fixture/metrik/2015-10-26,,2026-09-09,2026-09-09T00:00:00+07:00,2026-09-09T00:00:00+07:00,danny1,True
sulsel-kini.example,Makassar,2015-11-02,34,0.282,0.437,-833,https://sulsel-kini.example/fixture/metrik/2015-11-02,,2026-09-09,2026-09-09T00:00:00+07:00,2026-09-09T00:00:00+07:00,danny1,True
sulsel-kini.example,Makassar,2015-11-09,38,0.226,0.441,-826,https://sulsel-kini.example/fixture/metrik/2015-11-09,,2026-09-09,2026-09-09T00:00:00+07:00,2026-09-09T00:00:00+07:00,danny1,True
sulsel-kini.example,Makassar,2015-11-16,35,0.271,0.403,-819,https://sulsel-kini.example/fixture/metrik/2015-11-16,,2026-09-09,2026-09-09T00:00:00+07:00,2026-09-09T00:00:00+07:00,danny1,True
sulsel-kini.example,Makassar,2015-11-23,33,0.243,0.438,-812,https://sulsel-kini.example/fixture/metrik/2015-11-23,,2026-09-09,2026-09-09T00:00:00+07:00,2026-09-09T00:00:00+07:00,danny1,True
sulsel-kini.example,Makassar,2015-11-30,35,0.256,0.41,-805,https://sulsel-kini.example/fixture/metrik/2015-11-30,,2026-09-09,2026-09-09T00:00:00+07:00,2026-09-09T00:00:00+07:00,danny1,True
sulsel-kini.example,Makassar,2015-12-07,41,0.312,0.361,-798,https://sulsel-kini.example/fixture/metrik/2015-12-07,,2026-09-09,2026-09-09T00:00:00+07:00,2026-09-09T00:00:00+07:00,danny1,True
sulsel-kini.example,Makassar,2015-12-14,43,0.291,0.27,-791,https://sulsel-kini.example/fixture/metrik/2015-12-14,,2026-09-09,2026-09-09T00:00:00+07:00,2026-09-09T00:00:00+07:00,danny1,True
sulsel-kini.example,Makassar,2015-12-21,48,0.319,0.421,-784,https://sulsel-kini.example/fixture/metrik/2015-12-21,,2026-09-09,2026-09-09T00:00:00+07:00,2026-09-09T00:00:00+07:00,danny1,True
sulsel-kini.example,Makassar,2015-12-28,34,0.297,0.284,-777,https://sulsel-kini.example/fixture/metrik/2015-12-28,,2026-09-09,2026-09-09T00:00:00+07:00,2026-09-09T00:00:00+07:00,danny1,True
sulsel-kini.example,Makassar,2016-01-04,40,0.26,0.378,-770,https://sulsel-kini.example/fixture/metrik/2016-01-04,,2026-09-09,2026-09-09T00:00:00+07:00,2026-09-09T00:00:00+07:00,danny1,True
sulsel-kini.example,Makassar,2016-01-11,25,0.236,0.313,-763,https://sulsel-kini.example/fixture/metrik/2016-01-11,,2026-09-09,2026-09-09T00:00:00+07:00,2026-09-09T00:00:00+07:00,danny1,True
sulsel-kini.example,Makassar,2016-01-18,31,0.307,0.387,-756,https://sulsel-kini.example/fixture/metrik/2016-01-18,,2026-09-09,2026-09-09T00:00:00+07:00,2026-09-09T00:00:00+07:00,danny1,True
sulsel-kini.example,Makassar,2016-01-25,37,0.256,0.388,-749,https://sulsel-kini.example/fixture/metrik/2016-01-25,,2026-09-09,2026-09-09T00:00:00+07:00,2026-09-09T00:00:00+07:00,danny1,True
sulsel-kini.example,Makassar,2016-02-01,23,0.281,0.385,-742,https://sulsel-kini.example/fixture/metrik/2016-02-01,,2026-09-09,2026-09-09T00:00:00+07:00,2026-09-09T00:00:00+07:00,danny1,True
sulsel-kini.example,Makassar,2016-02-08,39,0.246,0.449,-735,https://sulsel-kini.example/fixture/metrik/2016-02-08,,2026-09-09,2026-09-09T00:00:00+07:00,2026-09-09T00:00:00+07:00,danny1,True
sulsel-kini.example,Makassar,2016-02-15,36,0.241,0.443,-728,https://sulsel-kini.example/fixture/metrik/2016-02-15,,2026-09-09,2026-09-09T00:00:00+07:00,2026-09-09T00:00:00+07:00,danny1,True
sulsel-kini.example,Makassar,2016-02-22,38,0.293,0.308,-721,https://sulsel-kini.example/fixture/metrik/2016-02-22,,2026-09-09,2026-09-09T00:00:00+07:00,2026-09-09T00:00:00+07:00,danny1,True
sulsel-kini.example,Makassar,2016-02-29,41,0.252,0.457,-714,https://sulsel-kini.example/fixture/metrik/2016-02-29,,2026-09-09,2026-09-09T00:00:00+07:00,2026-09-09T00:00:00+07:00,danny1,True
sulsel-kini.example,Makassar,2016-03-07,42,0.252,0.36,-707,https://sulsel-kini.example/fixture/metrik/2016-03-07,,2026-09-09,2026-09-09T00:00:00+07:00,2026-09-09T00:00:00+07:00,danny1,True
sulsel-kini.example,Makassar,2016-03-14,38,0.273,0.282,-700,https://sulsel-kini.example/fixture/metrik/2016-03-14,,2026-09-09,2026-09-09T00:00:00+07:00,2026-09-09T00:00:00+07:00,danny1,True
sulsel-kini.example,Makassar,2016-03-21,55,0.283,0.291,-693,https://sulsel-kini.example/fixture/metrik/2016-03-21,,2026-09-09,2026-09-09T00:00:00+07:00,2026-09-09T00:00:00+07:00,danny1,True
sulsel-kini.example,Makassar,2016-03-28,24,0.301,0.337,-686,https://sulsel-kini.example/fixture/metrik/2016-03-28,,2026-09-09,2026-09-09T00:00:00+07:00,2026-09-09T00:00:00+07:00,danny1,True
sulsel-kini.example,Makassar,2016-04-04,31,0.277,0.37,-679,https://sulsel-kini.example/fixture/metrik/2016-04-04,,2026-09-09,2026-09-09T00:00:00+07:00,2026-09-09T00:00:00+07:00,danny1,True
sulsel-kini.example,Makassar,2016-04-11,33,0.206,0.33,-672,https://sulsel-kini.example/fixture/metrik/2016-04-11,,2026-09-09,2026-09-09T00:00:00+07:00,2026-09-09T00:00:00+07:00,danny1,True
sulsel-kini.example,Makassar,2016-04-18,37,0.282,0.381,-665,https://sulsel-kini.example/fixture/metrik/2016-04-18,,2026-09-09,2026-09-09T00:00:00+07:00,2026-09-09T00:00:00+07:00,danny1,True
sulsel-kini.example,Makassar,2016-04-25,39,0.273,0.407,-658,https://sulsel-kini.example/fixture/metrik/2016-04-25,,2026-09-09,2026-09-09T00:00:00+07:00,2026-09-09T00:00:00+07:00,danny1,True
sulsel-kini.example,Makassar,2016-05-02,46,0.256,0.335,-651,https://sulsel-kini.example/fixture/metrik/2016-05-02,,2026-09-09,2026-09-09T00:00:00+07:00,2026-09-09T00:00:00+07:00,danny1,True
sulsel-kini.example,Makassar,2016-05-09,43,0.24,0.284,-644,https://sulsel-kini.example/fixture/metrik/2016-05-09,,2026-09-09,2026-09-09T00:00:00+07:00,2026-09-09T00:00:00+07:00,danny1,True
sulsel-kini.example,Makassar,2016-05-16,39,0.278,0.404,-637,https://sulsel-kini.example/fixture/metrik/2016-05-16,,2026-09-09,2026-09-09T00:00:00+07:00,2026-09-09T00:00:00+07:00,danny1,True
sulsel-kini.example,Makassar,2016-05-23,37,0.265,0.4,-630,https://sulsel-kini.example/fixture/metrik/2016-05-23,,2026-09-09,2026-09-09T00:00:00+07:00,2026-09-09T00:00:00+07:00,danny1,True
sulsel-kini.example,Makassar,2016-05-30,37,0.314,0.435,-623,https://sulsel-kini.example/fixture/metrik/2016-05-30,,2026-09-09,2026-09-09T00:00:00+07:00,2026-09-09T00:00:00+07:00,danny1,True
sulsel-kini.example,Makassar,2016-06-06,31,0.249,0.353,-616,https://sulsel-kini.example/fixture/metrik/2016-06-06,,2026-09-09,2026-09-09T00:00:00+07:00,2026-09-09T00:00:00+07:00,danny1,True
sulsel-kini.example,Makassar,2016-06-13,24,0.276,0.308,-609,https://sulsel-kini.example/fixture/metrik/2016-06-13,,2026-09-09,2026-09-09T00:00:00+07:00,2026-09-09T00:00:00+07:00,danny1,True
sulsel-kini.example,Makassar,2016-06-20,38,0.231,0.313,-602,https://sulsel-kini.example/fixture/metrik/2016-06-20,,2026-09-09,2026-09-09T00:00:00+07:00,2026-09-09T00:00:00+07:00,danny1,True
sulsel-kini.example,Makassar,2016-06-27,36,0.229,0.371,-595,https://sulsel-kini.example/fixture/metrik/2016-06-27,,2026-09-09,2026-09-09T00:00:00+07:00,2026-09-09T00:00:00+07:00,danny1,True
sulsel-kini.example,Makassar,2016-07-04,39,0.243,0.371,-588,https://sulsel-kini.example/fixture/metrik/2016-07-04,,2026-09-09,2026-09-09T00:00:00+07:00,2026-09-09T00:00:00+07:00,danny1,True
sulsel-kini.example,Makassar,2016-07-11,33,0.287,0.374,-581,https://sulsel-kini.example/fixture/metrik/2016-07-11,,2026-09-09,2026-09-09T00:00:00+07:00,2026-09-09T00:00:00+07:00,danny1,True
sulsel-kini.example,Makassar,2016-07-18,36,0.215,0.401,-574,https://sulsel-kini.example/fixture/metrik/2016-07-18,,2026-09-09,2026-09-09T00:00:00+07:00,2026-09-09T00:00:00+07:00,danny1,True
sulsel-kini.example,Makassar,2016-07-25,34,0.28,0.401,-567,https://sulsel-kini.example/fixture/metrik/2016-07-25,,2026-09-09,2026-09-09T00:00:00+07:00,2026-09-09T00:00:00+07:00,danny1,True
sulsel-kini.example,Makassar,2016-08-01,60,0.219,0.323,-560,https://sulsel-kini.example/fixture/metrik/2016-08-01,,2026-09-09,2026-09-09T00:00:00+07:00,2026-09-09T00:00:00+07:00,danny1,True
sulsel-kini.example,Makassar,2016-08-08,36,0.269,0.441,-553,https://sulsel-kini.example/fixture/metrik/2016-08-08,,2026-09-09,2026-09-09T00:00:00+07:00,2026-09-09T00:00:00+07:00,danny1,True
sulsel-kini.example,Makassar,2016-08-15,40,0.233,0.265,-546,https://sulsel-kini.example/fixture/metrik/2016-08-15,,2026-09-09,2026-09-09T00:00:00+07:00,2026-09-09T00:00:00+07:00,danny1,True
sulsel-kini.example,Makassar,2016-08-22,33,0.286,0.378,-539,https://sulsel-kini.example/fixture/metrik/2016-08-22,,2026-09-09,2026-09-09T00:00:00+07:00,2026-09-09T00:00:00+07:00,danny1,True
sulsel-kini.example,Makassar,2016-08-29,25,0.28,0.342,-532,https://sulsel-kini.example/fixture/metrik/2016-08-29,,2026-09-09,2026-09-09T00:00:00+07:00,2026-09-09T00:00:00+07:00,danny1,True
sulsel-kini.example,Makassar,2016-09-05,41,0.256,0.385,-525,https://sulsel-kini.example/fixture/metrik/2016-09-05,,2026-09-09,2026-09-09T00:00:00+07:00,2026-09-09T00:00:00+07:00,danny1,True
sulsel-kini.example,Makassar,2016-09-12,34,0.301,0.424,-518,https://sulsel-kini.example/fixture/metrik/2016-09-12,,2026-09-09,2026-09-09T00:00:00+07:00,2026-09-09T00:00:00+07:00,danny1,True
sulsel-kini.example,Makassar,2016-09-19,26,0.234,0.396,-511,https://sulsel-kini.example/fixture/metrik/2016-09-19,,2026-09-09,2026-09-09T00:00:00+07:00,2026-09-09T00:00:00+07:00,danny1,True
sulsel-kini.example,Makassar,2016-09-26,39,0.328,0.287,-504,https://sulsel-kini.example/fixture/metrik/2016-09-26,,2026-09-09,2026-09-09T00:00:00+07:00,2026-09-09T00:00:00+07:00,danny1,True
sulsel-kini.example,Makassar,2016-10-03,35,0.297,0.392,-497,https://sulsel-kini.example/fixture/metrik/2016-10-03,,2026-09-09,2026-09-09T00:00:00+07:00,2026-09-09T00:00:00+07:00,danny1,True
sulsel-kini.example,Makassar,2016-10-10,44,0.291,0.37,-490,https://sulsel-kini.example/fixture/metrik/2016-10-10,,2026-09-09,2026-09-09T00:00:00+07:00,2026-09-09T00:00:00+07:00,danny1,True
sulsel-kini.example,Makassar,2016-10-17,28,0.258,0.379,-483,https://sulsel-kini.example/fixture/metrik/2016-10-17,,2026-09-09,2026-09-09T00:00:00+07:00,2026-09-09T00:00:00+07:00,danny1,True
sulsel-kini.example,Makassar,2016-10-24,36,0.264,0.413,-476,https://sulsel-kini.example/fixture/metrik/2016-10-24,,2026-09-09,2026-09-09T00:00:00+07:00,2026-09-09T00:00:00+07:00,danny1,True
sulsel-kini.example,Makassar,2016-10-31,46,0.293,0.372,-469,https://sulsel-kini.example/fixture/metrik/2016-10-31,,2026-09-09,2026-09-09T00:00:00+07:00,2026-09-09T00:00:00+07:00,danny1,True
sulsel-kini.example,Makassar,2016-11-07,39,0.299,0.354,-462,https://sulsel-kini.example/fixture/metrik/2016-11-07,,2026-09-09,2026-09-09T00:00:00+07:00,2026-09-09T00:00:00+07:00,danny1,True
sulsel-kini.example,Makassar,2016-11-14,26,0.287,0.323,-455,https://sulsel-kini.example/fixture/metrik/2016-11-14,,2026-09-09,2026-09-09T00:00:00+07:00,2026-09-09T00:00:00+07:00,danny1,True
sulsel-kini.example,Makassar,2016-11-21,35,0.236,0.36,-448,https://sulsel-kini.example/fixture/metrik/2016-11-21,,2026-09-09,2026-09-09T00:00:00+07:00,2026-09-09T00:00:00+07:00,danny1,True
sulsel-kini.example,Makassar,2016-11-28,42,0.251,0.319,-441,https://sulsel-kini.example/fixture/metrik/2016-11-28,,2026-09-09,2026-09-09T00:00:00+07:00,2026-09-09T00:00:00+07:00,danny1,True
sulsel-kini.example,Makassar,2016-12-05,35,0.234,0.322,-434,https://sulsel-kini.example/fixture/metrik/2016-12-05,,2026-09-09,2026-09-09T00:00:00+07:00,2026-09-09T00:00:00+07:00,danny1,True
sulsel-kini.example,Makassar,2016-12-12,36,0.208,0.522,-427,https://sulsel-kini.example/fixture/metrik/2016-12-12,,2026-09-09,2026-09-09T00:00:00+07:00,2026-09-09T00:00:00+07:00,danny1,True
sulsel-kini.example,Makassar,2016-12-19,37,0.265,0.299,-420,https://sulsel-kini.example/fixture/metrik/2016-12-19,,2026-09-09,2026-09-09T00:00:00+07:00,2026-09-09T00:00:00+07:00,danny1,True
sulsel-kini.example,Makassar,2016-12-26,43,0.303,0.432,-413,https://sulsel-kini.example/fixture/metrik/2016-12-26,,2026-09-09,2026-09-09T00:00:00+07:00,2026-09-09T00:00:00+07:00,danny1,True
sulsel-kini.example,Makassar,2017-01-02,28,0.297,0.371,-406,https://sulsel-kini.example/fixture/metrik/2017-01-02,,2026-09-09,2026-09-09T00:00:00+07:00,2026-09-09T00:00:00+07:00,danny1,True
sulsel-kini.example,Makassar,2017-01-09,39,0.191,0.395,-399,https://sulsel-kini.example/fixture/metrik/2017-01-09,,2026-09-09,2026-09-09T00:00:00+07:00,2026-09-09T00:00:00+07:00,danny1,True
sulsel-kini.example,Makassar,2017-01-16,43,0.273,0.313,-392,https://sulsel-kini.example/fixture/metrik/2017-01-16,,2026-09-09,2026-09-09T00:00:00+07:00,2026-09-09T00:00:00+07:00,danny1,True
sulsel-kini.example,Makassar,2017-01-23,37,0.22,0.352,-385,https://sulsel-kini.example/fixture/metrik/2017-01-23,,2026-09-09,2026-09-09T00:00:00+07:00,2026-09-09T00:00:00+07:00,danny1,True
sulsel-kini.example,Makassar,2017-01-30,38,0.257,0.332,-378,https://sulsel-kini.example/fixture/metrik/2017-01-30,,2026-09-09,2026-09-09T00:00:00+07:00,2026-09-09T00:00:00+07:00,danny1,True
sulsel-kini.example,Makassar,2017-02-06,26,0.292,0.324,-371,https://sulsel-kini.example/fixture/metrik/2017-02-06,,2026-09-09,2026-09-09T00:00:00+07:00,2026-09-09T00:00:00+07:00,danny1,True
sulsel-kini.example,Makassar,2017-02-13,40,0.285,0.335,-364,https://sulsel-kini.example/fixture/metrik/2017-02-13,,2026-09-09,2026-09-09T00:00:00+07:00,2026-09-09T00:00:00+07:00,danny1,True
sulsel-kini.example,Makassar,2017-02-20,33,0.224,0.337,-357,https://sulsel-kini.example/fixture/metrik/2017-02-20,,2026-09-09,2026-09-09T00:00:00+07:00,2026-09-09T00:00:00+07:00,danny1,True
sulsel-kini.example,Makassar,2017-02-27,49,0.258,0.43,-350,https://sulsel-kini.example/fixture/metrik/2017-02-27,,2026-09-09,2026-09-09T00:00:00+07:00,2026-09-09T00:00:00+07:00,danny1,True
sulsel-kini.example,Makassar,2017-03-06,39,0.233,0.33,-343,https://sulsel-kini.example/fixture/metrik/2017-03-06,,2026-09-09,2026-09-09T00:00:00+07:00,2026-09-09T00:00:00+07:00,danny1,True
sulsel-kini.example,Makassar,2017-03-13,43,0.264,0.349,-336,https://sulsel-kini.example/fixture/metrik/2017-03-13,,2026-09-09,2026-09-09T00:00:00+07:00,2026-09-09T00:00:00+07:00,danny1,True
sulsel-kini.example,Makassar,2017-03-20,44,0.233,0.4,-329,https://sulsel-kini.example/fixture/metrik/2017-03-20,,2026-09-09,2026-09-09T00:00:00+07:00,2026-09-09T00:00:00+07:00,danny1,True
sulsel-kini.example,Makassar,2017-03-27,30,0.261,0.301,-322,https://sulsel-kini.example/fixture/metrik/2017-03-27,,2026-09-09,2026-09-09T00:00:00+07:00,2026-09-09T00:00:00+07:00,danny1,True
sulsel-kini.example,Makassar,2017-04-03,42,0.233,0.448,-315,https://sulsel-kini.example/fixture/metrik/2017-04-03,,2026-09-09,2026-09-09T00:00:00+07:00,2026-09-09T00:00:00+07:00,danny1,True
sulsel-kini.example,Makassar,2017-04-10,45,0.253,0.292,-308,https://sulsel-kini.example/fixture/metrik/2017-04-10,,2026-09-09,2026-09-09T00:00:00+07:00,2026-09-09T00:00:00+07:00,danny1,True
sulsel-kini.example,Makassar,2017-04-17,37,0.203,0.32,-301,https://sulsel-kini.example/fixture/metrik/2017-04-17,,2026-09-09,2026-09-09T00:00:00+07:00,2026-09-09T00:00:00+07:00,danny1,True
sulsel-kini.example,Makassar,2017-04-24,33,0.213,0.329,-294,https://sulsel-kini.example/fixture/metrik/2017-04-24,,2026-09-09,2026-09-09T00:00:00+07:00,2026-09-09T00:00:00+07:00,danny1,True
sulsel-kini.example,Makassar,2017-05-01,48,0.279,0.474,-287,https://sulsel-kini.example/fixture/metrik/2017-05-01,,2026-09-09,2026-09-09T00:00:00+07:00,2026-09-09T00:00:00+07:00,danny1,True
sulsel-kini.example,Makassar,2017-05-08,29,0.149,0.33,-280,https://sulsel-kini.example/fixture/metrik/2017-05-08,,2026-09-09,2026-09-09T00:00:00+07:00,2026-09-09T00:00:00+07:00,danny1,True
sulsel-kini.example,Makassar,2017-05-15,41,0.248,0.405,-273,https://sulsel-kini.example/fixture/metrik/2017-05-15,,2026-09-09,2026-09-09T00:00:00+07:00,2026-09-09T00:00:00+07:00,danny1,True
sulsel-kini.example,Makassar,2017-05-22,35,0.301,0.411,-266,https://sulsel-kini.example/fixture/metrik/2017-05-22,,2026-09-09,2026-09-09T00:00:00+07:00,2026-09-09T00:00:00+07:00,danny1,True
sulsel-kini.example,Makassar,2017-05-29,34,0.28,0.329,-259,https://sulsel-kini.example/fixture/metrik/2017-05-29,,2026-09-09,2026-09-09T00:00:00+07:00,2026-09-09T00:00:00+07:00,danny1,True
sulsel-kini.example,Makassar,2017-06-05,31,0.271,0.439,-252,https://sulsel-kini.example/fixture/metrik/2017-06-05,,2026-09-09,2026-09-09T00:00:00+07:00,2026-09-09T00:00:00+07:00,danny1,True
sulsel-kini.example,Makassar,2017-06-12,32,0.284,0.347,-245,https://sulsel-kini.example/fixture/metrik/2017-06-12,,2026-09-09,2026-09-09T00:00:00+07:00,2026-09-09T00:00:00+07:00,danny1,True
sulsel-kini.example,Makassar,2017-06-19,39,0.251,0.389,-238,https://sulsel-kini.example/fixture/metrik/2017-06-19,,2026-09-09,2026-09-09T00:00:00+07:00,2026-09-09T00:00:00+07:00,danny1,True
sulsel-kini.example,Makassar,2017-06-26,47,0.265,0.417,-231,https://sulsel-kini.example/fixture/metrik/2017-06-26,,2026-09-09,2026-09-09T00:00:00+07:00,2026-09-09T00:00:00+07:00,danny1,True
sulsel-kini.example,Makassar,2017-07-03,29,0.269,0.394,-224,https://sulsel-kini.example/fixture/metrik/2017-07-03,,2026-09-09,2026-09-09T00:00:00+07:00,2026-09-09T00:00:00+07:00,danny1,True
sulsel-kini.example,Makassar,2017-07-10,36,0.277,0.26,-217,https://sulsel-kini.example/fixture/metrik/2017-07-10,,2026-09-09,2026-09-09T00:00:00+07:00,2026-09-09T00:00:00+07:00,danny1,True
sulsel-kini.example,Makassar,2017-07-17,40,0.308,0.4,-210,https://sulsel-kini.example/fixture/metrik/2017-07-17,,2026-09-09,2026-09-09T00:00:00+07:00,2026-09-09T00:00:00+07:00,danny1,True
sulsel-kini.example,Makassar,2017-07-24,45,0.249,0.375,-203,https://sulsel-kini.example/fixture/metrik/2017-07-24,,2026-09-09,2026-09-09T00:00:00+07:00,2026-09-09T00:00:00+07:00,danny1,True
sulsel-kini.example,Makassar,2017-07-31,31,0.277,0.322,-196,https://sulsel-kini.example/fixture/metrik/2017-07-31,,2026-09-09,2026-09-09T00:00:00+07:00,2026-09-09T00:00:00+07:00,danny1,True
sulsel-kini.example,Makassar,2017-08-07,33,0.307,0.348,-189,https://sulsel-kini.example/fixture/metrik/2017-08-07,,2026-09-09,2026-09-09T00:00:00+07:00,2026-09-09T00:00:00+07:00,danny1,True
sulsel-kini.example,Makassar,2017-08-14,33,0.27,0.42,-182,https://sulsel-kini.example/fixture/metrik/2017-08-14,,2026-09-09,2026-09-09T00:00:00+07:00,2026-09-09T00:00:00+07:00,danny1,True
sulsel-kini.example,Makassar,2017-08-21,40,0.304,0.441,-175,https://sulsel-kini.example/fixture/metrik/2017-08-21,,2026-09-09,2026-09-09T00:00:00+07:00,2026-09-09T00:00:00+07:00,danny1,True
sulsel-kini.example,Makassar,2017-08-28,29,0.307,0.328,-168,https://sulsel-kini.example/fixture/metrik/2017-08-28,,2026-09-09,2026-09-09T00:00:00+07:00,2026-09-09T00:00:00+07:00,danny1,True
sulsel-kini.example,Makassar,2017-09-04,40,0.27,0.34,-161,https://sulsel-kini.example/fixture/metrik/2017-09-04,,2026-09-09,2026-09-09T00:00:00+07:00,2026-09-09T00:00:00+07:00,danny1,True
sulsel-kini.example,Makassar,2017-09-11,30,0.304,0.301,-154,https://sulsel-kini.example/fixture/metrik/2017-09-11,,2026-09-09,2026-09-09T00:00:00+07:00,2026-09-09T00:00:00+07:00,danny1,True
sulsel-kini.example,Makassar,2017-09-18,30,0.282,0.374,-147,https://sulsel-kini.example/fixture/metrik/2017-09-18,,2026-09-09,2026-09-09T00:00:00+07:00,2026-09-09T00:00:00+07:00,danny1,True
sulsel-kini.example,Makassar,2017-09-25,37,0.306,0.395,-140,https://sulsel-kini.example/fixture/metrik/2017-09-25,,2026-09-09,2026-09-09T00:00:00+07:00,2026-09-09T00:00:00+07:00,danny1,True
sulsel-kini.example,Makassar,2017-10-02,33,0.314,0.27,-133,https://sulsel-kini.example/fixture/metrik/2017-10-02,,2026-09-09,2026-09-09T00:00:00+07:00,2026-09-09T00:00:00+07:00,danny1,True
sulsel-kini.example,Makassar,2017-10-09,34,0.33,0.304,-126,https://sulsel-kini.example/fixture/metrik/2017-10-09,,2026-09-09,2026-09-09T00:00:00+07:00,2026-09-09T00:00:00+07:00,danny1,True
sulsel-kini.example,Makassar,2017-10-16,26,0.333,0.313,-119,https://sulsel-kini.example/fixture/metrik/2017-10-16,,2026-09-09,2026-09-09T00:00:00+07:00,2026-09-09T00:00:00+07:00,danny1,True
sulsel-kini.example,Makassar,2017-10-23,29,0.386,0.322,-112,https://sulsel-kini.example/fixture/metrik/2017-10-23,,2026-09-09,2026-09-09T00:00:00+07:00,2026-09-09T00:00:00+07:00,danny1,True
sulsel-kini.example,Makassar,2017-10-30,30,0.396,0.34,-105,https://sulsel-kini.example/fixture/metrik/2017-10-30,,2026-09-09,2026-09-09T00:00:00+07:00,2026-09-09T00:00:00+07:00,danny1,True
sulsel-kini.example,Makassar,2017-11-06,39,0.352,0.401,-98,https://sulsel-kini.example/fixture/metrik/2017-11-06,,2026-09-09,2026-09-09T00:00:00+07:00,2026-09-09T00:00:00+07:00,danny1,True
sulsel-kini.example,Makassar,2017-11-13,41,0.419,0.386,-91,https://sulsel-kini.example/fixture/metrik/2017-11-13,,2026-09-09,2026-09-09T00:00:00+07:00,2026-09-09T00:00:00+07:00,danny1,True
sulsel-kini.example,Makassar,2017-11-20,52,0.404,0.466,-84,https://sulsel-kini.example/fixture/metrik/2017-11-20,,2026-09-09,2026-09-09T00:00:00+07:00,2026-09-09T00:00:00+07:00,danny1,True
sulsel-kini.example,Makassar,2017-11-27,39,0.463,0.448,-77,https://sulsel-kini.example/fixture/metrik/2017-11-27,,2026-09-09,2026-09-09T00:00:00+07:00,2026-09-09T00:00:00+07:00,danny1,True
sulsel-kini.example,Makassar,2017-12-04,42,0.418,0.402,-70,https://sulsel-kini.example/fixture/metrik/2017-12-04,,2026-09-09,2026-09-09T00:00:00+07:00,2026-09-09T00:00:00+07:00,danny1,True
sulsel-kini.example,Makassar,2017-12-11,41,0.473,0.398,-63,https://sulsel-kini.example/fixture/metrik/2017-12-11,,2026-09-09,2026-09-09T00:00:00+07:00,2026-09-09T00:00:00+07:00,danny1,True
sulsel-kini.example,Makassar,2017-12-18,35,0.51,0.399,-56,https://sulsel-kini.example/fixture/metrik/2017-12-18,,2026-09-09,2026-09-09T00:00:00+07:00,2026-09-09T00:00:00+07:00,danny1,True
sulsel-kini.example,Makassar,2017-12-25,21,0.518,0.38,-49,https://sulsel-kini.example/fixture/metrik/2017-12-25,,2026-09-09,2026-09-09T00:00:00+07:00,2026-09-09T00:00:00+07:00,danny1,True
sulsel-kini.example,Makassar,2018-01-01,32,0.48,0.368,-42,https://sulsel-kini.example/fixture/metrik/2018-01-01,,2026-09-09,2026-09-09T00:00:00+07:00,2026-09-09T00:00:00+07:00,danny1,True
sulsel-kini.example,Makassar,2018-01-08,30,0.446,0.328,-35,https://sulsel-kini.example/fixture/metrik/2018-01-08,,2026-09-09,2026-09-09T00:00:00+07:00,2026-09-09T00:00:00+07:00,danny1,True
sulsel-kini.example,Makassar,2018-01-15,28,0.455,0.378,-28,https://sulsel-kini.example/fixture/metrik/2018-01-15,,2026-09-09,2026-09-09T00:00:00+07:00,2026-09-09T00:00:00+07:00,danny1,True
sulsel-kini.example,Makassar,2018-01-22,39,0.504,0.39,-21,https://sulsel-kini.example/fixture/metrik/2018-01-22,,2026-09-09,2026-09-09T00:00:00+07:00,2026-09-09T00:00:00+07:00,danny1,True
sulsel-kini.example,Makassar,2018-01-29,44,0.461,0.288,-14,https://sulsel-kini.example/fixture/metrik/2018-01-29,,2026-09-09,2026-09-09T00:00:00+07:00,2026-09-09T00:00:00+07:00,danny1,True
sulsel-kini.example,Makassar,2018-02-05,40,0.474,0.342,-7,https://sulsel-kini.example/fixture/metrik/2018-02-05,,2026-09-09,2026-09-09T00:00:00+07:00,2026-09-09T00:00:00+07:00,danny1,True
sulsel-kini.example,Makassar,2018-02-12,42,0.501,0.36,0,https://sulsel-kini.example/fixture/metrik/2018-02-12,,2026-09-09,2026-09-09T00:00:00+07:00,2026-09-09T00:00:00+07:00,danny1,True
sulsel-kini.example,Makassar,2018-02-19,39,0.454,0.364,7,https://sulsel-kini.example/fixture/metrik/2018-02-19,,2026-09-09,2026-09-09T00:00:00+07:00,2026-09-09T00:00:00+07:00,danny1,True
sulsel-kini.example,Makassar,2018-02-26,37,0.422,0.363,14,https://sulsel-kini.example/fixture/metrik/2018-02-26,,2026-09-09,2026-09-09T00:00:00+07:00,2026-09-09T00:00:00+07:00,danny1,True
sulsel-kini.example,Makassar,2018-03-05,38,0.243,0.254,21,https://sulsel-kini.example/fixture/metrik/2018-03-05,,2026-09-09,2026-09-09T00:00:00+07:00,2026-09-09T00:00:00+07:00,danny1,True
sulsel-kini.example,Makassar,2018-03-12,53,0.322,0.31,28,https://sulsel-kini.example/fixture/metrik/2018-03-12,,2026-09-09,2026-09-09T00:00:00+07:00,2026-09-09T00:00:00+07:00,danny1,True
sulsel-kini.example,Makassar,2018-03-19,49,0.26,0.425,35,https://sulsel-kini.example/fixture/metrik/2018-03-19,,2026-09-09,2026-09-09T00:00:00+07:00,2026-09-09T00:00:00+07:00,danny1,True
sulsel-kini.example,Makassar,2018-03-26,47,0.278,0.29,42,https://sulsel-kini.example/fixture/metrik/2018-03-26,,2026-09-09,2026-09-09T00:00:00+07:00,2026-09-09T00:00:00+07:00,danny1,True
sulsel-kini.example,Makassar,2018-04-02,41,0.253,0.321,49,https://sulsel-kini.example/fixture/metrik/2018-04-02,,2026-09-09,2026-09-09T00:00:00+07:00,2026-09-09T00:00:00+07:00,danny1,True
sulsel-kini.example,Makassar,2018-04-09,63,0.213,0.342,56,https://sulsel-kini.example/fixture/metrik/2018-04-09,,2026-09-09,2026-09-09T00:00:00+07:00,2026-09-09T00:00:00+07:00,danny1,True
sulsel-kini.example,Makassar,2018-04-16,29,0.24,0.41,63,https://sulsel-kini.example/fixture/metrik/2018-04-16,,2026-09-09,2026-09-09T00:00:00+07:00,2026-09-09T00:00:00+07:00,danny1,True
sulsel-kini.example,Makassar,2018-04-23,30,0.161,0.464,70,https://sulsel-kini.example/fixture/metrik/2018-04-23,,2026-09-09,2026-09-09T00:00:00+07:00,2026-09-09T00:00:00+07:00,danny1,True
sulsel-kini.example,Makassar,2018-04-30,45,0.1,0.384,77,https://sulsel-kini.example/fixture/metrik/2018-04-30,,2026-09-09,2026-09-09T00:00:00+07:00,2026-09-09T00:00:00+07:00,danny1,True
sulsel-kini.example,Makassar,2018-05-07,23,0.13,0.37,84,https://sulsel-kini.example/fixture/metrik/2018-05-07,,2026-09-09,2026-09-09T00:00:00+07:00,2026-09-09T00:00:00+07:00,danny1,True
sulsel-kini.example,Makassar,2018-05-14,42,0.135,0.299,91,https://sulsel-kini.example/fixture/metrik/2018-05-14,,2026-09-09,2026-09-09T00:00:00+07:00,2026-09-09T00:00:00+07:00,danny1,True
sulsel-kini.example,Makassar,2018-05-21,30,0.135,0.289,98,https://sulsel-kini.example/fixture/metrik/2018-05-21,,2026-09-09,2026-09-09T00:00:00+07:00,2026-09-09T00:00:00+07:00,danny1,True
sulsel-kini.example,Makassar,2018-05-28,27,0.151,0.401,105,https://sulsel-kini.example/fixture/metrik/2018-05-28,,2026-09-09,2026-09-09T00:00:00+07:00,2026-09-09T00:00:00+07:00,danny1,True
sulsel-kini.example,Makassar,2018-06-04,34,0.147,0.369,112,https://sulsel-kini.example/fixture/metrik/2018-06-04,,2026-09-09,2026-09-09T00:00:00+07:00,2026-09-09T00:00:00+07:00,danny1,True
sulsel-kini.example,Makassar,2018-06-11,47,0.18,0.409,119,https://sulsel-kini.example/fixture/metrik/2018-06-11,,2026-09-09,2026-09-09T00:00:00+07:00,2026-09-09T00:00:00+07:00,danny1,True
sulsel-kini.example,Makassar,2018-06-18,35,0.082,0.372,126,https://sulsel-kini.example/fixture/metrik/2018-06-18,,2026-09-09,2026-09-09T00:00:00+07:00,2026-09-09T00:00:00+07:00,danny1,True
sulsel-kini.example,Makassar,2018-06-25,41,0.113,0.341,133,https://sulsel-kini.example/fixture/metrik/2018-06-25,,2026-09-09,2026-09-09T00:00:00+07:00,2026-09-09T00:00:00+07:00,danny1,True
sulsel-kini.example,Makassar,2018-07-02,39,0.121,0.398,140,https://sulsel-kini.example/fixture/metrik/2018-07-02,,2026-09-09,2026-09-09T00:00:00+07:00,2026-09-09T00:00:00+07:00,danny1,True
sulsel-kini.example,Makassar,2018-07-09,38,0.097,0.384,147,https://sulsel-kini.example/fixture/metrik/2018-07-09,,2026-09-09,2026-09-09T00:00:00+07:00,2026-09-09T00:00:00+07:00,danny1,True
sulsel-kini.example,Makassar,2018-07-16,45,0.236,0.369,154,https://sulsel-kini.example/fixture/metrik/2018-07-16,,2026-09-09,2026-09-09T00:00:00+07:00,2026-09-09T00:00:00+07:00,danny1,True
sulsel-kini.example,Makassar,2018-07-23,35,0.233,0.367,161,https://sulsel-kini.example/fixture/metrik/2018-07-23,,2026-09-09,2026-09-09T00:00:00+07:00,2026-09-09T00:00:00+07:00,danny1,True
sulsel-kini.example,Makassar,2018-07-30,47,0.232,0.43,168,https://sulsel-kini.example/fixture/metrik/2018-07-30,,2026-09-09,2026-09-09T00:00:00+07:00,2026-09-09T00:00:00+07:00,danny1,True
sulsel-kini.example,Makassar,2018-08-06,38,0.266,0.401,175,https://sulsel-kini.example/fixture/metrik/2018-08-06,,2026-09-09,2026-09-09T00:00:00+07:00,2026-09-09T00:00:00+07:00,danny1,True
sulsel-kini.example,Makassar,2018-08-13,40,0.239,0.459,182,https://sulsel-kini.example/fixture/metrik/2018-08-13,,2026-09-09,2026-09-09T00:00:00+07:00,2026-09-09T00:00:00+07:00,danny1,True
sulsel-kini.example,Makassar,2018-08-20,33,0.282,0.405,189,https://sulsel-kini.example/fixture/metrik/2018-08-20,,2026-09-09,2026-09-09T00:00:00+07:00,2026-09-09T00:00:00+07:00,danny1,True
sulsel-kini.example,Makassar,2018-08-27,37,0.32,0.389,196,https://sulsel-kini.example/fixture/metrik/2018-08-27,,2026-09-09,2026-09-09T00:00:00+07:00,2026-09-09T00:00:00+07:00,danny1,True
sulsel-kini.example,Makassar,2018-09-03,23,0.324,0.365,203,https://sulsel-kini.example/fixture/metrik/2018-09-03,,2026-09-09,2026-09-09T00:00:00+07:00,2026-09-09T00:00:00+07:00,danny1,True
sulsel-kini.example,Makassar,2018-09-10,27,0.273,0.415,210,https://sulsel-kini.example/fixture/metrik/2018-09-10,,2026-09-09,2026-09-09T00:00:00+07:00,2026-09-09T00:00:00+07:00,danny1,True
sulsel-kini.example,Makassar,2018-09-17,37,0.204,0.364,217,https://sulsel-kini.example/fixture/metrik/2018-09-17,,2026-09-09,2026-09-09T00:00:00+07:00,2026-09-09T00:00:00+07:00,danny1,True
sulsel-kini.example,Makassar,2018-09-24,31,0.209,0.377,224,https://sulsel-kini.example/fixture/metrik/2018-09-24,,2026-09-09,2026-09-09T00:00:00+07:00,2026-09-09T00:00:00+07:00,danny1,True
sulsel-kini.example,Makassar,2018-10-01,40,0.244,0.439,231,https://sulsel-kini.example/fixture/metrik/2018-10-01,,2026-09-09,2026-09-09T00:00:00+07:00,2026-09-09T00:00:00+07:00,danny1,True
sulsel-kini.example,Makassar,2018-10-08,33,0.238,0.226,238,https://sulsel-kini.example/fixture/metrik/2018-10-08,,2026-09-09,2026-09-09T00:00:00+07:00,2026-09-09T00:00:00+07:00,danny1,True
sulsel-kini.example,Makassar,2018-10-15,45,0.339,0.417,245,https://sulsel-kini.example/fixture/metrik/2018-10-15,,2026-09-09,2026-09-09T00:00:00+07:00,2026-09-09T00:00:00+07:00,danny1,True
sulsel-kini.example,Makassar,2018-10-22,42,0.157,0.384,252,https://sulsel-kini.example/fixture/metrik/2018-10-22,,2026-09-09,2026-09-09T00:00:00+07:00,2026-09-09T00:00:00+07:00,danny1,True
sulsel-kini.example,Makassar,2018-10-29,39,0.237,0.441,259,https://sulsel-kini.example/fixture/metrik/2018-10-29,,2026-09-09,2026-09-09T00:00:00+07:00,2026-09-09T00:00:00+07:00,danny1,True
sulsel-kini.example,Makassar,2018-11-05,31,0.169,0.413,266,https://sulsel-kini.example/fixture/metrik/2018-11-05,,2026-09-09,2026-09-09T00:00:00+07:00,2026-09-09T00:00:00+07:00,danny1,True
sulsel-kini.example,Makassar,2018-11-12,28,0.277,0.323,273,https://sulsel-kini.example/fixture/metrik/2018-11-12,,2026-09-09,2026-09-09T00:00:00+07:00,2026-09-09T00:00:00+07:00,danny1,True
sulsel-kini.example,Makassar,2018-11-19,32,0.258,0.309,280,https://sulsel-kini.example/fixture/metrik/2018-11-19,,2026-09-09,2026-09-09T00:00:00+07:00,2026-09-09T00:00:00+07:00,danny1,True
sulsel-kini.example,Makassar,2018-11-26,26,0.26,0.293,287,https://sulsel-kini.example/fixture/metrik/2018-11-26,,2026-09-09,2026-09-09T00:00:00+07:00,2026-09-09T00:00:00+07:00,danny1,True
sulsel-kini.example,Makassar,2018-12-03,33,0.314,0.37,294,https://sulsel-kini.example/fixture/metrik/2018-12-03,,2026-09-09,2026-09-09T00:00:00+07:00,2026-09-09T00:00:00+07:00,danny1,True
sulsel-kini.example,Makassar,2018-12-10,35,0.275,0.283,301,https://sulsel-kini.example/fixture/metrik/2018-12-10,,2026-09-09,2026-09-09T00:00:00+07:00,2026-09-09T00:00:00+07:00,danny1,True
sulsel-kini.example,Makassar,2018-12-17,26,0.276,0.39,308,https://sulsel-kini.example/fixture/metrik/2018-12-17,,2026-09-09,2026-09-09T00:00:00+07:00,2026-09-09T00:00:00+07:00,danny1,True
sulsel-kini.example,Makassar,2018-12-24,32,0.308,0.285,315,https://sulsel-kini.example/fixture/metrik/2018-12-24,,2026-09-09,2026-09-09T00:00:00+07:00,2026-09-09T00:00:00+07:00,danny1,True
sulsel-kini.example,Makassar,2018-12-31,56,0.228,0.357,322,https://sulsel-kini.example/fixture/metrik/2018-12-31,,2026-09-09,2026-09-09T00:00:00+07:00,2026-09-09T00:00:00+07:00,danny1,True
sulsel-kini.example,Makassar,2019-01-07,36,0.264,0.292,329,https://sulsel-kini.example/fixture/metrik/2019-01-07,,2026-09-09,2026-09-09T00:00:00+07:00,2026-09-09T00:00:00+07:00,danny1,True
sulsel-kini.example,Makassar,2019-01-14,46,0.238,0.32,336,https://sulsel-kini.example/fixture/metrik/2019-01-14,,2026-09-09,2026-09-09T00:00:00+07:00,2026-09-09T00:00:00+07:00,danny1,True
sulsel-kini.example,Makassar,2019-01-21,32,0.256,0.335,343,https://sulsel-kini.example/fixture/metrik/2019-01-21,,2026-09-09,2026-09-09T00:00:00+07:00,2026-09-09T00:00:00+07:00,danny1,True
sulsel-kini.example,Makassar,2019-01-28,42,0.274,0.411,350,https://sulsel-kini.example/fixture/metrik/2019-01-28,,2026-09-09,2026-09-09T00:00:00+07:00,2026-09-09T00:00:00+07:00,danny1,True
sulsel-kini.example,Makassar,2019-02-04,52,0.219,0.343,357,https://sulsel-kini.example/fixture/metrik/2019-02-04,,2026-09-09,2026-09-09T00:00:00+07:00,2026-09-09T00:00:00+07:00,danny1,True
sulsel-kini.example,Makassar,2019-02-11,36,0.278,0.407,364,https://sulsel-kini.example/fixture/metrik/2019-02-11,,2026-09-09,2026-09-09T00:00:00+07:00,2026-09-09T00:00:00+07:00,danny1,True
sulsel-kini.example,Makassar,2019-02-18,35,0.211,0.241,371,https://sulsel-kini.example/fixture/metrik/2019-02-18,,2026-09-09,2026-09-09T00:00:00+07:00,2026-09-09T00:00:00+07:00,danny1,True
sulsel-kini.example,Makassar,2019-02-25,35,0.239,0.354,378,https://sulsel-kini.example/fixture/metrik/2019-02-25,,2026-09-09,2026-09-09T00:00:00+07:00,2026-09-09T00:00:00+07:00,danny1,True
sulsel-kini.example,Makassar,2019-03-04,36,0.256,0.459,385,https://sulsel-kini.example/fixture/metrik/2019-03-04,,2026-09-09,2026-09-09T00:00:00+07:00,2026-09-09T00:00:00+07:00,danny1,True
sulsel-kini.example,Makassar,2019-03-11,26,0.228,0.414,392,https://sulsel-kini.example/fixture/metrik/2019-03-11,,2026-09-09,2026-09-09T00:00:00+07:00,2026-09-09T00:00:00+07:00,danny1,True
sulsel-kini.example,Makassar,2019-03-18,35,0.187,0.348,399,https://sulsel-kini.example/fixture/metrik/2019-03-18,,2026-09-09,2026-09-09T00:00:00+07:00,2026-09-09T00:00:00+07:00,danny1,True
sulsel-kini.example,Makassar,2019-03-25,36,0.243,0.392,406,https://sulsel-kini.example/fixture/metrik/2019-03-25,,2026-09-09,2026-09-09T00:00:00+07:00,2026-09-09T00:00:00+07:00,danny1,True
sulsel-kini.example,Makassar,2019-04-01,37,0.316,0.363,413,https://sulsel-kini.example/fixture/metrik/2019-04-01,,2026-09-09,2026-09-09T00:00:00+07:00,2026-09-09T00:00:00+07:00,danny1,True
sulsel-kini.example,Makassar,2019-04-08,33,0.261,0.406,420,https://sulsel-kini.example/fixture/metrik/2019-04-08,,2026-09-09,2026-09-09T00:00:00+07:00,2026-09-09T00:00:00+07:00,danny1,True
sulsel-kini.example,Makassar,2019-04-15,49,0.243,0.492,427,https://sulsel-kini.example/fixture/metrik/2019-04-15,,2026-09-09,2026-09-09T00:00:00+07:00,2026-09-09T00:00:00+07:00,danny1,True
sulsel-kini.example,Makassar,2019-04-22,30,0.251,0.269,434,https://sulsel-kini.example/fixture/metrik/2019-04-22,,2026-09-09,2026-09-09T00:00:00+07:00,2026-09-09T00:00:00+07:00,danny1,True
sulsel-kini.example,Makassar,2019-04-29,34,0.331,0.297,441,https://sulsel-kini.example/fixture/metrik/2019-04-29,,2026-09-09,2026-09-09T00:00:00+07:00,2026-09-09T00:00:00+07:00,danny1,True
sulsel-kini.example,Makassar,2019-05-06,38,0.226,0.298,448,https://sulsel-kini.example/fixture/metrik/2019-05-06,,2026-09-09,2026-09-09T00:00:00+07:00,2026-09-09T00:00:00+07:00,danny1,True
sulsel-kini.example,Makassar,2019-05-13,28,0.052,0.298,455,https://sulsel-kini.example/fixture/metrik/2019-05-13,,2026-09-09,2026-09-09T00:00:00+07:00,2026-09-09T00:00:00+07:00,pj,True
sulsel-kini.example,Makassar,2019-05-20,34,0.069,0.377,462,https://sulsel-kini.example/fixture/metrik/2019-05-20,,2026-09-09,2026-09-09T00:00:00+07:00,2026-09-09T00:00:00+07:00,pj,True
sulsel-kini.example,Makassar,2019-05-27,30,0.067,0.331,469,https://sulsel-kini.example/fixture/metrik/2019-05-27,,2026-09-09,2026-09-09T00:00:00+07:00,2026-09-09T00:00:00+07:00,pj,True
sulsel-kini.example,Makassar,2019-06-03,38,0.116,0.323,476,https://sulsel-kini.example/fixture/metrik/2019-06-03,,2026-09-09,2026-09-09T00:00:00+07:00,2026-09-09T00:00:00+07:00,pj,True
sulsel-kini.example,Makassar,2019-06-10,35,0.047,0.355,-471,https://sulsel-kini.example/fixture/metrik/2019-06-10,,2026-09-09,2026-09-09T00:00:00+07:00,2026-09-09T00:00:00+07:00,pj,True
sulsel-kini.example,Makassar,2019-06-17,39,0.04,0.305,-464,https://sulsel-kini.example/fixture/metrik/2019-06-17,,2026-09-09,2026-09-09T00:00:00+07:00,2026-09-09T00:00:00+07:00,pj,True
sulsel-kini.example,Makassar,2019-06-24,31,0.122,0.347,-457,https://sulsel-kini.example/fixture/metrik/2019-06-24,,2026-09-09,2026-09-09T00:00:00+07:00,2026-09-09T00:00:00+07:00,pj,True
sulsel-kini.example,Makassar,2019-07-01,25,0.122,0.323,-450,https://sulsel-kini.example/fixture/metrik/2019-07-01,,2026-09-09,2026-09-09T00:00:00+07:00,2026-09-09T00:00:00+07:00,pj,True
sulsel-kini.example,Makassar,2019-07-08,49,0.036,0.401,-443,https://sulsel-kini.example/fixture/metrik/2019-07-08,,2026-09-09,2026-09-09T00:00:00+07:00,2026-09-09T00:00:00+07:00,pj,True
sulsel-kini.example,Makassar,2019-07-15,31,0.088,0.398,-436,https://sulsel-kini.example/fixture/metrik/2019-07-15,,2026-09-09,2026-09-09T00:00:00+07:00,2026-09-09T00:00:00+07:00,pj,True
sulsel-kini.example,Makassar,2019-07-22,41,0.159,0.314,-429,https://sulsel-kini.example/fixture/metrik/2019-07-22,,2026-09-09,2026-09-09T00:00:00+07:00,2026-09-09T00:00:00+07:00,pj,True
sulsel-kini.example,Makassar,2019-07-29,38,0.053,0.353,-422,https://sulsel-kini.example/fixture/metrik/2019-07-29,,2026-09-09,2026-09-09T00:00:00+07:00,2026-09-09T00:00:00+07:00,pj,True
sulsel-kini.example,Makassar,2019-08-05,36,0.12,0.389,-415,https://sulsel-kini.example/fixture/metrik/2019-08-05,,2026-09-09,2026-09-09T00:00:00+07:00,2026-09-09T00:00:00+07:00,pj,True
sulsel-kini.example,Makassar,2019-08-12,34,0.061,0.388,-408,https://sulsel-kini.example/fixture/metrik/2019-08-12,,2026-09-09,2026-09-09T00:00:00+07:00,2026-09-09T00:00:00+07:00,pj,True
sulsel-kini.example,Makassar,2019-08-19,40,0.071,0.313,-401,https://sulsel-kini.example/fixture/metrik/2019-08-19,,2026-09-09,2026-09-09T00:00:00+07:00,2026-09-09T00:00:00+07:00,pj,True
sulsel-kini.example,Makassar,2019-08-26,30,0.161,0.36,-394,https://sulsel-kini.example/fixture/metrik/2019-08-26,,2026-09-09,2026-09-09T00:00:00+07:00,2026-09-09T00:00:00+07:00,pj,True
sulsel-kini.example,Makassar,2019-09-02,45,0.064,0.337,-387,https://sulsel-kini.example/fixture/metrik/2019-09-02,,2026-09-09,2026-09-09T00:00:00+07:00,2026-09-09T00:00:00+07:00,pj,True
sulsel-kini.example,Makassar,2019-09-09,23,0.102,0.366,-380,https://sulsel-kini.example/fixture/metrik/2019-09-09,,2026-09-09,2026-09-09T00:00:00+07:00,2026-09-09T00:00:00+07:00,pj,True
sulsel-kini.example,Makassar,2019-09-16,34,0.088,0.299,-373,https://sulsel-kini.example/fixture/metrik/2019-09-16,,2026-09-09,2026-09-09T00:00:00+07:00,2026-09-09T00:00:00+07:00,pj,True
sulsel-kini.example,Makassar,2019-09-23,40,0.112,0.4,-366,https://sulsel-kini.example/fixture/metrik/2019-09-23,,2026-09-09,2026-09-09T00:00:00+07:00,2026-09-09T00:00:00+07:00,pj,True
sulsel-kini.example,Makassar,2019-09-30,39,0.11,0.461,-359,https://sulsel-kini.example/fixture/metrik/2019-09-30,,2026-09-09,2026-09-09T00:00:00+07:00,2026-09-09T00:00:00+07:00,pj,True
sulsel-kini.example,Makassar,2019-10-07,31,0.024,0.379,-352,https://sulsel-kini.example/fixture/metrik/2019-10-07,,2026-09-09,2026-09-09T00:00:00+07:00,2026-09-09T00:00:00+07:00,pj,True
sulsel-kini.example,Makassar,2019-10-14,38,0.02,0.288,-345,https://sulsel-kini.example/fixture/metrik/2019-10-14,,2026-09-09,2026-09-09T00:00:00+07:00,2026-09-09T00:00:00+07:00,pj,True
sulsel-kini.example,Makassar,2019-10-21,24,0.116,0.392,-338,https://sulsel-kini.example/fixture/metrik/2019-10-21,,2026-09-09,2026-09-09T00:00:00+07:00,2026-09-09T00:00:00+07:00,pj,True
sulsel-kini.example,Makassar,2019-10-28,46,0.05,0.286,-331,https://sulsel-kini.example/fixture/metrik/2019-10-28,,2026-09-09,2026-09-09T00:00:00+07:00,2026-09-09T00:00:00+07:00,pj,True
sulsel-kini.example,Makassar,2019-11-04,38,0.092,0.349,-324,https://sulsel-kini.example/fixture/metrik/2019-11-04,,2026-09-09,2026-09-09T00:00:00+07:00,2026-09-09T00:00:00+07:00,pj,True
sulsel-kini.example,Makassar,2019-11-11,34,0.073,0.421,-317,https://sulsel-kini.example/fixture/metrik/2019-11-11,,2026-09-09,2026-09-09T00:00:00+07:00,2026-09-09T00:00:00+07:00,pj,True
sulsel-kini.example,Makassar,2019-11-18,29,0.076,0.392,-310,https://sulsel-kini.example/fixture/metrik/2019-11-18,,2026-09-09,2026-09-09T00:00:00+07:00,2026-09-09T00:00:00+07:00,pj,True
sulsel-kini.example,Makassar,2019-11-25,45,0.103,0.306,-303,https://sulsel-kini.example/fixture/metrik/2019-11-25,,2026-09-09,2026-09-09T00:00:00+07:00,2026-09-09T00:00:00+07:00,pj,True
sulsel-kini.example,Makassar,2019-12-02,49,0.043,0.338,-296,https://sulsel-kini.example/fixture/metrik/2019-12-02,,2026-09-09,2026-09-09T00:00:00+07:00,2026-09-09T00:00:00+07:00,pj,True
sulsel-kini.example,Makassar,2019-12-09,39,0.127,0.387,-289,https://sulsel-kini.example/fixture/metrik/2019-12-09,,2026-09-09,2026-09-09T00:00:00+07:00,2026-09-09T00:00:00+07:00,pj,True
sulsel-kini.example,Makassar,2019-12-16,43,0.061,0.339,-282,https://sulsel-kini.example/fixture/metrik/2019-12-16,,2026-09-09,2026-09-09T00:00:00+07:00,2026-09-09T00:00:00+07:00,pj,True
sulsel-kini.example,Makassar,2019-12-23,32,0.09,0.386,-275,https://sulsel-kini.example/fixture/metrik/2019-12-23,,2026-09-09,2026-09-09T00:00:00+07:00,2026-09-09T00:00:00+07:00,pj,True
sulsel-kini.example,Makassar,2019-12-30,41,0.071,0.369,-268,https://sulsel-kini.example/fixture/metrik/2019-12-30,,2026-09-09,2026-09-09T00:00:00+07:00,2026-09-09T00:00:00+07:00,pj,True
sulsel-kini.example,Makassar,2020-01-06,39,0.084,0.305,-261,https://sulsel-kini.example/fixture/metrik/2020-01-06,,2026-09-09,2026-09-09T00:00:00+07:00,2026-09-09T00:00:00+07:00,pj,True
sulsel-kini.example,Makassar,2020-01-13,34,0.022,0.373,-254,https://sulsel-kini.example/fixture/metrik/2020-01-13,,2026-09-09,2026-09-09T00:00:00+07:00,2026-09-09T00:00:00+07:00,pj,True
sulsel-kini.example,Makassar,2020-01-20,36,0.11,0.327,-247,https://sulsel-kini.example/fixture/metrik/2020-01-20,,2026-09-09,2026-09-09T00:00:00+07:00,2026-09-09T00:00:00+07:00,pj,True
sulsel-kini.example,Makassar,2020-01-27,28,0.073,0.417,-240,https://sulsel-kini.example/fixture/metrik/2020-01-27,,2026-09-09,2026-09-09T00:00:00+07:00,2026-09-09T00:00:00+07:00,pj,True
sulsel-kini.example,Makassar,2020-02-03,40,0.064,0.383,-233,https://sulsel-kini.example/fixture/metrik/2020-02-03,,2026-09-09,2026-09-09T00:00:00+07:00,2026-09-09T00:00:00+07:00,pj,True
sulsel-kini.example,Makassar,2020-02-10,43,0.06,0.443,-226,https://sulsel-kini.example/fixture/metrik/2020-02-10,,2026-09-09,2026-09-09T00:00:00+07:00,2026-09-09T00:00:00+07:00,pj,True
sulsel-kini.example,Makassar,2020-02-17,31,0.098,0.418,-219,https://sulsel-kini.example/fixture/metrik/2020-02-17,,2026-09-09,2026-09-09T00:00:00+07:00,2026-09-09T00:00:00+07:00,pj,True
sulsel-kini.example,Makassar,2020-02-24,21,0.127,0.304,-212,https://sulsel-kini.example/fixture/metrik/2020-02-24,,2026-09-09,2026-09-09T00:00:00+07:00,2026-09-09T00:00:00+07:00,pj,True
sulsel-kini.example,Makassar,2020-03-02,32,0.091,0.258,-205,https://sulsel-kini.example/fixture/metrik/2020-03-02,,2026-09-09,2026-09-09T00:00:00+07:00,2026-09-09T00:00:00+07:00,pj,True
sulsel-kini.example,Makassar,2020-03-09,40,0.12,0.309,-198,https://sulsel-kini.example/fixture/metrik/2020-03-09,,2026-09-09,2026-09-09T00:00:00+07:00,2026-09-09T00:00:00+07:00,pj,True
sulsel-kini.example,Makassar,2020-03-16,42,0.076,0.35,-191,https://sulsel-kini.example/fixture/metrik/2020-03-16,,2026-09-09,2026-09-09T00:00:00+07:00,2026-09-09T00:00:00+07:00,pj,True
sulsel-kini.example,Makassar,2020-03-23,39,0.182,0.443,-184,https://sulsel-kini.example/fixture/metrik/2020-03-23,,2026-09-09,2026-09-09T00:00:00+07:00,2026-09-09T00:00:00+07:00,pj,True
sulsel-kini.example,Makassar,2020-03-30,37,0.071,0.322,-177,https://sulsel-kini.example/fixture/metrik/2020-03-30,,2026-09-09,2026-09-09T00:00:00+07:00,2026-09-09T00:00:00+07:00,pj,True
sulsel-kini.example,Makassar,2020-04-06,42,0.102,0.326,-170,https://sulsel-kini.example/fixture/metrik/2020-04-06,,2026-09-09,2026-09-09T00:00:00+07:00,2026-09-09T00:00:00+07:00,pj,True
sulsel-kini.example,Makassar,2020-04-13,46,0.103,0.378,-163,https://sulsel-kini.example/fixture/metrik/2020-04-13,,2026-09-09,2026-09-09T00:00:00+07:00,2026-09-09T00:00:00+07:00,pj,True
sulsel-kini.example,Makassar,2020-04-20,48,0.178,0.438,-156,https://sulsel-kini.example/fixture/metrik/2020-04-20,,2026-09-09,2026-09-09T00:00:00+07:00,2026-09-09T00:00:00+07:00,pj,True
sulsel-kini.example,Makassar,2020-04-27,27,0.13,0.342,-149,https://sulsel-kini.example/fixture/metrik/2020-04-27,,2026-09-09,2026-09-09T00:00:00+07:00,2026-09-09T00:00:00+07:00,pj,True
sulsel-kini.example,Makassar,2020-05-04,32,0.184,0.412,-142,https://sulsel-kini.example/fixture/metrik/2020-05-04,,2026-09-09,2026-09-09T00:00:00+07:00,2026-09-09T00:00:00+07:00,pj,True
sulsel-kini.example,Makassar,2020-05-11,27,0.186,0.334,-135,https://sulsel-kini.example/fixture/metrik/2020-05-11,,2026-09-09,2026-09-09T00:00:00+07:00,2026-09-09T00:00:00+07:00,pj,True
sulsel-kini.example,Makassar,2020-05-18,23,0.133,0.3,-128,https://sulsel-kini.example/fixture/metrik/2020-05-18,,2026-09-09,2026-09-09T00:00:00+07:00,2026-09-09T00:00:00+07:00,pj,True
sulsel-kini.example,Makassar,2020-05-25,35,0.151,0.418,-121,https://sulsel-kini.example/fixture/metrik/2020-05-25,,2026-09-09,2026-09-09T00:00:00+07:00,2026-09-09T00:00:00+07:00,pj,True
sulsel-kini.example,Makassar,2020-06-01,40,0.201,0.397,-114,https://sulsel-kini.example/fixture/metrik/2020-06-01,,2026-09-09,2026-09-09T00:00:00+07:00,2026-09-09T00:00:00+07:00,pj,True
sulsel-kini.example,Makassar,2020-06-08,35,0.141,0.349,-107,https://sulsel-kini.example/fixture/metrik/2020-06-08,,2026-09-09,2026-09-09T00:00:00+07:00,2026-09-09T00:00:00+07:00,pj,True
sulsel-kini.example,Makassar,2020-06-15,27,0.213,0.399,-100,https://sulsel-kini.example/fixture/metrik/2020-06-15,,2026-09-09,2026-09-09T00:00:00+07:00,2026-09-09T00:00:00+07:00,pj,True
sulsel-kini.example,Makassar,2020-06-22,40,0.227,0.327,-93,https://sulsel-kini.example/fixture/metrik/2020-06-22,,2026-09-09,2026-09-09T00:00:00+07:00,2026-09-09T00:00:00+07:00,pj,True
sulsel-kini.example,Makassar,2020-06-29,35,0.167,0.402,-86,https://sulsel-kini.example/fixture/metrik/2020-06-29,,2026-09-09,2026-09-09T00:00:00+07:00,2026-09-09T00:00:00+07:00,pj,True
sulsel-kini.example,Makassar,2020-07-06,44,0.27,0.347,-79,https://sulsel-kini.example/fixture/metrik/2020-07-06,,2026-09-09,2026-09-09T00:00:00+07:00,2026-09-09T00:00:00+07:00,pj,True
sulsel-kini.example,Makassar,2020-07-13,40,0.288,0.356,-72,https://sulsel-kini.example/fixture/metrik/2020-07-13,,2026-09-09,2026-09-09T00:00:00+07:00,2026-09-09T00:00:00+07:00,pj,True
sulsel-kini.example,Makassar,2020-07-20,50,0.291,0.376,-65,https://sulsel-kini.example/fixture/metrik/2020-07-20,,2026-09-09,2026-09-09T00:00:00+07:00,2026-09-09T00:00:00+07:00,pj,True
sulsel-kini.example,Makassar,2020-07-27,28,0.258,0.385,-58,https://sulsel-kini.example/fixture/metrik/2020-07-27,,2026-09-09,2026-09-09T00:00:00+07:00,2026-09-09T00:00:00+07:00,pj,True
sulsel-kini.example,Makassar,2020-08-03,42,0.304,0.428,-51,https://sulsel-kini.example/fixture/metrik/2020-08-03,,2026-09-09,2026-09-09T00:00:00+07:00,2026-09-09T00:00:00+07:00,pj,True
sulsel-kini.example,Makassar,2020-08-10,53,0.288,0.38,-44,https://sulsel-kini.example/fixture/metrik/2020-08-10,,2026-09-09,2026-09-09T00:00:00+07:00,2026-09-09T00:00:00+07:00,pj,True
sulsel-kini.example,Makassar,2020-08-17,32,0.288,0.407,-37,https://sulsel-kini.example/fixture/metrik/2020-08-17,,2026-09-09,2026-09-09T00:00:00+07:00,2026-09-09T00:00:00+07:00,pj,True
sulsel-kini.example,Makassar,2020-08-24,42,0.325,0.378,-30,https://sulsel-kini.example/fixture/metrik/2020-08-24,,2026-09-09,2026-09-09T00:00:00+07:00,2026-09-09T00:00:00+07:00,pj,True
sulsel-kini.example,Makassar,2020-08-31,38,0.275,0.361,-23,https://sulsel-kini.example/fixture/metrik/2020-08-31,,2026-09-09,2026-09-09T00:00:00+07:00,2026-09-09T00:00:00+07:00,pj,True
sulsel-kini.example,Makassar,2020-09-07,23,0.315,0.331,-16,https://sulsel-kini.example/fixture/metrik/2020-09-07,,2026-09-09,2026-09-09T00:00:00+07:00,2026-09-09T00:00:00+07:00,pj,True
sulsel-kini.example,Makassar,2020-09-14,44,0.274,0.387,-9,https://sulsel-kini.example/fixture/metrik/2020-09-14,,2026-09-09,2026-09-09T00:00:00+07:00,2026-09-09T00:00:00+07:00,pj,True
sulsel-kini.example,Makassar,2020-09-21,31,0.351,0.372,-2,https://sulsel-kini.example/fixture/metrik/2020-09-21,,2026-09-09,2026-09-09T00:00:00+07:00,2026-09-09T00:00:00+07:00,pj,True
sulsel-kini.example,Makassar,2020-09-28,44,0.295,0.407,5,https://sulsel-kini.example/fixture/metrik/2020-09-28,,2026-09-09,2026-09-09T00:00:00+07:00,2026-09-09T00:00:00+07:00,pj,True
sulsel-kini.example,Makassar,2020-10-05,49,0.277,0.356,12,https://sulsel-kini.example/fixture/metrik/2020-10-05,,2026-09-09,2026-09-09T00:00:00+07:00,2026-09-09T00:00:00+07:00,pj,True
sulsel-kini.example,Makassar,2020-10-12,50,0.098,0.343,19,https://sulsel-kini.example/fixture/metrik/2020-10-12,,2026-09-09,2026-09-09T00:00:00+07:00,2026-09-09T00:00:00+07:00,pj,True
sulsel-kini.example,Makassar,2020-10-19,38,0.053,0.388,26,https://sulsel-kini.example/fixture/metrik/2020-10-19,,2026-09-09,2026-09-09T00:00:00+07:00,2026-09-09T00:00:00+07:00,pj,True
sulsel-kini.example,Makassar,2020-10-26,49,0.105,0.438,33,https://sulsel-kini.example/fixture/metrik/2020-10-26,,2026-09-09,2026-09-09T00:00:00+07:00,2026-09-09T00:00:00+07:00,pj,True
sulsel-kini.example,Makassar,2020-11-02,47,0.104,0.372,40,https://sulsel-kini.example/fixture/metrik/2020-11-02,,2026-09-09,2026-09-09T00:00:00+07:00,2026-09-09T00:00:00+07:00,pj,True
sulsel-kini.example,Makassar,2020-11-09,45,0.133,0.433,47,https://sulsel-kini.example/fixture/metrik/2020-11-09,,2026-09-09,2026-09-09T00:00:00+07:00,2026-09-09T00:00:00+07:00,pj,True
sulsel-kini.example,Makassar,2020-11-16,59,0.045,0.36,54,https://sulsel-kini.example/fixture/metrik/2020-11-16,,2026-09-09,2026-09-09T00:00:00+07:00,2026-09-09T00:00:00+07:00,pj,True
sulsel-kini.example,Makassar,2020-11-23,50,0.113,0.359,61,https://sulsel-kini.example/fixture/metrik/2020-11-23,,2026-09-09,2026-09-09T00:00:00+07:00,2026-09-09T00:00:00+07:00,pj,True
sulsel-kini.example,Makassar,2020-11-30,29,0.068,0.346,68,https://sulsel-kini.example/fixture/metrik/2020-11-30,,2026-09-09,2026-09-09T00:00:00+07:00,2026-09-09T00:00:00+07:00,pj,True
sulsel-kini.example,Makassar,2020-12-07,39,0.086,0.329,75,https://sulsel-kini.example/fixture/metrik/2020-12-07,,2026-09-09,2026-09-09T00:00:00+07:00,2026-09-09T00:00:00+07:00,pj,True
sulsel-kini.example,Makassar,2020-12-14,44,0.128,0.348,82,https://sulsel-kini.example/fixture/metrik/2020-12-14,,2026-09-09,2026-09-09T00:00:00+07:00,2026-09-09T00:00:00+07:00,pj,True
sulsel-kini.example,Makassar,2020-12-21,40,0.043,0.435,89,https://sulsel-kini.example/fixture/metrik/2020-12-21,,2026-09-09,2026-09-09T00:00:00+07:00,2026-09-09T00:00:00+07:00,pj,True
sulsel-kini.example,Makassar,2020-12-28,38,0.109,0.218,96,https://sulsel-kini.example/fixture/metrik/2020-12-28,,2026-09-09,2026-09-09T00:00:00+07:00,2026-09-09T00:00:00+07:00,pj,True
sulsel-kini.example,Makassar,2021-01-04,38,0.078,0.346,103,https://sulsel-kini.example/fixture/metrik/2021-01-04,,2026-09-09,2026-09-09T00:00:00+07:00,2026-09-09T00:00:00+07:00,pj,True
sulsel-kini.example,Makassar,2021-01-11,44,0.073,0.27,110,https://sulsel-kini.example/fixture/metrik/2021-01-11,,2026-09-09,2026-09-09T00:00:00+07:00,2026-09-09T00:00:00+07:00,pj,True
sulsel-kini.example,Makassar,2021-01-18,35,0.064,0.319,117,https://sulsel-kini.example/fixture/metrik/2021-01-18,,2026-09-09,2026-09-09T00:00:00+07:00,2026-09-09T00:00:00+07:00,pj,True
sulsel-kini.example,Makassar,2021-01-25,41,0.079,0.4,124,https://sulsel-kini.example/fixture/metrik/2021-01-25,,2026-09-09,2026-09-09T00:00:00+07:00,2026-09-09T00:00:00+07:00,pj,True
sulsel-kini.example,Makassar,2021-02-01,42,0.079,0.355,131,https://sulsel-kini.example/fixture/metrik/2021-02-01,,2026-09-09,2026-09-09T00:00:00+07:00,2026-09-09T00:00:00+07:00,pj,True
sulsel-kini.example,Makassar,2021-02-08,48,0.066,0.217,138,https://sulsel-kini.example/fixture/metrik/2021-02-08,,2026-09-09,2026-09-09T00:00:00+07:00,2026-09-09T00:00:00+07:00,pj,True
sulsel-kini.example,Makassar,2021-02-15,39,0.099,0.303,145,https://sulsel-kini.example/fixture/metrik/2021-02-15,,2026-09-09,2026-09-09T00:00:00+07:00,2026-09-09T00:00:00+07:00,pj,True
sulsel-kini.example,Makassar,2021-02-22,33,0.101,0.349,152,https://sulsel-kini.example/fixture/metrik/2021-02-22,,2026-09-09,2026-09-09T00:00:00+07:00,2026-09-09T00:00:00+07:00,pj,True
sulsel-kini.example,Makassar,2021-03-01,37,0.304,0.316,159,https://sulsel-kini.example/fixture/metrik/2021-03-01,,2026-09-09,2026-09-09T00:00:00+07:00,2026-09-09T00:00:00+07:00,danny2,True
sulsel-kini.example,Makassar,2021-03-08,42,0.283,0.274,166,https://sulsel-kini.example/fixture/metrik/2021-03-08,,2026-09-09,2026-09-09T00:00:00+07:00,2026-09-09T00:00:00+07:00,danny2,True
sulsel-kini.example,Makassar,2021-03-15,37,0.289,0.412,173,https://sulsel-kini.example/fixture/metrik/2021-03-15,,2026-09-09,2026-09-09T00:00:00+07:00,2026-09-09T00:00:00+07:00,danny2,True
sulsel-kini.example,Makassar,2021-03-22,42,0.295,0.363,180,https://sulsel-kini.example/fixture/metrik/2021-03-22,,2026-09-09,2026-09-09T00:00:00+07:00,2026-09-09T00:00:00+07:00,danny2,True
sulsel-kini.example,Makassar,2021-03-29,34,0.236,0.34,187,https://sulsel-kini.example/fixture/metrik/2021-03-29,,2026-09-09,2026-09-09T00:00:00+07:00,2026-09-09T00:00:00+07:00,danny2,True
sulsel-kini.example,Makassar,2021-04-05,38,0.273,0.409,194,https://sulsel-kini.example/fixture/metrik/2021-04-05,,2026-09-09,2026-09-09T00:00:00+07:00,2026-09-09T00:00:00+07:00,danny2,True
sulsel-kini.example,Makassar,2021-04-12,52,0.276,0.384,201,https://sulsel-kini.example/fixture/metrik/2021-04-12,,2026-09-09,2026-09-09T00:00:00+07:00,2026-09-09T00:00:00+07:00,danny2,True
sulsel-kini.example,Makassar,2021-04-19,25,0.279,0.415,208,https://sulsel-kini.example/fixture/metrik/2021-04-19,,2026-09-09,2026-09-09T00:00:00+07:00,2026-09-09T00:00:00+07:00,danny2,True
sulsel-kini.example,Makassar,2021-04-26,28,0.27,0.333,215,https://sulsel-kini.example/fixture/metrik/2021-04-26,,2026-09-09,2026-09-09T00:00:00+07:00,2026-09-09T00:00:00+07:00,danny2,True
sulsel-kini.example,Makassar,2021-05-03,39,0.293,0.278,222,https://sulsel-kini.example/fixture/metrik/2021-05-03,,2026-09-09,2026-09-09T00:00:00+07:00,2026-09-09T00:00:00+07:00,danny2,True
sulsel-kini.example,Makassar,2021-05-10,24,0.337,0.323,229,https://sulsel-kini.example/fixture/metrik/2021-05-10,,2026-09-09,2026-09-09T00:00:00+07:00,2026-09-09T00:00:00+07:00,danny2,True
sulsel-kini.example,Makassar,2021-05-17,37,0.273,0.353,236,https://sulsel-kini.example/fixture/metrik/2021-05-17,,2026-09-09,2026-09-09T00:00:00+07:00,2026-09-09T00:00:00+07:00,danny2,True
sulsel-kini.example,Makassar,2021-05-24,40,0.361,0.378,243,https://sulsel-kini.example/fixture/metrik/2021-05-24,,2026-09-09,2026-09-09T00:00:00+07:00,2026-09-09T00:00:00+07:00,danny2,True
sulsel-kini.example,Makassar,2021-05-31,50,0.236,0.324,250,https://sulsel-kini.example/fixture/metrik/2021-05-31,,2026-09-09,2026-09-09T00:00:00+07:00,2026-09-09T00:00:00+07:00,danny2,True
sulsel-kini.example,Makassar,2021-06-07,39,0.28,0.378,257,https://sulsel-kini.example/fixture/metrik/2021-06-07,,2026-09-09,2026-09-09T00:00:00+07:00,2026-09-09T00:00:00+07:00,danny2,True
sulsel-kini.example,Makassar,2021-06-14,37,0.265,0.321,264,https://sulsel-kini.example/fixture/metrik/2021-06-14,,2026-09-09,2026-09-09T00:00:00+07:00,2026-09-09T00:00:00+07:00,danny2,True
sulsel-kini.example,Makassar,2021-06-21,36,0.23,0.437,271,https://sulsel-kini.example/fixture/metrik/2021-06-21,,2026-09-09,2026-09-09T00:00:00+07:00,2026-09-09T00:00:00+07:00,danny2,True
sulsel-kini.example,Makassar,2021-06-28,28,0.282,0.417,278,https://sulsel-kini.example/fixture/metrik/2021-06-28,,2026-09-09,2026-09-09T00:00:00+07:00,2026-09-09T00:00:00+07:00,danny2,True
sulsel-kini.example,Makassar,2021-07-05,20,0.321,0.399,285,https://sulsel-kini.example/fixture/metrik/2021-07-05,,2026-09-09,2026-09-09T00:00:00+07:00,2026-09-09T00:00:00+07:00,danny2,True
sulsel-kini.example,Makassar,2021-07-12,40,0.252,0.369,292,https://sulsel-kini.example/fixture/metrik/2021-07-12,,2026-09-09,2026-09-09T00:00:00+07:00,2026-09-09T00:00:00+07:00,danny2,True
sulsel-kini.example,Makassar,2021-07-19,36,0.239,0.317,299,https://sulsel-kini.example/fixture/metrik/2021-07-19,,2026-09-09,2026-09-09T00:00:00+07:00,2026-09-09T00:00:00+07:00,danny2,True
sulsel-kini.example,Makassar,2021-07-26,50,0.3,0.323,306,https://sulsel-kini.example/fixture/metrik/2021-07-26,,2026-09-09,2026-09-09T00:00:00+07:00,2026-09-09T00:00:00+07:00,danny2,True
sulsel-kini.example,Makassar,2021-08-02,35,0.314,0.349,313,https://sulsel-kini.example/fixture/metrik/2021-08-02,,2026-09-09,2026-09-09T00:00:00+07:00,2026-09-09T00:00:00+07:00,danny2,True
sulsel-kini.example,Makassar,2021-08-09,38,0.258,0.34,320,https://sulsel-kini.example/fixture/metrik/2021-08-09,,2026-09-09,2026-09-09T00:00:00+07:00,2026-09-09T00:00:00+07:00,danny2,True
sulsel-kini.example,Makassar,2021-08-16,29,0.278,0.434,327,https://sulsel-kini.example/fixture/metrik/2021-08-16,,2026-09-09,2026-09-09T00:00:00+07:00,2026-09-09T00:00:00+07:00,danny2,True
sulsel-kini.example,Makassar,2021-08-23,35,0.296,0.356,334,https://sulsel-kini.example/fixture/metrik/2021-08-23,,2026-09-09,2026-09-09T00:00:00+07:00,2026-09-09T00:00:00+07:00,danny2,True
sulsel-kini.example,Makassar,2021-08-30,36,0.259,0.3,341,https://sulsel-kini.example/fixture/metrik/2021-08-30,,2026-09-09,2026-09-09T00:00:00+07:00,2026-09-09T00:00:00+07:00,danny2,True
sulsel-kini.example,Makassar,2021-09-06,31,0.316,0.388,348,https://sulsel-kini.example/fixture/metrik/2021-09-06,,2026-09-09,2026-09-09T00:00:00+07:00,2026-09-09T00:00:00+07:00,danny2,True
sulsel-kini.example,Makassar,2021-09-13,32,0.323,0.397,355,https://sulsel-kini.example/fixture/metrik/2021-09-13,,2026-09-09,2026-09-09T00:00:00+07:00,2026-09-09T00:00:00+07:00,danny2,True
sulsel-kini.example,Makassar,2021-09-20,36,0.246,0.279,362,https://sulsel-kini.example/fixture/metrik/2021-09-20,,2026-09-09,2026-09-09T00:00:00+07:00,2026-09-09T00:00:00+07:00,danny2,True
sulsel-kini.example,Makassar,2021-09-27,36,0.283,0.366,369,https://sulsel-kini.example/fixture/metrik/2021-09-27,,2026-09-09,2026-09-09T00:00:00+07:00,2026-09-09T00:00:00+07:00,danny2,True
sulsel-kini.example,Makassar,2021-10-04,43,0.299,0.321,376,https://sulsel-kini.example/fixture/metrik/2021-10-04,,2026-09-09,2026-09-09T00:00:00+07:00,2026-09-09T00:00:00+07:00,danny2,True
sulsel-kini.example,Makassar,2021-10-11,50,0.243,0.295,383,https://sulsel-kini.example/fixture/metrik/2021-10-11,,2026-09-09,2026-09-09T00:00:00+07:00,2026-09-09T00:00:00+07:00,danny2,True
sulsel-kini.example,Makassar,2021-10-18,31,0.354,0.488,390,https://sulsel-kini.example/fixture/metrik/2021-10-18,,2026-09-09,2026-09-09T00:00:00+07:00,2026-09-09T00:00:00+07:00,danny2,True
sulsel-kini.example,Makassar,2021-10-25,43,0.269,0.28,397,https://sulsel-kini.example/fixture/metrik/2021-10-25,,2026-09-09,2026-09-09T00:00:00+07:00,2026-09-09T00:00:00+07:00,danny2,True
sulsel-kini.example,Makassar,2021-11-01,43,0.317,0.344,404,https://sulsel-kini.example/fixture/metrik/2021-11-01,,2026-09-09,2026-09-09T00:00:00+07:00,2026-09-09T00:00:00+07:00,danny2,True
sulsel-kini.example,Makassar,2021-11-08,31,0.323,0.28,411,https://sulsel-kini.example/fixture/metrik/2021-11-08,,2026-09-09,2026-09-09T00:00:00+07:00,2026-09-09T00:00:00+07:00,danny2,True
sulsel-kini.example,Makassar,2021-11-15,51,0.264,0.38,418,https://sulsel-kini.example/fixture/metrik/2021-11-15,,2026-09-09,2026-09-09T00:00:00+07:00,2026-09-09T00:00:00+07:00,danny2,True
sulsel-kini.example,Makassar,2021-11-22,50,0.294,0.287,425,https://sulsel-kini.example/fixture/metrik/2021-11-22,,2026-09-09,2026-09-09T00:00:00+07:00,2026-09-09T00:00:00+07:00,danny2,True
sulsel-kini.example,Makassar,2021-11-29,32,0.287,0.398,432,https://sulsel-kini.example/fixture/metrik/2021-11-29,,2026-09-09,2026-09-09T00:00:00+07:00,2026-09-09T00:00:00+07:00,danny2,True
sulsel-kini.example,Makassar,2021-12-06,41,0.287,0.319,439,https://sulsel-kini.example/fixture/metrik/2021-12-06,,2026-09-09,2026-09-09T00:00:00+07:00,2026-09-09T00:00:00+07:00,danny2,True
sulsel-kini.example,Makassar,2021-12-13,40,0.304,0.357,446,https://sulsel-kini.example/fixture/metrik/2021-12-13,,2026-09-09,2026-09-09T00:00:00+07:00,2026-09-09T00:00:00+07:00,danny2,True
sulsel-kini.example,Makassar,2021-12-20,34,0.234,0.275,453,https://sulsel-kini.example/fixture/metrik/2021-12-20,,2026-09-09,2026-09-09T00:00:00+07:00,2026-09-09T00:00:00+07:00,danny2,True
sulsel-kini.example,Makassar,2021-12-27,36,0.297,0.425,460,https://sulsel-kini.example/fixture/metrik/2021-12-27,,2026-09-09,2026-09-09T00:00:00+07:00,2026-09-09T00:00:00+07:00,danny2,True
sulsel-kini.example,Makassar,2022-01-03,44,0.267,0.318,467,https://sulsel-kini.example/fixture/metrik/2022-01-03,,2026-09-09,2026-09-09T00:00:00+07:00,2026-09-09T00:00:00+07:00,danny2,True
sulsel-kini.example,Makassar,2022-01-10,44,0.283,0.377,474,https://sulsel-kini.example/fixture/metrik/2022-01-10,,2026-09-09,2026-09-09T00:00:00+07:00,2026-09-09T00:00:00+07:00,danny2,True
sulsel-kini.example,Makassar,2022-01-17,40,0.248,0.305,481,https://sulsel-kini.example/fixture/metrik/2022-01-17,,2026-09-09,2026-09-09T00:00:00+07:00,2026-09-09T00:00:00+07:00,danny2,True
sulsel-kini.example,Makassar,2022-01-24,33,0.256,0.29,488,https://sulsel-kini.example/fixture/metrik/2022-01-24,,2026-09-09,2026-09-09T00:00:00+07:00,2026-09-09T00:00:00+07:00,danny2,True
sulsel-kini.example,Makassar,2022-01-31,34,0.224,0.406,495,https://sulsel-kini.example/fixture/metrik/2022-01-31,,2026-09-09,2026-09-09T00:00:00+07:00,2026-09-09T00:00:00+07:00,danny2,True
sulsel-kini.example,Makassar,2022-02-07,44,0.285,0.363,502,https://sulsel-kini.example/fixture/metrik/2022-02-07,,2026-09-09,2026-09-09T00:00:00+07:00,2026-09-09T00:00:00+07:00,danny2,True
sulsel-kini.example,Makassar,2022-02-14,52,0.287,0.32,509,https://sulsel-kini.example/fixture/metrik/2022-02-14,,2026-09-09,2026-09-09T00:00:00+07:00,2026-09-09T00:00:00+07:00,danny2,True
sulsel-kini.example,Makassar,2022-02-21,35,0.312,0.403,516,https://sulsel-kini.example/fixture/metrik/2022-02-21,,2026-09-09,2026-09-09T00:00:00+07:00,2026-09-09T00:00:00+07:00,danny2,True
sulsel-kini.example,Makassar,2022-02-28,46,0.315,0.335,523,https://sulsel-kini.example/fixture/metrik/2022-02-28,,2026-09-09,2026-09-09T00:00:00+07:00,2026-09-09T00:00:00+07:00,danny2,True
sulsel-kini.example,Makassar,2022-03-07,41,0.227,0.428,530,https://sulsel-kini.example/fixture/metrik/2022-03-07,,2026-09-09,2026-09-09T00:00:00+07:00,2026-09-09T00:00:00+07:00,danny2,True
sulsel-kini.example,Makassar,2022-03-14,42,0.255,0.341,537,https://sulsel-kini.example/fixture/metrik/2022-03-14,,2026-09-09,2026-09-09T00:00:00+07:00,2026-09-09T00:00:00+07:00,danny2,True
sulsel-kini.example,Makassar,2022-03-21,40,0.286,0.36,544,https://sulsel-kini.example/fixture/metrik/2022-03-21,,2026-09-09,2026-09-09T00:00:00+07:00,2026-09-09T00:00:00+07:00,danny2,True
sulsel-kini.example,Makassar,2022-03-28,40,0.253,0.281,551,https://sulsel-kini.example/fixture/metrik/2022-03-28,,2026-09-09,2026-09-09T00:00:00+07:00,2026-09-09T00:00:00+07:00,danny2,True
sulsel-kini.example,Makassar,2022-04-04,39,0.302,0.284,558,https://sulsel-kini.example/fixture/metrik/2022-04-04,,2026-09-09,2026-09-09T00:00:00+07:00,2026-09-09T00:00:00+07:00,danny2,True
sulsel-kini.example,Makassar,2022-04-11,35,0.225,0.296,565,https://sulsel-kini.example/fixture/metrik/2022-04-11,,2026-09-09,2026-09-09T00:00:00+07:00,2026-09-09T00:00:00+07:00,danny2,True
sulsel-kini.example,Makassar,2022-04-18,39,0.316,0.353,572,https://sulsel-kini.example/fixture/metrik/2022-04-18,,2026-09-09,2026-09-09T00:00:00+07:00,2026-09-09T00:00:00+07:00,danny2,True
sulsel-kini.example,Makassar,2022-04-25,29,0.338,0.351,579,https://sulsel-kini.example/fixture/metrik/2022-04-25,,2026-09-09,2026-09-09T00:00:00+07:00,2026-09-09T00:00:00+07:00,danny2,True
sulsel-kini.example,Makassar,2022-05-02,36,0.301,0.344,586,https://sulsel-kini.example/fixture/metrik/2022-05-02,,2026-09-09,2026-09-09T00:00:00+07:00,2026-09-09T00:00:00+07:00,danny2,True
sulsel-kini.example,Makassar,2022-05-09,26,0.321,0.275,593,https://sulsel-kini.example/fixture/metrik/2022-05-09,,2026-09-09,2026-09-09T00:00:00+07:00,2026-09-09T00:00:00+07:00,danny2,True
sulsel-kini.example,Makassar,2022-05-16,36,0.206,0.349,600,https://sulsel-kini.example/fixture/metrik/2022-05-16,,2026-09-09,2026-09-09T00:00:00+07:00,2026-09-09T00:00:00+07:00,danny2,True
sulsel-kini.example,Makassar,2022-05-23,38,0.29,0.365,607,https://sulsel-kini.example/fixture/metrik/2022-05-23,,2026-09-09,2026-09-09T00:00:00+07:00,2026-09-09T00:00:00+07:00,danny2,True
sulsel-kini.example,Makassar,2022-05-30,29,0.239,0.397,614,https://sulsel-kini.example/fixture/metrik/2022-05-30,,2026-09-09,2026-09-09T00:00:00+07:00,2026-09-09T00:00:00+07:00,danny2,True
sulsel-kini.example,Makassar,2022-06-06,25,0.287,0.346,621,https://sulsel-kini.example/fixture/metrik/2022-06-06,,2026-09-09,2026-09-09T00:00:00+07:00,2026-09-09T00:00:00+07:00,danny2,True
sulsel-kini.example,Makassar,2022-06-13,44,0.303,0.391,628,https://sulsel-kini.example/fixture/metrik/2022-06-13,,2026-09-09,2026-09-09T00:00:00+07:00,2026-09-09T00:00:00+07:00,danny2,True
sulsel-kini.example,Makassar,2022-06-20,38,0.273,0.392,635,https://sulsel-kini.example/fixture/metrik/2022-06-20,,2026-09-09,2026-09-09T00:00:00+07:00,2026-09-09T00:00:00+07:00,danny2,True
sulsel-kini.example,Makassar,2022-06-27,42,0.278,0.324,642,https://sulsel-kini.example/fixture/metrik/2022-06-27,,2026-09-09,2026-09-09T00:00:00+07:00,2026-09-09T00:00:00+07:00,danny2,True
sulsel-kini.example,Makassar,2022-07-04,36,0.282,0.312,649,https://sulsel-kini.example/fixture/metrik/2022-07-04,,2026-09-09,2026-09-09T00:00:00+07:00,2026-09-09T00:00:00+07:00,danny2,True
sulsel-kini.example,Makassar,2022-07-11,37,0.309,0.345,656,https://sulsel-kini.example/fixture/metrik/2022-07-11,,2026-09-09,2026-09-09T00:00:00+07:00,2026-09-09T00:00:00+07:00,danny2,True
sulsel-kini.example,Makassar,2022-07-18,35,0.272,0.324,663,https://sulsel-kini.example/fixture/metrik/2022-07-18,,2026-09-09,2026-09-09T00:00:00+07:00,2026-09-09T00:00:00+07:00,danny2,True
sulsel-kini.example,Makassar,2022-07-25,38,0.269,0.344,670,https://sulsel-kini.example/fixture/metrik/2022-07-25,,2026-09-09,2026-09-09T00:00:00+07:00,2026-09-09T00:00:00+07:00,danny2,True
sulsel-kini.example,Makassar,2022-08-01,38,0.29,0.405,677,https://sulsel-kini.example/fixture/metrik/2022-08-01,,2026-09-09,2026-09-09T00:00:00+07:00,2026-09-09T00:00:00+07:00,danny2,True
sulsel-kini.example,Makassar,2022-08-08,29,0.3,0.273,684,https://sulsel-kini.example/fixture/metrik/2022-08-08,,2026-09-09,2026-09-09T00:00:00+07:00,2026-09-09T00:00:00+07:00,danny2,True
sulsel-kini.example,Makassar,2022-08-15,40,0.315,0.328,691,https://sulsel-kini.example/fixture/metrik/2022-08-15,,2026-09-09,2026-09-09T00:00:00+07:00,2026-09-09T00:00:00+07:00,danny2,True
sulsel-kini.example,Makassar,2022-08-22,48,0.301,0.349,698,https://sulsel-kini.example/fixture/metrik/2022-08-22,,2026-09-09,2026-09-09T00:00:00+07:00,2026-09-09T00:00:00+07:00,danny2,True
sulsel-kini.example,Makassar,2022-08-29,30,0.282,0.443,705,https://sulsel-kini.example/fixture/metrik/2022-08-29,,2026-09-09,2026-09-09T00:00:00+07:00,2026-09-09T00:00:00+07:00,danny2,True
sulsel-kini.example,Makassar,2022-09-05,41,0.243,0.322,712,https://sulsel-kini.example/fixture/metrik/2022-09-05,,2026-09-09,2026-09-09T00:00:00+07:00,2026-09-09T00:00:00+07:00,danny2,True
sulsel-kini.example,Makassar,2022-09-12,48,0.315,0.311,719,https://sulsel-kini.example/fixture/metrik/2022-09-12,,2026-09-09,2026-09-09T00:00:00+07:00,2026-09-09T00:00:00+07:00,danny2,True
sulsel-kini.example,Makassar,2022-09-19,36,0.279,0.334,726,https://sulsel-kini.example/fixture/metrik/2022-09-19,,2026-09-09,2026-09-09T00:00:00+07:00,2026-09-09T00:00:00+07:00,danny2,True
sulsel-kini.example,Makassar,2022-09-26,41,0.26,0.309,-727,https://sulsel-kini.example/fixture/metrik/2022-09-26,,2026-09-09,2026-09-09T00:00:00+07:00,2026-09-09T00:00:00+07:00,danny2,True
sulsel-kini.example,Makassar,2022-10-03,44,0.25,0.418,-720,https://sulsel-kini.example/fixture/metrik/2022-10-03,,2026-09-09,2026-09-09T00:00:00+07:00,2026-09-09T00:00:00+07:00,danny2,True
sulsel-kini.example,Makassar,2022-10-10,31,0.309,0.337,-713,https://sulsel-kini.example/fixture/metrik/2022-10-10,,2026-09-09,2026-09-09T00:00:00+07:00,2026-09-09T00:00:00+07:00,danny2,True
sulsel-kini.example,Makassar,2022-10-17,40,0.209,0.293,-706,https://sulsel-kini.example/fixture/metrik/2022-10-17,,2026-09-09,2026-09-09T00:00:00+07:00,2026-09-09T00:00:00+07:00,danny2,True
sulsel-kini.example,Makassar,2022-10-24,35,0.273,0.341,-699,https://sulsel-kini.example/fixture/metrik/2022-10-24,,2026-09-09,2026-09-09T00:00:00+07:00,2026-09-09T00:00:00+07:00,danny2,True
sulsel-kini.example,Makassar,2022-10-31,22,0.271,0.319,-692,https://sulsel-kini.example/fixture/metrik/2022-10-31,,2026-09-09,2026-09-09T00:00:00+07:00,2026-09-09T00:00:00+07:00,danny2,True
sulsel-kini.example,Makassar,2022-11-07,33,0.272,0.438,-685,https://sulsel-kini.example/fixture/metrik/2022-11-07,,2026-09-09,2026-09-09T00:00:00+07:00,2026-09-09T00:00:00+07:00,danny2,True
sulsel-kini.example,Makassar,2022-11-14,35,0.22,0.295,-678,https://sulsel-kini.example/fixture/metrik/2022-11-14,,2026-09-09,2026-09-09T00:00:00+07:00,2026-09-09T00:00:00+07:00,danny2,True
sulsel-kini.example,Makassar,2022-11-21,41,0.271,0.399,-671,https://sulsel-kini.example/fixture/metrik/2022-11-21,,2026-09-09,2026-09-09T00:00:00+07:00,2026-09-09T00:00:00+07:00,danny2,True
sulsel-kini.example,Makassar,2022-11-28,43,0.202,0.293,-664,https://sulsel-kini.example/fixture/metrik/2022-11-28,,2026-09-09,2026-09-09T00:00:00+07:00,2026-09-09T00:00:00+07:00,danny2,True
sulsel-kini.example,Makassar,2022-12-05,38,0.313,0.401,-657,https://sulsel-kini.example/fixture/metrik/2022-12-05,,2026-09-09,2026-09-09T00:00:00+07:00,2026-09-09T00:00:00+07:00,danny2,True
sulsel-kini.example,Makassar,2022-12-12,48,0.293,0.299,-650,https://sulsel-kini.example/fixture/metrik/2022-12-12,,2026-09-09,2026-09-09T00:00:00+07:00,2026-09-09T00:00:00+07:00,danny2,True
sulsel-kini.example,Makassar,2022-12-19,36,0.26,0.303,-643,https://sulsel-kini.example/fixture/metrik/2022-12-19,,2026-09-09,2026-09-09T00:00:00+07:00,2026-09-09T00:00:00+07:00,danny2,True
sulsel-kini.example,Makassar,2022-12-26,32,0.29,0.301,-636,https://sulsel-kini.example/fixture/metrik/2022-12-26,,2026-09-09,2026-09-09T00:00:00+07:00,2026-09-09T00:00:00+07:00,danny2,True
sulsel-kini.example,Makassar,2023-01-02,33,0.254,0.238,-629,https://sulsel-kini.example/fixture/metrik/2023-01-02,,2026-09-09,2026-09-09T00:00:00+07:00,2026-09-09T00:00:00+07:00,danny2,True
sulsel-kini.example,Makassar,2023-01-09,37,0.205,0.355,-622,https://sulsel-kini.example/fixture/metrik/2023-01-09,,2026-09-09,2026-09-09T00:00:00+07:00,2026-09-09T00:00:00+07:00,danny2,True
sulsel-kini.example,Makassar,2023-01-16,32,0.284,0.362,-615,https://sulsel-kini.example/fixture/metrik/2023-01-16,,2026-09-09,2026-09-09T00:00:00+07:00,2026-09-09T00:00:00+07:00,danny2,True
sulsel-kini.example,Makassar,2023-01-23,37,0.296,0.339,-608,https://sulsel-kini.example/fixture/metrik/2023-01-23,,2026-09-09,2026-09-09T00:00:00+07:00,2026-09-09T00:00:00+07:00,danny2,True
sulsel-kini.example,Makassar,2023-01-30,45,0.287,0.405,-601,https://sulsel-kini.example/fixture/metrik/2023-01-30,,2026-09-09,2026-09-09T00:00:00+07:00,2026-09-09T00:00:00+07:00,danny2,True
sulsel-kini.example,Makassar,2023-02-06,50,0.301,0.341,-594,https://sulsel-kini.example/fixture/metrik/2023-02-06,,2026-09-09,2026-09-09T00:00:00+07:00,2026-09-09T00:00:00+07:00,danny2,True
sulsel-kini.example,Makassar,2023-02-13,42,0.315,0.315,-587,https://sulsel-kini.example/fixture/metrik/2023-02-13,,2026-09-09,2026-09-09T00:00:00+07:00,2026-09-09T00:00:00+07:00,danny2,True
sulsel-kini.example,Makassar,2023-02-20,52,0.261,0.371,-580,https://sulsel-kini.example/fixture/metrik/2023-02-20,,2026-09-09,2026-09-09T00:00:00+07:00,2026-09-09T00:00:00+07:00,danny2,True
sulsel-kini.example,Makassar,2023-02-27,31,0.289,0.373,-573,https://sulsel-kini.example/fixture/metrik/2023-02-27,,2026-09-09,2026-09-09T00:00:00+07:00,2026-09-09T00:00:00+07:00,danny2,True
sulsel-kini.example,Makassar,2023-03-06,33,0.234,0.328,-566,https://sulsel-kini.example/fixture/metrik/2023-03-06,,2026-09-09,2026-09-09T00:00:00+07:00,2026-09-09T00:00:00+07:00,danny2,True
sulsel-kini.example,Makassar,2023-03-13,40,0.346,0.406,-559,https://sulsel-kini.example/fixture/metrik/2023-03-13,,2026-09-09,2026-09-09T00:00:00+07:00,2026-09-09T00:00:00+07:00,danny2,True
sulsel-kini.example,Makassar,2023-03-20,33,0.29,0.282,-552,https://sulsel-kini.example/fixture/metrik/2023-03-20,,2026-09-09,2026-09-09T00:00:00+07:00,2026-09-09T00:00:00+07:00,danny2,True
sulsel-kini.example,Makassar,2023-03-27,29,0.318,0.354,-545,https://sulsel-kini.example/fixture/metrik/2023-03-27,,2026-09-09,2026-09-09T00:00:00+07:00,2026-09-09T00:00:00+07:00,danny2,True
sulsel-kini.example,Makassar,2023-04-03,40,0.281,0.363,-538,https://sulsel-kini.example/fixture/metrik/2023-04-03,,2026-09-09,2026-09-09T00:00:00+07:00,2026-09-09T00:00:00+07:00,danny2,True
sulsel-kini.example,Makassar,2023-04-10,32,0.241,0.371,-531,https://sulsel-kini.example/fixture/metrik/2023-04-10,,2026-09-09,2026-09-09T00:00:00+07:00,2026-09-09T00:00:00+07:00,danny2,True
sulsel-kini.example,Makassar,2023-04-17,41,0.258,0.335,-524,https://sulsel-kini.example/fixture/metrik/2023-04-17,,2026-09-09,2026-09-09T00:00:00+07:00,2026-09-09T00:00:00+07:00,danny2,True
sulsel-kini.example,Makassar,2023-04-24,48,0.263,0.333,-517,https://sulsel-kini.example/fixture/metrik/2023-04-24,,2026-09-09,2026-09-09T00:00:00+07:00,2026-09-09T00:00:00+07:00,danny2,True
sulsel-kini.example,Makassar,2023-05-01,32,0.277,0.372,-510,https://sulsel-kini.example/fixture/metrik/2023-05-01,,2026-09-09,2026-09-09T00:00:00+07:00,2026-09-09T00:00:00+07:00,danny2,True
sulsel-kini.example,Makassar,2023-05-08,31,0.299,0.506,-503,https://sulsel-kini.example/fixture/metrik/2023-05-08,,2026-09-09,2026-09-09T00:00:00+07:00,2026-09-09T00:00:00+07:00,danny2,True
sulsel-kini.example,Makassar,2023-05-15,30,0.284,0.428,-496,https://sulsel-kini.example/fixture/metrik/2023-05-15,,2026-09-09,2026-09-09T00:00:00+07:00,2026-09-09T00:00:00+07:00,danny2,True
sulsel-kini.example,Makassar,2023-05-22,47,0.225,0.315,-489,https://sulsel-kini.example/fixture/metrik/2023-05-22,,2026-09-09,2026-09-09T00:00:00+07:00,2026-09-09T00:00:00+07:00,danny2,True
sulsel-kini.example,Makassar,2023-05-29,43,0.233,0.424,-482,https://sulsel-kini.example/fixture/metrik/2023-05-29,,2026-09-09,2026-09-09T00:00:00+07:00,2026-09-09T00:00:00+07:00,danny2,True
sulsel-kini.example,Makassar,2023-06-05,34,0.332,0.426,-475,https://sulsel-kini.example/fixture/metrik/2023-06-05,,2026-09-09,2026-09-09T00:00:00+07:00,2026-09-09T00:00:00+07:00,danny2,True
sulsel-kini.example,Makassar,2023-06-12,37,0.287,0.292,-468,https://sulsel-kini.example/fixture/metrik/2023-06-12,,2026-09-09,2026-09-09T00:00:00+07:00,2026-09-09T00:00:00+07:00,danny2,True
sulsel-kini.example,Makassar,2023-06-19,36,0.287,0.432,-461,https://sulsel-kini.example/fixture/metrik/2023-06-19,,2026-09-09,2026-09-09T00:00:00+07:00,2026-09-09T00:00:00+07:00,danny2,True
sulsel-kini.example,Makassar,2023-06-26,36,0.253,0.33,-454,https://sulsel-kini.example/fixture/metrik/2023-06-26,,2026-09-09,2026-09-09T00:00:00+07:00,2026-09-09T00:00:00+07:00,danny2,True
sulsel-kini.example,Makassar,2023-07-03,28,0.269,0.3,-447,https://sulsel-kini.example/fixture/metrik/2023-07-03,,2026-09-09,2026-09-09T00:00:00+07:00,2026-09-09T00:00:00+07:00,danny2,True
sulsel-kini.example,Makassar,2023-07-10,32,0.243,0.375,-440,https://sulsel-kini.example/fixture/metrik/2023-07-10,,2026-09-09,2026-09-09T00:00:00+07:00,2026-09-09T00:00:00+07:00,danny2,True
sulsel-kini.example,Makassar,2023-07-17,38,0.279,0.37,-433,https://sulsel-kini.example/fixture/metrik/2023-07-17,,2026-09-09,2026-09-09T00:00:00+07:00,2026-09-09T00:00:00+07:00,danny2,True
sulsel-kini.example,Makassar,2023-07-24,39,0.332,0.328,-426,https://sulsel-kini.example/fixture/metrik/2023-07-24,,2026-09-09,2026-09-09T00:00:00+07:00,2026-09-09T00:00:00+07:00,danny2,True
sulsel-kini.example,Makassar,2023-07-31,38,0.273,0.371,-419,https://sulsel-kini.example/fixture/metrik/2023-07-31,,2026-09-09,2026-09-09T00:00:00+07:00,2026-09-09T00:00:00+07:00,danny2,True
sulsel-kini.example,Makassar,2023-08-07,48,0.266,0.445,-412,https://sulsel-kini.example/fixture/metrik/2023-08-07,,2026-09-09,2026-09-09T00:00:00+07:00,2026-09-09T00:00:00+07:00,danny2,True
sulsel-kini.example,Makassar,2023-08-14,37,0.302,0.342,-405,https://sulsel-kini.example/fixture/metrik/2023-08-14,,2026-09-09,2026-09-09T00:00:00+07:00,2026-09-09T00:00:00+07:00,danny2,True
sulsel-kini.example,Makassar,2023-08-21,47,0.326,0.342,-398,https://sulsel-kini.example/fixture/metrik/2023-08-21,,2026-09-09,2026-09-09T00:00:00+07:00,2026-09-09T00:00:00+07:00,danny2,True
sulsel-kini.example,Makassar,2023-08-28,35,0.301,0.365,-391,https://sulsel-kini.example/fixture/metrik/2023-08-28,,2026-09-09,2026-09-09T00:00:00+07:00,2026-09-09T00:00:00+07:00,danny2,True
sulsel-kini.example,Makassar,2023-09-04,43,0.322,0.426,-384,https://sulsel-kini.example/fixture/metrik/2023-09-04,,2026-09-09,2026-09-09T00:00:00+07:00,2026-09-09T00:00:00+07:00,danny2,True
sulsel-kini.example,Makassar,2023-09-11,36,0.297,0.382,-377,https://sulsel-kini.example/fixture/metrik/2023-09-11,,2026-09-09,2026-09-09T00:00:00+07:00,2026-09-09T00:00:00+07:00,danny2,True
sulsel-kini.example,Makassar,2023-09-18,37,0.263,0.386,-370,https://sulsel-kini.example/fixture/metrik/2023-09-18,,2026-09-09,2026-09-09T00:00:00+07:00,2026-09-09T00:00:00+07:00,danny2,True
sulsel-kini.example,Makassar,2023-09-25,43,0.238,0.4,-363,https://sulsel-kini.example/fixture/metrik/2023-09-25,,2026-09-09,2026-09-09T00:00:00+07:00,2026-09-09T00:00:00+07:00,danny2,True
sulsel-kini.example,Makassar,2023-10-02,39,0.368,0.339,-356,https://sulsel-kini.example/fixture/metrik/2023-10-02,,2026-09-09,2026-09-09T00:00:00+07:00,2026-09-09T00:00:00+07:00,danny2,True
sulsel-kini.example,Makassar,2023-10-09,50,0.271,0.405,-349,https://sulsel-kini.example/fixture/metrik/2023-10-09,,2026-09-09,2026-09-09T00:00:00+07:00,2026-09-09T00:00:00+07:00,danny2,True
sulsel-kini.example,Makassar,2023-10-16,39,0.27,0.367,-342,https://sulsel-kini.example/fixture/metrik/2023-10-16,,2026-09-09,2026-09-09T00:00:00+07:00,2026-09-09T00:00:00+07:00,danny2,True
sulsel-kini.example,Makassar,2023-10-23,40,0.27,0.383,-335,https://sulsel-kini.example/fixture/metrik/2023-10-23,,2026-09-09,2026-09-09T00:00:00+07:00,2026-09-09T00:00:00+07:00,danny2,True
sulsel-kini.example,Makassar,2023-10-30,40,0.241,0.389,-328,https://sulsel-kini.example/fixture/metrik/2023-10-30,,2026-09-09,2026-09-09T00:00:00+07:00,2026-09-09T00:00:00+07:00,danny2,True
sulsel-kini.example,Makassar,2023-11-06,32,0.25,0.399,-321,https://sulsel-kini.example/fixture/metrik/2023-11-06,,2026-09-09,2026-09-09T00:00:00+07:00,2026-09-09T00:00:00+07:00,danny2,True
sulsel-kini.example,Makassar,2023-11-13,23,0.306,0.34,-314,https://sulsel-kini.example/fixture/metrik/2023-11-13,,2026-09-09,2026-09-09T00:00:00+07:00,2026-09-09T00:00:00+07:00,danny2,True
sulsel-kini.example,Makassar,2023-11-20,35,0.303,0.481,-307,https://sulsel-kini.example/fixture/metrik/2023-11-20,,2026-09-09,2026-09-09T00:00:00+07:00,2026-09-09T00:00:00+07:00,danny2,True
sulsel-kini.example,Makassar,2023-11-27,46,0.285,0.284,-300,https://sulsel-kini.example/fixture/metrik/2023-11-27,,2026-09-09,2026-09-09T00:00:00+07:00,2026-09-09T00:00:00+07:00,danny2,True
sulsel-kini.example,Makassar,2023-12-04,41,0.224,0.378,-293,https://sulsel-kini.example/fixture/metrik/2023-12-04,,2026-09-09,2026-09-09T00:00:00+07:00,2026-09-09T00:00:00+07:00,danny2,True
sulsel-kini.example,Makassar,2023-12-11,22,0.316,0.429,-286,https://sulsel-kini.example/fixture/metrik/2023-12-11,,2026-09-09,2026-09-09T00:00:00+07:00,2026-09-09T00:00:00+07:00,danny2,True
sulsel-kini.example,Makassar,2023-12-18,37,0.263,0.37,-279,https://sulsel-kini.example/fixture/metrik/2023-12-18,,2026-09-09,2026-09-09T00:00:00+07:00,2026-09-09T00:00:00+07:00,danny2,True
sulsel-kini.example,Makassar,2023-12-25,26,0.251,0.375,-272,https://sulsel-kini.example/fixture/metrik/2023-12-25,,2026-09-09,2026-09-09T00:00:00+07:00,2026-09-09T00:00:00+07:00,danny2,True
sulsel-kini.example,Makassar,2024-01-01,41,0.293,0.38,-265,https://sulsel-kini.example/fixture/metrik/2024-01-01,,2026-09-09,2026-09-09T00:00:00+07:00,2026-09-09T00:00:00+07:00,danny2,True
sulsel-kini.example,Makassar,2024-01-08,50,0.307,0.33,-258,https://sulsel-kini.example/fixture/metrik/2024-01-08,,2026-09-09,2026-09-09T00:00:00+07:00,2026-09-09T00:00:00+07:00,danny2,True
sulsel-kini.example,Makassar,2024-01-15,43,0.301,0.281,-251,https://sulsel-kini.example/fixture/metrik/2024-01-15,,2026-09-09,2026-09-09T00:00:00+07:00,2026-09-09T00:00:00+07:00,danny2,True
sulsel-kini.example,Makassar,2024-01-22,32,0.301,0.416,-244,https://sulsel-kini.example/fixture/metrik/2024-01-22,,2026-09-09,2026-09-09T00:00:00+07:00,2026-09-09T00:00:00+07:00,danny2,True
sulsel-kini.example,Makassar,2024-01-29,38,0.262,0.298,-237,https://sulsel-kini.example/fixture/metrik/2024-01-29,,2026-09-09,2026-09-09T00:00:00+07:00,2026-09-09T00:00:00+07:00,danny2,True
sulsel-kini.example,Makassar,2024-02-05,38,0.258,0.376,-230,https://sulsel-kini.example/fixture/metrik/2024-02-05,,2026-09-09,2026-09-09T00:00:00+07:00,2026-09-09T00:00:00+07:00,danny2,True
sulsel-kini.example,Makassar,2024-02-12,36,0.252,0.365,-223,https://sulsel-kini.example/fixture/metrik/2024-02-12,,2026-09-09,2026-09-09T00:00:00+07:00,2026-09-09T00:00:00+07:00,danny2,True
sulsel-kini.example,Makassar,2024-02-19,38,0.311,0.324,-216,https://sulsel-kini.example/fixture/metrik/2024-02-19,,2026-09-09,2026-09-09T00:00:00+07:00,2026-09-09T00:00:00+07:00,danny2,True
sulsel-kini.example,Makassar,2024-02-26,33,0.329,0.333,-209,https://sulsel-kini.example/fixture/metrik/2024-02-26,,2026-09-09,2026-09-09T00:00:00+07:00,2026-09-09T00:00:00+07:00,danny2,True
sulsel-kini.example,Makassar,2024-03-04,44,0.339,0.331,-202,https://sulsel-kini.example/fixture/metrik/2024-03-04,,2026-09-09,2026-09-09T00:00:00+07:00,2026-09-09T00:00:00+07:00,danny2,True
sulsel-kini.example,Makassar,2024-03-11,31,0.279,0.294,-195,https://sulsel-kini.example/fixture/metrik/2024-03-11,,2026-09-09,2026-09-09T00:00:00+07:00,2026-09-09T00:00:00+07:00,danny2,True
sulsel-kini.example,Makassar,2024-03-18,56,0.301,0.391,-188,https://sulsel-kini.example/fixture/metrik/2024-03-18,,2026-09-09,2026-09-09T00:00:00+07:00,2026-09-09T00:00:00+07:00,danny2,True
sulsel-kini.example,Makassar,2024-03-25,32,0.281,0.286,-181,https://sulsel-kini.example/fixture/metrik/2024-03-25,,2026-09-09,2026-09-09T00:00:00+07:00,2026-09-09T00:00:00+07:00,danny2,True
sulsel-kini.example,Makassar,2024-04-01,35,0.279,0.331,-174,https://sulsel-kini.example/fixture/metrik/2024-04-01,,2026-09-09,2026-09-09T00:00:00+07:00,2026-09-09T00:00:00+07:00,danny2,True
sulsel-kini.example,Makassar,2024-04-08,28,0.31,0.352,-167,https://sulsel-kini.example/fixture/metrik/2024-04-08,,2026-09-09,2026-09-09T00:00:00+07:00,2026-09-09T00:00:00+07:00,danny2,True
sulsel-kini.example,Makassar,2024-04-15,38,0.281,0.394,-160,https://sulsel-kini.example/fixture/metrik/2024-04-15,,2026-09-09,2026-09-09T00:00:00+07:00,2026-09-09T00:00:00+07:00,danny2,True
sulsel-kini.example,Makassar,2024-04-22,31,0.318,0.401,-153,https://sulsel-kini.example/fixture/metrik/2024-04-22,,2026-09-09,2026-09-09T00:00:00+07:00,2026-09-09T00:00:00+07:00,danny2,True
sulsel-kini.example,Makassar,2024-04-29,42,0.331,0.35,-146,https://sulsel-kini.example/fixture/metrik/2024-04-29,,2026-09-09,2026-09-09T00:00:00+07:00,2026-09-09T00:00:00+07:00,danny2,True
sulsel-kini.example,Makassar,2024-05-06,47,0.345,0.356,-139,https://sulsel-kini.example/fixture/metrik/2024-05-06,,2026-09-09,2026-09-09T00:00:00+07:00,2026-09-09T00:00:00+07:00,danny2,True
sulsel-kini.example,Makassar,2024-05-13,33,0.368,0.438,-132,https://sulsel-kini.example/fixture/metrik/2024-05-13,,2026-09-09,2026-09-09T00:00:00+07:00,2026-09-09T00:00:00+07:00,danny2,True
sulsel-kini.example,Makassar,2024-05-20,35,0.323,0.441,-125,https://sulsel-kini.example/fixture/metrik/2024-05-20,,2026-09-09,2026-09-09T00:00:00+07:00,2026-09-09T00:00:00+07:00,danny2,True
sulsel-kini.example,Makassar,2024-05-27,40,0.37,0.341,-118,https://sulsel-kini.example/fixture/metrik/2024-05-27,,2026-09-09,2026-09-09T00:00:00+07:00,2026-09-09T00:00:00+07:00,danny2,True
sulsel-kini.example,Makassar,2024-06-03,39,0.412,0.423,-111,https://sulsel-kini.example/fixture/metrik/2024-06-03,,2026-09-09,2026-09-09T00:00:00+07:00,2026-09-09T00:00:00+07:00,danny2,True
sulsel-kini.example,Makassar,2024-06-10,24,0.398,0.373,-104,https://sulsel-kini.example/fixture/metrik/2024-06-10,,2026-09-09,2026-09-09T00:00:00+07:00,2026-09-09T00:00:00+07:00,danny2,True
sulsel-kini.example,Makassar,2024-06-17,43,0.496,0.265,-97,https://sulsel-kini.example/fixture/metrik/2024-06-17,,2026-09-09,2026-09-09T00:00:00+07:00,2026-09-09T00:00:00+07:00,danny2,True
sulsel-kini.example,Makassar,2024-06-24,21,0.46,0.35,-90,https://sulsel-kini.example/fixture/metrik/2024-06-24,,2026-09-09,2026-09-09T00:00:00+07:00,2026-09-09T00:00:00+07:00,danny2,True
sulsel-kini.example,Makassar,2024-07-01,35,0.398,0.411,-83,https://sulsel-kini.example/fixture/metrik/2024-07-01,,2026-09-09,2026-09-09T00:00:00+07:00,2026-09-09T00:00:00+07:00,danny2,True
sulsel-kini.example,Makassar,2024-07-08,34,0.473,0.418,-76,https://sulsel-kini.example/fixture/metrik/2024-07-08,,2026-09-09,2026-09-09T00:00:00+07:00,2026-09-09T00:00:00+07:00,danny2,True
sulsel-kini.example,Makassar,2024-07-15,36,0.422,0.334,-69,https://sulsel-kini.example/fixture/metrik/2024-07-15,,2026-09-09,2026-09-09T00:00:00+07:00,2026-09-09T00:00:00+07:00,danny2,True
sulsel-kini.example,Makassar,2024-07-22,44,0.438,0.205,-62,https://sulsel-kini.example/fixture/metrik/2024-07-22,,2026-09-09,2026-09-09T00:00:00+07:00,2026-09-09T00:00:00+07:00,danny2,True
sulsel-kini.example,Makassar,2024-07-29,34,0.526,0.434,-55,https://sulsel-kini.example/fixture/metrik/2024-07-29,,2026-09-09,2026-09-09T00:00:00+07:00,2026-09-09T00:00:00+07:00,danny2,True
sulsel-kini.example,Makassar,2024-08-05,30,0.517,0.435,-48,https://sulsel-kini.example/fixture/metrik/2024-08-05,,2026-09-09,2026-09-09T00:00:00+07:00,2026-09-09T00:00:00+07:00,danny2,True
sulsel-kini.example,Makassar,2024-08-12,42,0.556,0.471,-41,https://sulsel-kini.example/fixture/metrik/2024-08-12,,2026-09-09,2026-09-09T00:00:00+07:00,2026-09-09T00:00:00+07:00,danny2,True
sulsel-kini.example,Makassar,2024-08-19,38,0.451,0.449,-34,https://sulsel-kini.example/fixture/metrik/2024-08-19,,2026-09-09,2026-09-09T00:00:00+07:00,2026-09-09T00:00:00+07:00,danny2,True
sulsel-kini.example,Makassar,2024-08-26,34,0.517,0.45,-27,https://sulsel-kini.example/fixture/metrik/2024-08-26,,2026-09-09,2026-09-09T00:00:00+07:00,2026-09-09T00:00:00+07:00,danny2,True
sulsel-kini.example,Makassar,2024-09-02,28,0.443,0.331,-20,https://sulsel-kini.example/fixture/metrik/2024-09-02,,2026-09-09,2026-09-09T00:00:00+07:00,2026-09-09T00:00:00+07:00,danny2,True
sulsel-kini.example,Makassar,2024-09-09,32,0.526,0.397,-13,https://sulsel-kini.example/fixture/metrik/2024-09-09,,2026-09-09,2026-09-09T00:00:00+07:00,2026-09-09T00:00:00+07:00,danny2,True
sulsel-kini.example,Makassar,2024-09-16,40,0.499,0.354,-6,https://sulsel-kini.example/fixture/metrik/2024-09-16,,2026-09-09,2026-09-09T00:00:00+07:00,2026-09-09T00:00:00+07:00,danny2,True
sulsel-kini.example,Makassar,2024-09-23,36,0.429,0.315,1,https://sulsel-kini.example/fixture/metrik/2024-09-23,,2026-09-09,2026-09-09T00:00:00+07:00,2026-09-09T00:00:00+07:00,danny2,True
sulsel-kini.example,Makassar,2024-09-30,44,0.425,0.319,8,https://sulsel-kini.example/fixture/metrik/2024-09-30,,2026-09-09,2026-09-09T00:00:00+07:00,2026-09-09T00:00:00+07:00,danny2,True
sulsel-kini.example,Makassar,2024-10-07,45,0.262,0.362,15,https://sulsel-kini.example/fixture/metrik/2024-10-07,,2026-09-09,2026-09-09T00:00:00+07:00,2026-09-09T00:00:00+07:00,danny2,True
sulsel-kini.example,Makassar,2024-10-14,46,0.283,0.36,22,https://sulsel-kini.example/fixture/metrik/2024-10-14,,2026-09-09,2026-09-09T00:00:00+07:00,2026-09-09T00:00:00+07:00,danny2,True
sulsel-kini.example,Makassar,2024-10-21,40,0.307,0.304,29,https://sulsel-kini.example/fixture/metrik/2024-10-21,,2026-09-09,2026-09-09T00:00:00+07:00,2026-09-09T00:00:00+07:00,danny2,True
sulsel-kini.example,Makassar,2024-10-28,37,0.297,0.403,36,https://sulsel-kini.example/fixture/metrik/2024-10-28,,2026-09-09,2026-09-09T00:00:00+07:00,2026-09-09T00:00:00+07:00,danny2,True
sulsel-kini.example,Makassar,2024-11-04,39,0.26,0.271,43,https://sulsel-kini.example/fixture/metrik/2024-11-04,,2026-09-09,2026-09-09T00:00:00+07:00,2026-09-09T00:00:00+07:00,danny2,True
sulsel-kini.example,Makassar,2024-11-11,32,0.31,0.362,50,https://sulsel-kini.example/fixture/metrik/2024-11-11,,2026-09-09,2026-09-09T00:00:00+07:00,2026-09-09T00:00:00+07:00,danny2,True
sulsel-kini.example,Makassar,2024-11-18,49,0.255,0.37,57,https://sulsel-kini.example/fixture/metrik/2024-11-18,,2026-09-09,2026-09-09T00:00:00+07:00,2026-09-09T00:00:00+07:00,danny2,True
sulsel-kini.example,Makassar,2024-11-25,44,0.307,0.391,64,https://sulsel-kini.example/fixture/metrik/2024-11-25,,2026-09-09,2026-09-09T00:00:00+07:00,2026-09-09T00:00:00+07:00,danny2,True
sulsel-kini.example,Makassar,2024-12-02,36,0.285,0.358,71,https://sulsel-kini.example/fixture/metrik/2024-12-02,,2026-09-09,2026-09-09T00:00:00+07:00,2026-09-09T00:00:00+07:00,danny2,True
sulsel-kini.example,Makassar,2024-12-09,30,0.333,0.425,78,https://sulsel-kini.example/fixture/metrik/2024-12-09,,2026-09-09,2026-09-09T00:00:00+07:00,2026-09-09T00:00:00+07:00,danny2,True
sulsel-kini.example,Makassar,2024-12-16,33,0.297,0.371,85,https://sulsel-kini.example/fixture/metrik/2024-12-16,,2026-09-09,2026-09-09T00:00:00+07:00,2026-09-09T00:00:00+07:00,danny2,True
sulsel-kini.example,Makassar,2024-12-23,32,0.244,0.328,92,https://sulsel-kini.example/fixture/metrik/2024-12-23,,2026-09-09,2026-09-09T00:00:00+07:00,2026-09-09T00:00:00+07:00,danny2,True
sulsel-kini.example,Makassar,2024-12-30,39,0.222,0.291,99,https://sulsel-kini.example/fixture/metrik/2024-12-30,,2026-09-09,2026-09-09T00:00:00+07:00,2026-09-09T00:00:00+07:00,danny2,True
sulsel-kini.example,Makassar,2025-01-06,37,0.273,0.343,106,https://sulsel-kini.example/fixture/metrik/2025-01-06,,2026-09-09,2026-09-09T00:00:00+07:00,2026-09-09T00:00:00+07:00,danny2,True
sulsel-kini.example,Makassar,2025-01-13,43,0.28,0.433,113,https://sulsel-kini.example/fixture/metrik/2025-01-13,,2026-09-09,2026-09-09T00:00:00+07:00,2026-09-09T00:00:00+07:00,danny2,True
sulsel-kini.example,Makassar,2025-01-20,45,0.215,0.37,120,https://sulsel-kini.example/fixture/metrik/2025-01-20,,2026-09-09,2026-09-09T00:00:00+07:00,2026-09-09T00:00:00+07:00,danny2,True
sulsel-kini.example,Makassar,2025-01-27,31,0.347,0.376,127,https://sulsel-kini.example/fixture/metrik/2025-01-27,,2026-09-09,2026-09-09T00:00:00+07:00,2026-09-09T00:00:00+07:00,danny2,True
sulsel-kini.example,Makassar,2025-02-03,25,0.309,0.391,134,https://sulsel-kini.example/fixture/metrik/2025-02-03,,2026-09-09,2026-09-09T00:00:00+07:00,2026-09-09T00:00:00+07:00,danny2,True
sulsel-kini.example,Makassar,2025-02-10,41,0.228,0.395,141,https://sulsel-kini.example/fixture/metrik/2025-02-10,,2026-09-09,2026-09-09T00:00:00+07:00,2026-09-09T00:00:00+07:00,danny2,True
sulsel-kini.example,Makassar,2025-02-17,34,0.308,0.385,148,https://sulsel-kini.example/fixture/metrik/2025-02-17,,2026-09-09,2026-09-09T00:00:00+07:00,2026-09-09T00:00:00+07:00,danny2,True
sulsel-kini.example,Makassar,2025-02-24,43,0.271,0.356,155,https://sulsel-kini.example/fixture/metrik/2025-02-24,,2026-09-09,2026-09-09T00:00:00+07:00,2026-09-09T00:00:00+07:00,appi,True
sulsel-kini.example,Makassar,2025-03-03,55,0.353,0.397,162,https://sulsel-kini.example/fixture/metrik/2025-03-03,,2026-09-09,2026-09-09T00:00:00+07:00,2026-09-09T00:00:00+07:00,appi,True
sulsel-kini.example,Makassar,2025-03-10,43,0.144,0.256,169,https://sulsel-kini.example/fixture/metrik/2025-03-10,,2026-09-09,2026-09-09T00:00:00+07:00,2026-09-09T00:00:00+07:00,appi,True
sulsel-kini.example,Makassar,2025-03-17,32,0.285,0.285,176,https://sulsel-kini.example/fixture/metrik/2025-03-17,,2026-09-09,2026-09-09T00:00:00+07:00,2026-09-09T00:00:00+07:00,appi,True
sulsel-kini.example,Makassar,2025-03-24,32,0.249,0.403,183,https://sulsel-kini.example/fixture/metrik/2025-03-24,,2026-09-09,2026-09-09T00:00:00+07:00,2026-09-09T00:00:00+07:00,appi,True
sulsel-kini.example,Makassar,2025-03-31,38,0.278,0.411,190,https://sulsel-kini.example/fixture/metrik/2025-03-31,,2026-09-09,2026-09-09T00:00:00+07:00,2026-09-09T00:00:00+07:00,appi,True
sulsel-kini.example,Makassar,2025-04-07,29,0.279,0.332,197,https://sulsel-kini.example/fixture/metrik/2025-04-07,,2026-09-09,2026-09-09T00:00:00+07:00,2026-09-09T00:00:00+07:00,appi,True
sulsel-kini.example,Makassar,2025-04-14,40,0.237,0.373,204,https://sulsel-kini.example/fixture/metrik/2025-04-14,,2026-09-09,2026-09-09T00:00:00+07:00,2026-09-09T00:00:00+07:00,appi,True
sulsel-kini.example,Makassar,2025-04-21,46,0.277,0.336,211,https://sulsel-kini.example/fixture/metrik/2025-04-21,,2026-09-09,2026-09-09T00:00:00+07:00,2026-09-09T00:00:00+07:00,appi,True
sulsel-kini.example,Makassar,2025-04-28,47,0.18,0.362,218,https://sulsel-kini.example/fixture/metrik/2025-04-28,,2026-09-09,2026-09-09T00:00:00+07:00,2026-09-09T00:00:00+07:00,appi,True
sulsel-kini.example,Makassar,2025-05-05,37,0.246,0.309,225,https://sulsel-kini.example/fixture/metrik/2025-05-05,,2026-09-09,2026-09-09T00:00:00+07:00,2026-09-09T00:00:00+07:00,appi,True
sulsel-kini.example,Makassar,2025-05-12,28,0.231,0.372,232,https://sulsel-kini.example/fixture/metrik/2025-05-12,,2026-09-09,2026-09-09T00:00:00+07:00,2026-09-09T00:00:00+07:00,appi,True
sulsel-kini.example,Makassar,2025-05-19,39,0.18,0.331,239,https://sulsel-kini.example/fixture/metrik/2025-05-19,,2026-09-09,2026-09-09T00:00:00+07:00,2026-09-09T00:00:00+07:00,appi,True
sulsel-kini.example,Makassar,2025-05-26,46,0.245,0.342,246,https://sulsel-kini.example/fixture/metrik/2025-05-26,,2026-09-09,2026-09-09T00:00:00+07:00,2026-09-09T00:00:00+07:00,appi,True
sulsel-kini.example,Makassar,2025-06-02,37,0.266,0.352,253,https://sulsel-kini.example/fixture/metrik/2025-06-02,,2026-09-09,2026-09-09T00:00:00+07:00,2026-09-09T00:00:00+07:00,appi,True
sulsel-kini.example,Makassar,2025-06-09,38,0.308,0.44,260,https://sulsel-kini.example/fixture/metrik/2025-06-09,,2026-09-09,2026-09-09T00:00:00+07:00,2026-09-09T00:00:00+07:00,appi,True
sulsel-kini.example,Makassar,2025-06-16,45,0.262,0.378,267,https://sulsel-kini.example/fixture/metrik/2025-06-16,,2026-09-09,2026-09-09T00:00:00+07:00,2026-09-09T00:00:00+07:00,appi,True
sulsel-kini.example,Makassar,2025-06-23,43,0.212,0.409,274,https://sulsel-kini.example/fixture/metrik/2025-06-23,,2026-09-09,2026-09-09T00:00:00+07:00,2026-09-09T00:00:00+07:00,appi,True
sulsel-kini.example,Makassar,2025-06-30,44,0.258,0.387,281,https://sulsel-kini.example/fixture/metrik/2025-06-30,,2026-09-09,2026-09-09T00:00:00+07:00,2026-09-09T00:00:00+07:00,appi,True
sulsel-kini.example,Makassar,2025-07-07,45,0.201,0.392,288,https://sulsel-kini.example/fixture/metrik/2025-07-07,,2026-09-09,2026-09-09T00:00:00+07:00,2026-09-09T00:00:00+07:00,appi,True
sulsel-kini.example,Makassar,2025-07-14,40,0.238,0.416,295,https://sulsel-kini.example/fixture/metrik/2025-07-14,,2026-09-09,2026-09-09T00:00:00+07:00,2026-09-09T00:00:00+07:00,appi,True
sulsel-kini.example,Makassar,2025-07-21,34,0.185,0.399,302,https://sulsel-kini.example/fixture/metrik/2025-07-21,,2026-09-09,2026-09-09T00:00:00+07:00,2026-09-09T00:00:00+07:00,appi,True
sulsel-kini.example,Makassar,2025-07-28,32,0.279,0.299,309,https://sulsel-kini.example/fixture/metrik/2025-07-28,,2026-09-09,2026-09-09T00:00:00+07:00,2026-09-09T00:00:00+07:00,appi,True
sulsel-kini.example,Makassar,2025-08-04,29,0.296,0.353,316,https://sulsel-kini.example/fixture/metrik/2025-08-04,,2026-09-09,2026-09-09T00:00:00+07:00,2026-09-09T00:00:00+07:00,appi,True
sulsel-kini.example,Makassar,2025-08-11,30,0.248,0.399,323,https://sulsel-kini.example/fixture/metrik/2025-08-11,,2026-09-09,2026-09-09T00:00:00+07:00,2026-09-09T00:00:00+07:00,appi,True
sulsel-kini.example,Makassar,2025-08-18,45,0.241,0.415,330,https://sulsel-kini.example/fixture/metrik/2025-08-18,,2026-09-09,2026-09-09T00:00:00+07:00,2026-09-09T00:00:00+07:00,appi,True
sulsel-kini.example,Makassar,2025-08-25,36,0.275,0.333,337,https://sulsel-kini.example/fixture/metrik/2025-08-25,,2026-09-09,2026-09-09T00:00:00+07:00,2026-09-09T00:00:00+07:00,appi,True
sulsel-kini.example,Makassar,2025-09-01,27,0.191,0.34,344,https://sulsel-kini.example/fixture/metrik/2025-09-01,,2026-09-09,2026-09-09T00:00:00+07:00,2026-09-09T00:00:00+07:00,appi,True
sulsel-kini.example,Makassar,2025-09-08,34,0.272,0.362,351,https://sulsel-kini.example/fixture/metrik/2025-09-08,,2026-09-09,2026-09-09T00:00:00+07:00,2026-09-09T00:00:00+07:00,appi,True
sulsel-kini.example,Makassar,2025-09-15,43,0.2,0.403,358,https://sulsel-kini.example/fixture/metrik/2025-09-15,,2026-09-09,2026-09-09T00:00:00+07:00,2026-09-09T00:00:00+07:00,appi,True
sulsel-kini.example,Makassar,2025-09-22,34,0.282,0.371,365,https://sulsel-kini.example/fixture/metrik/2025-09-22,,2026-09-09,2026-09-09T00:00:00+07:00,2026-09-09T00:00:00+07:00,appi,True
sulsel-kini.example,Makassar,2025-09-29,36,0.273,0.319,372,https://sulsel-kini.example/fixture/metrik/2025-09-29,,2026-09-09,2026-09-09T00:00:00+07:00,2026-09-09T00:00:00+07:00,appi,True
sulsel-kini.example,Makassar,2025-10-06,41,0.199,0.359,379,https://sulsel-kini.example/fixture/metrik/2025-10-06,,2026-09-09,2026-09-09T00:00:00+07:00,2026-09-09T00:00:00+07:00,appi,True
sulsel-kini.example,Makassar,2025-10-13,32,0.197,0.404,386,https://sulsel-kini.example/fixture/metrik/2025-10-13,,2026-09-09,2026-09-09T00:00:00+07:00,2026-09-09T00:00:00+07:00,appi,True
sulsel-kini.example,Makassar,2025-10-20,25,0.211,0.412,393,https://sulsel-kini.example/fixture/metrik/2025-10-20,,2026-09-09,2026-09-09T00:00:00+07:00,2026-09-09T00:00:00+07:00,appi,True
sulsel-kini.example,Makassar,2025-10-27,24,0.239,0.332,400,https://sulsel-kini.example/fixture/metrik/2025-10-27,,2026-09-09,2026-09-09T00:00:00+07:00,2026-09-09T00:00:00+07:00,appi,True
sulsel-kini.example,Makassar,2025-11-03,38,0.209,0.29,407,https://sulsel-kini.example/fixture/metrik/2025-11-03,,2026-09-09,2026-09-09T00:00:00+07:00,2026-09-09T00:00:00+07:00,appi,True
sulsel-kini.example,Makassar,2025-11-10,27,0.283,0.374,414,https://sulsel-kini.example/fixture/metrik/2025-11-10,,2026-09-09,2026-09-09T00:00:00+07:00,2026-09-09T00:00:00+07:00,appi,True
sulsel-kini.example,Makassar,2025-11-17,27,0.247,0.371,421,https://sulsel-kini.example/fixture/metrik/2025-11-17,,2026-09-09,2026-09-09T00:00:00+07:00,2026-09-09T00:00:00+07:00,appi,True
sulsel-kini.example,Makassar,2025-11-24,33,0.314,0.329,428,https://sulsel-kini.example/fixture/metrik/2025-11-24,,2026-09-09,2026-09-09T00:00:00+07:00,2026-09-09T00:00:00+07:00,appi,True
sulsel-kini.example,Makassar,2025-12-01,27,0.252,0.337,435,https://sulsel-kini.example/fixture/metrik/2025-12-01,,2026-09-09,2026-09-09T00:00:00+07:00,2026-09-09T00:00:00+07:00,appi,True
sulsel-kini.example,Makassar,2025-12-08,37,0.243,0.287,442,https://sulsel-kini.example/fixture/metrik/2025-12-08,,2026-09-09,2026-09-09T00:00:00+07:00,2026-09-09T00:00:00+07:00,appi,True
sulsel-kini.example,Makassar,2025-12-15,23,0.273,0.4,449,https://sulsel-kini.example/fixture/metrik/2025-12-15,,2026-09-09,2026-09-09T00:00:00+07:00,2026-09-09T00:00:00+07:00,appi,True
sulsel-kini.example,Makassar,2025-12-22,41,0.303,0.387,456,https://sulsel-kini.example/fixture/metrik/2025-12-22,,2026-09-09,2026-09-09T00:00:00+07:00,2026-09-09T00:00:00+07:00,appi,True
sulsel-kini.example,Makassar,2025-12-29,35,0.283,0.33,463,https://sulsel-kini.example/fixture/metrik/2025-12-29,,2026-09-09,2026-09-09T00:00:00+07:00,2026-09-09T00:00:00+07:00,appi,True
kabar-pelabuhan.example,Makassar,2014-01-06,11,0.151,0.246,-1498,https://kabar-pelabuhan.example/fixture/metrik/2014-01-06,,2026-09-09,2026-09-09T00:00:00+07:00,2026-09-09T00:00:00+07:00,ilham,True
kabar-pelabuhan.example,Makassar,2014-01-13,29,0.135,0.228,-1491,https://kabar-pelabuhan.example/fixture/metrik/2014-01-13,,2026-09-09,2026-09-09T00:00:00+07:00,2026-09-09T00:00:00+07:00,ilham,True
kabar-pelabuhan.example,Makassar,2014-01-20,20,0.114,0.237,-1484,https://kabar-pelabuhan.example/fixture/metrik/2014-01-20,,2026-09-09,2026-09-09T00:00:00+07:00,2026-09-09T00:00:00+07:00,ilham,True
kabar-pelabuhan.example,Makassar,2014-01-27,40,0.166,0.098,-1477,https://kabar-pelabuhan.example/fixture/metrik/2014-01-27,,2026-09-09,2026-09-09T00:00:00+07:00,2026-09-09T00:00:00+07:00,ilham,True
kabar-pelabuhan.example,Makassar,2014-02-03,19,0.149,0.155,-1470,https://kabar-pelabuhan.example/fixture/metrik/2014-02-03,,2026-09-09,2026-09-09T00:00:00+07:00,2026-09-09T00:00:00+07:00,ilham,True
kabar-pelabuhan.example,Makassar,2014-02-10,9,0.076,0.119,-1463,https://kabar-pelabuhan.example/fixture/metrik/2014-02-10,,2026-09-09,2026-09-09T00:00:00+07:00,2026-09-09T00:00:00+07:00,ilham,True
kabar-pelabuhan.example,Makassar,2014-02-17,15,0.071,0.14,-1456,https://kabar-pelabuhan.example/fixture/metrik/2014-02-17,,2026-09-09,2026-09-09T00:00:00+07:00,2026-09-09T00:00:00+07:00,ilham,True
kabar-pelabuhan.example,Makassar,2014-02-24,29,0.155,0.208,-1449,https://kabar-pelabuhan.example/fixture/metrik/2014-02-24,,2026-09-09,2026-09-09T00:00:00+07:00,2026-09-09T00:00:00+07:00,ilham,True
kabar-pelabuhan.example,Makassar,2014-03-03,14,0.11,0.094,-1442,https://kabar-pelabuhan.example/fixture/metrik/2014-03-03,,2026-09-09,2026-09-09T00:00:00+07:00,2026-09-09T00:00:00+07:00,ilham,True
kabar-pelabuhan.example,Makassar,2014-03-10,18,0.189,0.208,-1435,https://kabar-pelabuhan.example/fixture/metrik/2014-03-10,,2026-09-09,2026-09-09T00:00:00+07:00,2026-09-09T00:00:00+07:00,ilham,True
kabar-pelabuhan.example,Makassar,2014-03-17,37,0.072,0.169,-1428,https://kabar-pelabuhan.example/fixture/metrik/2014-03-17,,2026-09-09,2026-09-09T00:00:00+07:00,2026-09-09T00:00:00+07:00,ilham,True
kabar-pelabuhan.example,Makassar,2014-03-24,14,0.155,0.167,-1421,https://kabar-pelabuhan.example/fixture/metrik/2014-03-24,,2026-09-09,2026-09-09T00:00:00+07:00,2026-09-09T00:00:00+07:00,ilham,True
kabar-pelabuhan.example,Makassar,2014-03-31,30,0.078,0.188,-1414,https://kabar-pelabuhan.example/fixture/metrik/2014-03-31,,2026-09-09,2026-09-09T00:00:00+07:00,2026-09-09T00:00:00+07:00,ilham,True
kabar-pelabuhan.example,Makassar,2014-04-07,26,0.126,0.13,-1407,https://kabar-pelabuhan.example/fixture/metrik/2014-04-07,,2026-09-09,2026-09-09T00:00:00+07:00,2026-09-09T00:00:00+07:00,ilham,True
kabar-pelabuhan.example,Makassar,2014-04-14,22,0.092,0.105,-1400,https://kabar-pelabuhan.example/fixture/metrik/2014-04-14,,2026-09-09,2026-09-09T00:00:00+07:00,2026-09-09T00:00:00+07:00,ilham,True
kabar-pelabuhan.example,Makassar,2014-04-21,22,0.139,0.176,-1393,https://kabar-pelabuhan.example/fixture/metrik/2014-04-21,,2026-09-09,2026-09-09T00:00:00+07:00,2026-09-09T00:00:00+07:00,ilham,True
kabar-pelabuhan.example,Makassar,2014-04-28,16,0.075,0.135,-1386,https://kabar-pelabuhan.example/fixture/metrik/2014-04-28,,2026-09-09,2026-09-09T00:00:00+07:00,2026-09-09T00:00:00+07:00,ilham,True
kabar-pelabuhan.example,Makassar,2014-05-05,16,0.139,0.082,-1379,https://kabar-pelabuhan.example/fixture/metrik/2014-05-05,,2026-09-09,2026-09-09T00:00:00+07:00,2026-09-09T00:00:00+07:00,ilham,True
kabar-pelabuhan.example,Makassar,2014-05-12,24,0.173,0.132,-1372,https://kabar-pelabuhan.example/fixture/metrik/2014-05-12,,2026-09-09,2026-09-09T00:00:00+07:00,2026-09-09T00:00:00+07:00,danny1,True
kabar-pelabuhan.example,Makassar,2014-05-19,25,0.109,0.194,-1365,https://kabar-pelabuhan.example/fixture/metrik/2014-05-19,,2026-09-09,2026-09-09T00:00:00+07:00,2026-09-09T00:00:00+07:00,danny1,True
kabar-pelabuhan.example,Makassar,2014-05-26,22,0.093,0.268,-1358,https://kabar-pelabuhan.example/fixture/metrik/2014-05-26,,2026-09-09,2026-09-09T00:00:00+07:00,2026-09-09T00:00:00+07:00,danny1,True
kabar-pelabuhan.example,Makassar,2014-06-02,16,0.157,0.264,-1351,https://kabar-pelabuhan.example/fixture/metrik/2014-06-02,,2026-09-09,2026-09-09T00:00:00+07:00,2026-09-09T00:00:00+07:00,danny1,True
kabar-pelabuhan.example,Makassar,2014-06-09,27,0.141,0.204,-1344,https://kabar-pelabuhan.example/fixture/metrik/2014-06-09,,2026-09-09,2026-09-09T00:00:00+07:00,2026-09-09T00:00:00+07:00,danny1,True
kabar-pelabuhan.example,Makassar,2014-06-16,22,0.183,0.175,-1337,https://kabar-pelabuhan.example/fixture/metrik/2014-06-16,,2026-09-09,2026-09-09T00:00:00+07:00,2026-09-09T00:00:00+07:00,danny1,True
kabar-pelabuhan.example,Makassar,2014-06-23,22,0.182,0.113,-1330,https://kabar-pelabuhan.example/fixture/metrik/2014-06-23,,2026-09-09,2026-09-09T00:00:00+07:00,2026-09-09T00:00:00+07:00,danny1,True
kabar-pelabuhan.example,Makassar,2014-06-30,23,0.185,0.179,-1323,https://kabar-pelabuhan.example/fixture/metrik/2014-06-30,,2026-09-09,2026-09-09T00:00:00+07:00,2026-09-09T00:00:00+07:00,danny1,True
kabar-pelabuhan.example,Makassar,2014-07-07,23,0.196,0.16,-1316,https://kabar-pelabuhan.example/fixture/metrik/2014-07-07,,2026-09-09,2026-09-09T00:00:00+07:00,2026-09-09T00:00:00+07:00,danny1,True
kabar-pelabuhan.example,Makassar,2014-07-14,22,0.167,0.116,-1309,https://kabar-pelabuhan.example/fixture/metrik/2014-07-14,,2026-09-09,2026-09-09T00:00:00+07:00,2026-09-09T00:00:00+07:00,danny1,True
kabar-pelabuhan.example,Makassar,2014-07-21,26,0.152,0.195,-1302,https://kabar-pelabuhan.example/fixture/metrik/2014-07-21,,2026-09-09,2026-09-09T00:00:00+07:00,2026-09-09T00:00:00+07:00,danny1,True
kabar-pelabuhan.example,Makassar,2014-07-28,26,0.125,0.177,-1295,https://kabar-pelabuhan.example/fixture/metrik/2014-07-28,,2026-09-09,2026-09-09T00:00:00+07:00,2026-09-09T00:00:00+07:00,danny1,True
kabar-pelabuhan.example,Makassar,2014-08-04,34,0.098,0.185,-1288,https://kabar-pelabuhan.example/fixture/metrik/2014-08-04,,2026-09-09,2026-09-09T00:00:00+07:00,2026-09-09T00:00:00+07:00,danny1,True
kabar-pelabuhan.example,Makassar,2014-08-11,30,0.128,0.156,-1281,https://kabar-pelabuhan.example/fixture/metrik/2014-08-11,,2026-09-09,2026-09-09T00:00:00+07:00,2026-09-09T00:00:00+07:00,danny1,True
kabar-pelabuhan.example,Makassar,2014-08-18,17,0.129,0.153,-1274,https://kabar-pelabuhan.example/fixture/metrik/2014-08-18,,2026-09-09,2026-09-09T00:00:00+07:00,2026-09-09T00:00:00+07:00,danny1,True
kabar-pelabuhan.example,Makassar,2014-08-25,14,0.075,0.138,-1267,https://kabar-pelabuhan.example/fixture/metrik/2014-08-25,,2026-09-09,2026-09-09T00:00:00+07:00,2026-09-09T00:00:00+07:00,danny1,True
kabar-pelabuhan.example,Makassar,2014-09-01,30,0.096,0.181,-1260,https://kabar-pelabuhan.example/fixture/metrik/2014-09-01,,2026-09-09,2026-09-09T00:00:00+07:00,2026-09-09T00:00:00+07:00,danny1,True
kabar-pelabuhan.example,Makassar,2014-09-08,15,0.106,0.139,-1253,https://kabar-pelabuhan.example/fixture/metrik/2014-09-08,,2026-09-09,2026-09-09T00:00:00+07:00,2026-09-09T00:00:00+07:00,danny1,True
kabar-pelabuhan.example,Makassar,2014-09-15,17,0.116,0.227,-1246,https://kabar-pelabuhan.example/fixture/metrik/2014-09-15,,2026-09-09,2026-09-09T00:00:00+07:00,2026-09-09T00:00:00+07:00,danny1,True
kabar-pelabuhan.example,Makassar,2014-09-22,21,0.193,0.157,-1239,https://kabar-pelabuhan.example/fixture/metrik/2014-09-22,,2026-09-09,2026-09-09T00:00:00+07:00,2026-09-09T00:00:00+07:00,danny1,True
kabar-pelabuhan.example,Makassar,2014-09-29,9,0.199,0.123,-1232,https://kabar-pelabuhan.example/fixture/metrik/2014-09-29,,2026-09-09,2026-09-09T00:00:00+07:00,2026-09-09T00:00:00+07:00,danny1,True
kabar-pelabuhan.example,Makassar,2014-10-06,35,0.132,0.24,-1225,https://kabar-pelabuhan.example/fixture/metrik/2014-10-06,,2026-09-09,2026-09-09T00:00:00+07:00,2026-09-09T00:00:00+07:00,danny1,True
kabar-pelabuhan.example,Makassar,2014-10-13,28,0.113,0.164,-1218,https://kabar-pelabuhan.example/fixture/metrik/2014-10-13,,2026-09-09,2026-09-09T00:00:00+07:00,2026-09-09T00:00:00+07:00,danny1,True
kabar-pelabuhan.example,Makassar,2014-10-20,24,0.164,0.11,-1211,https://kabar-pelabuhan.example/fixture/metrik/2014-10-20,,2026-09-09,2026-09-09T00:00:00+07:00,2026-09-09T00:00:00+07:00,danny1,True
kabar-pelabuhan.example,Makassar,2014-10-27,27,0.153,0.272,-1204,https://kabar-pelabuhan.example/fixture/metrik/2014-10-27,,2026-09-09,2026-09-09T00:00:00+07:00,2026-09-09T00:00:00+07:00,danny1,True
kabar-pelabuhan.example,Makassar,2014-11-03,25,0.158,0.162,-1197,https://kabar-pelabuhan.example/fixture/metrik/2014-11-03,,2026-09-09,2026-09-09T00:00:00+07:00,2026-09-09T00:00:00+07:00,danny1,True
kabar-pelabuhan.example,Makassar,2014-11-10,21,0.166,0.188,-1190,https://kabar-pelabuhan.example/fixture/metrik/2014-11-10,,2026-09-09,2026-09-09T00:00:00+07:00,2026-09-09T00:00:00+07:00,danny1,True
kabar-pelabuhan.example,Makassar,2014-11-17,20,0.119,0.178,-1183,https://kabar-pelabuhan.example/fixture/metrik/2014-11-17,,2026-09-09,2026-09-09T00:00:00+07:00,2026-09-09T00:00:00+07:00,danny1,True
kabar-pelabuhan.example,Makassar,2014-11-24,27,0.132,0.194,-1176,https://kabar-pelabuhan.example/fixture/metrik/2014-11-24,,2026-09-09,2026-09-09T00:00:00+07:00,2026-09-09T00:00:00+07:00,danny1,True
kabar-pelabuhan.example,Makassar,2014-12-01,32,0.124,0.09,-1169,https://kabar-pelabuhan.example/fixture/metrik/2014-12-01,,2026-09-09,2026-09-09T00:00:00+07:00,2026-09-09T00:00:00+07:00,danny1,True
kabar-pelabuhan.example,Makassar,2014-12-08,21,0.107,0.168,-1162,https://kabar-pelabuhan.example/fixture/metrik/2014-12-08,,2026-09-09,2026-09-09T00:00:00+07:00,2026-09-09T00:00:00+07:00,danny1,True
kabar-pelabuhan.example,Makassar,2014-12-15,31,0.143,0.132,-1155,https://kabar-pelabuhan.example/fixture/metrik/2014-12-15,,2026-09-09,2026-09-09T00:00:00+07:00,2026-09-09T00:00:00+07:00,danny1,True
kabar-pelabuhan.example,Makassar,2014-12-22,18,0.127,0.131,-1148,https://kabar-pelabuhan.example/fixture/metrik/2014-12-22,,2026-09-09,2026-09-09T00:00:00+07:00,2026-09-09T00:00:00+07:00,danny1,True
kabar-pelabuhan.example,Makassar,2014-12-29,30,0.113,0.164,-1141,https://kabar-pelabuhan.example/fixture/metrik/2014-12-29,,2026-09-09,2026-09-09T00:00:00+07:00,2026-09-09T00:00:00+07:00,danny1,True
kabar-pelabuhan.example,Makassar,2015-01-05,13,0.145,0.133,-1134,https://kabar-pelabuhan.example/fixture/metrik/2015-01-05,,2026-09-09,2026-09-09T00:00:00+07:00,2026-09-09T00:00:00+07:00,danny1,True
kabar-pelabuhan.example,Makassar,2015-01-12,26,0.189,0.101,-1127,https://kabar-pelabuhan.example/fixture/metrik/2015-01-12,,2026-09-09,2026-09-09T00:00:00+07:00,2026-09-09T00:00:00+07:00,danny1,True
kabar-pelabuhan.example,Makassar,2015-01-19,11,0.13,0.144,-1120,https://kabar-pelabuhan.example/fixture/metrik/2015-01-19,,2026-09-09,2026-09-09T00:00:00+07:00,2026-09-09T00:00:00+07:00,danny1,True
kabar-pelabuhan.example,Makassar,2015-01-26,22,0.145,0.135,-1113,https://kabar-pelabuhan.example/fixture/metrik/2015-01-26,,2026-09-09,2026-09-09T00:00:00+07:00,2026-09-09T00:00:00+07:00,danny1,True
kabar-pelabuhan.example,Makassar,2015-02-02,24,0.145,0.118,-1106,https://kabar-pelabuhan.example/fixture/metrik/2015-02-02,,2026-09-09,2026-09-09T00:00:00+07:00,2026-09-09T00:00:00+07:00,danny1,True
kabar-pelabuhan.example,Makassar,2015-02-09,33,0.148,0.191,-1099,https://kabar-pelabuhan.example/fixture/metrik/2015-02-09,,2026-09-09,2026-09-09T00:00:00+07:00,2026-09-09T00:00:00+07:00,danny1,True
kabar-pelabuhan.example,Makassar,2015-02-16,28,0.127,0.21,-1092,https://kabar-pelabuhan.example/fixture/metrik/2015-02-16,,2026-09-09,2026-09-09T00:00:00+07:00,2026-09-09T00:00:00+07:00,danny1,True
kabar-pelabuhan.example,Makassar,2015-02-23,20,0.178,0.152,-1085,https://kabar-pelabuhan.example/fixture/metrik/2015-02-23,,2026-09-09,2026-09-09T00:00:00+07:00,2026-09-09T00:00:00+07:00,danny1,True
kabar-pelabuhan.example,Makassar,2015-03-02,17,0.196,0.236,-1078,https://kabar-pelabuhan.example/fixture/metrik/2015-03-02,,2026-09-09,2026-09-09T00:00:00+07:00,2026-09-09T00:00:00+07:00,danny1,True
kabar-pelabuhan.example,Makassar,2015-03-09,26,0.168,0.148,-1071,https://kabar-pelabuhan.example/fixture/metrik/2015-03-09,,2026-09-09,2026-09-09T00:00:00+07:00,2026-09-09T00:00:00+07:00,danny1,True
kabar-pelabuhan.example,Makassar,2015-03-16,20,0.097,0.166,-1064,https://kabar-pelabuhan.example/fixture/metrik/2015-03-16,,2026-09-09,2026-09-09T00:00:00+07:00,2026-09-09T00:00:00+07:00,danny1,True
kabar-pelabuhan.example,Makassar,2015-03-23,3,0.167,0.112,-1057,https://kabar-pelabuhan.example/fixture/metrik/2015-03-23,,2026-09-09,2026-09-09T00:00:00+07:00,2026-09-09T00:00:00+07:00,danny1,True
kabar-pelabuhan.example,Makassar,2015-03-30,16,0.116,0.126,-1050,https://kabar-pelabuhan.example/fixture/metrik/2015-03-30,,2026-09-09,2026-09-09T00:00:00+07:00,2026-09-09T00:00:00+07:00,danny1,True
kabar-pelabuhan.example,Makassar,2015-04-06,28,0.127,0.266,-1043,https://kabar-pelabuhan.example/fixture/metrik/2015-04-06,,2026-09-09,2026-09-09T00:00:00+07:00,2026-09-09T00:00:00+07:00,danny1,True
kabar-pelabuhan.example,Makassar,2015-04-13,27,0.142,0.17,-1036,https://kabar-pelabuhan.example/fixture/metrik/2015-04-13,,2026-09-09,2026-09-09T00:00:00+07:00,2026-09-09T00:00:00+07:00,danny1,True
kabar-pelabuhan.example,Makassar,2015-04-20,11,0.059,0.153,-1029,https://kabar-pelabuhan.example/fixture/metrik/2015-04-20,,2026-09-09,2026-09-09T00:00:00+07:00,2026-09-09T00:00:00+07:00,danny1,True
kabar-pelabuhan.example,Makassar,2015-04-27,25,0.17,0.206,-1022,https://kabar-pelabuhan.example/fixture/metrik/2015-04-27,,2026-09-09,2026-09-09T00:00:00+07:00,2026-09-09T00:00:00+07:00,danny1,True
kabar-pelabuhan.example,Makassar,2015-05-04,33,0.098,0.113,-1015,https://kabar-pelabuhan.example/fixture/metrik/2015-05-04,,2026-09-09,2026-09-09T00:00:00+07:00,2026-09-09T00:00:00+07:00,danny1,True
kabar-pelabuhan.example,Makassar,2015-05-11,21,0.134,0.13,-1008,https://kabar-pelabuhan.example/fixture/metrik/2015-05-11,,2026-09-09,2026-09-09T00:00:00+07:00,2026-09-09T00:00:00+07:00,danny1,True
kabar-pelabuhan.example,Makassar,2015-05-18,33,0.149,0.182,-1001,https://kabar-pelabuhan.example/fixture/metrik/2015-05-18,,2026-09-09,2026-09-09T00:00:00+07:00,2026-09-09T00:00:00+07:00,danny1,True
kabar-pelabuhan.example,Makassar,2015-05-25,25,0.111,0.166,-994,https://kabar-pelabuhan.example/fixture/metrik/2015-05-25,,2026-09-09,2026-09-09T00:00:00+07:00,2026-09-09T00:00:00+07:00,danny1,True
kabar-pelabuhan.example,Makassar,2015-06-01,3,0.148,0.122,-987,https://kabar-pelabuhan.example/fixture/metrik/2015-06-01,,2026-09-09,2026-09-09T00:00:00+07:00,2026-09-09T00:00:00+07:00,danny1,True
kabar-pelabuhan.example,Makassar,2015-06-08,24,0.193,0.168,-980,https://kabar-pelabuhan.example/fixture/metrik/2015-06-08,,2026-09-09,2026-09-09T00:00:00+07:00,2026-09-09T00:00:00+07:00,danny1,True
kabar-pelabuhan.example,Makassar,2015-06-15,22,0.201,0.188,-973,https://kabar-pelabuhan.example/fixture/metrik/2015-06-15,,2026-09-09,2026-09-09T00:00:00+07:00,2026-09-09T00:00:00+07:00,danny1,True
kabar-pelabuhan.example,Makassar,2015-06-22,16,0.197,0.123,-966,https://kabar-pelabuhan.example/fixture/metrik/2015-06-22,,2026-09-09,2026-09-09T00:00:00+07:00,2026-09-09T00:00:00+07:00,danny1,True
kabar-pelabuhan.example,Makassar,2015-06-29,22,0.101,0.122,-959,https://kabar-pelabuhan.example/fixture/metrik/2015-06-29,,2026-09-09,2026-09-09T00:00:00+07:00,2026-09-09T00:00:00+07:00,danny1,True
kabar-pelabuhan.example,Makassar,2015-07-06,40,0.128,0.18,-952,https://kabar-pelabuhan.example/fixture/metrik/2015-07-06,,2026-09-09,2026-09-09T00:00:00+07:00,2026-09-09T00:00:00+07:00,danny1,True
kabar-pelabuhan.example,Makassar,2015-07-13,22,0.145,0.143,-945,https://kabar-pelabuhan.example/fixture/metrik/2015-07-13,,2026-09-09,2026-09-09T00:00:00+07:00,2026-09-09T00:00:00+07:00,danny1,True
kabar-pelabuhan.example,Makassar,2015-07-20,22,0.144,0.159,-938,https://kabar-pelabuhan.example/fixture/metrik/2015-07-20,,2026-09-09,2026-09-09T00:00:00+07:00,2026-09-09T00:00:00+07:00,danny1,True
kabar-pelabuhan.example,Makassar,2015-07-27,29,0.256,0.178,-931,https://kabar-pelabuhan.example/fixture/metrik/2015-07-27,,2026-09-09,2026-09-09T00:00:00+07:00,2026-09-09T00:00:00+07:00,danny1,True
kabar-pelabuhan.example,Makassar,2015-08-03,25,0.147,0.189,-924,https://kabar-pelabuhan.example/fixture/metrik/2015-08-03,,2026-09-09,2026-09-09T00:00:00+07:00,2026-09-09T00:00:00+07:00,danny1,True
kabar-pelabuhan.example,Makassar,2015-08-10,10,0.189,0.268,-917,https://kabar-pelabuhan.example/fixture/metrik/2015-08-10,,2026-09-09,2026-09-09T00:00:00+07:00,2026-09-09T00:00:00+07:00,danny1,True
kabar-pelabuhan.example,Makassar,2015-08-17,29,0.124,0.161,-910,https://kabar-pelabuhan.example/fixture/metrik/2015-08-17,,2026-09-09,2026-09-09T00:00:00+07:00,2026-09-09T00:00:00+07:00,danny1,True
kabar-pelabuhan.example,Makassar,2015-08-24,17,0.119,0.215,-903,https://kabar-pelabuhan.example/fixture/metrik/2015-08-24,,2026-09-09,2026-09-09T00:00:00+07:00,2026-09-09T00:00:00+07:00,danny1,True
kabar-pelabuhan.example,Makassar,2015-08-31,26,0.154,0.223,-896,https://kabar-pelabuhan.example/fixture/metrik/2015-08-31,,2026-09-09,2026-09-09T00:00:00+07:00,2026-09-09T00:00:00+07:00,danny1,True
kabar-pelabuhan.example,Makassar,2015-09-07,26,0.185,0.108,-889,https://kabar-pelabuhan.example/fixture/metrik/2015-09-07,,2026-09-09,2026-09-09T00:00:00+07:00,2026-09-09T00:00:00+07:00,danny1,True
kabar-pelabuhan.example,Makassar,2015-09-14,20,0.137,0.109,-882,https://kabar-pelabuhan.example/fixture/metrik/2015-09-14,,2026-09-09,2026-09-09T00:00:00+07:00,2026-09-09T00:00:00+07:00,danny1,True
kabar-pelabuhan.example,Makassar,2015-09-21,27,0.145,0.158,-875,https://kabar-pelabuhan.example/fixture/metrik/2015-09-21,,2026-09-09,2026-09-09T00:00:00+07:00,2026-09-09T00:00:00+07:00,danny1,True
kabar-pelabuhan.example,Makassar,2015-09-28,23,0.13,0.181,-868,https://kabar-pelabuhan.example/fixture/metrik/2015-09-28,,2026-09-09,2026-09-09T00:00:00+07:00,2026-09-09T00:00:00+07:00,danny1,True
kabar-pelabuhan.example,Makassar,2015-10-05,31,0.148,0.12,-861,https://kabar-pelabuhan.example/fixture/metrik/2015-10-05,,2026-09-09,2026-09-09T00:00:00+07:00,2026-09-09T00:00:00+07:00,danny1,True
kabar-pelabuhan.example,Makassar,2015-10-12,26,0.221,0.239,-854,https://kabar-pelabuhan.example/fixture/metrik/2015-10-12,,2026-09-09,2026-09-09T00:00:00+07:00,2026-09-09T00:00:00+07:00,danny1,True
kabar-pelabuhan.example,Makassar,2015-10-19,31,0.158,0.205,-847,https://kabar-pelabuhan.example/fixture/metrik/2015-10-19,,2026-09-09,2026-09-09T00:00:00+07:00,2026-09-09T00:00:00+07:00,danny1,True
kabar-pelabuhan.example,Makassar,2015-10-26,21,0.172,0.099,-840,https://kabar-pelabuhan.example/fixture/metrik/2015-10-26,,2026-09-09,2026-09-09T00:00:00+07:00,2026-09-09T00:00:00+07:00,danny1,True
kabar-pelabuhan.example,Makassar,2015-11-02,16,0.125,0.065,-833,https://kabar-pelabuhan.example/fixture/metrik/2015-11-02,,2026-09-09,2026-09-09T00:00:00+07:00,2026-09-09T00:00:00+07:00,danny1,True
kabar-pelabuhan.example,Makassar,2015-11-09,21,0.206,0.277,-826,https://kabar-pelabuhan.example/fixture/metrik/2015-11-09,,2026-09-09,2026-09-09T00:00:00+07:00,2026-09-09T00:00:00+07:00,danny1,True
kabar-pelabuhan.example,Makassar,2015-11-16,35,0.161,0.201,-819,https://kabar-pelabuhan.example/fixture/metrik/2015-11-16,,2026-09-09,2026-09-09T00:00:00+07:00,2026-09-09T00:00:00+07:00,danny1,True
kabar-pelabuhan.example,Makassar,2015-11-23,23,0.172,0.091,-812,https://kabar-pelabuhan.example/fixture/metrik/2015-11-23,,2026-09-09,2026-09-09T00:00:00+07:00,2026-09-09T00:00:00+07:00,danny1,True
kabar-pelabuhan.example,Makassar,2015-11-30,26,0.125,0.249,-805,https://kabar-pelabuhan.example/fixture/metrik/2015-11-30,,2026-09-09,2026-09-09T00:00:00+07:00,2026-09-09T00:00:00+07:00,danny1,True
kabar-pelabuhan.example,Makassar,2015-12-07,22,0.135,0.169,-798,https://kabar-pelabuhan.example/fixture/metrik/2015-12-07,,2026-09-09,2026-09-09T00:00:00+07:00,2026-09-09T00:00:00+07:00,danny1,True
kabar-pelabuhan.example,Makassar,2015-12-14,10,0.144,0.199,-791,https://kabar-pelabuhan.example/fixture/metrik/2015-12-14,,2026-09-09,2026-09-09T00:00:00+07:00,2026-09-09T00:00:00+07:00,danny1,True
kabar-pelabuhan.example,Makassar,2015-12-21,23,0.204,0.151,-784,https://kabar-pelabuhan.example/fixture/metrik/2015-12-21,,2026-09-09,2026-09-09T00:00:00+07:00,2026-09-09T00:00:00+07:00,danny1,True
kabar-pelabuhan.example,Makassar,2015-12-28,24,0.158,0.242,-777,https://kabar-pelabuhan.example/fixture/metrik/2015-12-28,,2026-09-09,2026-09-09T00:00:00+07:00,2026-09-09T00:00:00+07:00,danny1,True
kabar-pelabuhan.example,Makassar,2016-01-04,16,0.136,0.141,-770,https://kabar-pelabuhan.example/fixture/metrik/2016-01-04,,2026-09-09,2026-09-09T00:00:00+07:00,2026-09-09T00:00:00+07:00,danny1,True
kabar-pelabuhan.example,Makassar,2016-01-11,19,0.145,0.195,-763,https://kabar-pelabuhan.example/fixture/metrik/2016-01-11,,2026-09-09,2026-09-09T00:00:00+07:00,2026-09-09T00:00:00+07:00,danny1,True
kabar-pelabuhan.example,Makassar,2016-01-18,38,0.134,0.153,-756,https://kabar-pelabuhan.example/fixture/metrik/2016-01-18,,2026-09-09,2026-09-09T00:00:00+07:00,2026-09-09T00:00:00+07:00,danny1,True
kabar-pelabuhan.example,Makassar,2016-01-25,8,0.171,0.136,-749,https://kabar-pelabuhan.example/fixture/metrik/2016-01-25,,2026-09-09,2026-09-09T00:00:00+07:00,2026-09-09T00:00:00+07:00,danny1,True
kabar-pelabuhan.example,Makassar,2016-02-01,19,0.139,0.149,-742,https://kabar-pelabuhan.example/fixture/metrik/2016-02-01,,2026-09-09,2026-09-09T00:00:00+07:00,2026-09-09T00:00:00+07:00,danny1,True
kabar-pelabuhan.example,Makassar,2016-02-08,21,0.154,0.163,-735,https://kabar-pelabuhan.example/fixture/metrik/2016-02-08,,2026-09-09,2026-09-09T00:00:00+07:00,2026-09-09T00:00:00+07:00,danny1,True
kabar-pelabuhan.example,Makassar,2016-02-15,24,0.136,0.204,-728,https://kabar-pelabuhan.example/fixture/metrik/2016-02-15,,2026-09-09,2026-09-09T00:00:00+07:00,2026-09-09T00:00:00+07:00,danny1,True
kabar-pelabuhan.example,Makassar,2016-02-22,23,0.139,0.154,-721,https://kabar-pelabuhan.example/fixture/metrik/2016-02-22,,2026-09-09,2026-09-09T00:00:00+07:00,2026-09-09T00:00:00+07:00,danny1,True
kabar-pelabuhan.example,Makassar,2016-02-29,30,0.18,0.091,-714,https://kabar-pelabuhan.example/fixture/metrik/2016-02-29,,2026-09-09,2026-09-09T00:00:00+07:00,2026-09-09T00:00:00+07:00,danny1,True
kabar-pelabuhan.example,Makassar,2016-03-07,24,0.106,0.208,-707,https://kabar-pelabuhan.example/fixture/metrik/2016-03-07,,2026-09-09,2026-09-09T00:00:00+07:00,2026-09-09T00:00:00+07:00,danny1,True
kabar-pelabuhan.example,Makassar,2016-03-14,24,0.148,0.171,-700,https://kabar-pelabuhan.example/fixture/metrik/2016-03-14,,2026-09-09,2026-09-09T00:00:00+07:00,2026-09-09T00:00:00+07:00,danny1,True
kabar-pelabuhan.example,Makassar,2016-03-21,15,0.199,0.186,-693,https://kabar-pelabuhan.example/fixture/metrik/2016-03-21,,2026-09-09,2026-09-09T00:00:00+07:00,2026-09-09T00:00:00+07:00,danny1,True
kabar-pelabuhan.example,Makassar,2016-03-28,21,0.145,0.25,-686,https://kabar-pelabuhan.example/fixture/metrik/2016-03-28,,2026-09-09,2026-09-09T00:00:00+07:00,2026-09-09T00:00:00+07:00,danny1,True
kabar-pelabuhan.example,Makassar,2016-04-04,28,0.164,0.224,-679,https://kabar-pelabuhan.example/fixture/metrik/2016-04-04,,2026-09-09,2026-09-09T00:00:00+07:00,2026-09-09T00:00:00+07:00,danny1,True
kabar-pelabuhan.example,Makassar,2016-04-11,18,0.117,0.185,-672,https://kabar-pelabuhan.example/fixture/metrik/2016-04-11,,2026-09-09,2026-09-09T00:00:00+07:00,2026-09-09T00:00:00+07:00,danny1,True
kabar-pelabuhan.example,Makassar,2016-04-18,28,0.203,0.174,-665,https://kabar-pelabuhan.example/fixture/metrik/2016-04-18,,2026-09-09,2026-09-09T00:00:00+07:00,2026-09-09T00:00:00+07:00,danny1,True
kabar-pelabuhan.example,Makassar,2016-04-25,19,0.153,0.248,-658,https://kabar-pelabuhan.example/fixture/metrik/2016-04-25,,2026-09-09,2026-09-09T00:00:00+07:00,2026-09-09T00:00:00+07:00,danny1,True
kabar-pelabuhan.example,Makassar,2016-05-02,18,0.139,0.047,-651,https://kabar-pelabuhan.example/fixture/metrik/2016-05-02,,2026-09-09,2026-09-09T00:00:00+07:00,2026-09-09T00:00:00+07:00,danny1,True
kabar-pelabuhan.example,Makassar,2016-05-09,21,0.194,0.145,-644,https://kabar-pelabuhan.example/fixture/metrik/2016-05-09,,2026-09-09,2026-09-09T00:00:00+07:00,2026-09-09T00:00:00+07:00,danny1,True
kabar-pelabuhan.example,Makassar,2016-05-16,22,0.122,0.276,-637,https://kabar-pelabuhan.example/fixture/metrik/2016-05-16,,2026-09-09,2026-09-09T00:00:00+07:00,2026-09-09T00:00:00+07:00,danny1,True
kabar-pelabuhan.example,Makassar,2016-05-23,16,0.119,0.288,-630,https://kabar-pelabuhan.example/fixture/metrik/2016-05-23,,2026-09-09,2026-09-09T00:00:00+07:00,2026-09-09T00:00:00+07:00,danny1,True
kabar-pelabuhan.example,Makassar,2016-05-30,21,0.119,0.236,-623,https://kabar-pelabuhan.example/fixture/metrik/2016-05-30,,2026-09-09,2026-09-09T00:00:00+07:00,2026-09-09T00:00:00+07:00,danny1,True
kabar-pelabuhan.example,Makassar,2016-06-06,36,0.141,0.133,-616,https://kabar-pelabuhan.example/fixture/metrik/2016-06-06,,2026-09-09,2026-09-09T00:00:00+07:00,2026-09-09T00:00:00+07:00,danny1,True
kabar-pelabuhan.example,Makassar,2016-06-13,12,0.155,0.174,-609,https://kabar-pelabuhan.example/fixture/metrik/2016-06-13,,2026-09-09,2026-09-09T00:00:00+07:00,2026-09-09T00:00:00+07:00,danny1,True
kabar-pelabuhan.example,Makassar,2016-06-20,13,0.165,0.175,-602,https://kabar-pelabuhan.example/fixture/metrik/2016-06-20,,2026-09-09,2026-09-09T00:00:00+07:00,2026-09-09T00:00:00+07:00,danny1,True
kabar-pelabuhan.example,Makassar,2016-06-27,15,0.172,0.156,-595,https://kabar-pelabuhan.example/fixture/metrik/2016-06-27,,2026-09-09,2026-09-09T00:00:00+07:00,2026-09-09T00:00:00+07:00,danny1,True
kabar-pelabuhan.example,Makassar,2016-07-04,16,0.113,0.219,-588,https://kabar-pelabuhan.example/fixture/metrik/2016-07-04,,2026-09-09,2026-09-09T00:00:00+07:00,2026-09-09T00:00:00+07:00,danny1,True
kabar-pelabuhan.example,Makassar,2016-07-11,22,0.155,0.273,-581,https://kabar-pelabuhan.example/fixture/metrik/2016-07-11,,2026-09-09,2026-09-09T00:00:00+07:00,2026-09-09T00:00:00+07:00,danny1,True
kabar-pelabuhan.example,Makassar,2016-07-18,36,0.18,0.205,-574,https://kabar-pelabuhan.example/fixture/metrik/2016-07-18,,2026-09-09,2026-09-09T00:00:00+07:00,2026-09-09T00:00:00+07:00,danny1,True
kabar-pelabuhan.example,Makassar,2016-07-25,12,0.135,0.168,-567,https://kabar-pelabuhan.example/fixture/metrik/2016-07-25,,2026-09-09,2026-09-09T00:00:00+07:00,2026-09-09T00:00:00+07:00,danny1,True
kabar-pelabuhan.example,Makassar,2016-08-01,22,0.127,0.088,-560,https://kabar-pelabuhan.example/fixture/metrik/2016-08-01,,2026-09-09,2026-09-09T00:00:00+07:00,2026-09-09T00:00:00+07:00,danny1,True
kabar-pelabuhan.example,Makassar,2016-08-08,28,0.141,0.156,-553,https://kabar-pelabuhan.example/fixture/metrik/2016-08-08,,2026-09-09,2026-09-09T00:00:00+07:00,2026-09-09T00:00:00+07:00,danny1,True
kabar-pelabuhan.example,Makassar,2016-08-15,17,0.134,0.199,-546,https://kabar-pelabuhan.example/fixture/metrik/2016-08-15,,2026-09-09,2026-09-09T00:00:00+07:00,2026-09-09T00:00:00+07:00,danny1,True
kabar-pelabuhan.example,Makassar,2016-08-22,32,0.097,0.177,-539,https://kabar-pelabuhan.example/fixture/metrik/2016-08-22,,2026-09-09,2026-09-09T00:00:00+07:00,2026-09-09T00:00:00+07:00,danny1,True
kabar-pelabuhan.example,Makassar,2016-08-29,16,0.137,0.172,-532,https://kabar-pelabuhan.example/fixture/metrik/2016-08-29,,2026-09-09,2026-09-09T00:00:00+07:00,2026-09-09T00:00:00+07:00,danny1,True
kabar-pelabuhan.example,Makassar,2016-09-05,20,0.195,0.152,-525,https://kabar-pelabuhan.example/fixture/metrik/2016-09-05,,2026-09-09,2026-09-09T00:00:00+07:00,2026-09-09T00:00:00+07:00,danny1,True
kabar-pelabuhan.example,Makassar,2016-09-12,17,0.177,0.202,-518,https://kabar-pelabuhan.example/fixture/metrik/2016-09-12,,2026-09-09,2026-09-09T00:00:00+07:00,2026-09-09T00:00:00+07:00,danny1,True
kabar-pelabuhan.example,Makassar,2016-09-19,22,0.134,0.144,-511,https://kabar-pelabuhan.example/fixture/metrik/2016-09-19,,2026-09-09,2026-09-09T00:00:00+07:00,2026-09-09T00:00:00+07:00,danny1,True
kabar-pelabuhan.example,Makassar,2016-09-26,22,0.131,0.154,-504,https://kabar-pelabuhan.example/fixture/metrik/2016-09-26,,2026-09-09,2026-09-09T00:00:00+07:00,2026-09-09T00:00:00+07:00,danny1,True
kabar-pelabuhan.example,Makassar,2016-10-03,29,0.177,0.191,-497,https://kabar-pelabuhan.example/fixture/metrik/2016-10-03,,2026-09-09,2026-09-09T00:00:00+07:00,2026-09-09T00:00:00+07:00,danny1,True
kabar-pelabuhan.example,Makassar,2016-10-10,27,0.13,0.214,-490,https://kabar-pelabuhan.example/fixture/metrik/2016-10-10,,2026-09-09,2026-09-09T00:00:00+07:00,2026-09-09T00:00:00+07:00,danny1,True
kabar-pelabuhan.example,Makassar,2016-10-17,15,0.133,0.277,-483,https://kabar-pelabuhan.example/fixture/metrik/2016-10-17,,2026-09-09,2026-09-09T00:00:00+07:00,2026-09-09T00:00:00+07:00,danny1,True
kabar-pelabuhan.example,Makassar,2016-10-24,18,0.129,0.174,-476,https://kabar-pelabuhan.example/fixture/metrik/2016-10-24,,2026-09-09,2026-09-09T00:00:00+07:00,2026-09-09T00:00:00+07:00,danny1,True
kabar-pelabuhan.example,Makassar,2016-10-31,24,0.179,0.205,-469,https://kabar-pelabuhan.example/fixture/metrik/2016-10-31,,2026-09-09,2026-09-09T00:00:00+07:00,2026-09-09T00:00:00+07:00,danny1,True
kabar-pelabuhan.example,Makassar,2016-11-07,30,0.127,0.265,-462,https://kabar-pelabuhan.example/fixture/metrik/2016-11-07,,2026-09-09,2026-09-09T00:00:00+07:00,2026-09-09T00:00:00+07:00,danny1,True
kabar-pelabuhan.example,Makassar,2016-11-14,17,0.159,0.187,-455,https://kabar-pelabuhan.example/fixture/metrik/2016-11-14,,2026-09-09,2026-09-09T00:00:00+07:00,2026-09-09T00:00:00+07:00,danny1,True
kabar-pelabuhan.example,Makassar,2016-11-21,11,0.191,0.208,-448,https://kabar-pelabuhan.example/fixture/metrik/2016-11-21,,2026-09-09,2026-09-09T00:00:00+07:00,2026-09-09T00:00:00+07:00,danny1,True
kabar-pelabuhan.example,Makassar,2016-11-28,23,0.182,0.201,-441,https://kabar-pelabuhan.example/fixture/metrik/2016-11-28,,2026-09-09,2026-09-09T00:00:00+07:00,2026-09-09T00:00:00+07:00,danny1,True
kabar-pelabuhan.example,Makassar,2016-12-05,26,0.176,0.175,-434,https://kabar-pelabuhan.example/fixture/metrik/2016-12-05,,2026-09-09,2026-09-09T00:00:00+07:00,2026-09-09T00:00:00+07:00,danny1,True
kabar-pelabuhan.example,Makassar,2016-12-12,12,0.13,0.175,-427,https://kabar-pelabuhan.example/fixture/metrik/2016-12-12,,2026-09-09,2026-09-09T00:00:00+07:00,2026-09-09T00:00:00+07:00,danny1,True
kabar-pelabuhan.example,Makassar,2016-12-19,29,0.143,0.187,-420,https://kabar-pelabuhan.example/fixture/metrik/2016-12-19,,2026-09-09,2026-09-09T00:00:00+07:00,2026-09-09T00:00:00+07:00,danny1,True
kabar-pelabuhan.example,Makassar,2016-12-26,18,0.123,0.124,-413,https://kabar-pelabuhan.example/fixture/metrik/2016-12-26,,2026-09-09,2026-09-09T00:00:00+07:00,2026-09-09T00:00:00+07:00,danny1,True
kabar-pelabuhan.example,Makassar,2017-01-02,27,0.151,0.129,-406,https://kabar-pelabuhan.example/fixture/metrik/2017-01-02,,2026-09-09,2026-09-09T00:00:00+07:00,2026-09-09T00:00:00+07:00,danny1,True
kabar-pelabuhan.example,Makassar,2017-01-09,27,0.164,0.19,-399,https://kabar-pelabuhan.example/fixture/metrik/2017-01-09,,2026-09-09,2026-09-09T00:00:00+07:00,2026-09-09T00:00:00+07:00,danny1,True
kabar-pelabuhan.example,Makassar,2017-01-16,32,0.176,0.157,-392,https://kabar-pelabuhan.example/fixture/metrik/2017-01-16,,2026-09-09,2026-09-09T00:00:00+07:00,2026-09-09T00:00:00+07:00,danny1,True
kabar-pelabuhan.example,Makassar,2017-01-23,22,0.159,0.173,-385,https://kabar-pelabuhan.example/fixture/metrik/2017-01-23,,2026-09-09,2026-09-09T00:00:00+07:00,2026-09-09T00:00:00+07:00,danny1,True
kabar-pelabuhan.example,Makassar,2017-01-30,17,0.156,0.098,-378,https://kabar-pelabuhan.example/fixture/metrik/2017-01-30,,2026-09-09,2026-09-09T00:00:00+07:00,2026-09-09T00:00:00+07:00,danny1,True
kabar-pelabuhan.example,Makassar,2017-02-06,25,0.17,0.125,-371,https://kabar-pelabuhan.example/fixture/metrik/2017-02-06,,2026-09-09,2026-09-09T00:00:00+07:00,2026-09-09T00:00:00+07:00,danny1,True
kabar-pelabuhan.example,Makassar,2017-02-13,3,0.153,0.232,-364,https://kabar-pelabuhan.example/fixture/metrik/2017-02-13,,2026-09-09,2026-09-09T00:00:00+07:00,2026-09-09T00:00:00+07:00,danny1,True
kabar-pelabuhan.example,Makassar,2017-02-20,12,0.125,0.24,-357,https://kabar-pelabuhan.example/fixture/metrik/2017-02-20,,2026-09-09,2026-09-09T00:00:00+07:00,2026-09-09T00:00:00+07:00,danny1,True
kabar-pelabuhan.example,Makassar,2017-02-27,26,0.096,0.153,-350,https://kabar-pelabuhan.example/fixture/metrik/2017-02-27,,2026-09-09,2026-09-09T00:00:00+07:00,2026-09-09T00:00:00+07:00,danny1,True
kabar-pelabuhan.example,Makassar,2017-03-06,21,0.163,0.152,-343,https://kabar-pelabuhan.example/fixture/metrik/2017-03-06,,2026-09-09,2026-09-09T00:00:00+07:00,2026-09-09T00:00:00+07:00,danny1,True
kabar-pelabuhan.example,Makassar,2017-03-13,14,0.104,0.175,-336,https://kabar-pelabuhan.example/fixture/metrik/2017-03-13,,2026-09-09,2026-09-09T00:00:00+07:00,2026-09-09T00:00:00+07:00,danny1,True
kabar-pelabuhan.example,Makassar,2017-03-20,17,0.14,0.242,-329,https://kabar-pelabuhan.example/fixture/metrik/2017-03-20,,2026-09-09,2026-09-09T00:00:00+07:00,2026-09-09T00:00:00+07:00,danny1,True
kabar-pelabuhan.example,Makassar,2017-03-27,35,0.236,0.147,-322,https://kabar-pelabuhan.example/fixture/metrik/2017-03-27,,2026-09-09,2026-09-09T00:00:00+07:00,2026-09-09T00:00:00+07:00,danny1,True
kabar-pelabuhan.example,Makassar,2017-04-03,16,0.13,0.194,-315,https://kabar-pelabuhan.example/fixture/metrik/2017-04-03,,2026-09-09,2026-09-09T00:00:00+07:00,2026-09-09T00:00:00+07:00,danny1,True
kabar-pelabuhan.example,Makassar,2017-04-10,12,0.154,0.174,-308,https://kabar-pelabuhan.example/fixture/metrik/2017-04-10,,2026-09-09,2026-09-09T00:00:00+07:00,2026-09-09T00:00:00+07:00,danny1,True
kabar-pelabuhan.example,Makassar,2017-04-17,11,0.157,0.141,-301,https://kabar-pelabuhan.example/fixture/metrik/2017-04-17,,2026-09-09,2026-09-09T00:00:00+07:00,2026-09-09T00:00:00+07:00,danny1,True
kabar-pelabuhan.example,Makassar,2017-04-24,22,0.146,0.273,-294,https://kabar-pelabuhan.example/fixture/metrik/2017-04-24,,2026-09-09,2026-09-09T00:00:00+07:00,2026-09-09T00:00:00+07:00,danny1,True
kabar-pelabuhan.example,Makassar,2017-05-01,17,0.134,0.214,-287,https://kabar-pelabuhan.example/fixture/metrik/2017-05-01,,2026-09-09,2026-09-09T00:00:00+07:00,2026-09-09T00:00:00+07:00,danny1,True
kabar-pelabuhan.example,Makassar,2017-05-08,28,0.153,0.104,-280,https://kabar-pelabuhan.example/fixture/metrik/2017-05-08,,2026-09-09,2026-09-09T00:00:00+07:00,2026-09-09T00:00:00+07:00,danny1,True
kabar-pelabuhan.example,Makassar,2017-05-15,16,0.139,0.276,-273,https://kabar-pelabuhan.example/fixture/metrik/2017-05-15,,2026-09-09,2026-09-09T00:00:00+07:00,2026-09-09T00:00:00+07:00,danny1,True
kabar-pelabuhan.example,Makassar,2017-05-22,24,0.168,0.19,-266,https://kabar-pelabuhan.example/fixture/metrik/2017-05-22,,2026-09-09,2026-09-09T00:00:00+07:00,2026-09-09T00:00:00+07:00,danny1,True
kabar-pelabuhan.example,Makassar,2017-05-29,14,0.197,0.177,-259,https://kabar-pelabuhan.example/fixture/metrik/2017-05-29,,2026-09-09,2026-09-09T00:00:00+07:00,2026-09-09T00:00:00+07:00,danny1,True
kabar-pelabuhan.example,Makassar,2017-06-05,25,0.152,0.226,-252,https://kabar-pelabuhan.example/fixture/metrik/2017-06-05,,2026-09-09,2026-09-09T00:00:00+07:00,2026-09-09T00:00:00+07:00,danny1,True
kabar-pelabuhan.example,Makassar,2017-06-12,32,0.197,0.137,-245,https://kabar-pelabuhan.example/fixture/metrik/2017-06-12,,2026-09-09,2026-09-09T00:00:00+07:00,2026-09-09T00:00:00+07:00,danny1,True
kabar-pelabuhan.example,Makassar,2017-06-19,22,0.162,0.185,-238,https://kabar-pelabuhan.example/fixture/metrik/2017-06-19,,2026-09-09,2026-09-09T00:00:00+07:00,2026-09-09T00:00:00+07:00,danny1,True
kabar-pelabuhan.example,Makassar,2017-06-26,26,0.174,0.211,-231,https://kabar-pelabuhan.example/fixture/metrik/2017-06-26,,2026-09-09,2026-09-09T00:00:00+07:00,2026-09-09T00:00:00+07:00,danny1,True
kabar-pelabuhan.example,Makassar,2017-07-03,29,0.127,0.116,-224,https://kabar-pelabuhan.example/fixture/metrik/2017-07-03,,2026-09-09,2026-09-09T00:00:00+07:00,2026-09-09T00:00:00+07:00,danny1,True
kabar-pelabuhan.example,Makassar,2017-07-10,18,0.135,0.167,-217,https://kabar-pelabuhan.example/fixture/metrik/2017-07-10,,2026-09-09,2026-09-09T00:00:00+07:00,2026-09-09T00:00:00+07:00,danny1,True
kabar-pelabuhan.example,Makassar,2017-07-17,13,0.162,0.193,-210,https://kabar-pelabuhan.example/fixture/metrik/2017-07-17,,2026-09-09,2026-09-09T00:00:00+07:00,2026-09-09T00:00:00+07:00,danny1,True
kabar-pelabuhan.example,Makassar,2017-07-24,27,0.152,0.142,-203,https://kabar-pelabuhan.example/fixture/metrik/2017-07-24,,2026-09-09,2026-09-09T00:00:00+07:00,2026-09-09T00:00:00+07:00,danny1,True
kabar-pelabuhan.example,Makassar,2017-07-31,15,0.189,0.101,-196,https://kabar-pelabuhan.example/fixture/metrik/2017-07-31,,2026-09-09,2026-09-09T00:00:00+07:00,2026-09-09T00:00:00+07:00,danny1,True
kabar-pelabuhan.example,Makassar,2017-08-07,24,0.101,0.096,-189,https://kabar-pelabuhan.example/fixture/metrik/2017-08-07,,2026-09-09,2026-09-09T00:00:00+07:00,2026-09-09T00:00:00+07:00,danny1,True
kabar-pelabuhan.example,Makassar,2017-08-14,29,0.104,0.08,-182,https://kabar-pelabuhan.example/fixture/metrik/2017-08-14,,2026-09-09,2026-09-09T00:00:00+07:00,2026-09-09T00:00:00+07:00,danny1,True
kabar-pelabuhan.example,Makassar,2017-08-21,28,0.198,0.153,-175,https://kabar-pelabuhan.example/fixture/metrik/2017-08-21,,2026-09-09,2026-09-09T00:00:00+07:00,2026-09-09T00:00:00+07:00,danny1,True
kabar-pelabuhan.example,Makassar,2017-08-28,40,0.153,0.152,-168,https://kabar-pelabuhan.example/fixture/metrik/2017-08-28,,2026-09-09,2026-09-09T00:00:00+07:00,2026-09-09T00:00:00+07:00,danny1,True
kabar-pelabuhan.example,Makassar,2017-09-04,29,0.157,0.21,-161,https://kabar-pelabuhan.example/fixture/metrik/2017-09-04,,2026-09-09,2026-09-09T00:00:00+07:00,2026-09-09T00:00:00+07:00,danny1,True
kabar-pelabuhan.example,Makassar,2017-09-11,21,0.207,0.148,-154,https://kabar-pelabuhan.example/fixture/metrik/2017-09-11,,2026-09-09,2026-09-09T00:00:00+07:00,2026-09-09T00:00:00+07:00,danny1,True
kabar-pelabuhan.example,Makassar,2017-09-18,18,0.135,0.192,-147,https://kabar-pelabuhan.example/fixture/metrik/2017-09-18,,2026-09-09,2026-09-09T00:00:00+07:00,2026-09-09T00:00:00+07:00,danny1,True
kabar-pelabuhan.example,Makassar,2017-09-25,6,0.256,0.142,-140,https://kabar-pelabuhan.example/fixture/metrik/2017-09-25,,2026-09-09,2026-09-09T00:00:00+07:00,2026-09-09T00:00:00+07:00,danny1,True
kabar-pelabuhan.example,Makassar,2017-10-02,27,0.137,0.257,-133,https://kabar-pelabuhan.example/fixture/metrik/2017-10-02,,2026-09-09,2026-09-09T00:00:00+07:00,2026-09-09T00:00:00+07:00,danny1,True
kabar-pelabuhan.example,Makassar,2017-10-09,13,0.19,0.209,-126,https://kabar-pelabuhan.example/fixture/metrik/2017-10-09,,2026-09-09,2026-09-09T00:00:00+07:00,2026-09-09T00:00:00+07:00,danny1,True
kabar-pelabuhan.example,Makassar,2017-10-16,20,0.207,0.178,-119,https://kabar-pelabuhan.example/fixture/metrik/2017-10-16,,2026-09-09,2026-09-09T00:00:00+07:00,2026-09-09T00:00:00+07:00,danny1,True
kabar-pelabuhan.example,Makassar,2017-10-23,30,0.161,0.231,-112,https://kabar-pelabuhan.example/fixture/metrik/2017-10-23,,2026-09-09,2026-09-09T00:00:00+07:00,2026-09-09T00:00:00+07:00,danny1,True
kabar-pelabuhan.example,Makassar,2017-10-30,25,0.227,0.128,-105,https://kabar-pelabuhan.example/fixture/metrik/2017-10-30,,2026-09-09,2026-09-09T00:00:00+07:00,2026-09-09T00:00:00+07:00,danny1,True
kabar-pelabuhan.example,Makassar,2017-11-06,20,0.211,0.216,-98,https://kabar-pelabuhan.example/fixture/metrik/2017-11-06,,2026-09-09,2026-09-09T00:00:00+07:00,2026-09-09T00:00:00+07:00,danny1,True
kabar-pelabuhan.example,Makassar,2017-11-13,24,0.185,0.168,-91,https://kabar-pelabuhan.example/fixture/metrik/2017-11-13,,2026-09-09,2026-09-09T00:00:00+07:00,2026-09-09T00:00:00+07:00,danny1,True
kabar-pelabuhan.example,Makassar,2017-11-20,22,0.231,0.154,-84,https://kabar-pelabuhan.example/fixture/metrik/2017-11-20,,2026-09-09,2026-09-09T00:00:00+07:00,2026-09-09T00:00:00+07:00,danny1,True
kabar-pelabuhan.example,Makassar,2017-11-27,25,0.228,0.212,-77,https://kabar-pelabuhan.example/fixture/metrik/2017-11-27,,2026-09-09,2026-09-09T00:00:00+07:00,2026-09-09T00:00:00+07:00,danny1,True
kabar-pelabuhan.example,Makassar,2017-12-04,15,0.257,0.137,-70,https://kabar-pelabuhan.example/fixture/metrik/2017-12-04,,2026-09-09,2026-09-09T00:00:00+07:00,2026-09-09T00:00:00+07:00,danny1,True
kabar-pelabuhan.example,Makassar,2017-12-11,21,0.257,0.145,-63,https://kabar-pelabuhan.example/fixture/metrik/2017-12-11,,2026-09-09,2026-09-09T00:00:00+07:00,2026-09-09T00:00:00+07:00,danny1,True
kabar-pelabuhan.example,Makassar,2017-12-18,5,0.251,0.15,-56,https://kabar-pelabuhan.example/fixture/metrik/2017-12-18,,2026-09-09,2026-09-09T00:00:00+07:00,2026-09-09T00:00:00+07:00,danny1,True
kabar-pelabuhan.example,Makassar,2017-12-25,22,0.262,0.228,-49,https://kabar-pelabuhan.example/fixture/metrik/2017-12-25,,2026-09-09,2026-09-09T00:00:00+07:00,2026-09-09T00:00:00+07:00,danny1,True
kabar-pelabuhan.example,Makassar,2018-01-01,14,0.27,0.234,-42,https://kabar-pelabuhan.example/fixture/metrik/2018-01-01,,2026-09-09,2026-09-09T00:00:00+07:00,2026-09-09T00:00:00+07:00,danny1,True
kabar-pelabuhan.example,Makassar,2018-01-08,20,0.265,0.23,-35,https://kabar-pelabuhan.example/fixture/metrik/2018-01-08,,2026-09-09,2026-09-09T00:00:00+07:00,2026-09-09T00:00:00+07:00,danny1,True
kabar-pelabuhan.example,Makassar,2018-01-15,32,0.261,0.199,-28,https://kabar-pelabuhan.example/fixture/metrik/2018-01-15,,2026-09-09,2026-09-09T00:00:00+07:00,2026-09-09T00:00:00+07:00,danny1,True
kabar-pelabuhan.example,Makassar,2018-01-22,18,0.339,0.111,-21,https://kabar-pelabuhan.example/fixture/metrik/2018-01-22,,2026-09-09,2026-09-09T00:00:00+07:00,2026-09-09T00:00:00+07:00,danny1,True
kabar-pelabuhan.example,Makassar,2018-01-29,11,0.312,0.126,-14,https://kabar-pelabuhan.example/fixture/metrik/2018-01-29,,2026-09-09,2026-09-09T00:00:00+07:00,2026-09-09T00:00:00+07:00,danny1,True
kabar-pelabuhan.example,Makassar,2018-02-05,15,0.259,0.251,-7,https://kabar-pelabuhan.example/fixture/metrik/2018-02-05,,2026-09-09,2026-09-09T00:00:00+07:00,2026-09-09T00:00:00+07:00,danny1,True
kabar-pelabuhan.example,Makassar,2018-02-12,28,0.292,0.157,0,https://kabar-pelabuhan.example/fixture/metrik/2018-02-12,,2026-09-09,2026-09-09T00:00:00+07:00,2026-09-09T00:00:00+07:00,danny1,True
kabar-pelabuhan.example,Makassar,2018-02-19,20,0.278,0.162,7,https://kabar-pelabuhan.example/fixture/metrik/2018-02-19,,2026-09-09,2026-09-09T00:00:00+07:00,2026-09-09T00:00:00+07:00,danny1,True
kabar-pelabuhan.example,Makassar,2018-02-26,25,0.26,0.126,14,https://kabar-pelabuhan.example/fixture/metrik/2018-02-26,,2026-09-09,2026-09-09T00:00:00+07:00,2026-09-09T00:00:00+07:00,danny1,True
kabar-pelabuhan.example,Makassar,2018-03-05,17,0.165,0.131,21,https://kabar-pelabuhan.example/fixture/metrik/2018-03-05,,2026-09-09,2026-09-09T00:00:00+07:00,2026-09-09T00:00:00+07:00,danny1,True
kabar-pelabuhan.example,Makassar,2018-03-12,28,0.139,0.238,28,https://kabar-pelabuhan.example/fixture/metrik/2018-03-12,,2026-09-09,2026-09-09T00:00:00+07:00,2026-09-09T00:00:00+07:00,danny1,True
kabar-pelabuhan.example,Makassar,2018-03-19,32,0.115,0.197,35,https://kabar-pelabuhan.example/fixture/metrik/2018-03-19,,2026-09-09,2026-09-09T00:00:00+07:00,2026-09-09T00:00:00+07:00,danny1,True
kabar-pelabuhan.example,Makassar,2018-03-26,23,0.111,0.174,42,https://kabar-pelabuhan.example/fixture/metrik/2018-03-26,,2026-09-09,2026-09-09T00:00:00+07:00,2026-09-09T00:00:00+07:00,danny1,True
kabar-pelabuhan.example,Makassar,2018-04-02,18,0.214,0.188,49,https://kabar-pelabuhan.example/fixture/metrik/2018-04-02,,2026-09-09,2026-09-09T00:00:00+07:00,2026-09-09T00:00:00+07:00,danny1,True
kabar-pelabuhan.example,Makassar,2018-04-09,19,0.084,0.191,56,https://kabar-pelabuhan.example/fixture/metrik/2018-04-09,,2026-09-09,2026-09-09T00:00:00+07:00,2026-09-09T00:00:00+07:00,danny1,True
kabar-pelabuhan.example,Makassar,2018-04-16,6,0.185,0.175,63,https://kabar-pelabuhan.example/fixture/metrik/2018-04-16,,2026-09-09,2026-09-09T00:00:00+07:00,2026-09-09T00:00:00+07:00,danny1,True
kabar-pelabuhan.example,Makassar,2018-04-23,27,0.063,0.226,70,https://kabar-pelabuhan.example/fixture/metrik/2018-04-23,,2026-09-09,2026-09-09T00:00:00+07:00,2026-09-09T00:00:00+07:00,danny1,True
kabar-pelabuhan.example,Makassar,2018-04-30,15,0.056,0.252,77,https://kabar-pelabuhan.example/fixture/metrik/2018-04-30,,2026-09-09,2026-09-09T00:00:00+07:00,2026-09-09T00:00:00+07:00,danny1,True
kabar-pelabuhan.example,Makassar,2018-05-07,22,0.065,0.131,84,https://kabar-pelabuhan.example/fixture/metrik/2018-05-07,,2026-09-09,2026-09-09T00:00:00+07:00,2026-09-09T00:00:00+07:00,danny1,True
kabar-pelabuhan.example,Makassar,2018-05-14,9,0.02,0.149,91,https://kabar-pelabuhan.example/fixture/metrik/2018-05-14,,2026-09-09,2026-09-09T00:00:00+07:00,2026-09-09T00:00:00+07:00,danny1,True
kabar-pelabuhan.example,Makassar,2018-05-21,11,0.161,0.192,98,https://kabar-pelabuhan.example/fixture/metrik/2018-05-21,,2026-09-09,2026-09-09T00:00:00+07:00,2026-09-09T00:00:00+07:00,danny1,True
kabar-pelabuhan.example,Makassar,2018-05-28,20,0.102,0.18,105,https://kabar-pelabuhan.example/fixture/metrik/2018-05-28,,2026-09-09,2026-09-09T00:00:00+07:00,2026-09-09T00:00:00+07:00,danny1,True
kabar-pelabuhan.example,Makassar,2018-06-04,16,0.05,0.143,112,https://kabar-pelabuhan.example/fixture/metrik/2018-06-04,,2026-09-09,2026-09-09T00:00:00+07:00,2026-09-09T00:00:00+07:00,danny1,True
kabar-pelabuhan.example,Makassar,2018-06-11,26,0.088,0.126,119,https://kabar-pelabuhan.example/fixture/metrik/2018-06-11,,2026-09-09,2026-09-09T00:00:00+07:00,2026-09-09T00:00:00+07:00,danny1,True
kabar-pelabuhan.example,Makassar,2018-06-18,31,0.123,0.172,126,https://kabar-pelabuhan.example/fixture/metrik/2018-06-18,,2026-09-09,2026-09-09T00:00:00+07:00,2026-09-09T00:00:00+07:00,danny1,True
kabar-pelabuhan.example,Makassar,2018-06-25,18,0.02,0.132,133,https://kabar-pelabuhan.example/fixture/metrik/2018-06-25,,2026-09-09,2026-09-09T00:00:00+07:00,2026-09-09T00:00:00+07:00,danny1,True
kabar-pelabuhan.example,Makassar,2018-07-02,14,0.02,0.229,140,https://kabar-pelabuhan.example/fixture/metrik/2018-07-02,,2026-09-09,2026-09-09T00:00:00+07:00,2026-09-09T00:00:00+07:00,danny1,True
kabar-pelabuhan.example,Makassar,2018-07-09,16,0.078,0.212,147,https://kabar-pelabuhan.example/fixture/metrik/2018-07-09,,2026-09-09,2026-09-09T00:00:00+07:00,2026-09-09T00:00:00+07:00,danny1,True
kabar-pelabuhan.example,Makassar,2018-07-16,19,0.113,0.168,154,https://kabar-pelabuhan.example/fixture/metrik/2018-07-16,,2026-09-09,2026-09-09T00:00:00+07:00,2026-09-09T00:00:00+07:00,danny1,True
kabar-pelabuhan.example,Makassar,2018-07-23,31,0.145,0.215,161,https://kabar-pelabuhan.example/fixture/metrik/2018-07-23,,2026-09-09,2026-09-09T00:00:00+07:00,2026-09-09T00:00:00+07:00,danny1,True
kabar-pelabuhan.example,Makassar,2018-07-30,11,0.158,0.147,168,https://kabar-pelabuhan.example/fixture/metrik/2018-07-30,,2026-09-09,2026-09-09T00:00:00+07:00,2026-09-09T00:00:00+07:00,danny1,True
kabar-pelabuhan.example,Makassar,2018-08-06,18,0.092,0.269,175,https://kabar-pelabuhan.example/fixture/metrik/2018-08-06,,2026-09-09,2026-09-09T00:00:00+07:00,2026-09-09T00:00:00+07:00,danny1,True
kabar-pelabuhan.example,Makassar,2018-08-13,22,0.271,0.258,182,https://kabar-pelabuhan.example/fixture/metrik/2018-08-13,,2026-09-09,2026-09-09T00:00:00+07:00,2026-09-09T00:00:00+07:00,danny1,True
kabar-pelabuhan.example,Makassar,2018-08-20,14,0.149,0.168,189,https://kabar-pelabuhan.example/fixture/metrik/2018-08-20,,2026-09-09,2026-09-09T00:00:00+07:00,2026-09-09T00:00:00+07:00,danny1,True
kabar-pelabuhan.example,Makassar,2018-08-27,25,0.157,0.181,196,https://kabar-pelabuhan.example/fixture/metrik/2018-08-27,,2026-09-09,2026-09-09T00:00:00+07:00,2026-09-09T00:00:00+07:00,danny1,True
kabar-pelabuhan.example,Makassar,2018-09-03,16,0.14,0.242,203,https://kabar-pelabuhan.example/fixture/metrik/2018-09-03,,2026-09-09,2026-09-09T00:00:00+07:00,2026-09-09T00:00:00+07:00,danny1,True
kabar-pelabuhan.example,Makassar,2018-09-10,23,0.109,0.199,210,https://kabar-pelabuhan.example/fixture/metrik/2018-09-10,,2026-09-09,2026-09-09T00:00:00+07:00,2026-09-09T00:00:00+07:00,danny1,True
kabar-pelabuhan.example,Makassar,2018-09-17,24,0.205,0.187,217,https://kabar-pelabuhan.example/fixture/metrik/2018-09-17,,2026-09-09,2026-09-09T00:00:00+07:00,2026-09-09T00:00:00+07:00,danny1,True
kabar-pelabuhan.example,Makassar,2018-09-24,14,0.137,0.203,224,https://kabar-pelabuhan.example/fixture/metrik/2018-09-24,,2026-09-09,2026-09-09T00:00:00+07:00,2026-09-09T00:00:00+07:00,danny1,True
kabar-pelabuhan.example,Makassar,2018-10-01,21,0.141,0.151,231,https://kabar-pelabuhan.example/fixture/metrik/2018-10-01,,2026-09-09,2026-09-09T00:00:00+07:00,2026-09-09T00:00:00+07:00,danny1,True
kabar-pelabuhan.example,Makassar,2018-10-08,21,0.2,0.153,238,https://kabar-pelabuhan.example/fixture/metrik/2018-10-08,,2026-09-09,2026-09-09T00:00:00+07:00,2026-09-09T00:00:00+07:00,danny1,True
kabar-pelabuhan.example,Makassar,2018-10-15,19,0.132,0.163,245,https://kabar-pelabuhan.example/fixture/metrik/2018-10-15,,2026-09-09,2026-09-09T00:00:00+07:00,2026-09-09T00:00:00+07:00,danny1,True
kabar-pelabuhan.example,Makassar,2018-10-22,25,0.137,0.078,252,https://kabar-pelabuhan.example/fixture/metrik/2018-10-22,,2026-09-09,2026-09-09T00:00:00+07:00,2026-09-09T00:00:00+07:00,danny1,True
kabar-pelabuhan.example,Makassar,2018-10-29,17,0.109,0.11,259,https://kabar-pelabuhan.example/fixture/metrik/2018-10-29,,2026-09-09,2026-09-09T00:00:00+07:00,2026-09-09T00:00:00+07:00,danny1,True
kabar-pelabuhan.example,Makassar,2018-11-05,25,0.204,0.151,266,https://kabar-pelabuhan.example/fixture/metrik/2018-11-05,,2026-09-09,2026-09-09T00:00:00+07:00,2026-09-09T00:00:00+07:00,danny1,True
kabar-pelabuhan.example,Makassar,2018-11-12,12,0.117,0.101,273,https://kabar-pelabuhan.example/fixture/metrik/2018-11-12,,2026-09-09,2026-09-09T00:00:00+07:00,2026-09-09T00:00:00+07:00,danny1,True
kabar-pelabuhan.example,Makassar,2018-11-19,32,0.163,0.122,280,https://kabar-pelabuhan.example/fixture/metrik/2018-11-19,,2026-09-09,2026-09-09T00:00:00+07:00,2026-09-09T00:00:00+07:00,danny1,True
kabar-pelabuhan.example,Makassar,2018-11-26,29,0.168,0.159,287,https://kabar-pelabuhan.example/fixture/metrik/2018-11-26,,2026-09-09,2026-09-09T00:00:00+07:00,2026-09-09T00:00:00+07:00,danny1,True
kabar-pelabuhan.example,Makassar,2018-12-03,18,0.115,0.09,294,https://kabar-pelabuhan.example/fixture/metrik/2018-12-03,,2026-09-09,2026-09-09T00:00:00+07:00,2026-09-09T00:00:00+07:00,danny1,True
kabar-pelabuhan.example,Makassar,2018-12-10,32,0.164,0.203,301,https://kabar-pelabuhan.example/fixture/metrik/2018-12-10,,2026-09-09,2026-09-09T00:00:00+07:00,2026-09-09T00:00:00+07:00,danny1,True
kabar-pelabuhan.example,Makassar,2018-12-17,18,0.194,0.212,308,https://kabar-pelabuhan.example/fixture/metrik/2018-12-17,,2026-09-09,2026-09-09T00:00:00+07:00,2026-09-09T00:00:00+07:00,danny1,True
kabar-pelabuhan.example,Makassar,2018-12-24,30,0.126,0.161,315,https://kabar-pelabuhan.example/fixture/metrik/2018-12-24,,2026-09-09,2026-09-09T00:00:00+07:00,2026-09-09T00:00:00+07:00,danny1,True
kabar-pelabuhan.example,Makassar,2018-12-31,22,0.213,0.244,322,https://kabar-pelabuhan.example/fixture/metrik/2018-12-31,,2026-09-09,2026-09-09T00:00:00+07:00,2026-09-09T00:00:00+07:00,danny1,True
kabar-pelabuhan.example,Makassar,2019-01-07,30,0.143,0.154,329,https://kabar-pelabuhan.example/fixture/metrik/2019-01-07,,2026-09-09,2026-09-09T00:00:00+07:00,2026-09-09T00:00:00+07:00,danny1,True
kabar-pelabuhan.example,Makassar,2019-01-14,30,0.175,0.188,336,https://kabar-pelabuhan.example/fixture/metrik/2019-01-14,,2026-09-09,2026-09-09T00:00:00+07:00,2026-09-09T00:00:00+07:00,danny1,True
kabar-pelabuhan.example,Makassar,2019-01-21,19,0.133,0.2,343,https://kabar-pelabuhan.example/fixture/metrik/2019-01-21,,2026-09-09,2026-09-09T00:00:00+07:00,2026-09-09T00:00:00+07:00,danny1,True
kabar-pelabuhan.example,Makassar,2019-01-28,27,0.117,0.281,350,https://kabar-pelabuhan.example/fixture/metrik/2019-01-28,,2026-09-09,2026-09-09T00:00:00+07:00,2026-09-09T00:00:00+07:00,danny1,True
kabar-pelabuhan.example,Makassar,2019-02-04,22,0.153,0.225,357,https://kabar-pelabuhan.example/fixture/metrik/2019-02-04,,2026-09-09,2026-09-09T00:00:00+07:00,2026-09-09T00:00:00+07:00,danny1,True
kabar-pelabuhan.example,Makassar,2019-02-11,15,0.139,0.251,364,https://kabar-pelabuhan.example/fixture/metrik/2019-02-11,,2026-09-09,2026-09-09T00:00:00+07:00,2026-09-09T00:00:00+07:00,danny1,True
kabar-pelabuhan.example,Makassar,2019-02-18,17,0.174,0.245,371,https://kabar-pelabuhan.example/fixture/metrik/2019-02-18,,2026-09-09,2026-09-09T00:00:00+07:00,2026-09-09T00:00:00+07:00,danny1,True
kabar-pelabuhan.example,Makassar,2019-02-25,17,0.173,0.21,378,https://kabar-pelabuhan.example/fixture/metrik/2019-02-25,,2026-09-09,2026-09-09T00:00:00+07:00,2026-09-09T00:00:00+07:00,danny1,True
kabar-pelabuhan.example,Makassar,2019-03-04,31,0.114,0.29,385,https://kabar-pelabuhan.example/fixture/metrik/2019-03-04,,2026-09-09,2026-09-09T00:00:00+07:00,2026-09-09T00:00:00+07:00,danny1,True
kabar-pelabuhan.example,Makassar,2019-03-11,27,0.162,0.196,392,https://kabar-pelabuhan.example/fixture/metrik/2019-03-11,,2026-09-09,2026-09-09T00:00:00+07:00,2026-09-09T00:00:00+07:00,danny1,True
kabar-pelabuhan.example,Makassar,2019-03-18,21,0.156,0.178,399,https://kabar-pelabuhan.example/fixture/metrik/2019-03-18,,2026-09-09,2026-09-09T00:00:00+07:00,2026-09-09T00:00:00+07:00,danny1,True
kabar-pelabuhan.example,Makassar,2019-03-25,19,0.193,0.161,406,https://kabar-pelabuhan.example/fixture/metrik/2019-03-25,,2026-09-09,2026-09-09T00:00:00+07:00,2026-09-09T00:00:00+07:00,danny1,True
kabar-pelabuhan.example,Makassar,2019-04-01,13,0.164,0.195,413,https://kabar-pelabuhan.example/fixture/metrik/2019-04-01,,2026-09-09,2026-09-09T00:00:00+07:00,2026-09-09T00:00:00+07:00,danny1,True
kabar-pelabuhan.example,Makassar,2019-04-08,15,0.119,0.118,420,https://kabar-pelabuhan.example/fixture/metrik/2019-04-08,,2026-09-09,2026-09-09T00:00:00+07:00,2026-09-09T00:00:00+07:00,danny1,True
kabar-pelabuhan.example,Makassar,2019-04-15,27,0.153,0.177,427,https://kabar-pelabuhan.example/fixture/metrik/2019-04-15,,2026-09-09,2026-09-09T00:00:00+07:00,2026-09-09T00:00:00+07:00,danny1,True
kabar-pelabuhan.example,Makassar,2019-04-22,30,0.164,0.2,434,https://kabar-pelabuhan.example/fixture/metrik/2019-04-22,,2026-09-09,2026-09-09T00:00:00+07:00,2026-09-09T00:00:00+07:00,danny1,True
kabar-pelabuhan.example,Makassar,2019-04-29,23,0.149,0.107,441,https://kabar-pelabuhan.example/fixture/metrik/2019-04-29,,2026-09-09,2026-09-09T00:00:00+07:00,2026-09-09T00:00:00+07:00,danny1,True
kabar-pelabuhan.example,Makassar,2019-05-06,23,0.098,0.168,448,https://kabar-pelabuhan.example/fixture/metrik/2019-05-06,,2026-09-09,2026-09-09T00:00:00+07:00,2026-09-09T00:00:00+07:00,danny1,True
kabar-pelabuhan.example,Makassar,2019-05-13,22,0.064,0.202,455,https://kabar-pelabuhan.example/fixture/metrik/2019-05-13,,2026-09-09,2026-09-09T00:00:00+07:00,2026-09-09T00:00:00+07:00,pj,True
kabar-pelabuhan.example,Makassar,2019-05-20,5,0.06,0.147,462,https://kabar-pelabuhan.example/fixture/metrik/2019-05-20,,2026-09-09,2026-09-09T00:00:00+07:00,2026-09-09T00:00:00+07:00,pj,True
kabar-pelabuhan.example,Makassar,2019-05-27,16,0.084,0.144,469,https://kabar-pelabuhan.example/fixture/metrik/2019-05-27,,2026-09-09,2026-09-09T00:00:00+07:00,2026-09-09T00:00:00+07:00,pj,True
kabar-pelabuhan.example,Makassar,2019-06-03,27,0.02,0.19,476,https://kabar-pelabuhan.example/fixture/metrik/2019-06-03,,2026-09-09,2026-09-09T00:00:00+07:00,2026-09-09T00:00:00+07:00,pj,True
kabar-pelabuhan.example,Makassar,2019-06-10,11,0.02,0.166,-471,https://kabar-pelabuhan.example/fixture/metrik/2019-06-10,,2026-09-09,2026-09-09T00:00:00+07:00,2026-09-09T00:00:00+07:00,pj,True
kabar-pelabuhan.example,Makassar,2019-06-17,43,0.091,0.097,-464,https://kabar-pelabuhan.example/fixture/metrik/2019-06-17,,2026-09-09,2026-09-09T00:00:00+07:00,2026-09-09T00:00:00+07:00,pj,True
kabar-pelabuhan.example,Makassar,2019-06-24,19,0.02,0.127,-457,https://kabar-pelabuhan.example/fixture/metrik/2019-06-24,,2026-09-09,2026-09-09T00:00:00+07:00,2026-09-09T00:00:00+07:00,pj,True
kabar-pelabuhan.example,Makassar,2019-07-01,27,0.02,0.146,-450,https://kabar-pelabuhan.example/fixture/metrik/2019-07-01,,2026-09-09,2026-09-09T00:00:00+07:00,2026-09-09T00:00:00+07:00,pj,True
kabar-pelabuhan.example,Makassar,2019-07-08,3,0.036,0.112,-443,https://kabar-pelabuhan.example/fixture/metrik/2019-07-08,,2026-09-09,2026-09-09T00:00:00+07:00,2026-09-09T00:00:00+07:00,pj,True
kabar-pelabuhan.example,Makassar,2019-07-15,27,0.037,0.132,-436,https://kabar-pelabuhan.example/fixture/metrik/2019-07-15,,2026-09-09,2026-09-09T00:00:00+07:00,2026-09-09T00:00:00+07:00,pj,True
kabar-pelabuhan.example,Makassar,2019-07-22,35,0.054,0.177,-429,https://kabar-pelabuhan.example/fixture/metrik/2019-07-22,,2026-09-09,2026-09-09T00:00:00+07:00,2026-09-09T00:00:00+07:00,pj,True
kabar-pelabuhan.example,Makassar,2019-07-29,17,0.061,0.137,-422,https://kabar-pelabuhan.example/fixture/metrik/2019-07-29,,2026-09-09,2026-09-09T00:00:00+07:00,2026-09-09T00:00:00+07:00,pj,True
kabar-pelabuhan.example,Makassar,2019-08-05,16,0.057,0.2,-415,https://kabar-pelabuhan.example/fixture/metrik/2019-08-05,,2026-09-09,2026-09-09T00:00:00+07:00,2026-09-09T00:00:00+07:00,pj,True
kabar-pelabuhan.example,Makassar,2019-08-12,26,0.073,0.3,-408,https://kabar-pelabuhan.example/fixture/metrik/2019-08-12,,2026-09-09,2026-09-09T00:00:00+07:00,2026-09-09T00:00:00+07:00,pj,True
kabar-pelabuhan.example,Makassar,2019-08-19,22,0.079,0.235,-401,https://kabar-pelabuhan.example/fixture/metrik/2019-08-19,,2026-09-09,2026-09-09T00:00:00+07:00,2026-09-09T00:00:00+07:00,pj,True
kabar-pelabuhan.example,Makassar,2019-08-26,23,0.028,0.145,-394,https://kabar-pelabuhan.example/fixture/metrik/2019-08-26,,2026-09-09,2026-09-09T00:00:00+07:00,2026-09-09T00:00:00+07:00,pj,True
kabar-pelabuhan.example,Makassar,2019-09-02,32,0.02,0.113,-387,https://kabar-pelabuhan.example/fixture/metrik/2019-09-02,,2026-09-09,2026-09-09T00:00:00+07:00,2026-09-09T00:00:00+07:00,pj,True
kabar-pelabuhan.example,Makassar,2019-09-09,12,0.02,0.166,-380,https://kabar-pelabuhan.example/fixture/metrik/2019-09-09,,2026-09-09,2026-09-09T00:00:00+07:00,2026-09-09T00:00:00+07:00,pj,True
kabar-pelabuhan.example,Makassar,2019-09-16,21,0.051,0.216,-373,https://kabar-pelabuhan.example/fixture/metrik/2019-09-16,,2026-09-09,2026-09-09T00:00:00+07:00,2026-09-09T00:00:00+07:00,pj,True
kabar-pelabuhan.example,Makassar,2019-09-23,11,0.078,0.207,-366,https://kabar-pelabuhan.example/fixture/metrik/2019-09-23,,2026-09-09,2026-09-09T00:00:00+07:00,2026-09-09T00:00:00+07:00,pj,True
kabar-pelabuhan.example,Makassar,2019-09-30,24,0.02,0.098,-359,https://kabar-pelabuhan.example/fixture/metrik/2019-09-30,,2026-09-09,2026-09-09T00:00:00+07:00,2026-09-09T00:00:00+07:00,pj,True
kabar-pelabuhan.example,Makassar,2019-10-07,25,0.048,0.101,-352,https://kabar-pelabuhan.example/fixture/metrik/2019-10-07,,2026-09-09,2026-09-09T00:00:00+07:00,2026-09-09T00:00:00+07:00,pj,True
kabar-pelabuhan.example,Makassar,2019-10-14,32,0.05,0.14,-345,https://kabar-pelabuhan.example/fixture/metrik/2019-10-14,,2026-09-09,2026-09-09T00:00:00+07:00,2026-09-09T00:00:00+07:00,pj,True
kabar-pelabuhan.example,Makassar,2019-10-21,29,0.02,0.224,-338,https://kabar-pelabuhan.example/fixture/metrik/2019-10-21,,2026-09-09,2026-09-09T00:00:00+07:00,2026-09-09T00:00:00+07:00,pj,True
kabar-pelabuhan.example,Makassar,2019-10-28,23,0.023,0.16,-331,https://kabar-pelabuhan.example/fixture/metrik/2019-10-28,,2026-09-09,2026-09-09T00:00:00+07:00,2026-09-09T00:00:00+07:00,pj,True
kabar-pelabuhan.example,Makassar,2019-11-04,29,0.097,0.176,-324,https://kabar-pelabuhan.example/fixture/metrik/2019-11-04,,2026-09-09,2026-09-09T00:00:00+07:00,2026-09-09T00:00:00+07:00,pj,True
kabar-pelabuhan.example,Makassar,2019-11-11,19,0.091,0.227,-317,https://kabar-pelabuhan.example/fixture/metrik/2019-11-11,,2026-09-09,2026-09-09T00:00:00+07:00,2026-09-09T00:00:00+07:00,pj,True
kabar-pelabuhan.example,Makassar,2019-11-18,20,0.051,0.223,-310,https://kabar-pelabuhan.example/fixture/metrik/2019-11-18,,2026-09-09,2026-09-09T00:00:00+07:00,2026-09-09T00:00:00+07:00,pj,True
kabar-pelabuhan.example,Makassar,2019-11-25,32,0.023,0.132,-303,https://kabar-pelabuhan.example/fixture/metrik/2019-11-25,,2026-09-09,2026-09-09T00:00:00+07:00,2026-09-09T00:00:00+07:00,pj,True
kabar-pelabuhan.example,Makassar,2019-12-02,15,0.02,0.14,-296,https://kabar-pelabuhan.example/fixture/metrik/2019-12-02,,2026-09-09,2026-09-09T00:00:00+07:00,2026-09-09T00:00:00+07:00,pj,True
kabar-pelabuhan.example,Makassar,2019-12-09,14,0.048,0.161,-289,https://kabar-pelabuhan.example/fixture/metrik/2019-12-09,,2026-09-09,2026-09-09T00:00:00+07:00,2026-09-09T00:00:00+07:00,pj,True
kabar-pelabuhan.example,Makassar,2019-12-16,15,0.067,0.096,-282,https://kabar-pelabuhan.example/fixture/metrik/2019-12-16,,2026-09-09,2026-09-09T00:00:00+07:00,2026-09-09T00:00:00+07:00,pj,True
kabar-pelabuhan.example,Makassar,2019-12-23,14,0.077,0.066,-275,https://kabar-pelabuhan.example/fixture/metrik/2019-12-23,,2026-09-09,2026-09-09T00:00:00+07:00,2026-09-09T00:00:00+07:00,pj,True
kabar-pelabuhan.example,Makassar,2019-12-30,23,0.063,0.147,-268,https://kabar-pelabuhan.example/fixture/metrik/2019-12-30,,2026-09-09,2026-09-09T00:00:00+07:00,2026-09-09T00:00:00+07:00,pj,True
kabar-pelabuhan.example,Makassar,2020-01-06,19,0.047,0.166,-261,https://kabar-pelabuhan.example/fixture/metrik/2020-01-06,,2026-09-09,2026-09-09T00:00:00+07:00,2026-09-09T00:00:00+07:00,pj,True
kabar-pelabuhan.example,Makassar,2020-01-13,16,0.041,0.079,-254,https://kabar-pelabuhan.example/fixture/metrik/2020-01-13,,2026-09-09,2026-09-09T00:00:00+07:00,2026-09-09T00:00:00+07:00,pj,True
kabar-pelabuhan.example,Makassar,2020-01-20,33,0.102,0.187,-247,https://kabar-pelabuhan.example/fixture/metrik/2020-01-20,,2026-09-09,2026-09-09T00:00:00+07:00,2026-09-09T00:00:00+07:00,pj,True
kabar-pelabuhan.example,Makassar,2020-01-27,15,0.025,0.226,-240,https://kabar-pelabuhan.example/fixture/metrik/2020-01-27,,2026-09-09,2026-09-09T00:00:00+07:00,2026-09-09T00:00:00+07:00,pj,True
kabar-pelabuhan.example,Makassar,2020-02-03,22,0.049,0.15,-233,https://kabar-pelabuhan.example/fixture/metrik/2020-02-03,,2026-09-09,2026-09-09T00:00:00+07:00,2026-09-09T00:00:00+07:00,pj,True
kabar-pelabuhan.example,Makassar,2020-02-10,20,0.041,0.221,-226,https://kabar-pelabuhan.example/fixture/metrik/2020-02-10,,2026-09-09,2026-09-09T00:00:00+07:00,2026-09-09T00:00:00+07:00,pj,True
kabar-pelabuhan.example,Makassar,2020-02-17,21,0.067,0.096,-219,https://kabar-pelabuhan.example/fixture/metrik/2020-02-17,,2026-09-09,2026-09-09T00:00:00+07:00,2026-09-09T00:00:00+07:00,pj,True
kabar-pelabuhan.example,Makassar,2020-02-24,12,0.02,0.179,-212,https://kabar-pelabuhan.example/fixture/metrik/2020-02-24,,2026-09-09,2026-09-09T00:00:00+07:00,2026-09-09T00:00:00+07:00,pj,True
kabar-pelabuhan.example,Makassar,2020-03-02,34,0.035,0.15,-205,https://kabar-pelabuhan.example/fixture/metrik/2020-03-02,,2026-09-09,2026-09-09T00:00:00+07:00,2026-09-09T00:00:00+07:00,pj,True
kabar-pelabuhan.example,Makassar,2020-03-09,15,0.065,0.217,-198,https://kabar-pelabuhan.example/fixture/metrik/2020-03-09,,2026-09-09,2026-09-09T00:00:00+07:00,2026-09-09T00:00:00+07:00,pj,True
kabar-pelabuhan.example,Makassar,2020-03-16,8,0.056,0.082,-191,https://kabar-pelabuhan.example/fixture/metrik/2020-03-16,,2026-09-09,2026-09-09T00:00:00+07:00,2026-09-09T00:00:00+07:00,pj,True
kabar-pelabuhan.example,Makassar,2020-03-23,12,0.121,0.163,-184,https://kabar-pelabuhan.example/fixture/metrik/2020-03-23,,2026-09-09,2026-09-09T00:00:00+07:00,2026-09-09T00:00:00+07:00,pj,True
kabar-pelabuhan.example,Makassar,2020-03-30,10,0.092,0.257,-177,https://kabar-pelabuhan.example/fixture/metrik/2020-03-30,,2026-09-09,2026-09-09T00:00:00+07:00,2026-09-09T00:00:00+07:00,pj,True
kabar-pelabuhan.example,Makassar,2020-04-06,39,0.058,0.159,-170,https://kabar-pelabuhan.example/fixture/metrik/2020-04-06,,2026-09-09,2026-09-09T00:00:00+07:00,2026-09-09T00:00:00+07:00,pj,True
kabar-pelabuhan.example,Makassar,2020-04-13,13,0.062,0.131,-163,https://kabar-pelabuhan.example/fixture/metrik/2020-04-13,,2026-09-09,2026-09-09T00:00:00+07:00,2026-09-09T00:00:00+07:00,pj,True
kabar-pelabuhan.example,Makassar,2020-04-20,11,0.066,0.127,-156,https://kabar-pelabuhan.example/fixture/metrik/2020-04-20,,2026-09-09,2026-09-09T00:00:00+07:00,2026-09-09T00:00:00+07:00,pj,True
kabar-pelabuhan.example,Makassar,2020-04-27,24,0.038,0.152,-149,https://kabar-pelabuhan.example/fixture/metrik/2020-04-27,,2026-09-09,2026-09-09T00:00:00+07:00,2026-09-09T00:00:00+07:00,pj,True
kabar-pelabuhan.example,Makassar,2020-05-04,21,0.072,0.128,-142,https://kabar-pelabuhan.example/fixture/metrik/2020-05-04,,2026-09-09,2026-09-09T00:00:00+07:00,2026-09-09T00:00:00+07:00,pj,True
kabar-pelabuhan.example,Makassar,2020-05-11,6,0.02,0.144,-135,https://kabar-pelabuhan.example/fixture/metrik/2020-05-11,,2026-09-09,2026-09-09T00:00:00+07:00,2026-09-09T00:00:00+07:00,pj,True
kabar-pelabuhan.example,Makassar,2020-05-18,20,0.084,0.277,-128,https://kabar-pelabuhan.example/fixture/metrik/2020-05-18,,2026-09-09,2026-09-09T00:00:00+07:00,2026-09-09T00:00:00+07:00,pj,True
kabar-pelabuhan.example,Makassar,2020-05-25,21,0.02,0.044,-121,https://kabar-pelabuhan.example/fixture/metrik/2020-05-25,,2026-09-09,2026-09-09T00:00:00+07:00,2026-09-09T00:00:00+07:00,pj,True
kabar-pelabuhan.example,Makassar,2020-06-01,27,0.128,0.149,-114,https://kabar-pelabuhan.example/fixture/metrik/2020-06-01,,2026-09-09,2026-09-09T00:00:00+07:00,2026-09-09T00:00:00+07:00,pj,True
kabar-pelabuhan.example,Makassar,2020-06-08,23,0.168,0.166,-107,https://kabar-pelabuhan.example/fixture/metrik/2020-06-08,,2026-09-09,2026-09-09T00:00:00+07:00,2026-09-09T00:00:00+07:00,pj,True
kabar-pelabuhan.example,Makassar,2020-06-15,16,0.103,0.14,-100,https://kabar-pelabuhan.example/fixture/metrik/2020-06-15,,2026-09-09,2026-09-09T00:00:00+07:00,2026-09-09T00:00:00+07:00,pj,True
kabar-pelabuhan.example,Makassar,2020-06-22,15,0.142,0.215,-93,https://kabar-pelabuhan.example/fixture/metrik/2020-06-22,,2026-09-09,2026-09-09T00:00:00+07:00,2026-09-09T00:00:00+07:00,pj,True
kabar-pelabuhan.example,Makassar,2020-06-29,14,0.164,0.176,-86,https://kabar-pelabuhan.example/fixture/metrik/2020-06-29,,2026-09-09,2026-09-09T00:00:00+07:00,2026-09-09T00:00:00+07:00,pj,True
kabar-pelabuhan.example,Makassar,2020-07-06,15,0.118,0.235,-79,https://kabar-pelabuhan.example/fixture/metrik/2020-07-06,,2026-09-09,2026-09-09T00:00:00+07:00,2026-09-09T00:00:00+07:00,pj,True
kabar-pelabuhan.example,Makassar,2020-07-13,16,0.181,0.219,-72,https://kabar-pelabuhan.example/fixture/metrik/2020-07-13,,2026-09-09,2026-09-09T00:00:00+07:00,2026-09-09T00:00:00+07:00,pj,True
kabar-pelabuhan.example,Makassar,2020-07-20,7,0.154,0.169,-65,https://kabar-pelabuhan.example/fixture/metrik/2020-07-20,,2026-09-09,2026-09-09T00:00:00+07:00,2026-09-09T00:00:00+07:00,pj,True
kabar-pelabuhan.example,Makassar,2020-07-27,12,0.149,0.26,-58,https://kabar-pelabuhan.example/fixture/metrik/2020-07-27,,2026-09-09,2026-09-09T00:00:00+07:00,2026-09-09T00:00:00+07:00,pj,True
kabar-pelabuhan.example,Makassar,2020-08-03,24,0.142,0.157,-51,https://kabar-pelabuhan.example/fixture/metrik/2020-08-03,,2026-09-09,2026-09-09T00:00:00+07:00,2026-09-09T00:00:00+07:00,pj,True
kabar-pelabuhan.example,Makassar,2020-08-10,21,0.227,0.187,-44,https://kabar-pelabuhan.example/fixture/metrik/2020-08-10,,2026-09-09,2026-09-09T00:00:00+07:00,2026-09-09T00:00:00+07:00,pj,True
kabar-pelabuhan.example,Makassar,2020-08-17,24,0.164,0.21,-37,https://kabar-pelabuhan.example/fixture/metrik/2020-08-17,,2026-09-09,2026-09-09T00:00:00+07:00,2026-09-09T00:00:00+07:00,pj,True
kabar-pelabuhan.example,Makassar,2020-08-24,13,0.216,0.072,-30,https://kabar-pelabuhan.example/fixture/metrik/2020-08-24,,2026-09-09,2026-09-09T00:00:00+07:00,2026-09-09T00:00:00+07:00,pj,True
kabar-pelabuhan.example,Makassar,2020-08-31,28,0.169,0.158,-23,https://kabar-pelabuhan.example/fixture/metrik/2020-08-31,,2026-09-09,2026-09-09T00:00:00+07:00,2026-09-09T00:00:00+07:00,pj,True
kabar-pelabuhan.example,Makassar,2020-09-07,33,0.194,0.173,-16,https://kabar-pelabuhan.example/fixture/metrik/2020-09-07,,2026-09-09,2026-09-09T00:00:00+07:00,2026-09-09T00:00:00+07:00,pj,True
kabar-pelabuhan.example,Makassar,2020-09-14,14,0.194,0.145,-9,https://kabar-pelabuhan.example/fixture/metrik/2020-09-14,,2026-09-09,2026-09-09T00:00:00+07:00,2026-09-09T00:00:00+07:00,pj,True
kabar-pelabuhan.example,Makassar,2020-09-21,25,0.191,0.103,-2,https://kabar-pelabuhan.example/fixture/metrik/2020-09-21,,2026-09-09,2026-09-09T00:00:00+07:00,2026-09-09T00:00:00+07:00,pj,True
kabar-pelabuhan.example,Makassar,2020-09-28,26,0.138,0.211,5,https://kabar-pelabuhan.example/fixture/metrik/2020-09-28,,2026-09-09,2026-09-09T00:00:00+07:00,2026-09-09T00:00:00+07:00,pj,True
kabar-pelabuhan.example,Makassar,2020-10-05,25,0.161,0.061,12,https://kabar-pelabuhan.example/fixture/metrik/2020-10-05,,2026-09-09,2026-09-09T00:00:00+07:00,2026-09-09T00:00:00+07:00,pj,True
kabar-pelabuhan.example,Makassar,2020-10-12,28,0.065,0.204,19,https://kabar-pelabuhan.example/fixture/metrik/2020-10-12,,2026-09-09,2026-09-09T00:00:00+07:00,2026-09-09T00:00:00+07:00,pj,True
kabar-pelabuhan.example,Makassar,2020-10-19,24,0.041,0.271,26,https://kabar-pelabuhan.example/fixture/metrik/2020-10-19,,2026-09-09,2026-09-09T00:00:00+07:00,2026-09-09T00:00:00+07:00,pj,True
kabar-pelabuhan.example,Makassar,2020-10-26,17,0.055,0.213,33,https://kabar-pelabuhan.example/fixture/metrik/2020-10-26,,2026-09-09,2026-09-09T00:00:00+07:00,2026-09-09T00:00:00+07:00,pj,True
kabar-pelabuhan.example,Makassar,2020-11-02,21,0.02,0.198,40,https://kabar-pelabuhan.example/fixture/metrik/2020-11-02,,2026-09-09,2026-09-09T00:00:00+07:00,2026-09-09T00:00:00+07:00,pj,True
kabar-pelabuhan.example,Makassar,2020-11-09,21,0.027,0.092,47,https://kabar-pelabuhan.example/fixture/metrik/2020-11-09,,2026-09-09,2026-09-09T00:00:00+07:00,2026-09-09T00:00:00+07:00,pj,True
kabar-pelabuhan.example,Makassar,2020-11-16,13,0.02,0.21,54,https://kabar-pelabuhan.example/fixture/metrik/2020-11-16,,2026-09-09,2026-09-09T00:00:00+07:00,2026-09-09T00:00:00+07:00,pj,True
kabar-pelabuhan.example,Makassar,2020-11-23,38,0.118,0.281,61,https://kabar-pelabuhan.example/fixture/metrik/2020-11-23,,2026-09-09,2026-09-09T00:00:00+07:00,2026-09-09T00:00:00+07:00,pj,True
kabar-pelabuhan.example,Makassar,2020-11-30,29,0.057,0.259,68,https://kabar-pelabuhan.example/fixture/metrik/2020-11-30,,2026-09-09,2026-09-09T00:00:00+07:00,2026-09-09T00:00:00+07:00,pj,True
kabar-pelabuhan.example,Makassar,2020-12-07,24,0.081,0.177,75,https://kabar-pelabuhan.example/fixture/metrik/2020-12-07,,2026-09-09,2026-09-09T00:00:00+07:00,2026-09-09T00:00:00+07:00,pj,True
kabar-pelabuhan.example,Makassar,2020-12-14,20,0.05,0.203,82,https://kabar-pelabuhan.example/fixture/metrik/2020-12-14,,2026-09-09,2026-09-09T00:00:00+07:00,2026-09-09T00:00:00+07:00,pj,True
kabar-pelabuhan.example,Makassar,2020-12-21,18,0.036,0.128,89,https://kabar-pelabuhan.example/fixture/metrik/2020-12-21,,2026-09-09,2026-09-09T00:00:00+07:00,2026-09-09T00:00:00+07:00,pj,True
kabar-pelabuhan.example,Makassar,2020-12-28,15,0.02,0.191,96,https://kabar-pelabuhan.example/fixture/metrik/2020-12-28,,2026-09-09,2026-09-09T00:00:00+07:00,2026-09-09T00:00:00+07:00,pj,True
kabar-pelabuhan.example,Makassar,2021-01-04,5,0.02,0.139,103,https://kabar-pelabuhan.example/fixture/metrik/2021-01-04,,2026-09-09,2026-09-09T00:00:00+07:00,2026-09-09T00:00:00+07:00,pj,True
kabar-pelabuhan.example,Makassar,2021-01-11,22,0.02,0.151,110,https://kabar-pelabuhan.example/fixture/metrik/2021-01-11,,2026-09-09,2026-09-09T00:00:00+07:00,2026-09-09T00:00:00+07:00,pj,True
kabar-pelabuhan.example,Makassar,2021-01-18,25,0.06,0.099,117,https://kabar-pelabuhan.example/fixture/metrik/2021-01-18,,2026-09-09,2026-09-09T00:00:00+07:00,2026-09-09T00:00:00+07:00,pj,True
kabar-pelabuhan.example,Makassar,2021-01-25,21,0.061,0.233,124,https://kabar-pelabuhan.example/fixture/metrik/2021-01-25,,2026-09-09,2026-09-09T00:00:00+07:00,2026-09-09T00:00:00+07:00,pj,True
kabar-pelabuhan.example,Makassar,2021-02-01,23,0.096,0.136,131,https://kabar-pelabuhan.example/fixture/metrik/2021-02-01,,2026-09-09,2026-09-09T00:00:00+07:00,2026-09-09T00:00:00+07:00,pj,True
kabar-pelabuhan.example,Makassar,2021-02-08,22,0.098,0.163,138,https://kabar-pelabuhan.example/fixture/metrik/2021-02-08,,2026-09-09,2026-09-09T00:00:00+07:00,2026-09-09T00:00:00+07:00,pj,True
kabar-pelabuhan.example,Makassar,2021-02-15,30,0.025,0.225,145,https://kabar-pelabuhan.example/fixture/metrik/2021-02-15,,2026-09-09,2026-09-09T00:00:00+07:00,2026-09-09T00:00:00+07:00,pj,True
kabar-pelabuhan.example,Makassar,2021-02-22,32,0.066,0.099,152,https://kabar-pelabuhan.example/fixture/metrik/2021-02-22,,2026-09-09,2026-09-09T00:00:00+07:00,2026-09-09T00:00:00+07:00,pj,True
kabar-pelabuhan.example,Makassar,2021-03-01,31,0.092,0.202,159,https://kabar-pelabuhan.example/fixture/metrik/2021-03-01,,2026-09-09,2026-09-09T00:00:00+07:00,2026-09-09T00:00:00+07:00,danny2,True
kabar-pelabuhan.example,Makassar,2021-03-08,21,0.138,0.097,166,https://kabar-pelabuhan.example/fixture/metrik/2021-03-08,,2026-09-09,2026-09-09T00:00:00+07:00,2026-09-09T00:00:00+07:00,danny2,True
kabar-pelabuhan.example,Makassar,2021-03-15,17,0.198,0.138,173,https://kabar-pelabuhan.example/fixture/metrik/2021-03-15,,2026-09-09,2026-09-09T00:00:00+07:00,2026-09-09T00:00:00+07:00,danny2,True
kabar-pelabuhan.example,Makassar,2021-03-22,25,0.138,0.278,180,https://kabar-pelabuhan.example/fixture/metrik/2021-03-22,,2026-09-09,2026-09-09T00:00:00+07:00,2026-09-09T00:00:00+07:00,danny2,True
kabar-pelabuhan.example,Makassar,2021-03-29,24,0.15,0.12,187,https://kabar-pelabuhan.example/fixture/metrik/2021-03-29,,2026-09-09,2026-09-09T00:00:00+07:00,2026-09-09T00:00:00+07:00,danny2,True
kabar-pelabuhan.example,Makassar,2021-04-05,22,0.192,0.077,194,https://kabar-pelabuhan.example/fixture/metrik/2021-04-05,,2026-09-09,2026-09-09T00:00:00+07:00,2026-09-09T00:00:00+07:00,danny2,True
kabar-pelabuhan.example,Makassar,2021-04-12,21,0.191,0.163,201,https://kabar-pelabuhan.example/fixture/metrik/2021-04-12,,2026-09-09,2026-09-09T00:00:00+07:00,2026-09-09T00:00:00+07:00,danny2,True
kabar-pelabuhan.example,Makassar,2021-04-19,26,0.129,0.16,208,https://kabar-pelabuhan.example/fixture/metrik/2021-04-19,,2026-09-09,2026-09-09T00:00:00+07:00,2026-09-09T00:00:00+07:00,danny2,True
kabar-pelabuhan.example,Makassar,2021-04-26,12,0.157,0.207,215,https://kabar-pelabuhan.example/fixture/metrik/2021-04-26,,2026-09-09,2026-09-09T00:00:00+07:00,2026-09-09T00:00:00+07:00,danny2,True
kabar-pelabuhan.example,Makassar,2021-05-03,18,0.147,0.118,222,https://kabar-pelabuhan.example/fixture/metrik/2021-05-03,,2026-09-09,2026-09-09T00:00:00+07:00,2026-09-09T00:00:00+07:00,danny2,True
kabar-pelabuhan.example,Makassar,2021-05-10,27,0.134,0.164,229,https://kabar-pelabuhan.example/fixture/metrik/2021-05-10,,2026-09-09,2026-09-09T00:00:00+07:00,2026-09-09T00:00:00+07:00,danny2,True
kabar-pelabuhan.example,Makassar,2021-05-17,22,0.17,0.211,236,https://kabar-pelabuhan.example/fixture/metrik/2021-05-17,,2026-09-09,2026-09-09T00:00:00+07:00,2026-09-09T00:00:00+07:00,danny2,True
kabar-pelabuhan.example,Makassar,2021-05-24,20,0.171,0.19,243,https://kabar-pelabuhan.example/fixture/metrik/2021-05-24,,2026-09-09,2026-09-09T00:00:00+07:00,2026-09-09T00:00:00+07:00,danny2,True
kabar-pelabuhan.example,Makassar,2021-05-31,22,0.178,0.056,250,https://kabar-pelabuhan.example/fixture/metrik/2021-05-31,,2026-09-09,2026-09-09T00:00:00+07:00,2026-09-09T00:00:00+07:00,danny2,True
kabar-pelabuhan.example,Makassar,2021-06-07,15,0.206,0.219,257,https://kabar-pelabuhan.example/fixture/metrik/2021-06-07,,2026-09-09,2026-09-09T00:00:00+07:00,2026-09-09T00:00:00+07:00,danny2,True
kabar-pelabuhan.example,Makassar,2021-06-14,16,0.2,0.13,264,https://kabar-pelabuhan.example/fixture/metrik/2021-06-14,,2026-09-09,2026-09-09T00:00:00+07:00,2026-09-09T00:00:00+07:00,danny2,True
kabar-pelabuhan.example,Makassar,2021-06-21,23,0.133,0.104,271,https://kabar-pelabuhan.example/fixture/metrik/2021-06-21,,2026-09-09,2026-09-09T00:00:00+07:00,2026-09-09T00:00:00+07:00,danny2,True
kabar-pelabuhan.example,Makassar,2021-06-28,27,0.146,0.106,278,https://kabar-pelabuhan.example/fixture/metrik/2021-06-28,,2026-09-09,2026-09-09T00:00:00+07:00,2026-09-09T00:00:00+07:00,danny2,True
kabar-pelabuhan.example,Makassar,2021-07-05,20,0.184,0.085,285,https://kabar-pelabuhan.example/fixture/metrik/2021-07-05,,2026-09-09,2026-09-09T00:00:00+07:00,2026-09-09T00:00:00+07:00,danny2,True
kabar-pelabuhan.example,Makassar,2021-07-12,29,0.139,0.127,292,https://kabar-pelabuhan.example/fixture/metrik/2021-07-12,,2026-09-09,2026-09-09T00:00:00+07:00,2026-09-09T00:00:00+07:00,danny2,True
kabar-pelabuhan.example,Makassar,2021-07-19,31,0.153,0.211,299,https://kabar-pelabuhan.example/fixture/metrik/2021-07-19,,2026-09-09,2026-09-09T00:00:00+07:00,2026-09-09T00:00:00+07:00,danny2,True
kabar-pelabuhan.example,Makassar,2021-07-26,20,0.188,0.231,306,https://kabar-pelabuhan.example/fixture/metrik/2021-07-26,,2026-09-09,2026-09-09T00:00:00+07:00,2026-09-09T00:00:00+07:00,danny2,True
kabar-pelabuhan.example,Makassar,2021-08-02,21,0.101,0.266,313,https://kabar-pelabuhan.example/fixture/metrik/2021-08-02,,2026-09-09,2026-09-09T00:00:00+07:00,2026-09-09T00:00:00+07:00,danny2,True
kabar-pelabuhan.example,Makassar,2021-08-09,23,0.147,0.213,320,https://kabar-pelabuhan.example/fixture/metrik/2021-08-09,,2026-09-09,2026-09-09T00:00:00+07:00,2026-09-09T00:00:00+07:00,danny2,True
kabar-pelabuhan.example,Makassar,2021-08-16,21,0.149,0.231,327,https://kabar-pelabuhan.example/fixture/metrik/2021-08-16,,2026-09-09,2026-09-09T00:00:00+07:00,2026-09-09T00:00:00+07:00,danny2,True
kabar-pelabuhan.example,Makassar,2021-08-23,19,0.182,0.177,334,https://kabar-pelabuhan.example/fixture/metrik/2021-08-23,,2026-09-09,2026-09-09T00:00:00+07:00,2026-09-09T00:00:00+07:00,danny2,True
kabar-pelabuhan.example,Makassar,2021-08-30,40,0.142,0.283,341,https://kabar-pelabuhan.example/fixture/metrik/2021-08-30,,2026-09-09,2026-09-09T00:00:00+07:00,2026-09-09T00:00:00+07:00,danny2,True
kabar-pelabuhan.example,Makassar,2021-09-06,21,0.188,0.103,348,https://kabar-pelabuhan.example/fixture/metrik/2021-09-06,,2026-09-09,2026-09-09T00:00:00+07:00,2026-09-09T00:00:00+07:00,danny2,True
kabar-pelabuhan.example,Makassar,2021-09-13,14,0.176,0.083,355,https://kabar-pelabuhan.example/fixture/metrik/2021-09-13,,2026-09-09,2026-09-09T00:00:00+07:00,2026-09-09T00:00:00+07:00,danny2,True
kabar-pelabuhan.example,Makassar,2021-09-20,23,0.235,0.147,362,https://kabar-pelabuhan.example/fixture/metrik/2021-09-20,,2026-09-09,2026-09-09T00:00:00+07:00,2026-09-09T00:00:00+07:00,danny2,True
kabar-pelabuhan.example,Makassar,2021-09-27,22,0.145,0.104,369,https://kabar-pelabuhan.example/fixture/metrik/2021-09-27,,2026-09-09,2026-09-09T00:00:00+07:00,2026-09-09T00:00:00+07:00,danny2,True
kabar-pelabuhan.example,Makassar,2021-10-04,14,0.158,0.199,376,https://kabar-pelabuhan.example/fixture/metrik/2021-10-04,,2026-09-09,2026-09-09T00:00:00+07:00,2026-09-09T00:00:00+07:00,danny2,True
kabar-pelabuhan.example,Makassar,2021-10-11,21,0.205,0.099,383,https://kabar-pelabuhan.example/fixture/metrik/2021-10-11,,2026-09-09,2026-09-09T00:00:00+07:00,2026-09-09T00:00:00+07:00,danny2,True
kabar-pelabuhan.example,Makassar,2021-10-18,5,0.147,0.2,390,https://kabar-pelabuhan.example/fixture/metrik/2021-10-18,,2026-09-09,2026-09-09T00:00:00+07:00,2026-09-09T00:00:00+07:00,danny2,True
kabar-pelabuhan.example,Makassar,2021-10-25,26,0.118,0.206,397,https://kabar-pelabuhan.example/fixture/metrik/2021-10-25,,2026-09-09,2026-09-09T00:00:00+07:00,2026-09-09T00:00:00+07:00,danny2,True
kabar-pelabuhan.example,Makassar,2021-11-01,22,0.179,0.149,404,https://kabar-pelabuhan.example/fixture/metrik/2021-11-01,,2026-09-09,2026-09-09T00:00:00+07:00,2026-09-09T00:00:00+07:00,danny2,True
kabar-pelabuhan.example,Makassar,2021-11-08,22,0.149,0.119,411,https://kabar-pelabuhan.example/fixture/metrik/2021-11-08,,2026-09-09,2026-09-09T00:00:00+07:00,2026-09-09T00:00:00+07:00,danny2,True
kabar-pelabuhan.example,Makassar,2021-11-15,9,0.183,0.343,418,https://kabar-pelabuhan.example/fixture/metrik/2021-11-15,,2026-09-09,2026-09-09T00:00:00+07:00,2026-09-09T00:00:00+07:00,danny2,True
kabar-pelabuhan.example,Makassar,2021-11-22,29,0.125,0.198,425,https://kabar-pelabuhan.example/fixture/metrik/2021-11-22,,2026-09-09,2026-09-09T00:00:00+07:00,2026-09-09T00:00:00+07:00,danny2,True
kabar-pelabuhan.example,Makassar,2021-11-29,17,0.143,0.167,432,https://kabar-pelabuhan.example/fixture/metrik/2021-11-29,,2026-09-09,2026-09-09T00:00:00+07:00,2026-09-09T00:00:00+07:00,danny2,True
kabar-pelabuhan.example,Makassar,2021-12-06,9,0.194,0.145,439,https://kabar-pelabuhan.example/fixture/metrik/2021-12-06,,2026-09-09,2026-09-09T00:00:00+07:00,2026-09-09T00:00:00+07:00,danny2,True
kabar-pelabuhan.example,Makassar,2021-12-13,22,0.186,0.155,446,https://kabar-pelabuhan.example/fixture/metrik/2021-12-13,,2026-09-09,2026-09-09T00:00:00+07:00,2026-09-09T00:00:00+07:00,danny2,True
kabar-pelabuhan.example,Makassar,2021-12-20,25,0.11,0.194,453,https://kabar-pelabuhan.example/fixture/metrik/2021-12-20,,2026-09-09,2026-09-09T00:00:00+07:00,2026-09-09T00:00:00+07:00,danny2,True
kabar-pelabuhan.example,Makassar,2021-12-27,12,0.167,0.155,460,https://kabar-pelabuhan.example/fixture/metrik/2021-12-27,,2026-09-09,2026-09-09T00:00:00+07:00,2026-09-09T00:00:00+07:00,danny2,True
kabar-pelabuhan.example,Makassar,2022-01-03,23,0.136,0.07,467,https://kabar-pelabuhan.example/fixture/metrik/2022-01-03,,2026-09-09,2026-09-09T00:00:00+07:00,2026-09-09T00:00:00+07:00,danny2,True
kabar-pelabuhan.example,Makassar,2022-01-10,28,0.179,0.104,474,https://kabar-pelabuhan.example/fixture/metrik/2022-01-10,,2026-09-09,2026-09-09T00:00:00+07:00,2026-09-09T00:00:00+07:00,danny2,True
kabar-pelabuhan.example,Makassar,2022-01-17,28,0.218,0.183,481,https://kabar-pelabuhan.example/fixture/metrik/2022-01-17,,2026-09-09,2026-09-09T00:00:00+07:00,2026-09-09T00:00:00+07:00,danny2,True
kabar-pelabuhan.example,Makassar,2022-01-24,17,0.172,0.198,488,https://kabar-pelabuhan.example/fixture/metrik/2022-01-24,,2026-09-09,2026-09-09T00:00:00+07:00,2026-09-09T00:00:00+07:00,danny2,True
kabar-pelabuhan.example,Makassar,2022-01-31,34,0.157,0.116,495,https://kabar-pelabuhan.example/fixture/metrik/2022-01-31,,2026-09-09,2026-09-09T00:00:00+07:00,2026-09-09T00:00:00+07:00,danny2,True
kabar-pelabuhan.example,Makassar,2022-02-07,19,0.197,0.171,502,https://kabar-pelabuhan.example/fixture/metrik/2022-02-07,,2026-09-09,2026-09-09T00:00:00+07:00,2026-09-09T00:00:00+07:00,danny2,True
kabar-pelabuhan.example,Makassar,2022-02-14,31,0.129,0.223,509,https://kabar-pelabuhan.example/fixture/metrik/2022-02-14,,2026-09-09,2026-09-09T00:00:00+07:00,2026-09-09T00:00:00+07:00,danny2,True
kabar-pelabuhan.example,Makassar,2022-02-21,22,0.102,0.124,516,https://kabar-pelabuhan.example/fixture/metrik/2022-02-21,,2026-09-09,2026-09-09T00:00:00+07:00,2026-09-09T00:00:00+07:00,danny2,True
kabar-pelabuhan.example,Makassar,2022-02-28,12,0.238,0.12,523,https://kabar-pelabuhan.example/fixture/metrik/2022-02-28,,2026-09-09,2026-09-09T00:00:00+07:00,2026-09-09T00:00:00+07:00,danny2,True
kabar-pelabuhan.example,Makassar,2022-03-07,29,0.156,0.175,530,https://kabar-pelabuhan.example/fixture/metrik/2022-03-07,,2026-09-09,2026-09-09T00:00:00+07:00,2026-09-09T00:00:00+07:00,danny2,True
kabar-pelabuhan.example,Makassar,2022-03-14,25,0.178,0.205,537,https://kabar-pelabuhan.example/fixture/metrik/2022-03-14,,2026-09-09,2026-09-09T00:00:00+07:00,2026-09-09T00:00:00+07:00,danny2,True
kabar-pelabuhan.example,Makassar,2022-03-21,15,0.165,0.152,544,https://kabar-pelabuhan.example/fixture/metrik/2022-03-21,,2026-09-09,2026-09-09T00:00:00+07:00,2026-09-09T00:00:00+07:00,danny2,True
kabar-pelabuhan.example,Makassar,2022-03-28,14,0.132,0.228,551,https://kabar-pelabuhan.example/fixture/metrik/2022-03-28,,2026-09-09,2026-09-09T00:00:00+07:00,2026-09-09T00:00:00+07:00,danny2,True
kabar-pelabuhan.example,Makassar,2022-04-04,11,0.204,0.24,558,https://kabar-pelabuhan.example/fixture/metrik/2022-04-04,,2026-09-09,2026-09-09T00:00:00+07:00,2026-09-09T00:00:00+07:00,danny2,True
kabar-pelabuhan.example,Makassar,2022-04-11,15,0.227,0.22,565,https://kabar-pelabuhan.example/fixture/metrik/2022-04-11,,2026-09-09,2026-09-09T00:00:00+07:00,2026-09-09T00:00:00+07:00,danny2,True
kabar-pelabuhan.example,Makassar,2022-04-18,26,0.171,0.183,572,https://kabar-pelabuhan.example/fixture/metrik/2022-04-18,,2026-09-09,2026-09-09T00:00:00+07:00,2026-09-09T00:00:00+07:00,danny2,True
kabar-pelabuhan.example,Makassar,2022-04-25,22,0.215,0.193,579,https://kabar-pelabuhan.example/fixture/metrik/2022-04-25,,2026-09-09,2026-09-09T00:00:00+07:00,2026-09-09T00:00:00+07:00,danny2,True
kabar-pelabuhan.example,Makassar,2022-05-02,11,0.123,0.132,586,https://kabar-pelabuhan.example/fixture/metrik/2022-05-02,,2026-09-09,2026-09-09T00:00:00+07:00,2026-09-09T00:00:00+07:00,danny2,True
kabar-pelabuhan.example,Makassar,2022-05-09,22,0.145,0.151,593,https://kabar-pelabuhan.example/fixture/metrik/2022-05-09,,2026-09-09,2026-09-09T00:00:00+07:00,2026-09-09T00:00:00+07:00,danny2,True
kabar-pelabuhan.example,Makassar,2022-05-16,11,0.169,0.16,600,https://kabar-pelabuhan.example/fixture/metrik/2022-05-16,,2026-09-09,2026-09-09T00:00:00+07:00,2026-09-09T00:00:00+07:00,danny2,True
kabar-pelabuhan.example,Makassar,2022-05-23,33,0.184,0.171,607,https://kabar-pelabuhan.example/fixture/metrik/2022-05-23,,2026-09-09,2026-09-09T00:00:00+07:00,2026-09-09T00:00:00+07:00,danny2,True
kabar-pelabuhan.example,Makassar,2022-05-30,15,0.152,0.03,614,https://kabar-pelabuhan.example/fixture/metrik/2022-05-30,,2026-09-09,2026-09-09T00:00:00+07:00,2026-09-09T00:00:00+07:00,danny2,True
kabar-pelabuhan.example,Makassar,2022-06-06,18,0.192,0.164,621,https://kabar-pelabuhan.example/fixture/metrik/2022-06-06,,2026-09-09,2026-09-09T00:00:00+07:00,2026-09-09T00:00:00+07:00,danny2,True
kabar-pelabuhan.example,Makassar,2022-06-13,17,0.129,0.257,628,https://kabar-pelabuhan.example/fixture/metrik/2022-06-13,,2026-09-09,2026-09-09T00:00:00+07:00,2026-09-09T00:00:00+07:00,danny2,True
kabar-pelabuhan.example,Makassar,2022-06-20,25,0.187,0.174,635,https://kabar-pelabuhan.example/fixture/metrik/2022-06-20,,2026-09-09,2026-09-09T00:00:00+07:00,2026-09-09T00:00:00+07:00,danny2,True
kabar-pelabuhan.example,Makassar,2022-06-27,21,0.119,0.204,642,https://kabar-pelabuhan.example/fixture/metrik/2022-06-27,,2026-09-09,2026-09-09T00:00:00+07:00,2026-09-09T00:00:00+07:00,danny2,True
kabar-pelabuhan.example,Makassar,2022-07-04,13,0.187,0.215,649,https://kabar-pelabuhan.example/fixture/metrik/2022-07-04,,2026-09-09,2026-09-09T00:00:00+07:00,2026-09-09T00:00:00+07:00,danny2,True
kabar-pelabuhan.example,Makassar,2022-07-11,25,0.203,0.181,656,https://kabar-pelabuhan.example/fixture/metrik/2022-07-11,,2026-09-09,2026-09-09T00:00:00+07:00,2026-09-09T00:00:00+07:00,danny2,True
kabar-pelabuhan.example,Makassar,2022-07-18,30,0.164,0.148,663,https://kabar-pelabuhan.example/fixture/metrik/2022-07-18,,2026-09-09,2026-09-09T00:00:00+07:00,2026-09-09T00:00:00+07:00,danny2,True
kabar-pelabuhan.example,Makassar,2022-07-25,21,0.14,0.171,670,https://kabar-pelabuhan.example/fixture/metrik/2022-07-25,,2026-09-09,2026-09-09T00:00:00+07:00,2026-09-09T00:00:00+07:00,danny2,True
kabar-pelabuhan.example,Makassar,2022-08-01,22,0.163,0.107,677,https://kabar-pelabuhan.example/fixture/metrik/2022-08-01,,2026-09-09,2026-09-09T00:00:00+07:00,2026-09-09T00:00:00+07:00,danny2,True
kabar-pelabuhan.example,Makassar,2022-08-08,23,0.154,0.125,684,https://kabar-pelabuhan.example/fixture/metrik/2022-08-08,,2026-09-09,2026-09-09T00:00:00+07:00,2026-09-09T00:00:00+07:00,danny2,True
kabar-pelabuhan.example,Makassar,2022-08-15,10,0.153,0.163,691,https://kabar-pelabuhan.example/fixture/metrik/2022-08-15,,2026-09-09,2026-09-09T00:00:00+07:00,2026-09-09T00:00:00+07:00,danny2,True
kabar-pelabuhan.example,Makassar,2022-08-22,20,0.159,0.228,698,https://kabar-pelabuhan.example/fixture/metrik/2022-08-22,,2026-09-09,2026-09-09T00:00:00+07:00,2026-09-09T00:00:00+07:00,danny2,True
kabar-pelabuhan.example,Makassar,2022-08-29,32,0.191,0.093,705,https://kabar-pelabuhan.example/fixture/metrik/2022-08-29,,2026-09-09,2026-09-09T00:00:00+07:00,2026-09-09T00:00:00+07:00,danny2,True
kabar-pelabuhan.example,Makassar,2022-09-05,18,0.167,0.151,712,https://kabar-pelabuhan.example/fixture/metrik/2022-09-05,,2026-09-09,2026-09-09T00:00:00+07:00,2026-09-09T00:00:00+07:00,danny2,True
kabar-pelabuhan.example,Makassar,2022-09-12,16,0.167,0.249,719,https://kabar-pelabuhan.example/fixture/metrik/2022-09-12,,2026-09-09,2026-09-09T00:00:00+07:00,2026-09-09T00:00:00+07:00,danny2,True
kabar-pelabuhan.example,Makassar,2022-09-19,24,0.165,0.12,726,https://kabar-pelabuhan.example/fixture/metrik/2022-09-19,,2026-09-09,2026-09-09T00:00:00+07:00,2026-09-09T00:00:00+07:00,danny2,True
kabar-pelabuhan.example,Makassar,2022-09-26,16,0.157,0.152,-727,https://kabar-pelabuhan.example/fixture/metrik/2022-09-26,,2026-09-09,2026-09-09T00:00:00+07:00,2026-09-09T00:00:00+07:00,danny2,True
kabar-pelabuhan.example,Makassar,2022-10-03,27,0.142,0.246,-720,https://kabar-pelabuhan.example/fixture/metrik/2022-10-03,,2026-09-09,2026-09-09T00:00:00+07:00,2026-09-09T00:00:00+07:00,danny2,True
kabar-pelabuhan.example,Makassar,2022-10-10,18,0.116,0.239,-713,https://kabar-pelabuhan.example/fixture/metrik/2022-10-10,,2026-09-09,2026-09-09T00:00:00+07:00,2026-09-09T00:00:00+07:00,danny2,True
kabar-pelabuhan.example,Makassar,2022-10-17,6,0.177,0.152,-706,https://kabar-pelabuhan.example/fixture/metrik/2022-10-17,,2026-09-09,2026-09-09T00:00:00+07:00,2026-09-09T00:00:00+07:00,danny2,True
kabar-pelabuhan.example,Makassar,2022-10-24,25,0.192,0.233,-699,https://kabar-pelabuhan.example/fixture/metrik/2022-10-24,,2026-09-09,2026-09-09T00:00:00+07:00,2026-09-09T00:00:00+07:00,danny2,True
kabar-pelabuhan.example,Makassar,2022-10-31,22,0.205,0.191,-692,https://kabar-pelabuhan.example/fixture/metrik/2022-10-31,,2026-09-09,2026-09-09T00:00:00+07:00,2026-09-09T00:00:00+07:00,danny2,True
kabar-pelabuhan.example,Makassar,2022-11-07,36,0.179,0.234,-685,https://kabar-pelabuhan.example/fixture/metrik/2022-11-07,,2026-09-09,2026-09-09T00:00:00+07:00,2026-09-09T00:00:00+07:00,danny2,True
kabar-pelabuhan.example,Makassar,2022-11-14,28,0.153,0.136,-678,https://kabar-pelabuhan.example/fixture/metrik/2022-11-14,,2026-09-09,2026-09-09T00:00:00+07:00,2026-09-09T00:00:00+07:00,danny2,True
kabar-pelabuhan.example,Makassar,2022-11-21,21,0.147,0.176,-671,https://kabar-pelabuhan.example/fixture/metrik/2022-11-21,,2026-09-09,2026-09-09T00:00:00+07:00,2026-09-09T00:00:00+07:00,danny2,True
kabar-pelabuhan.example,Makassar,2022-11-28,16,0.169,0.274,-664,https://kabar-pelabuhan.example/fixture/metrik/2022-11-28,,2026-09-09,2026-09-09T00:00:00+07:00,2026-09-09T00:00:00+07:00,danny2,True
kabar-pelabuhan.example,Makassar,2022-12-05,20,0.215,0.238,-657,https://kabar-pelabuhan.example/fixture/metrik/2022-12-05,,2026-09-09,2026-09-09T00:00:00+07:00,2026-09-09T00:00:00+07:00,danny2,True
kabar-pelabuhan.example,Makassar,2022-12-12,31,0.188,0.218,-650,https://kabar-pelabuhan.example/fixture/metrik/2022-12-12,,2026-09-09,2026-09-09T00:00:00+07:00,2026-09-09T00:00:00+07:00,danny2,True
kabar-pelabuhan.example,Makassar,2022-12-19,32,0.162,0.074,-643,https://kabar-pelabuhan.example/fixture/metrik/2022-12-19,,2026-09-09,2026-09-09T00:00:00+07:00,2026-09-09T00:00:00+07:00,danny2,True
kabar-pelabuhan.example,Makassar,2022-12-26,16,0.116,0.252,-636,https://kabar-pelabuhan.example/fixture/metrik/2022-12-26,,2026-09-09,2026-09-09T00:00:00+07:00,2026-09-09T00:00:00+07:00,danny2,True
kabar-pelabuhan.example,Makassar,2023-01-02,26,0.15,0.173,-629,https://kabar-pelabuhan.example/fixture/metrik/2023-01-02,,2026-09-09,2026-09-09T00:00:00+07:00,2026-09-09T00:00:00+07:00,danny2,True
kabar-pelabuhan.example,Makassar,2023-01-09,37,0.26,0.095,-622,https://kabar-pelabuhan.example/fixture/metrik/2023-01-09,,2026-09-09,2026-09-09T00:00:00+07:00,2026-09-09T00:00:00+07:00,danny2,True
kabar-pelabuhan.example,Makassar,2023-01-16,21,0.178,0.154,-615,https://kabar-pelabuhan.example/fixture/metrik/2023-01-16,,2026-09-09,2026-09-09T00:00:00+07:00,2026-09-09T00:00:00+07:00,danny2,True
kabar-pelabuhan.example,Makassar,2023-01-23,22,0.16,0.242,-608,https://kabar-pelabuhan.example/fixture/metrik/2023-01-23,,2026-09-09,2026-09-09T00:00:00+07:00,2026-09-09T00:00:00+07:00,danny2,True
kabar-pelabuhan.example,Makassar,2023-01-30,19,0.126,0.162,-601,https://kabar-pelabuhan.example/fixture/metrik/2023-01-30,,2026-09-09,2026-09-09T00:00:00+07:00,2026-09-09T00:00:00+07:00,danny2,True
kabar-pelabuhan.example,Makassar,2023-02-06,28,0.183,0.162,-594,https://kabar-pelabuhan.example/fixture/metrik/2023-02-06,,2026-09-09,2026-09-09T00:00:00+07:00,2026-09-09T00:00:00+07:00,danny2,True
kabar-pelabuhan.example,Makassar,2023-02-13,15,0.159,0.164,-587,https://kabar-pelabuhan.example/fixture/metrik/2023-02-13,,2026-09-09,2026-09-09T00:00:00+07:00,2026-09-09T00:00:00+07:00,danny2,True
kabar-pelabuhan.example,Makassar,2023-02-20,17,0.147,0.168,-580,https://kabar-pelabuhan.example/fixture/metrik/2023-02-20,,2026-09-09,2026-09-09T00:00:00+07:00,2026-09-09T00:00:00+07:00,danny2,True
kabar-pelabuhan.example,Makassar,2023-02-27,33,0.192,0.17,-573,https://kabar-pelabuhan.example/fixture/metrik/2023-02-27,,2026-09-09,2026-09-09T00:00:00+07:00,2026-09-09T00:00:00+07:00,danny2,True
kabar-pelabuhan.example,Makassar,2023-03-06,13,0.153,0.111,-566,https://kabar-pelabuhan.example/fixture/metrik/2023-03-06,,2026-09-09,2026-09-09T00:00:00+07:00,2026-09-09T00:00:00+07:00,danny2,True
kabar-pelabuhan.example,Makassar,2023-03-13,28,0.146,0.15,-559,https://kabar-pelabuhan.example/fixture/metrik/2023-03-13,,2026-09-09,2026-09-09T00:00:00+07:00,2026-09-09T00:00:00+07:00,danny2,True
kabar-pelabuhan.example,Makassar,2023-03-20,14,0.132,0.201,-552,https://kabar-pelabuhan.example/fixture/metrik/2023-03-20,,2026-09-09,2026-09-09T00:00:00+07:00,2026-09-09T00:00:00+07:00,danny2,True
kabar-pelabuhan.example,Makassar,2023-03-27,31,0.166,0.137,-545,https://kabar-pelabuhan.example/fixture/metrik/2023-03-27,,2026-09-09,2026-09-09T00:00:00+07:00,2026-09-09T00:00:00+07:00,danny2,True
kabar-pelabuhan.example,Makassar,2023-04-03,21,0.149,0.198,-538,https://kabar-pelabuhan.example/fixture/metrik/2023-04-03,,2026-09-09,2026-09-09T00:00:00+07:00,2026-09-09T00:00:00+07:00,danny2,True
kabar-pelabuhan.example,Makassar,2023-04-10,18,0.176,0.164,-531,https://kabar-pelabuhan.example/fixture/metrik/2023-04-10,,2026-09-09,2026-09-09T00:00:00+07:00,2026-09-09T00:00:00+07:00,danny2,True
kabar-pelabuhan.example,Makassar,2023-04-17,34,0.188,0.201,-524,https://kabar-pelabuhan.example/fixture/metrik/2023-04-17,,2026-09-09,2026-09-09T00:00:00+07:00,2026-09-09T00:00:00+07:00,danny2,True
kabar-pelabuhan.example,Makassar,2023-04-24,16,0.148,0.157,-517,https://kabar-pelabuhan.example/fixture/metrik/2023-04-24,,2026-09-09,2026-09-09T00:00:00+07:00,2026-09-09T00:00:00+07:00,danny2,True
kabar-pelabuhan.example,Makassar,2023-05-01,27,0.186,0.195,-510,https://kabar-pelabuhan.example/fixture/metrik/2023-05-01,,2026-09-09,2026-09-09T00:00:00+07:00,2026-09-09T00:00:00+07:00,danny2,True
kabar-pelabuhan.example,Makassar,2023-05-08,18,0.149,0.125,-503,https://kabar-pelabuhan.example/fixture/metrik/2023-05-08,,2026-09-09,2026-09-09T00:00:00+07:00,2026-09-09T00:00:00+07:00,danny2,True
kabar-pelabuhan.example,Makassar,2023-05-15,18,0.15,0.17,-496,https://kabar-pelabuhan.example/fixture/metrik/2023-05-15,,2026-09-09,2026-09-09T00:00:00+07:00,2026-09-09T00:00:00+07:00,danny2,True
kabar-pelabuhan.example,Makassar,2023-05-22,18,0.096,0.173,-489,https://kabar-pelabuhan.example/fixture/metrik/2023-05-22,,2026-09-09,2026-09-09T00:00:00+07:00,2026-09-09T00:00:00+07:00,danny2,True
kabar-pelabuhan.example,Makassar,2023-05-29,26,0.124,0.221,-482,https://kabar-pelabuhan.example/fixture/metrik/2023-05-29,,2026-09-09,2026-09-09T00:00:00+07:00,2026-09-09T00:00:00+07:00,danny2,True
kabar-pelabuhan.example,Makassar,2023-06-05,29,0.199,0.229,-475,https://kabar-pelabuhan.example/fixture/metrik/2023-06-05,,2026-09-09,2026-09-09T00:00:00+07:00,2026-09-09T00:00:00+07:00,danny2,True
kabar-pelabuhan.example,Makassar,2023-06-12,8,0.202,0.091,-468,https://kabar-pelabuhan.example/fixture/metrik/2023-06-12,,2026-09-09,2026-09-09T00:00:00+07:00,2026-09-09T00:00:00+07:00,danny2,True
kabar-pelabuhan.example,Makassar,2023-06-19,25,0.153,0.198,-461,https://kabar-pelabuhan.example/fixture/metrik/2023-06-19,,2026-09-09,2026-09-09T00:00:00+07:00,2026-09-09T00:00:00+07:00,danny2,True
kabar-pelabuhan.example,Makassar,2023-06-26,10,0.171,0.194,-454,https://kabar-pelabuhan.example/fixture/metrik/2023-06-26,,2026-09-09,2026-09-09T00:00:00+07:00,2026-09-09T00:00:00+07:00,danny2,True
kabar-pelabuhan.example,Makassar,2023-07-03,18,0.137,0.161,-447,https://kabar-pelabuhan.example/fixture/metrik/2023-07-03,,2026-09-09,2026-09-09T00:00:00+07:00,2026-09-09T00:00:00+07:00,danny2,True
kabar-pelabuhan.example,Makassar,2023-07-10,9,0.119,0.239,-440,https://kabar-pelabuhan.example/fixture/metrik/2023-07-10,,2026-09-09,2026-09-09T00:00:00+07:00,2026-09-09T00:00:00+07:00,danny2,True
kabar-pelabuhan.example,Makassar,2023-07-17,14,0.162,0.2,-433,https://kabar-pelabuhan.example/fixture/metrik/2023-07-17,,2026-09-09,2026-09-09T00:00:00+07:00,2026-09-09T00:00:00+07:00,danny2,True
kabar-pelabuhan.example,Makassar,2023-07-24,15,0.117,0.203,-426,https://kabar-pelabuhan.example/fixture/metrik/2023-07-24,,2026-09-09,2026-09-09T00:00:00+07:00,2026-09-09T00:00:00+07:00,danny2,True
kabar-pelabuhan.example,Makassar,2023-07-31,19,0.161,0.23,-419,https://kabar-pelabuhan.example/fixture/metrik/2023-07-31,,2026-09-09,2026-09-09T00:00:00+07:00,2026-09-09T00:00:00+07:00,danny2,True
kabar-pelabuhan.example,Makassar,2023-08-07,26,0.191,0.17,-412,https://kabar-pelabuhan.example/fixture/metrik/2023-08-07,,2026-09-09,2026-09-09T00:00:00+07:00,2026-09-09T00:00:00+07:00,danny2,True
kabar-pelabuhan.example,Makassar,2023-08-14,20,0.185,0.171,-405,https://kabar-pelabuhan.example/fixture/metrik/2023-08-14,,2026-09-09,2026-09-09T00:00:00+07:00,2026-09-09T00:00:00+07:00,danny2,True
kabar-pelabuhan.example,Makassar,2023-08-21,15,0.173,0.159,-398,https://kabar-pelabuhan.example/fixture/metrik/2023-08-21,,2026-09-09,2026-09-09T00:00:00+07:00,2026-09-09T00:00:00+07:00,danny2,True
kabar-pelabuhan.example,Makassar,2023-08-28,18,0.152,0.193,-391,https://kabar-pelabuhan.example/fixture/metrik/2023-08-28,,2026-09-09,2026-09-09T00:00:00+07:00,2026-09-09T00:00:00+07:00,danny2,True
kabar-pelabuhan.example,Makassar,2023-09-04,31,0.17,0.192,-384,https://kabar-pelabuhan.example/fixture/metrik/2023-09-04,,2026-09-09,2026-09-09T00:00:00+07:00,2026-09-09T00:00:00+07:00,danny2,True
kabar-pelabuhan.example,Makassar,2023-09-11,21,0.141,0.215,-377,https://kabar-pelabuhan.example/fixture/metrik/2023-09-11,,2026-09-09,2026-09-09T00:00:00+07:00,2026-09-09T00:00:00+07:00,danny2,True
kabar-pelabuhan.example,Makassar,2023-09-18,18,0.138,0.176,-370,https://kabar-pelabuhan.example/fixture/metrik/2023-09-18,,2026-09-09,2026-09-09T00:00:00+07:00,2026-09-09T00:00:00+07:00,danny2,True
kabar-pelabuhan.example,Makassar,2023-09-25,24,0.174,0.213,-363,https://kabar-pelabuhan.example/fixture/metrik/2023-09-25,,2026-09-09,2026-09-09T00:00:00+07:00,2026-09-09T00:00:00+07:00,danny2,True
kabar-pelabuhan.example,Makassar,2023-10-02,30,0.177,0.09,-356,https://kabar-pelabuhan.example/fixture/metrik/2023-10-02,,2026-09-09,2026-09-09T00:00:00+07:00,2026-09-09T00:00:00+07:00,danny2,True
kabar-pelabuhan.example,Makassar,2023-10-09,22,0.194,0.23,-349,https://kabar-pelabuhan.example/fixture/metrik/2023-10-09,,2026-09-09,2026-09-09T00:00:00+07:00,2026-09-09T00:00:00+07:00,danny2,True
kabar-pelabuhan.example,Makassar,2023-10-16,13,0.155,0.171,-342,https://kabar-pelabuhan.example/fixture/metrik/2023-10-16,,2026-09-09,2026-09-09T00:00:00+07:00,2026-09-09T00:00:00+07:00,danny2,True
kabar-pelabuhan.example,Makassar,2023-10-23,20,0.194,0.163,-335,https://kabar-pelabuhan.example/fixture/metrik/2023-10-23,,2026-09-09,2026-09-09T00:00:00+07:00,2026-09-09T00:00:00+07:00,danny2,True
kabar-pelabuhan.example,Makassar,2023-10-30,17,0.142,0.133,-328,https://kabar-pelabuhan.example/fixture/metrik/2023-10-30,,2026-09-09,2026-09-09T00:00:00+07:00,2026-09-09T00:00:00+07:00,danny2,True
kabar-pelabuhan.example,Makassar,2023-11-06,16,0.175,0.205,-321,https://kabar-pelabuhan.example/fixture/metrik/2023-11-06,,2026-09-09,2026-09-09T00:00:00+07:00,2026-09-09T00:00:00+07:00,danny2,True
kabar-pelabuhan.example,Makassar,2023-11-13,15,0.166,0.172,-314,https://kabar-pelabuhan.example/fixture/metrik/2023-11-13,,2026-09-09,2026-09-09T00:00:00+07:00,2026-09-09T00:00:00+07:00,danny2,True
kabar-pelabuhan.example,Makassar,2023-11-20,22,0.17,0.187,-307,https://kabar-pelabuhan.example/fixture/metrik/2023-11-20,,2026-09-09,2026-09-09T00:00:00+07:00,2026-09-09T00:00:00+07:00,danny2,True
kabar-pelabuhan.example,Makassar,2023-11-27,19,0.144,0.031,-300,https://kabar-pelabuhan.example/fixture/metrik/2023-11-27,,2026-09-09,2026-09-09T00:00:00+07:00,2026-09-09T00:00:00+07:00,danny2,True
kabar-pelabuhan.example,Makassar,2023-12-04,12,0.164,0.343,-293,https://kabar-pelabuhan.example/fixture/metrik/2023-12-04,,2026-09-09,2026-09-09T00:00:00+07:00,2026-09-09T00:00:00+07:00,danny2,True
kabar-pelabuhan.example,Makassar,2023-12-11,30,0.124,0.192,-286,https://kabar-pelabuhan.example/fixture/metrik/2023-12-11,,2026-09-09,2026-09-09T00:00:00+07:00,2026-09-09T00:00:00+07:00,danny2,True
kabar-pelabuhan.example,Makassar,2023-12-18,15,0.148,0.111,-279,https://kabar-pelabuhan.example/fixture/metrik/2023-12-18,,2026-09-09,2026-09-09T00:00:00+07:00,2026-09-09T00:00:00+07:00,danny2,True
kabar-pelabuhan.example,Makassar,2023-12-25,21,0.082,0.16,-272,https://kabar-pelabuhan.example/fixture/metrik/2023-12-25,,2026-09-09,2026-09-09T00:00:00+07:00,2026-09-09T00:00:00+07:00,danny2,True
kabar-pelabuhan.example,Makassar,2024-01-01,10,0.118,0.099,-265,https://kabar-pelabuhan.example/fixture/metrik/2024-01-01,,2026-09-09,2026-09-09T00:00:00+07:00,2026-09-09T00:00:00+07:00,danny2,True
kabar-pelabuhan.example,Makassar,2024-01-08,20,0.185,0.161,-258,https://kabar-pelabuhan.example/fixture/metrik/2024-01-08,,2026-09-09,2026-09-09T00:00:00+07:00,2026-09-09T00:00:00+07:00,danny2,True
kabar-pelabuhan.example,Makassar,2024-01-15,22,0.155,0.22,-251,https://kabar-pelabuhan.example/fixture/metrik/2024-01-15,,2026-09-09,2026-09-09T00:00:00+07:00,2026-09-09T00:00:00+07:00,danny2,True
kabar-pelabuhan.example,Makassar,2024-01-22,39,0.153,0.147,-244,https://kabar-pelabuhan.example/fixture/metrik/2024-01-22,,2026-09-09,2026-09-09T00:00:00+07:00,2026-09-09T00:00:00+07:00,danny2,True
kabar-pelabuhan.example,Makassar,2024-01-29,31,0.185,0.168,-237,https://kabar-pelabuhan.example/fixture/metrik/2024-01-29,,2026-09-09,2026-09-09T00:00:00+07:00,2026-09-09T00:00:00+07:00,danny2,True
kabar-pelabuhan.example,Makassar,2024-02-05,10,0.164,0.159,-230,https://kabar-pelabuhan.example/fixture/metrik/2024-02-05,,2026-09-09,2026-09-09T00:00:00+07:00,2026-09-09T00:00:00+07:00,danny2,True
kabar-pelabuhan.example,Makassar,2024-02-12,15,0.191,0.175,-223,https://kabar-pelabuhan.example/fixture/metrik/2024-02-12,,2026-09-09,2026-09-09T00:00:00+07:00,2026-09-09T00:00:00+07:00,danny2,True
kabar-pelabuhan.example,Makassar,2024-02-19,22,0.179,0.179,-216,https://kabar-pelabuhan.example/fixture/metrik/2024-02-19,,2026-09-09,2026-09-09T00:00:00+07:00,2026-09-09T00:00:00+07:00,danny2,True
kabar-pelabuhan.example,Makassar,2024-02-26,28,0.168,0.265,-209,https://kabar-pelabuhan.example/fixture/metrik/2024-02-26,,2026-09-09,2026-09-09T00:00:00+07:00,2026-09-09T00:00:00+07:00,danny2,True
kabar-pelabuhan.example,Makassar,2024-03-04,14,0.091,0.2,-202,https://kabar-pelabuhan.example/fixture/metrik/2024-03-04,,2026-09-09,2026-09-09T00:00:00+07:00,2026-09-09T00:00:00+07:00,danny2,True
kabar-pelabuhan.example,Makassar,2024-03-11,25,0.192,0.183,-195,https://kabar-pelabuhan.example/fixture/metrik/2024-03-11,,2026-09-09,2026-09-09T00:00:00+07:00,2026-09-09T00:00:00+07:00,danny2,True
kabar-pelabuhan.example,Makassar,2024-03-18,25,0.137,0.129,-188,https://kabar-pelabuhan.example/fixture/metrik/2024-03-18,,2026-09-09,2026-09-09T00:00:00+07:00,2026-09-09T00:00:00+07:00,danny2,True
kabar-pelabuhan.example,Makassar,2024-03-25,24,0.202,0.223,-181,https://kabar-pelabuhan.example/fixture/metrik/2024-03-25,,2026-09-09,2026-09-09T00:00:00+07:00,2026-09-09T00:00:00+07:00,danny2,True
kabar-pelabuhan.example,Makassar,2024-04-01,28,0.21,0.131,-174,https://kabar-pelabuhan.example/fixture/metrik/2024-04-01,,2026-09-09,2026-09-09T00:00:00+07:00,2026-09-09T00:00:00+07:00,danny2,True
kabar-pelabuhan.example,Makassar,2024-04-08,12,0.125,0.22,-167,https://kabar-pelabuhan.example/fixture/metrik/2024-04-08,,2026-09-09,2026-09-09T00:00:00+07:00,2026-09-09T00:00:00+07:00,danny2,True
kabar-pelabuhan.example,Makassar,2024-04-15,27,0.203,0.117,-160,https://kabar-pelabuhan.example/fixture/metrik/2024-04-15,,2026-09-09,2026-09-09T00:00:00+07:00,2026-09-09T00:00:00+07:00,danny2,True
kabar-pelabuhan.example,Makassar,2024-04-22,24,0.185,0.096,-153,https://kabar-pelabuhan.example/fixture/metrik/2024-04-22,,2026-09-09,2026-09-09T00:00:00+07:00,2026-09-09T00:00:00+07:00,danny2,True
kabar-pelabuhan.example,Makassar,2024-04-29,24,0.173,0.165,-146,https://kabar-pelabuhan.example/fixture/metrik/2024-04-29,,2026-09-09,2026-09-09T00:00:00+07:00,2026-09-09T00:00:00+07:00,danny2,True
kabar-pelabuhan.example,Makassar,2024-05-06,28,0.194,0.221,-139,https://kabar-pelabuhan.example/fixture/metrik/2024-05-06,,2026-09-09,2026-09-09T00:00:00+07:00,2026-09-09T00:00:00+07:00,danny2,True
kabar-pelabuhan.example,Makassar,2024-05-13,13,0.162,0.123,-132,https://kabar-pelabuhan.example/fixture/metrik/2024-05-13,,2026-09-09,2026-09-09T00:00:00+07:00,2026-09-09T00:00:00+07:00,danny2,True
kabar-pelabuhan.example,Makassar,2024-05-20,20,0.18,0.207,-125,https://kabar-pelabuhan.example/fixture/metrik/2024-05-20,,2026-09-09,2026-09-09T00:00:00+07:00,2026-09-09T00:00:00+07:00,danny2,True
kabar-pelabuhan.example,Makassar,2024-05-27,10,0.237,0.111,-118,https://kabar-pelabuhan.example/fixture/metrik/2024-05-27,,2026-09-09,2026-09-09T00:00:00+07:00,2026-09-09T00:00:00+07:00,danny2,True
kabar-pelabuhan.example,Makassar,2024-06-03,20,0.295,0.185,-111,https://kabar-pelabuhan.example/fixture/metrik/2024-06-03,,2026-09-09,2026-09-09T00:00:00+07:00,2026-09-09T00:00:00+07:00,danny2,True
kabar-pelabuhan.example,Makassar,2024-06-10,17,0.227,0.178,-104,https://kabar-pelabuhan.example/fixture/metrik/2024-06-10,,2026-09-09,2026-09-09T00:00:00+07:00,2026-09-09T00:00:00+07:00,danny2,True
kabar-pelabuhan.example,Makassar,2024-06-17,24,0.208,0.109,-97,https://kabar-pelabuhan.example/fixture/metrik/2024-06-17,,2026-09-09,2026-09-09T00:00:00+07:00,2026-09-09T00:00:00+07:00,danny2,True
kabar-pelabuhan.example,Makassar,2024-06-24,25,0.259,0.207,-90,https://kabar-pelabuhan.example/fixture/metrik/2024-06-24,,2026-09-09,2026-09-09T00:00:00+07:00,2026-09-09T00:00:00+07:00,danny2,True
kabar-pelabuhan.example,Makassar,2024-07-01,22,0.254,0.159,-83,https://kabar-pelabuhan.example/fixture/metrik/2024-07-01,,2026-09-09,2026-09-09T00:00:00+07:00,2026-09-09T00:00:00+07:00,danny2,True
kabar-pelabuhan.example,Makassar,2024-07-08,17,0.247,0.206,-76,https://kabar-pelabuhan.example/fixture/metrik/2024-07-08,,2026-09-09,2026-09-09T00:00:00+07:00,2026-09-09T00:00:00+07:00,danny2,True
kabar-pelabuhan.example,Makassar,2024-07-15,29,0.257,0.083,-69,https://kabar-pelabuhan.example/fixture/metrik/2024-07-15,,2026-09-09,2026-09-09T00:00:00+07:00,2026-09-09T00:00:00+07:00,danny2,True
kabar-pelabuhan.example,Makassar,2024-07-22,27,0.281,0.265,-62,https://kabar-pelabuhan.example/fixture/metrik/2024-07-22,,2026-09-09,2026-09-09T00:00:00+07:00,2026-09-09T00:00:00+07:00,danny2,True
kabar-pelabuhan.example,Makassar,2024-07-29,22,0.248,0.14,-55,https://kabar-pelabuhan.example/fixture/metrik/2024-07-29,,2026-09-09,2026-09-09T00:00:00+07:00,2026-09-09T00:00:00+07:00,danny2,True
kabar-pelabuhan.example,Makassar,2024-08-05,23,0.262,0.209,-48,https://kabar-pelabuhan.example/fixture/metrik/2024-08-05,,2026-09-09,2026-09-09T00:00:00+07:00,2026-09-09T00:00:00+07:00,danny2,True
kabar-pelabuhan.example,Makassar,2024-08-12,16,0.301,0.113,-41,https://kabar-pelabuhan.example/fixture/metrik/2024-08-12,,2026-09-09,2026-09-09T00:00:00+07:00,2026-09-09T00:00:00+07:00,danny2,True
kabar-pelabuhan.example,Makassar,2024-08-19,12,0.315,0.162,-34,https://kabar-pelabuhan.example/fixture/metrik/2024-08-19,,2026-09-09,2026-09-09T00:00:00+07:00,2026-09-09T00:00:00+07:00,danny2,True
kabar-pelabuhan.example,Makassar,2024-08-26,15,0.266,0.129,-27,https://kabar-pelabuhan.example/fixture/metrik/2024-08-26,,2026-09-09,2026-09-09T00:00:00+07:00,2026-09-09T00:00:00+07:00,danny2,True
kabar-pelabuhan.example,Makassar,2024-09-02,16,0.339,0.144,-20,https://kabar-pelabuhan.example/fixture/metrik/2024-09-02,,2026-09-09,2026-09-09T00:00:00+07:00,2026-09-09T00:00:00+07:00,danny2,True
kabar-pelabuhan.example,Makassar,2024-09-09,15,0.273,0.204,-13,https://kabar-pelabuhan.example/fixture/metrik/2024-09-09,,2026-09-09,2026-09-09T00:00:00+07:00,2026-09-09T00:00:00+07:00,danny2,True
kabar-pelabuhan.example,Makassar,2024-09-16,27,0.259,0.172,-6,https://kabar-pelabuhan.example/fixture/metrik/2024-09-16,,2026-09-09,2026-09-09T00:00:00+07:00,2026-09-09T00:00:00+07:00,danny2,True
kabar-pelabuhan.example,Makassar,2024-09-23,11,0.263,0.168,1,https://kabar-pelabuhan.example/fixture/metrik/2024-09-23,,2026-09-09,2026-09-09T00:00:00+07:00,2026-09-09T00:00:00+07:00,danny2,True
kabar-pelabuhan.example,Makassar,2024-09-30,32,0.33,0.211,8,https://kabar-pelabuhan.example/fixture/metrik/2024-09-30,,2026-09-09,2026-09-09T00:00:00+07:00,2026-09-09T00:00:00+07:00,danny2,True
kabar-pelabuhan.example,Makassar,2024-10-07,28,0.155,0.111,15,https://kabar-pelabuhan.example/fixture/metrik/2024-10-07,,2026-09-09,2026-09-09T00:00:00+07:00,2026-09-09T00:00:00+07:00,danny2,True
kabar-pelabuhan.example,Makassar,2024-10-14,11,0.18,0.198,22,https://kabar-pelabuhan.example/fixture/metrik/2024-10-14,,2026-09-09,2026-09-09T00:00:00+07:00,2026-09-09T00:00:00+07:00,danny2,True
kabar-pelabuhan.example,Makassar,2024-10-21,14,0.231,0.184,29,https://kabar-pelabuhan.example/fixture/metrik/2024-10-21,,2026-09-09,2026-09-09T00:00:00+07:00,2026-09-09T00:00:00+07:00,danny2,True
kabar-pelabuhan.example,Makassar,2024-10-28,25,0.162,0.153,36,https://kabar-pelabuhan.example/fixture/metrik/2024-10-28,,2026-09-09,2026-09-09T00:00:00+07:00,2026-09-09T00:00:00+07:00,danny2,True
kabar-pelabuhan.example,Makassar,2024-11-04,31,0.142,0.14,43,https://kabar-pelabuhan.example/fixture/metrik/2024-11-04,,2026-09-09,2026-09-09T00:00:00+07:00,2026-09-09T00:00:00+07:00,danny2,True
kabar-pelabuhan.example,Makassar,2024-11-11,32,0.137,0.083,50,https://kabar-pelabuhan.example/fixture/metrik/2024-11-11,,2026-09-09,2026-09-09T00:00:00+07:00,2026-09-09T00:00:00+07:00,danny2,True
kabar-pelabuhan.example,Makassar,2024-11-18,24,0.215,0.308,57,https://kabar-pelabuhan.example/fixture/metrik/2024-11-18,,2026-09-09,2026-09-09T00:00:00+07:00,2026-09-09T00:00:00+07:00,danny2,True
kabar-pelabuhan.example,Makassar,2024-11-25,23,0.095,0.212,64,https://kabar-pelabuhan.example/fixture/metrik/2024-11-25,,2026-09-09,2026-09-09T00:00:00+07:00,2026-09-09T00:00:00+07:00,danny2,True
kabar-pelabuhan.example,Makassar,2024-12-02,12,0.174,0.144,71,https://kabar-pelabuhan.example/fixture/metrik/2024-12-02,,2026-09-09,2026-09-09T00:00:00+07:00,2026-09-09T00:00:00+07:00,danny2,True
kabar-pelabuhan.example,Makassar,2024-12-09,23,0.213,0.166,78,https://kabar-pelabuhan.example/fixture/metrik/2024-12-09,,2026-09-09,2026-09-09T00:00:00+07:00,2026-09-09T00:00:00+07:00,danny2,True
kabar-pelabuhan.example,Makassar,2024-12-16,19,0.18,0.242,85,https://kabar-pelabuhan.example/fixture/metrik/2024-12-16,,2026-09-09,2026-09-09T00:00:00+07:00,2026-09-09T00:00:00+07:00,danny2,True
kabar-pelabuhan.example,Makassar,2024-12-23,17,0.166,0.17,92,https://kabar-pelabuhan.example/fixture/metrik/2024-12-23,,2026-09-09,2026-09-09T00:00:00+07:00,2026-09-09T00:00:00+07:00,danny2,True
kabar-pelabuhan.example,Makassar,2024-12-30,19,0.172,0.151,99,https://kabar-pelabuhan.example/fixture/metrik/2024-12-30,,2026-09-09,2026-09-09T00:00:00+07:00,2026-09-09T00:00:00+07:00,danny2,True
kabar-pelabuhan.example,Makassar,2025-01-06,13,0.245,0.107,106,https://kabar-pelabuhan.example/fixture/metrik/2025-01-06,,2026-09-09,2026-09-09T00:00:00+07:00,2026-09-09T00:00:00+07:00,danny2,True
kabar-pelabuhan.example,Makassar,2025-01-13,14,0.107,0.169,113,https://kabar-pelabuhan.example/fixture/metrik/2025-01-13,,2026-09-09,2026-09-09T00:00:00+07:00,2026-09-09T00:00:00+07:00,danny2,True
kabar-pelabuhan.example,Makassar,2025-01-20,17,0.125,0.187,120,https://kabar-pelabuhan.example/fixture/metrik/2025-01-20,,2026-09-09,2026-09-09T00:00:00+07:00,2026-09-09T00:00:00+07:00,danny2,True
kabar-pelabuhan.example,Makassar,2025-01-27,24,0.104,0.243,127,https://kabar-pelabuhan.example/fixture/metrik/2025-01-27,,2026-09-09,2026-09-09T00:00:00+07:00,2026-09-09T00:00:00+07:00,danny2,True
kabar-pelabuhan.example,Makassar,2025-02-03,28,0.119,0.217,134,https://kabar-pelabuhan.example/fixture/metrik/2025-02-03,,2026-09-09,2026-09-09T00:00:00+07:00,2026-09-09T00:00:00+07:00,danny2,True
kabar-pelabuhan.example,Makassar,2025-02-10,26,0.14,0.203,141,https://kabar-pelabuhan.example/fixture/metrik/2025-02-10,,2026-09-09,2026-09-09T00:00:00+07:00,2026-09-09T00:00:00+07:00,danny2,True
kabar-pelabuhan.example,Makassar,2025-02-17,29,0.105,0.256,148,https://kabar-pelabuhan.example/fixture/metrik/2025-02-17,,2026-09-09,2026-09-09T00:00:00+07:00,2026-09-09T00:00:00+07:00,danny2,True
kabar-pelabuhan.example,Makassar,2025-02-24,35,0.167,0.165,155,https://kabar-pelabuhan.example/fixture/metrik/2025-02-24,,2026-09-09,2026-09-09T00:00:00+07:00,2026-09-09T00:00:00+07:00,appi,True
kabar-pelabuhan.example,Makassar,2025-03-03,15,0.166,0.087,162,https://kabar-pelabuhan.example/fixture/metrik/2025-03-03,,2026-09-09,2026-09-09T00:00:00+07:00,2026-09-09T00:00:00+07:00,appi,True
kabar-pelabuhan.example,Makassar,2025-03-10,22,0.186,0.12,169,https://kabar-pelabuhan.example/fixture/metrik/2025-03-10,,2026-09-09,2026-09-09T00:00:00+07:00,2026-09-09T00:00:00+07:00,appi,True
kabar-pelabuhan.example,Makassar,2025-03-17,20,0.169,0.128,176,https://kabar-pelabuhan.example/fixture/metrik/2025-03-17,,2026-09-09,2026-09-09T00:00:00+07:00,2026-09-09T00:00:00+07:00,appi,True
kabar-pelabuhan.example,Makassar,2025-03-24,27,0.1,0.261,183,https://kabar-pelabuhan.example/fixture/metrik/2025-03-24,,2026-09-09,2026-09-09T00:00:00+07:00,2026-09-09T00:00:00+07:00,appi,True
kabar-pelabuhan.example,Makassar,2025-03-31,22,0.172,0.134,190,https://kabar-pelabuhan.example/fixture/metrik/2025-03-31,,2026-09-09,2026-09-09T00:00:00+07:00,2026-09-09T00:00:00+07:00,appi,True
kabar-pelabuhan.example,Makassar,2025-04-07,26,0.117,0.11,197,https://kabar-pelabuhan.example/fixture/metrik/2025-04-07,,2026-09-09,2026-09-09T00:00:00+07:00,2026-09-09T00:00:00+07:00,appi,True
kabar-pelabuhan.example,Makassar,2025-04-14,25,0.193,0.205,204,https://kabar-pelabuhan.example/fixture/metrik/2025-04-14,,2026-09-09,2026-09-09T00:00:00+07:00,2026-09-09T00:00:00+07:00,appi,True
kabar-pelabuhan.example,Makassar,2025-04-21,17,0.141,0.199,211,https://kabar-pelabuhan.example/fixture/metrik/2025-04-21,,2026-09-09,2026-09-09T00:00:00+07:00,2026-09-09T00:00:00+07:00,appi,True
kabar-pelabuhan.example,Makassar,2025-04-28,15,0.205,0.166,218,https://kabar-pelabuhan.example/fixture/metrik/2025-04-28,,2026-09-09,2026-09-09T00:00:00+07:00,2026-09-09T00:00:00+07:00,appi,True
kabar-pelabuhan.example,Makassar,2025-05-05,36,0.134,0.31,225,https://kabar-pelabuhan.example/fixture/metrik/2025-05-05,,2026-09-09,2026-09-09T00:00:00+07:00,2026-09-09T00:00:00+07:00,appi,True
kabar-pelabuhan.example,Makassar,2025-05-12,16,0.076,0.172,232,https://kabar-pelabuhan.example/fixture/metrik/2025-05-12,,2026-09-09,2026-09-09T00:00:00+07:00,2026-09-09T00:00:00+07:00,appi,True
kabar-pelabuhan.example,Makassar,2025-05-19,25,0.124,0.163,239,https://kabar-pelabuhan.example/fixture/metrik/2025-05-19,,2026-09-09,2026-09-09T00:00:00+07:00,2026-09-09T00:00:00+07:00,appi,True
kabar-pelabuhan.example,Makassar,2025-05-26,24,0.149,0.155,246,https://kabar-pelabuhan.example/fixture/metrik/2025-05-26,,2026-09-09,2026-09-09T00:00:00+07:00,2026-09-09T00:00:00+07:00,appi,True
kabar-pelabuhan.example,Makassar,2025-06-02,21,0.076,0.16,253,https://kabar-pelabuhan.example/fixture/metrik/2025-06-02,,2026-09-09,2026-09-09T00:00:00+07:00,2026-09-09T00:00:00+07:00,appi,True
kabar-pelabuhan.example,Makassar,2025-06-09,25,0.104,0.185,260,https://kabar-pelabuhan.example/fixture/metrik/2025-06-09,,2026-09-09,2026-09-09T00:00:00+07:00,2026-09-09T00:00:00+07:00,appi,True
kabar-pelabuhan.example,Makassar,2025-06-16,34,0.143,0.182,267,https://kabar-pelabuhan.example/fixture/metrik/2025-06-16,,2026-09-09,2026-09-09T00:00:00+07:00,2026-09-09T00:00:00+07:00,appi,True
kabar-pelabuhan.example,Makassar,2025-06-23,17,0.105,0.151,274,https://kabar-pelabuhan.example/fixture/metrik/2025-06-23,,2026-09-09,2026-09-09T00:00:00+07:00,2026-09-09T00:00:00+07:00,appi,True
kabar-pelabuhan.example,Makassar,2025-06-30,19,0.145,0.158,281,https://kabar-pelabuhan.example/fixture/metrik/2025-06-30,,2026-09-09,2026-09-09T00:00:00+07:00,2026-09-09T00:00:00+07:00,appi,True
kabar-pelabuhan.example,Makassar,2025-07-07,24,0.174,0.122,288,https://kabar-pelabuhan.example/fixture/metrik/2025-07-07,,2026-09-09,2026-09-09T00:00:00+07:00,2026-09-09T00:00:00+07:00,appi,True
kabar-pelabuhan.example,Makassar,2025-07-14,10,0.15,0.166,295,https://kabar-pelabuhan.example/fixture/metrik/2025-07-14,,2026-09-09,2026-09-09T00:00:00+07:00,2026-09-09T00:00:00+07:00,appi,True
kabar-pelabuhan.example,Makassar,2025-07-21,19,0.1,0.133,302,https://kabar-pelabuhan.example/fixture/metrik/2025-07-21,,2026-09-09,2026-09-09T00:00:00+07:00,2026-09-09T00:00:00+07:00,appi,True
kabar-pelabuhan.example,Makassar,2025-07-28,21,0.175,0.125,309,https://kabar-pelabuhan.example/fixture/metrik/2025-07-28,,2026-09-09,2026-09-09T00:00:00+07:00,2026-09-09T00:00:00+07:00,appi,True
kabar-pelabuhan.example,Makassar,2025-08-04,10,0.155,0.102,316,https://kabar-pelabuhan.example/fixture/metrik/2025-08-04,,2026-09-09,2026-09-09T00:00:00+07:00,2026-09-09T00:00:00+07:00,appi,True
kabar-pelabuhan.example,Makassar,2025-08-11,17,0.174,0.104,323,https://kabar-pelabuhan.example/fixture/metrik/2025-08-11,,2026-09-09,2026-09-09T00:00:00+07:00,2026-09-09T00:00:00+07:00,appi,True
kabar-pelabuhan.example,Makassar,2025-08-18,21,0.15,0.279,330,https://kabar-pelabuhan.example/fixture/metrik/2025-08-18,,2026-09-09,2026-09-09T00:00:00+07:00,2026-09-09T00:00:00+07:00,appi,True
kabar-pelabuhan.example,Makassar,2025-08-25,27,0.132,0.165,337,https://kabar-pelabuhan.example/fixture/metrik/2025-08-25,,2026-09-09,2026-09-09T00:00:00+07:00,2026-09-09T00:00:00+07:00,appi,True
kabar-pelabuhan.example,Makassar,2025-09-01,19,0.167,0.107,344,https://kabar-pelabuhan.example/fixture/metrik/2025-09-01,,2026-09-09,2026-09-09T00:00:00+07:00,2026-09-09T00:00:00+07:00,appi,True
kabar-pelabuhan.example,Makassar,2025-09-08,23,0.131,0.088,351,https://kabar-pelabuhan.example/fixture/metrik/2025-09-08,,2026-09-09,2026-09-09T00:00:00+07:00,2026-09-09T00:00:00+07:00,appi,True
kabar-pelabuhan.example,Makassar,2025-09-15,17,0.16,0.174,358,https://kabar-pelabuhan.example/fixture/metrik/2025-09-15,,2026-09-09,2026-09-09T00:00:00+07:00,2026-09-09T00:00:00+07:00,appi,True
kabar-pelabuhan.example,Makassar,2025-09-22,16,0.131,0.224,365,https://kabar-pelabuhan.example/fixture/metrik/2025-09-22,,2026-09-09,2026-09-09T00:00:00+07:00,2026-09-09T00:00:00+07:00,appi,True
kabar-pelabuhan.example,Makassar,2025-09-29,9,0.102,0.252,372,https://kabar-pelabuhan.example/fixture/metrik/2025-09-29,,2026-09-09,2026-09-09T00:00:00+07:00,2026-09-09T00:00:00+07:00,appi,True
kabar-pelabuhan.example,Makassar,2025-10-06,15,0.176,0.198,379,https://kabar-pelabuhan.example/fixture/metrik/2025-10-06,,2026-09-09,2026-09-09T00:00:00+07:00,2026-09-09T00:00:00+07:00,appi,True
kabar-pelabuhan.example,Makassar,2025-10-13,22,0.141,0.104,386,https://kabar-pelabuhan.example/fixture/metrik/2025-10-13,,2026-09-09,2026-09-09T00:00:00+07:00,2026-09-09T00:00:00+07:00,appi,True
kabar-pelabuhan.example,Makassar,2025-10-20,9,0.186,0.18,393,https://kabar-pelabuhan.example/fixture/metrik/2025-10-20,,2026-09-09,2026-09-09T00:00:00+07:00,2026-09-09T00:00:00+07:00,appi,True
kabar-pelabuhan.example,Makassar,2025-10-27,14,0.172,0.187,400,https://kabar-pelabuhan.example/fixture/metrik/2025-10-27,,2026-09-09,2026-09-09T00:00:00+07:00,2026-09-09T00:00:00+07:00,appi,True
kabar-pelabuhan.example,Makassar,2025-11-03,23,0.152,0.262,407,https://kabar-pelabuhan.example/fixture/metrik/2025-11-03,,2026-09-09,2026-09-09T00:00:00+07:00,2026-09-09T00:00:00+07:00,appi,True
kabar-pelabuhan.example,Makassar,2025-11-10,20,0.07,0.259,414,https://kabar-pelabuhan.example/fixture/metrik/2025-11-10,,2026-09-09,2026-09-09T00:00:00+07:00,2026-09-09T00:00:00+07:00,appi,True
kabar-pelabuhan.example,Makassar,2025-11-17,7,0.088,0.139,421,https://kabar-pelabuhan.example/fixture/metrik/2025-11-17,,2026-09-09,2026-09-09T00:00:00+07:00,2026-09-09T00:00:00+07:00,appi,True
kabar-pelabuhan.example,Makassar,2025-11-24,20,0.179,0.188,428,https://kabar-pelabuhan.example/fixture/metrik/2025-11-24,,2026-09-09,2026-09-09T00:00:00+07:00,2026-09-09T00:00:00+07:00,appi,True
kabar-pelabuhan.example,Makassar,2025-12-01,14,0.158,0.15,435,https://kabar-pelabuhan.example/fixture/metrik/2025-12-01,,2026-09-09,2026-09-09T00:00:00+07:00,2026-09-09T00:00:00+07:00,appi,True
kabar-pelabuhan.example,Makassar,2025-12-08,17,0.152,0.18,442,https://kabar-pelabuhan.example/fixture/metrik/2025-12-08,,2026-09-09,2026-09-09T00:00:00+07:00,2026-09-09T00:00:00+07:00,appi,True
kabar-pelabuhan.example,Makassar,2025-12-15,11,0.17,0.117,449,https://kabar-pelabuhan.example/fixture/metrik/2025-12-15,,2026-09-09,2026-09-09T00:00:00+07:00,2026-09-09T00:00:00+07:00,appi,True
kabar-pelabuhan.example,Makassar,2025-12-22,15,0.161,0.198,456,https://kabar-pelabuhan.example/fixture/metrik/2025-12-22,,2026-09-09,2026-09-09T00:00:00+07:00,2026-09-09T00:00:00+07:00,appi,True
kabar-pelabuhan.example,Makassar,2025-12-29,3,0.103,0.261,463,https://kabar-pelabuhan.example/fixture/metrik/2025-12-29,,2026-09-09,2026-09-09T00:00:00+07:00,2026-09-09T00:00:00+07:00,appi,True
timor-pagi.example,Kupang,2014-01-06,35,0.22,0.518,,https://timor-pagi.example/fixture/metrik/2014-01-06,,2026-09-09,2026-09-09T00:00:00+07:00,2026-09-09T00:00:00+07:00,jonas,True
timor-pagi.example,Kupang,2014-01-13,53,0.213,0.512,,https://timor-pagi.example/fixture/metrik/2014-01-13,,2026-09-09,2026-09-09T00:00:00+07:00,2026-09-09T00:00:00+07:00,jonas,True
timor-pagi.example,Kupang,2014-01-20,29,0.275,0.418,,https://timor-pagi.example/fixture/metrik/2014-01-20,,2026-09-09,2026-09-09T00:00:00+07:00,2026-09-09T00:00:00+07:00,jonas,True
timor-pagi.example,Kupang,2014-01-27,42,0.221,0.435,,https://timor-pagi.example/fixture/metrik/2014-01-27,,2026-09-09,2026-09-09T00:00:00+07:00,2026-09-09T00:00:00+07:00,jonas,True
timor-pagi.example,Kupang,2014-02-03,26,0.237,0.469,,https://timor-pagi.example/fixture/metrik/2014-02-03,,2026-09-09,2026-09-09T00:00:00+07:00,2026-09-09T00:00:00+07:00,jonas,True
timor-pagi.example,Kupang,2014-02-10,54,0.217,0.461,,https://timor-pagi.example/fixture/metrik/2014-02-10,,2026-09-09,2026-09-09T00:00:00+07:00,2026-09-09T00:00:00+07:00,jonas,True
timor-pagi.example,Kupang,2014-02-17,43,0.287,0.508,,https://timor-pagi.example/fixture/metrik/2014-02-17,,2026-09-09,2026-09-09T00:00:00+07:00,2026-09-09T00:00:00+07:00,jonas,True
timor-pagi.example,Kupang,2014-02-24,40,0.266,0.493,,https://timor-pagi.example/fixture/metrik/2014-02-24,,2026-09-09,2026-09-09T00:00:00+07:00,2026-09-09T00:00:00+07:00,jonas,True
timor-pagi.example,Kupang,2014-03-03,30,0.271,0.537,,https://timor-pagi.example/fixture/metrik/2014-03-03,,2026-09-09,2026-09-09T00:00:00+07:00,2026-09-09T00:00:00+07:00,jonas,True
timor-pagi.example,Kupang,2014-03-10,29,0.225,0.446,,https://timor-pagi.example/fixture/metrik/2014-03-10,,2026-09-09,2026-09-09T00:00:00+07:00,2026-09-09T00:00:00+07:00,jonas,True
timor-pagi.example,Kupang,2014-03-17,48,0.26,0.542,,https://timor-pagi.example/fixture/metrik/2014-03-17,,2026-09-09,2026-09-09T00:00:00+07:00,2026-09-09T00:00:00+07:00,jonas,True
timor-pagi.example,Kupang,2014-03-24,42,0.246,0.399,,https://timor-pagi.example/fixture/metrik/2014-03-24,,2026-09-09,2026-09-09T00:00:00+07:00,2026-09-09T00:00:00+07:00,jonas,True
timor-pagi.example,Kupang,2014-03-31,45,0.212,0.561,,https://timor-pagi.example/fixture/metrik/2014-03-31,,2026-09-09,2026-09-09T00:00:00+07:00,2026-09-09T00:00:00+07:00,jonas,True
timor-pagi.example,Kupang,2014-04-07,46,0.202,0.569,,https://timor-pagi.example/fixture/metrik/2014-04-07,,2026-09-09,2026-09-09T00:00:00+07:00,2026-09-09T00:00:00+07:00,jonas,True
timor-pagi.example,Kupang,2014-04-14,36,0.192,0.552,,https://timor-pagi.example/fixture/metrik/2014-04-14,,2026-09-09,2026-09-09T00:00:00+07:00,2026-09-09T00:00:00+07:00,jonas,True
timor-pagi.example,Kupang,2014-04-21,40,0.303,0.542,,https://timor-pagi.example/fixture/metrik/2014-04-21,,2026-09-09,2026-09-09T00:00:00+07:00,2026-09-09T00:00:00+07:00,jonas,True
timor-pagi.example,Kupang,2014-04-28,47,0.244,0.428,,https://timor-pagi.example/fixture/metrik/2014-04-28,,2026-09-09,2026-09-09T00:00:00+07:00,2026-09-09T00:00:00+07:00,jonas,True
timor-pagi.example,Kupang,2014-05-05,29,0.183,0.457,,https://timor-pagi.example/fixture/metrik/2014-05-05,,2026-09-09,2026-09-09T00:00:00+07:00,2026-09-09T00:00:00+07:00,jonas,True
timor-pagi.example,Kupang,2014-05-12,36,0.29,0.403,,https://timor-pagi.example/fixture/metrik/2014-05-12,,2026-09-09,2026-09-09T00:00:00+07:00,2026-09-09T00:00:00+07:00,jonas,True
timor-pagi.example,Kupang,2014-05-19,30,0.262,0.564,,https://timor-pagi.example/fixture/metrik/2014-05-19,,2026-09-09,2026-09-09T00:00:00+07:00,2026-09-09T00:00:00+07:00,jonas,True
timor-pagi.example,Kupang,2014-05-26,37,0.242,0.439,,https://timor-pagi.example/fixture/metrik/2014-05-26,,2026-09-09,2026-09-09T00:00:00+07:00,2026-09-09T00:00:00+07:00,jonas,True
timor-pagi.example,Kupang,2014-06-02,46,0.258,0.534,,https://timor-pagi.example/fixture/metrik/2014-06-02,,2026-09-09,2026-09-09T00:00:00+07:00,2026-09-09T00:00:00+07:00,jonas,True
timor-pagi.example,Kupang,2014-06-09,43,0.217,0.514,,https://timor-pagi.example/fixture/metrik/2014-06-09,,2026-09-09,2026-09-09T00:00:00+07:00,2026-09-09T00:00:00+07:00,jonas,True
timor-pagi.example,Kupang,2014-06-16,41,0.237,0.487,,https://timor-pagi.example/fixture/metrik/2014-06-16,,2026-09-09,2026-09-09T00:00:00+07:00,2026-09-09T00:00:00+07:00,jonas,True
timor-pagi.example,Kupang,2014-06-23,33,0.201,0.457,,https://timor-pagi.example/fixture/metrik/2014-06-23,,2026-09-09,2026-09-09T00:00:00+07:00,2026-09-09T00:00:00+07:00,jonas,True
timor-pagi.example,Kupang,2014-06-30,46,0.217,0.548,,https://timor-pagi.example/fixture/metrik/2014-06-30,,2026-09-09,2026-09-09T00:00:00+07:00,2026-09-09T00:00:00+07:00,jonas,True
timor-pagi.example,Kupang,2014-07-07,36,0.214,0.439,,https://timor-pagi.example/fixture/metrik/2014-07-07,,2026-09-09,2026-09-09T00:00:00+07:00,2026-09-09T00:00:00+07:00,jonas,True
timor-pagi.example,Kupang,2014-07-14,40,0.264,0.516,,https://timor-pagi.example/fixture/metrik/2014-07-14,,2026-09-09,2026-09-09T00:00:00+07:00,2026-09-09T00:00:00+07:00,jonas,True
timor-pagi.example,Kupang,2014-07-21,29,0.237,0.472,,https://timor-pagi.example/fixture/metrik/2014-07-21,,2026-09-09,2026-09-09T00:00:00+07:00,2026-09-09T00:00:00+07:00,jonas,True
timor-pagi.example,Kupang,2014-07-28,33,0.237,0.533,,https://timor-pagi.example/fixture/metrik/2014-07-28,,2026-09-09,2026-09-09T00:00:00+07:00,2026-09-09T00:00:00+07:00,jonas,True
timor-pagi.example,Kupang,2014-08-04,31,0.264,0.428,,https://timor-pagi.example/fixture/metrik/2014-08-04,,2026-09-09,2026-09-09T00:00:00+07:00,2026-09-09T00:00:00+07:00,jonas,True
timor-pagi.example,Kupang,2014-08-11,53,0.218,0.472,,https://timor-pagi.example/fixture/metrik/2014-08-11,,2026-09-09,2026-09-09T00:00:00+07:00,2026-09-09T00:00:00+07:00,jonas,True
timor-pagi.example,Kupang,2014-08-18,28,0.28,0.507,,https://timor-pagi.example/fixture/metrik/2014-08-18,,2026-09-09,2026-09-09T00:00:00+07:00,2026-09-09T00:00:00+07:00,jonas,True
timor-pagi.example,Kupang,2014-08-25,27,0.277,0.53,,https://timor-pagi.example/fixture/metrik/2014-08-25,,2026-09-09,2026-09-09T00:00:00+07:00,2026-09-09T00:00:00+07:00,jonas,True
timor-pagi.example,Kupang,2014-09-01,42,0.264,0.431,,https://timor-pagi.example/fixture/metrik/2014-09-01,,2026-09-09,2026-09-09T00:00:00+07:00,2026-09-09T00:00:00+07:00,jonas,True
timor-pagi.example,Kupang,2014-09-08,32,0.287,0.53,,https://timor-pagi.example/fixture/metrik/2014-09-08,,2026-09-09,2026-09-09T00:00:00+07:00,2026-09-09T00:00:00+07:00,jonas,True
timor-pagi.example,Kupang,2014-09-15,49,0.237,0.338,,https://timor-pagi.example/fixture/metrik/2014-09-15,,2026-09-09,2026-09-09T00:00:00+07:00,2026-09-09T00:00:00+07:00,jonas,True
timor-pagi.example,Kupang,2014-09-22,43,0.206,0.534,,https://timor-pagi.example/fixture/metrik/2014-09-22,,2026-09-09,2026-09-09T00:00:00+07:00,2026-09-09T00:00:00+07:00,jonas,True
timor-pagi.example,Kupang,2014-09-29,29,0.148,0.558,,https://timor-pagi.example/fixture/metrik/2014-09-29,,2026-09-09,2026-09-09T00:00:00+07:00,2026-09-09T00:00:00+07:00,jonas,True
timor-pagi.example,Kupang,2014-10-06,35,0.239,0.428,,https://timor-pagi.example/fixture/metrik/2014-10-06,,2026-09-09,2026-09-09T00:00:00+07:00,2026-09-09T00:00:00+07:00,jonas,True
timor-pagi.example,Kupang,2014-10-13,38,0.212,0.479,,https://timor-pagi.example/fixture/metrik/2014-10-13,,2026-09-09,2026-09-09T00:00:00+07:00,2026-09-09T00:00:00+07:00,jonas,True
timor-pagi.example,Kupang,2014-10-20,44,0.234,0.437,,https://timor-pagi.example/fixture/metrik/2014-10-20,,2026-09-09,2026-09-09T00:00:00+07:00,2026-09-09T00:00:00+07:00,jonas,True
timor-pagi.example,Kupang,2014-10-27,22,0.221,0.512,,https://timor-pagi.example/fixture/metrik/2014-10-27,,2026-09-09,2026-09-09T00:00:00+07:00,2026-09-09T00:00:00+07:00,jonas,True
timor-pagi.example,Kupang,2014-11-03,41,0.224,0.384,,https://timor-pagi.example/fixture/metrik/2014-11-03,,2026-09-09,2026-09-09T00:00:00+07:00,2026-09-09T00:00:00+07:00,jonas,True
timor-pagi.example,Kupang,2014-11-10,36,0.25,0.536,,https://timor-pagi.example/fixture/metrik/2014-11-10,,2026-09-09,2026-09-09T00:00:00+07:00,2026-09-09T00:00:00+07:00,jonas,True
timor-pagi.example,Kupang,2014-11-17,36,0.194,0.514,,https://timor-pagi.example/fixture/metrik/2014-11-17,,2026-09-09,2026-09-09T00:00:00+07:00,2026-09-09T00:00:00+07:00,jonas,True
timor-pagi.example,Kupang,2014-11-24,29,0.259,0.499,,https://timor-pagi.example/fixture/metrik/2014-11-24,,2026-09-09,2026-09-09T00:00:00+07:00,2026-09-09T00:00:00+07:00,jonas,True
timor-pagi.example,Kupang,2014-12-01,43,0.309,0.565,,https://timor-pagi.example/fixture/metrik/2014-12-01,,2026-09-09,2026-09-09T00:00:00+07:00,2026-09-09T00:00:00+07:00,jonas,True
timor-pagi.example,Kupang,2014-12-08,29,0.258,0.49,,https://timor-pagi.example/fixture/metrik/2014-12-08,,2026-09-09,2026-09-09T00:00:00+07:00,2026-09-09T00:00:00+07:00,jonas,True
timor-pagi.example,Kupang,2014-12-15,33,0.31,0.429,,https://timor-pagi.example/fixture/metrik/2014-12-15,,2026-09-09,2026-09-09T00:00:00+07:00,2026-09-09T00:00:00+07:00,jonas,True
timor-pagi.example,Kupang,2014-12-22,34,0.223,0.447,,https://timor-pagi.example/fixture/metrik/2014-12-22,,2026-09-09,2026-09-09T00:00:00+07:00,2026-09-09T00:00:00+07:00,jonas,True
timor-pagi.example,Kupang,2014-12-29,37,0.217,0.463,,https://timor-pagi.example/fixture/metrik/2014-12-29,,2026-09-09,2026-09-09T00:00:00+07:00,2026-09-09T00:00:00+07:00,jonas,True
timor-pagi.example,Kupang,2015-01-05,39,0.253,0.55,,https://timor-pagi.example/fixture/metrik/2015-01-05,,2026-09-09,2026-09-09T00:00:00+07:00,2026-09-09T00:00:00+07:00,jonas,True
timor-pagi.example,Kupang,2015-01-12,44,0.233,0.525,,https://timor-pagi.example/fixture/metrik/2015-01-12,,2026-09-09,2026-09-09T00:00:00+07:00,2026-09-09T00:00:00+07:00,jonas,True
timor-pagi.example,Kupang,2015-01-19,38,0.169,0.461,,https://timor-pagi.example/fixture/metrik/2015-01-19,,2026-09-09,2026-09-09T00:00:00+07:00,2026-09-09T00:00:00+07:00,jonas,True
timor-pagi.example,Kupang,2015-01-26,35,0.276,0.376,,https://timor-pagi.example/fixture/metrik/2015-01-26,,2026-09-09,2026-09-09T00:00:00+07:00,2026-09-09T00:00:00+07:00,jonas,True
timor-pagi.example,Kupang,2015-02-02,36,0.281,0.5,,https://timor-pagi.example/fixture/metrik/2015-02-02,,2026-09-09,2026-09-09T00:00:00+07:00,2026-09-09T00:00:00+07:00,jonas,True
timor-pagi.example,Kupang,2015-02-09,45,0.257,0.526,,https://timor-pagi.example/fixture/metrik/2015-02-09,,2026-09-09,2026-09-09T00:00:00+07:00,2026-09-09T00:00:00+07:00,jonas,True
timor-pagi.example,Kupang,2015-02-16,29,0.281,0.494,,https://timor-pagi.example/fixture/metrik/2015-02-16,,2026-09-09,2026-09-09T00:00:00+07:00,2026-09-09T00:00:00+07:00,jonas,True
timor-pagi.example,Kupang,2015-02-23,51,0.247,0.562,,https://timor-pagi.example/fixture/metrik/2015-02-23,,2026-09-09,2026-09-09T00:00:00+07:00,2026-09-09T00:00:00+07:00,jonas,True
timor-pagi.example,Kupang,2015-03-02,26,0.263,0.497,,https://timor-pagi.example/fixture/metrik/2015-03-02,,2026-09-09,2026-09-09T00:00:00+07:00,2026-09-09T00:00:00+07:00,jonas,True
timor-pagi.example,Kupang,2015-03-09,41,0.264,0.469,,https://timor-pagi.example/fixture/metrik/2015-03-09,,2026-09-09,2026-09-09T00:00:00+07:00,2026-09-09T00:00:00+07:00,jonas,True
timor-pagi.example,Kupang,2015-03-16,29,0.286,0.472,,https://timor-pagi.example/fixture/metrik/2015-03-16,,2026-09-09,2026-09-09T00:00:00+07:00,2026-09-09T00:00:00+07:00,jonas,True
timor-pagi.example,Kupang,2015-03-23,42,0.222,0.536,,https://timor-pagi.example/fixture/metrik/2015-03-23,,2026-09-09,2026-09-09T00:00:00+07:00,2026-09-09T00:00:00+07:00,jonas,True
timor-pagi.example,Kupang,2015-03-30,39,0.276,0.505,,https://timor-pagi.example/fixture/metrik/2015-03-30,,2026-09-09,2026-09-09T00:00:00+07:00,2026-09-09T00:00:00+07:00,jonas,True
timor-pagi.example,Kupang,2015-04-06,51,0.24,0.46,,https://timor-pagi.example/fixture/metrik/2015-04-06,,2026-09-09,2026-09-09T00:00:00+07:00,2026-09-09T00:00:00+07:00,jonas,True
timor-pagi.example,Kupang,2015-04-13,36,0.265,0.582,,https://timor-pagi.example/fixture/metrik/2015-04-13,,2026-09-09,2026-09-09T00:00:00+07:00,2026-09-09T00:00:00+07:00,jonas,True
timor-pagi.example,Kupang,2015-04-20,35,0.219,0.456,,https://timor-pagi.example/fixture/metrik/2015-04-20,,2026-09-09,2026-09-09T00:00:00+07:00,2026-09-09T00:00:00+07:00,jonas,True
timor-pagi.example,Kupang,2015-04-27,30,0.192,0.434,,https://timor-pagi.example/fixture/metrik/2015-04-27,,2026-09-09,2026-09-09T00:00:00+07:00,2026-09-09T00:00:00+07:00,jonas,True
timor-pagi.example,Kupang,2015-05-04,44,0.252,0.499,,https://timor-pagi.example/fixture/metrik/2015-05-04,,2026-09-09,2026-09-09T00:00:00+07:00,2026-09-09T00:00:00+07:00,jonas,True
timor-pagi.example,Kupang,2015-05-11,50,0.177,0.47,,https://timor-pagi.example/fixture/metrik/2015-05-11,,2026-09-09,2026-09-09T00:00:00+07:00,2026-09-09T00:00:00+07:00,jonas,True
timor-pagi.example,Kupang,2015-05-18,46,0.241,0.577,,https://timor-pagi.example/fixture/metrik/2015-05-18,,2026-09-09,2026-09-09T00:00:00+07:00,2026-09-09T00:00:00+07:00,jonas,True
timor-pagi.example,Kupang,2015-05-25,41,0.194,0.607,,https://timor-pagi.example/fixture/metrik/2015-05-25,,2026-09-09,2026-09-09T00:00:00+07:00,2026-09-09T00:00:00+07:00,jonas,True
timor-pagi.example,Kupang,2015-06-01,36,0.31,0.48,,https://timor-pagi.example/fixture/metrik/2015-06-01,,2026-09-09,2026-09-09T00:00:00+07:00,2026-09-09T00:00:00+07:00,jonas,True
timor-pagi.example,Kupang,2015-06-08,42,0.219,0.481,,https://timor-pagi.example/fixture/metrik/2015-06-08,,2026-09-09,2026-09-09T00:00:00+07:00,2026-09-09T00:00:00+07:00,jonas,True
timor-pagi.example,Kupang,2015-06-15,43,0.267,0.457,,https://timor-pagi.example/fixture/metrik/2015-06-15,,2026-09-09,2026-09-09T00:00:00+07:00,2026-09-09T00:00:00+07:00,jonas,True
timor-pagi.example,Kupang,2015-06-22,47,0.311,0.452,,https://timor-pagi.example/fixture/metrik/2015-06-22,,2026-09-09,2026-09-09T00:00:00+07:00,2026-09-09T00:00:00+07:00,jonas,True
timor-pagi.example,Kupang,2015-06-29,41,0.209,0.532,,https://timor-pagi.example/fixture/metrik/2015-06-29,,2026-09-09,2026-09-09T00:00:00+07:00,2026-09-09T00:00:00+07:00,jonas,True
timor-pagi.example,Kupang,2015-07-06,38,0.201,0.537,,https://timor-pagi.example/fixture/metrik/2015-07-06,,2026-09-09,2026-09-09T00:00:00+07:00,2026-09-09T00:00:00+07:00,jonas,True
timor-pagi.example,Kupang,2015-07-13,41,0.252,0.504,,https://timor-pagi.example/fixture/metrik/2015-07-13,,2026-09-09,2026-09-09T00:00:00+07:00,2026-09-09T00:00:00+07:00,jonas,True
timor-pagi.example,Kupang,2015-07-20,45,0.249,0.526,,https://timor-pagi.example/fixture/metrik/2015-07-20,,2026-09-09,2026-09-09T00:00:00+07:00,2026-09-09T00:00:00+07:00,jonas,True
timor-pagi.example,Kupang,2015-07-27,26,0.238,0.545,,https://timor-pagi.example/fixture/metrik/2015-07-27,,2026-09-09,2026-09-09T00:00:00+07:00,2026-09-09T00:00:00+07:00,jonas,True
timor-pagi.example,Kupang,2015-08-03,44,0.21,0.531,,https://timor-pagi.example/fixture/metrik/2015-08-03,,2026-09-09,2026-09-09T00:00:00+07:00,2026-09-09T00:00:00+07:00,jonas,True
timor-pagi.example,Kupang,2015-08-10,39,0.224,0.474,,https://timor-pagi.example/fixture/metrik/2015-08-10,,2026-09-09,2026-09-09T00:00:00+07:00,2026-09-09T00:00:00+07:00,jonas,True
timor-pagi.example,Kupang,2015-08-17,25,0.213,0.466,,https://timor-pagi.example/fixture/metrik/2015-08-17,,2026-09-09,2026-09-09T00:00:00+07:00,2026-09-09T00:00:00+07:00,jonas,True
timor-pagi.example,Kupang,2015-08-24,39,0.223,0.516,,https://timor-pagi.example/fixture/metrik/2015-08-24,,2026-09-09,2026-09-09T00:00:00+07:00,2026-09-09T00:00:00+07:00,jonas,True
timor-pagi.example,Kupang,2015-08-31,40,0.282,0.434,,https://timor-pagi.example/fixture/metrik/2015-08-31,,2026-09-09,2026-09-09T00:00:00+07:00,2026-09-09T00:00:00+07:00,jonas,True
timor-pagi.example,Kupang,2015-09-07,42,0.265,0.4,,https://timor-pagi.example/fixture/metrik/2015-09-07,,2026-09-09,2026-09-09T00:00:00+07:00,2026-09-09T00:00:00+07:00,jonas,True
timor-pagi.example,Kupang,2015-09-14,47,0.226,0.524,,https://timor-pagi.example/fixture/metrik/2015-09-14,,2026-09-09,2026-09-09T00:00:00+07:00,2026-09-09T00:00:00+07:00,jonas,True
timor-pagi.example,Kupang,2015-09-21,41,0.144,0.429,,https://timor-pagi.example/fixture/metrik/2015-09-21,,2026-09-09,2026-09-09T00:00:00+07:00,2026-09-09T00:00:00+07:00,jonas,True
timor-pagi.example,Kupang,2015-09-28,38,0.259,0.579,,https://timor-pagi.example/fixture/metrik/2015-09-28,,2026-09-09,2026-09-09T00:00:00+07:00,2026-09-09T00:00:00+07:00,jonas,True
timor-pagi.example,Kupang,2015-10-05,42,0.245,0.584,,https://timor-pagi.example/fixture/metrik/2015-10-05,,2026-09-09,2026-09-09T00:00:00+07:00,2026-09-09T00:00:00+07:00,jonas,True
timor-pagi.example,Kupang,2015-10-12,49,0.302,0.506,,https://timor-pagi.example/fixture/metrik/2015-10-12,,2026-09-09,2026-09-09T00:00:00+07:00,2026-09-09T00:00:00+07:00,jonas,True
timor-pagi.example,Kupang,2015-10-19,32,0.2,0.447,,https://timor-pagi.example/fixture/metrik/2015-10-19,,2026-09-09,2026-09-09T00:00:00+07:00,2026-09-09T00:00:00+07:00,jonas,True
timor-pagi.example,Kupang,2015-10-26,50,0.198,0.473,,https://timor-pagi.example/fixture/metrik/2015-10-26,,2026-09-09,2026-09-09T00:00:00+07:00,2026-09-09T00:00:00+07:00,jonas,True
timor-pagi.example,Kupang,2015-11-02,30,0.251,0.423,,https://timor-pagi.example/fixture/metrik/2015-11-02,,2026-09-09,2026-09-09T00:00:00+07:00,2026-09-09T00:00:00+07:00,jonas,True
timor-pagi.example,Kupang,2015-11-09,43,0.284,0.492,,https://timor-pagi.example/fixture/metrik/2015-11-09,,2026-09-09,2026-09-09T00:00:00+07:00,2026-09-09T00:00:00+07:00,jonas,True
timor-pagi.example,Kupang,2015-11-16,32,0.26,0.56,,https://timor-pagi.example/fixture/metrik/2015-11-16,,2026-09-09,2026-09-09T00:00:00+07:00,2026-09-09T00:00:00+07:00,jonas,True
timor-pagi.example,Kupang,2015-11-23,39,0.239,0.496,,https://timor-pagi.example/fixture/metrik/2015-11-23,,2026-09-09,2026-09-09T00:00:00+07:00,2026-09-09T00:00:00+07:00,jonas,True
timor-pagi.example,Kupang,2015-11-30,41,0.244,0.453,,https://timor-pagi.example/fixture/metrik/2015-11-30,,2026-09-09,2026-09-09T00:00:00+07:00,2026-09-09T00:00:00+07:00,jonas,True
timor-pagi.example,Kupang,2015-12-07,34,0.271,0.588,,https://timor-pagi.example/fixture/metrik/2015-12-07,,2026-09-09,2026-09-09T00:00:00+07:00,2026-09-09T00:00:00+07:00,jonas,True
timor-pagi.example,Kupang,2015-12-14,29,0.198,0.576,,https://timor-pagi.example/fixture/metrik/2015-12-14,,2026-09-09,2026-09-09T00:00:00+07:00,2026-09-09T00:00:00+07:00,jonas,True
timor-pagi.example,Kupang,2015-12-21,33,0.232,0.484,,https://timor-pagi.example/fixture/metrik/2015-12-21,,2026-09-09,2026-09-09T00:00:00+07:00,2026-09-09T00:00:00+07:00,jonas,True
timor-pagi.example,Kupang,2015-12-28,36,0.266,0.481,,https://timor-pagi.example/fixture/metrik/2015-12-28,,2026-09-09,2026-09-09T00:00:00+07:00,2026-09-09T00:00:00+07:00,jonas,True
timor-pagi.example,Kupang,2016-01-04,49,0.232,0.621,,https://timor-pagi.example/fixture/metrik/2016-01-04,,2026-09-09,2026-09-09T00:00:00+07:00,2026-09-09T00:00:00+07:00,jonas,True
timor-pagi.example,Kupang,2016-01-11,35,0.26,0.446,,https://timor-pagi.example/fixture/metrik/2016-01-11,,2026-09-09,2026-09-09T00:00:00+07:00,2026-09-09T00:00:00+07:00,jonas,True
timor-pagi.example,Kupang,2016-01-18,37,0.239,0.488,,https://timor-pagi.example/fixture/metrik/2016-01-18,,2026-09-09,2026-09-09T00:00:00+07:00,2026-09-09T00:00:00+07:00,jonas,True
timor-pagi.example,Kupang,2016-01-25,42,0.235,0.547,,https://timor-pagi.example/fixture/metrik/2016-01-25,,2026-09-09,2026-09-09T00:00:00+07:00,2026-09-09T00:00:00+07:00,jonas,True
timor-pagi.example,Kupang,2016-02-01,45,0.235,0.494,,https://timor-pagi.example/fixture/metrik/2016-02-01,,2026-09-09,2026-09-09T00:00:00+07:00,2026-09-09T00:00:00+07:00,jonas,True
timor-pagi.example,Kupang,2016-02-08,25,0.227,0.467,,https://timor-pagi.example/fixture/metrik/2016-02-08,,2026-09-09,2026-09-09T00:00:00+07:00,2026-09-09T00:00:00+07:00,jonas,True
timor-pagi.example,Kupang,2016-02-15,31,0.177,0.563,,https://timor-pagi.example/fixture/metrik/2016-02-15,,2026-09-09,2026-09-09T00:00:00+07:00,2026-09-09T00:00:00+07:00,jonas,True
timor-pagi.example,Kupang,2016-02-22,25,0.246,0.423,,https://timor-pagi.example/fixture/metrik/2016-02-22,,2026-09-09,2026-09-09T00:00:00+07:00,2026-09-09T00:00:00+07:00,jonas,True
timor-pagi.example,Kupang,2016-02-29,39,0.274,0.451,,https://timor-pagi.example/fixture/metrik/2016-02-29,,2026-09-09,2026-09-09T00:00:00+07:00,2026-09-09T00:00:00+07:00,jonas,True
timor-pagi.example,Kupang,2016-03-07,39,0.196,0.521,,https://timor-pagi.example/fixture/metrik/2016-03-07,,2026-09-09,2026-09-09T00:00:00+07:00,2026-09-09T00:00:00+07:00,jonas,True
timor-pagi.example,Kupang,2016-03-14,32,0.26,0.42,,https://timor-pagi.example/fixture/metrik/2016-03-14,,2026-09-09,2026-09-09T00:00:00+07:00,2026-09-09T00:00:00+07:00,jonas,True
timor-pagi.example,Kupang,2016-03-21,37,0.276,0.58,,https://timor-pagi.example/fixture/metrik/2016-03-21,,2026-09-09,2026-09-09T00:00:00+07:00,2026-09-09T00:00:00+07:00,jonas,True
timor-pagi.example,Kupang,2016-03-28,41,0.242,0.518,,https://timor-pagi.example/fixture/metrik/2016-03-28,,2026-09-09,2026-09-09T00:00:00+07:00,2026-09-09T00:00:00+07:00,jonas,True
timor-pagi.example,Kupang,2016-04-04,30,0.234,0.525,,https://timor-pagi.example/fixture/metrik/2016-04-04,,2026-09-09,2026-09-09T00:00:00+07:00,2026-09-09T00:00:00+07:00,jonas,True
timor-pagi.example,Kupang,2016-04-11,23,0.235,0.55,,https://timor-pagi.example/fixture/metrik/2016-04-11,,2026-09-09,2026-09-09T00:00:00+07:00,2026-09-09T00:00:00+07:00,jonas,True
timor-pagi.example,Kupang,2016-04-18,35,0.237,0.537,,https://timor-pagi.example/fixture/metrik/2016-04-18,,2026-09-09,2026-09-09T00:00:00+07:00,2026-09-09T00:00:00+07:00,jonas,True
timor-pagi.example,Kupang,2016-04-25,34,0.211,0.449,,https://timor-pagi.example/fixture/metrik/2016-04-25,,2026-09-09,2026-09-09T00:00:00+07:00,2026-09-09T00:00:00+07:00,jonas,True
timor-pagi.example,Kupang,2016-05-02,30,0.206,0.423,,https://timor-pagi.example/fixture/metrik/2016-05-02,,2026-09-09,2026-09-09T00:00:00+07:00,2026-09-09T00:00:00+07:00,jonas,True
timor-pagi.example,Kupang,2016-05-09,36,0.199,0.469,,https://timor-pagi.example/fixture/metrik/2016-05-09,,2026-09-09,2026-09-09T00:00:00+07:00,2026-09-09T00:00:00+07:00,jonas,True
timor-pagi.example,Kupang,2016-05-16,43,0.267,0.439,,https://timor-pagi.example/fixture/metrik/2016-05-16,,2026-09-09,2026-09-09T00:00:00+07:00,2026-09-09T00:00:00+07:00,jonas,True
timor-pagi.example,Kupang,2016-05-23,34,0.196,0.454,,https://timor-pagi.example/fixture/metrik/2016-05-23,,2026-09-09,2026-09-09T00:00:00+07:00,2026-09-09T00:00:00+07:00,jonas,True
timor-pagi.example,Kupang,2016-05-30,45,0.24,0.474,,https://timor-pagi.example/fixture/metrik/2016-05-30,,2026-09-09,2026-09-09T00:00:00+07:00,2026-09-09T00:00:00+07:00,jonas,True
timor-pagi.example,Kupang,2016-06-06,41,0.208,0.458,,https://timor-pagi.example/fixture/metrik/2016-06-06,,2026-09-09,2026-09-09T00:00:00+07:00,2026-09-09T00:00:00+07:00,jonas,True
timor-pagi.example,Kupang,2016-06-13,48,0.202,0.44,,https://timor-pagi.example/fixture/metrik/2016-06-13,,2026-09-09,2026-09-09T00:00:00+07:00,2026-09-09T00:00:00+07:00,jonas,True
timor-pagi.example,Kupang,2016-06-20,43,0.256,0.527,,https://timor-pagi.example/fixture/metrik/2016-06-20,,2026-09-09,2026-09-09T00:00:00+07:00,2026-09-09T00:00:00+07:00,jonas,True
timor-pagi.example,Kupang,2016-06-27,41,0.264,0.506,,https://timor-pagi.example/fixture/metrik/2016-06-27,,2026-09-09,2026-09-09T00:00:00+07:00,2026-09-09T00:00:00+07:00,jonas,True
timor-pagi.example,Kupang,2016-07-04,38,0.215,0.403,,https://timor-pagi.example/fixture/metrik/2016-07-04,,2026-09-09,2026-09-09T00:00:00+07:00,2026-09-09T00:00:00+07:00,jonas,True
timor-pagi.example,Kupang,2016-07-11,34,0.27,0.439,,https://timor-pagi.example/fixture/metrik/2016-07-11,,2026-09-09,2026-09-09T00:00:00+07:00,2026-09-09T00:00:00+07:00,jonas,True
timor-pagi.example,Kupang,2016-07-18,36,0.301,0.484,,https://timor-pagi.example/fixture/metrik/2016-07-18,,2026-09-09,2026-09-09T00:00:00+07:00,2026-09-09T00:00:00+07:00,jonas,True
timor-pagi.example,Kupang,2016-07-25,37,0.267,0.524,,https://timor-pagi.example/fixture/metrik/2016-07-25,,2026-09-09,2026-09-09T00:00:00+07:00,2026-09-09T00:00:00+07:00,jonas,True
timor-pagi.example,Kupang,2016-08-01,43,0.239,0.491,,https://timor-pagi.example/fixture/metrik/2016-08-01,,2026-09-09,2026-09-09T00:00:00+07:00,2026-09-09T00:00:00+07:00,jonas,True
timor-pagi.example,Kupang,2016-08-08,42,0.181,0.614,,https://timor-pagi.example/fixture/metrik/2016-08-08,,2026-09-09,2026-09-09T00:00:00+07:00,2026-09-09T00:00:00+07:00,jonas,True
timor-pagi.example,Kupang,2016-08-15,39,0.253,0.557,,https://timor-pagi.example/fixture/metrik/2016-08-15,,2026-09-09,2026-09-09T00:00:00+07:00,2026-09-09T00:00:00+07:00,jonas,True
timor-pagi.example,Kupang,2016-08-22,36,0.229,0.478,,https://timor-pagi.example/fixture/metrik/2016-08-22,,2026-09-09,2026-09-09T00:00:00+07:00,2026-09-09T00:00:00+07:00,jonas,True
timor-pagi.example,Kupang,2016-08-29,34,0.217,0.502,,https://timor-pagi.example/fixture/metrik/2016-08-29,,2026-09-09,2026-09-09T00:00:00+07:00,2026-09-09T00:00:00+07:00,jonas,True
timor-pagi.example,Kupang,2016-09-05,40,0.208,0.553,,https://timor-pagi.example/fixture/metrik/2016-09-05,,2026-09-09,2026-09-09T00:00:00+07:00,2026-09-09T00:00:00+07:00,jonas,True
timor-pagi.example,Kupang,2016-09-12,41,0.262,0.459,,https://timor-pagi.example/fixture/metrik/2016-09-12,,2026-09-09,2026-09-09T00:00:00+07:00,2026-09-09T00:00:00+07:00,jonas,True
timor-pagi.example,Kupang,2016-09-19,28,0.276,0.6,,https://timor-pagi.example/fixture/metrik/2016-09-19,,2026-09-09,2026-09-09T00:00:00+07:00,2026-09-09T00:00:00+07:00,jonas,True
timor-pagi.example,Kupang,2016-09-26,32,0.215,0.472,,https://timor-pagi.example/fixture/metrik/2016-09-26,,2026-09-09,2026-09-09T00:00:00+07:00,2026-09-09T00:00:00+07:00,jonas,True
timor-pagi.example,Kupang,2016-10-03,26,0.212,0.539,,https://timor-pagi.example/fixture/metrik/2016-10-03,,2026-09-09,2026-09-09T00:00:00+07:00,2026-09-09T00:00:00+07:00,jonas,True
timor-pagi.example,Kupang,2016-10-10,45,0.25,0.463,,https://timor-pagi.example/fixture/metrik/2016-10-10,,2026-09-09,2026-09-09T00:00:00+07:00,2026-09-09T00:00:00+07:00,jonas,True
timor-pagi.example,Kupang,2016-10-17,45,0.224,0.471,,https://timor-pagi.example/fixture/metrik/2016-10-17,,2026-09-09,2026-09-09T00:00:00+07:00,2026-09-09T00:00:00+07:00,jonas,True
timor-pagi.example,Kupang,2016-10-24,38,0.257,0.46,,https://timor-pagi.example/fixture/metrik/2016-10-24,,2026-09-09,2026-09-09T00:00:00+07:00,2026-09-09T00:00:00+07:00,jonas,True
timor-pagi.example,Kupang,2016-10-31,33,0.246,0.581,,https://timor-pagi.example/fixture/metrik/2016-10-31,,2026-09-09,2026-09-09T00:00:00+07:00,2026-09-09T00:00:00+07:00,jonas,True
timor-pagi.example,Kupang,2016-11-07,30,0.269,0.448,,https://timor-pagi.example/fixture/metrik/2016-11-07,,2026-09-09,2026-09-09T00:00:00+07:00,2026-09-09T00:00:00+07:00,jonas,True
timor-pagi.example,Kupang,2016-11-14,33,0.257,0.467,,https://timor-pagi.example/fixture/metrik/2016-11-14,,2026-09-09,2026-09-09T00:00:00+07:00,2026-09-09T00:00:00+07:00,jonas,True
timor-pagi.example,Kupang,2016-11-21,49,0.263,0.518,,https://timor-pagi.example/fixture/metrik/2016-11-21,,2026-09-09,2026-09-09T00:00:00+07:00,2026-09-09T00:00:00+07:00,jonas,True
timor-pagi.example,Kupang,2016-11-28,35,0.234,0.409,,https://timor-pagi.example/fixture/metrik/2016-11-28,,2026-09-09,2026-09-09T00:00:00+07:00,2026-09-09T00:00:00+07:00,jonas,True
timor-pagi.example,Kupang,2016-12-05,43,0.193,0.524,,https://timor-pagi.example/fixture/metrik/2016-12-05,,2026-09-09,2026-09-09T00:00:00+07:00,2026-09-09T00:00:00+07:00,jonas,True
timor-pagi.example,Kupang,2016-12-12,44,0.265,0.524,,https://timor-pagi.example/fixture/metrik/2016-12-12,,2026-09-09,2026-09-09T00:00:00+07:00,2026-09-09T00:00:00+07:00,jonas,True
timor-pagi.example,Kupang,2016-12-19,38,0.246,0.609,,https://timor-pagi.example/fixture/metrik/2016-12-19,,2026-09-09,2026-09-09T00:00:00+07:00,2026-09-09T00:00:00+07:00,jonas,True
timor-pagi.example,Kupang,2016-12-26,37,0.236,0.472,,https://timor-pagi.example/fixture/metrik/2016-12-26,,2026-09-09,2026-09-09T00:00:00+07:00,2026-09-09T00:00:00+07:00,jonas,True
timor-pagi.example,Kupang,2017-01-02,32,0.219,0.537,,https://timor-pagi.example/fixture/metrik/2017-01-02,,2026-09-09,2026-09-09T00:00:00+07:00,2026-09-09T00:00:00+07:00,jonas,True
timor-pagi.example,Kupang,2017-01-09,36,0.223,0.473,,https://timor-pagi.example/fixture/metrik/2017-01-09,,2026-09-09,2026-09-09T00:00:00+07:00,2026-09-09T00:00:00+07:00,jonas,True
timor-pagi.example,Kupang,2017-01-16,46,0.25,0.446,,https://timor-pagi.example/fixture/metrik/2017-01-16,,2026-09-09,2026-09-09T00:00:00+07:00,2026-09-09T00:00:00+07:00,jonas,True
timor-pagi.example,Kupang,2017-01-23,31,0.196,0.477,,https://timor-pagi.example/fixture/metrik/2017-01-23,,2026-09-09,2026-09-09T00:00:00+07:00,2026-09-09T00:00:00+07:00,jonas,True
timor-pagi.example,Kupang,2017-01-30,48,0.261,0.48,,https://timor-pagi.example/fixture/metrik/2017-01-30,,2026-09-09,2026-09-09T00:00:00+07:00,2026-09-09T00:00:00+07:00,jonas,True
timor-pagi.example,Kupang,2017-02-06,31,0.266,0.442,,https://timor-pagi.example/fixture/metrik/2017-02-06,,2026-09-09,2026-09-09T00:00:00+07:00,2026-09-09T00:00:00+07:00,jonas,True
timor-pagi.example,Kupang,2017-02-13,42,0.228,0.443,,https://timor-pagi.example/fixture/metrik/2017-02-13,,2026-09-09,2026-09-09T00:00:00+07:00,2026-09-09T00:00:00+07:00,jonas,True
timor-pagi.example,Kupang,2017-02-20,37,0.255,0.517,,https://timor-pagi.example/fixture/metrik/2017-02-20,,2026-09-09,2026-09-09T00:00:00+07:00,2026-09-09T00:00:00+07:00,jonas,True
timor-pagi.example,Kupang,2017-02-27,35,0.236,0.559,,https://timor-pagi.example/fixture/metrik/2017-02-27,,2026-09-09,2026-09-09T00:00:00+07:00,2026-09-09T00:00:00+07:00,jonas,True
timor-pagi.example,Kupang,2017-03-06,34,0.195,0.516,,https://timor-pagi.example/fixture/metrik/2017-03-06,,2026-09-09,2026-09-09T00:00:00+07:00,2026-09-09T00:00:00+07:00,jonas,True
timor-pagi.example,Kupang,2017-03-13,48,0.271,0.427,,https://timor-pagi.example/fixture/metrik/2017-03-13,,2026-09-09,2026-09-09T00:00:00+07:00,2026-09-09T00:00:00+07:00,jonas,True
timor-pagi.example,Kupang,2017-03-20,42,0.178,0.466,,https://timor-pagi.example/fixture/metrik/2017-03-20,,2026-09-09,2026-09-09T00:00:00+07:00,2026-09-09T00:00:00+07:00,jonas,True
timor-pagi.example,Kupang,2017-03-27,33,0.276,0.495,,https://timor-pagi.example/fixture/metrik/2017-03-27,,2026-09-09,2026-09-09T00:00:00+07:00,2026-09-09T00:00:00+07:00,jonas,True
timor-pagi.example,Kupang,2017-04-03,31,0.235,0.553,,https://timor-pagi.example/fixture/metrik/2017-04-03,,2026-09-09,2026-09-09T00:00:00+07:00,2026-09-09T00:00:00+07:00,jonas,True
timor-pagi.example,Kupang,2017-04-10,38,0.262,0.521,,https://timor-pagi.example/fixture/metrik/2017-04-10,,2026-09-09,2026-09-09T00:00:00+07:00,2026-09-09T00:00:00+07:00,jonas,True
timor-pagi.example,Kupang,2017-04-17,50,0.219,0.474,,https://timor-pagi.example/fixture/metrik/2017-04-17,,2026-09-09,2026-09-09T00:00:00+07:00,2026-09-09T00:00:00+07:00,jonas,True
timor-pagi.example,Kupang,2017-04-24,44,0.22,0.508,,https://timor-pagi.example/fixture/metrik/2017-04-24,,2026-09-09,2026-09-09T00:00:00+07:00,2026-09-09T00:00:00+07:00,jonas,True
timor-pagi.example,Kupang,2017-05-01,41,0.264,0.522,,https://timor-pagi.example/fixture/metrik/2017-05-01,,2026-09-09,2026-09-09T00:00:00+07:00,2026-09-09T00:00:00+07:00,jonas,True
timor-pagi.example,Kupang,2017-05-08,54,0.226,0.457,,https://timor-pagi.example/fixture/metrik/2017-05-08,,2026-09-09,2026-09-09T00:00:00+07:00,2026-09-09T00:00:00+07:00,jonas,True
timor-pagi.example,Kupang,2017-05-15,16,0.267,0.425,,https://timor-pagi.example/fixture/metrik/2017-05-15,,2026-09-09,2026-09-09T00:00:00+07:00,2026-09-09T00:00:00+07:00,jonas,True
timor-pagi.example,Kupang,2017-05-22,23,0.199,0.409,,https://timor-pagi.example/fixture/metrik/2017-05-22,,2026-09-09,2026-09-09T00:00:00+07:00,2026-09-09T00:00:00+07:00,jonas,True
timor-pagi.example,Kupang,2017-05-29,40,0.256,0.427,,https://timor-pagi.example/fixture/metrik/2017-05-29,,2026-09-09,2026-09-09T00:00:00+07:00,2026-09-09T00:00:00+07:00,jonas,True
timor-pagi.example,Kupang,2017-06-05,45,0.197,0.545,,https://timor-pagi.example/fixture/metrik/2017-06-05,,2026-09-09,2026-09-09T00:00:00+07:00,2026-09-09T00:00:00+07:00,jonas,True
timor-pagi.example,Kupang,2017-06-12,31,0.231,0.468,,https://timor-pagi.example/fixture/metrik/2017-06-12,,2026-09-09,2026-09-09T00:00:00+07:00,2026-09-09T00:00:00+07:00,jonas,True
timor-pagi.example,Kupang,2017-06-19,19,0.172,0.574,,https://timor-pagi.example/fixture/metrik/2017-06-19,,2026-09-09,2026-09-09T00:00:00+07:00,2026-09-09T00:00:00+07:00,jonas,True
timor-pagi.example,Kupang,2017-06-26,45,0.222,0.462,,https://timor-pagi.example/fixture/metrik/2017-06-26,,2026-09-09,2026-09-09T00:00:00+07:00,2026-09-09T00:00:00+07:00,jonas,True
timor-pagi.example,Kupang,2017-07-03,42,0.281,0.398,,https://timor-pagi.example/fixture/metrik/2017-07-03,,2026-09-09,2026-09-09T00:00:00+07:00,2026-09-09T00:00:00+07:00,jonas,True
timor-pagi.example,Kupang,2017-07-10,38,0.232,0.522,,https://timor-pagi.example/fixture/metrik/2017-07-10,,2026-09-09,2026-09-09T00:00:00+07:00,2026-09-09T00:00:00+07:00,jonas,True
timor-pagi.example,Kupang,2017-07-17,36,0.262,0.525,,https://timor-pagi.example/fixture/metrik/2017-07-17,,2026-09-09,2026-09-09T00:00:00+07:00,2026-09-09T00:00:00+07:00,jonas,True
timor-pagi.example,Kupang,2017-07-24,45,0.235,0.511,,https://timor-pagi.example/fixture/metrik/2017-07-24,,2026-09-09,2026-09-09T00:00:00+07:00,2026-09-09T00:00:00+07:00,jonas,True
timor-pagi.example,Kupang,2017-07-31,38,0.313,0.521,,https://timor-pagi.example/fixture/metrik/2017-07-31,,2026-09-09,2026-09-09T00:00:00+07:00,2026-09-09T00:00:00+07:00,jonas,True
timor-pagi.example,Kupang,2017-08-07,27,0.27,0.489,,https://timor-pagi.example/fixture/metrik/2017-08-07,,2026-09-09,2026-09-09T00:00:00+07:00,2026-09-09T00:00:00+07:00,jonas,True
timor-pagi.example,Kupang,2017-08-14,45,0.295,0.562,,https://timor-pagi.example/fixture/metrik/2017-08-14,,2026-09-09,2026-09-09T00:00:00+07:00,2026-09-09T00:00:00+07:00,jonas,True
timor-pagi.example,Kupang,2017-08-21,38,0.25,0.533,,https://timor-pagi.example/fixture/metrik/2017-08-21,,2026-09-09,2026-09-09T00:00:00+07:00,2026-09-09T00:00:00+07:00,jonas,True
timor-pagi.example,Kupang,2017-08-28,33,0.253,0.558,,https://timor-pagi.example/fixture/metrik/2017-08-28,,2026-09-09,2026-09-09T00:00:00+07:00,2026-09-09T00:00:00+07:00,jefri,True
timor-pagi.example,Kupang,2017-09-04,25,0.247,0.447,,https://timor-pagi.example/fixture/metrik/2017-09-04,,2026-09-09,2026-09-09T00:00:00+07:00,2026-09-09T00:00:00+07:00,jefri,True
timor-pagi.example,Kupang,2017-09-11,41,0.294,0.497,,https://timor-pagi.example/fixture/metrik/2017-09-11,,2026-09-09,2026-09-09T00:00:00+07:00,2026-09-09T00:00:00+07:00,jefri,True
timor-pagi.example,Kupang,2017-09-18,44,0.265,0.538,,https://timor-pagi.example/fixture/metrik/2017-09-18,,2026-09-09,2026-09-09T00:00:00+07:00,2026-09-09T00:00:00+07:00,jefri,True
timor-pagi.example,Kupang,2017-09-25,35,0.257,0.558,,https://timor-pagi.example/fixture/metrik/2017-09-25,,2026-09-09,2026-09-09T00:00:00+07:00,2026-09-09T00:00:00+07:00,jefri,True
timor-pagi.example,Kupang,2017-10-02,34,0.233,0.473,,https://timor-pagi.example/fixture/metrik/2017-10-02,,2026-09-09,2026-09-09T00:00:00+07:00,2026-09-09T00:00:00+07:00,jefri,True
timor-pagi.example,Kupang,2017-10-09,40,0.203,0.475,,https://timor-pagi.example/fixture/metrik/2017-10-09,,2026-09-09,2026-09-09T00:00:00+07:00,2026-09-09T00:00:00+07:00,jefri,True
timor-pagi.example,Kupang,2017-10-16,37,0.271,0.403,,https://timor-pagi.example/fixture/metrik/2017-10-16,,2026-09-09,2026-09-09T00:00:00+07:00,2026-09-09T00:00:00+07:00,jefri,True
timor-pagi.example,Kupang,2017-10-23,36,0.234,0.461,,https://timor-pagi.example/fixture/metrik/2017-10-23,,2026-09-09,2026-09-09T00:00:00+07:00,2026-09-09T00:00:00+07:00,jefri,True
timor-pagi.example,Kupang,2017-10-30,47,0.22,0.441,,https://timor-pagi.example/fixture/metrik/2017-10-30,,2026-09-09,2026-09-09T00:00:00+07:00,2026-09-09T00:00:00+07:00,jefri,True
timor-pagi.example,Kupang,2017-11-06,44,0.231,0.49,,https://timor-pagi.example/fixture/metrik/2017-11-06,,2026-09-09,2026-09-09T00:00:00+07:00,2026-09-09T00:00:00+07:00,jefri,True
timor-pagi.example,Kupang,2017-11-13,35,0.216,0.507,,https://timor-pagi.example/fixture/metrik/2017-11-13,,2026-09-09,2026-09-09T00:00:00+07:00,2026-09-09T00:00:00+07:00,jefri,True
timor-pagi.example,Kupang,2017-11-20,39,0.164,0.542,,https://timor-pagi.example/fixture/metrik/2017-11-20,,2026-09-09,2026-09-09T00:00:00+07:00,2026-09-09T00:00:00+07:00,jefri,True
timor-pagi.example,Kupang,2017-11-27,31,0.256,0.423,,https://timor-pagi.example/fixture/metrik/2017-11-27,,2026-09-09,2026-09-09T00:00:00+07:00,2026-09-09T00:00:00+07:00,jefri,True
timor-pagi.example,Kupang,2017-12-04,39,0.267,0.471,,https://timor-pagi.example/fixture/metrik/2017-12-04,,2026-09-09,2026-09-09T00:00:00+07:00,2026-09-09T00:00:00+07:00,jefri,True
timor-pagi.example,Kupang,2017-12-11,40,0.236,0.465,,https://timor-pagi.example/fixture/metrik/2017-12-11,,2026-09-09,2026-09-09T00:00:00+07:00,2026-09-09T00:00:00+07:00,jefri,True
timor-pagi.example,Kupang,2017-12-18,27,0.232,0.479,,https://timor-pagi.example/fixture/metrik/2017-12-18,,2026-09-09,2026-09-09T00:00:00+07:00,2026-09-09T00:00:00+07:00,jefri,True
timor-pagi.example,Kupang,2017-12-25,47,0.193,0.507,,https://timor-pagi.example/fixture/metrik/2017-12-25,,2026-09-09,2026-09-09T00:00:00+07:00,2026-09-09T00:00:00+07:00,jefri,True
timor-pagi.example,Kupang,2018-01-01,34,0.296,0.572,,https://timor-pagi.example/fixture/metrik/2018-01-01,,2026-09-09,2026-09-09T00:00:00+07:00,2026-09-09T00:00:00+07:00,jefri,True
timor-pagi.example,Kupang,2018-01-08,46,0.285,0.477,,https://timor-pagi.example/fixture/metrik/2018-01-08,,2026-09-09,2026-09-09T00:00:00+07:00,2026-09-09T00:00:00+07:00,jefri,True
timor-pagi.example,Kupang,2018-01-15,27,0.252,0.544,,https://timor-pagi.example/fixture/metrik/2018-01-15,,2026-09-09,2026-09-09T00:00:00+07:00,2026-09-09T00:00:00+07:00,jefri,True
timor-pagi.example,Kupang,2018-01-22,25,0.184,0.552,,https://timor-pagi.example/fixture/metrik/2018-01-22,,2026-09-09,2026-09-09T00:00:00+07:00,2026-09-09T00:00:00+07:00,jefri,True
timor-pagi.example,Kupang,2018-01-29,48,0.211,0.542,,https://timor-pagi.example/fixture/metrik/2018-01-29,,2026-09-09,2026-09-09T00:00:00+07:00,2026-09-09T00:00:00+07:00,jefri,True
timor-pagi.example,Kupang,2018-02-05,27,0.277,0.563,,https://timor-pagi.example/fixture/metrik/2018-02-05,,2026-09-09,2026-09-09T00:00:00+07:00,2026-09-09T00:00:00+07:00,jefri,True
timor-pagi.example,Kupang,2018-02-12,27,0.24,0.493,,https://timor-pagi.example/fixture/metrik/2018-02-12,,2026-09-09,2026-09-09T00:00:00+07:00,2026-09-09T00:00:00+07:00,jefri,True
timor-pagi.example,Kupang,2018-02-19,27,0.17,0.477,,https://timor-pagi.example/fixture/metrik/2018-02-19,,2026-09-09,2026-09-09T00:00:00+07:00,2026-09-09T00:00:00+07:00,jefri,True
timor-pagi.example,Kupang,2018-02-26,30,0.265,0.468,,https://timor-pagi.example/fixture/metrik/2018-02-26,,2026-09-09,2026-09-09T00:00:00+07:00,2026-09-09T00:00:00+07:00,jefri,True
timor-pagi.example,Kupang,2018-03-05,47,0.274,0.524,,https://timor-pagi.example/fixture/metrik/2018-03-05,,2026-09-09,2026-09-09T00:00:00+07:00,2026-09-09T00:00:00+07:00,jefri,True
timor-pagi.example,Kupang,2018-03-12,37,0.237,0.465,,https://timor-pagi.example/fixture/metrik/2018-03-12,,2026-09-09,2026-09-09T00:00:00+07:00,2026-09-09T00:00:00+07:00,jefri,True
timor-pagi.example,Kupang,2018-03-19,38,0.28,0.541,,https://timor-pagi.example/fixture/metrik/2018-03-19,,2026-09-09,2026-09-09T00:00:00+07:00,2026-09-09T00:00:00+07:00,jefri,True
timor-pagi.example,Kupang,2018-03-26,32,0.239,0.436,,https://timor-pagi.example/fixture/metrik/2018-03-26,,2026-09-09,2026-09-09T00:00:00+07:00,2026-09-09T00:00:00+07:00,jefri,True
timor-pagi.example,Kupang,2018-04-02,24,0.217,0.454,,https://timor-pagi.example/fixture/metrik/2018-04-02,,2026-09-09,2026-09-09T00:00:00+07:00,2026-09-09T00:00:00+07:00,jefri,True
timor-pagi.example,Kupang,2018-04-09,25,0.268,0.429,,https://timor-pagi.example/fixture/metrik/2018-04-09,,2026-09-09,2026-09-09T00:00:00+07:00,2026-09-09T00:00:00+07:00,jefri,True
timor-pagi.example,Kupang,2018-04-16,42,0.235,0.507,,https://timor-pagi.example/fixture/metrik/2018-04-16,,2026-09-09,2026-09-09T00:00:00+07:00,2026-09-09T00:00:00+07:00,jefri,True
timor-pagi.example,Kupang,2018-04-23,42,0.212,0.491,,https://timor-pagi.example/fixture/metrik/2018-04-23,,2026-09-09,2026-09-09T00:00:00+07:00,2026-09-09T00:00:00+07:00,jefri,True
timor-pagi.example,Kupang,2018-04-30,35,0.191,0.349,,https://timor-pagi.example/fixture/metrik/2018-04-30,,2026-09-09,2026-09-09T00:00:00+07:00,2026-09-09T00:00:00+07:00,jefri,True
timor-pagi.example,Kupang,2018-05-07,35,0.231,0.479,,https://timor-pagi.example/fixture/metrik/2018-05-07,,2026-09-09,2026-09-09T00:00:00+07:00,2026-09-09T00:00:00+07:00,jefri,True
timor-pagi.example,Kupang,2018-05-14,36,0.266,0.531,,https://timor-pagi.example/fixture/metrik/2018-05-14,,2026-09-09,2026-09-09T00:00:00+07:00,2026-09-09T00:00:00+07:00,jefri,True
timor-pagi.example,Kupang,2018-05-21,36,0.236,0.454,,https://timor-pagi.example/fixture/metrik/2018-05-21,,2026-09-09,2026-09-09T00:00:00+07:00,2026-09-09T00:00:00+07:00,jefri,True
timor-pagi.example,Kupang,2018-05-28,52,0.262,0.479,,https://timor-pagi.example/fixture/metrik/2018-05-28,,2026-09-09,2026-09-09T00:00:00+07:00,2026-09-09T00:00:00+07:00,jefri,True
timor-pagi.example,Kupang,2018-06-04,52,0.218,0.4,,https://timor-pagi.example/fixture/metrik/2018-06-04,,2026-09-09,2026-09-09T00:00:00+07:00,2026-09-09T00:00:00+07:00,jefri,True
timor-pagi.example,Kupang,2018-06-11,38,0.215,0.434,,https://timor-pagi.example/fixture/metrik/2018-06-11,,2026-09-09,2026-09-09T00:00:00+07:00,2026-09-09T00:00:00+07:00,jefri,True
timor-pagi.example,Kupang,2018-06-18,37,0.289,0.428,,https://timor-pagi.example/fixture/metrik/2018-06-18,,2026-09-09,2026-09-09T00:00:00+07:00,2026-09-09T00:00:00+07:00,jefri,True
timor-pagi.example,Kupang,2018-06-25,47,0.216,0.469,,https://timor-pagi.example/fixture/metrik/2018-06-25,,2026-09-09,2026-09-09T00:00:00+07:00,2026-09-09T00:00:00+07:00,jefri,True
timor-pagi.example,Kupang,2018-07-02,38,0.218,0.419,,https://timor-pagi.example/fixture/metrik/2018-07-02,,2026-09-09,2026-09-09T00:00:00+07:00,2026-09-09T00:00:00+07:00,jefri,True
timor-pagi.example,Kupang,2018-07-09,52,0.26,0.417,,https://timor-pagi.example/fixture/metrik/2018-07-09,,2026-09-09,2026-09-09T00:00:00+07:00,2026-09-09T00:00:00+07:00,jefri,True
timor-pagi.example,Kupang,2018-07-16,30,0.261,0.437,,https://timor-pagi.example/fixture/metrik/2018-07-16,,2026-09-09,2026-09-09T00:00:00+07:00,2026-09-09T00:00:00+07:00,jefri,True
timor-pagi.example,Kupang,2018-07-23,37,0.296,0.43,,https://timor-pagi.example/fixture/metrik/2018-07-23,,2026-09-09,2026-09-09T00:00:00+07:00,2026-09-09T00:00:00+07:00,jefri,True
timor-pagi.example,Kupang,2018-07-30,38,0.257,0.488,,https://timor-pagi.example/fixture/metrik/2018-07-30,,2026-09-09,2026-09-09T00:00:00+07:00,2026-09-09T00:00:00+07:00,jefri,True
timor-pagi.example,Kupang,2018-08-06,35,0.252,0.475,,https://timor-pagi.example/fixture/metrik/2018-08-06,,2026-09-09,2026-09-09T00:00:00+07:00,2026-09-09T00:00:00+07:00,jefri,True
timor-pagi.example,Kupang,2018-08-13,41,0.264,0.487,,https://timor-pagi.example/fixture/metrik/2018-08-13,,2026-09-09,2026-09-09T00:00:00+07:00,2026-09-09T00:00:00+07:00,jefri,True
timor-pagi.example,Kupang,2018-08-20,36,0.311,0.489,,https://timor-pagi.example/fixture/metrik/2018-08-20,,2026-09-09,2026-09-09T00:00:00+07:00,2026-09-09T00:00:00+07:00,jefri,True
timor-pagi.example,Kupang,2018-08-27,39,0.235,0.519,,https://timor-pagi.example/fixture/metrik/2018-08-27,,2026-09-09,2026-09-09T00:00:00+07:00,2026-09-09T00:00:00+07:00,jefri,True
timor-pagi.example,Kupang,2018-09-03,36,0.237,0.413,,https://timor-pagi.example/fixture/metrik/2018-09-03,,2026-09-09,2026-09-09T00:00:00+07:00,2026-09-09T00:00:00+07:00,jefri,True
timor-pagi.example,Kupang,2018-09-10,36,0.205,0.514,,https://timor-pagi.example/fixture/metrik/2018-09-10,,2026-09-09,2026-09-09T00:00:00+07:00,2026-09-09T00:00:00+07:00,jefri,True
timor-pagi.example,Kupang,2018-09-17,33,0.246,0.498,,https://timor-pagi.example/fixture/metrik/2018-09-17,,2026-09-09,2026-09-09T00:00:00+07:00,2026-09-09T00:00:00+07:00,jefri,True
timor-pagi.example,Kupang,2018-09-24,49,0.244,0.548,,https://timor-pagi.example/fixture/metrik/2018-09-24,,2026-09-09,2026-09-09T00:00:00+07:00,2026-09-09T00:00:00+07:00,jefri,True
timor-pagi.example,Kupang,2018-10-01,44,0.229,0.568,,https://timor-pagi.example/fixture/metrik/2018-10-01,,2026-09-09,2026-09-09T00:00:00+07:00,2026-09-09T00:00:00+07:00,jefri,True
timor-pagi.example,Kupang,2018-10-08,53,0.169,0.461,,https://timor-pagi.example/fixture/metrik/2018-10-08,,2026-09-09,2026-09-09T00:00:00+07:00,2026-09-09T00:00:00+07:00,jefri,True
timor-pagi.example,Kupang,2018-10-15,32,0.267,0.485,,https://timor-pagi.example/fixture/metrik/2018-10-15,,2026-09-09,2026-09-09T00:00:00+07:00,2026-09-09T00:00:00+07:00,jefri,True
timor-pagi.example,Kupang,2018-10-22,41,0.186,0.466,,https://timor-pagi.example/fixture/metrik/2018-10-22,,2026-09-09,2026-09-09T00:00:00+07:00,2026-09-09T00:00:00+07:00,jefri,True
timor-pagi.example,Kupang,2018-10-29,38,0.268,0.518,,https://timor-pagi.example/fixture/metrik/2018-10-29,,2026-09-09,2026-09-09T00:00:00+07:00,2026-09-09T00:00:00+07:00,jefri,True
timor-pagi.example,Kupang,2018-11-05,45,0.221,0.469,,https://timor-pagi.example/fixture/metrik/2018-11-05,,2026-09-09,2026-09-09T00:00:00+07:00,2026-09-09T00:00:00+07:00,jefri,True
timor-pagi.example,Kupang,2018-11-12,33,0.215,0.546,,https://timor-pagi.example/fixture/metrik/2018-11-12,,2026-09-09,2026-09-09T00:00:00+07:00,2026-09-09T00:00:00+07:00,jefri,True
timor-pagi.example,Kupang,2018-11-19,46,0.217,0.504,,https://timor-pagi.example/fixture/metrik/2018-11-19,,2026-09-09,2026-09-09T00:00:00+07:00,2026-09-09T00:00:00+07:00,jefri,True
timor-pagi.example,Kupang,2018-11-26,40,0.24,0.529,,https://timor-pagi.example/fixture/metrik/2018-11-26,,2026-09-09,2026-09-09T00:00:00+07:00,2026-09-09T00:00:00+07:00,jefri,True
timor-pagi.example,Kupang,2018-12-03,26,0.274,0.487,,https://timor-pagi.example/fixture/metrik/2018-12-03,,2026-09-09,2026-09-09T00:00:00+07:00,2026-09-09T00:00:00+07:00,jefri,True
timor-pagi.example,Kupang,2018-12-10,45,0.305,0.492,,https://timor-pagi.example/fixture/metrik/2018-12-10,,2026-09-09,2026-09-09T00:00:00+07:00,2026-09-09T00:00:00+07:00,jefri,True
timor-pagi.example,Kupang,2018-12-17,26,0.211,0.522,,https://timor-pagi.example/fixture/metrik/2018-12-17,,2026-09-09,2026-09-09T00:00:00+07:00,2026-09-09T00:00:00+07:00,jefri,True
timor-pagi.example,Kupang,2018-12-24,36,0.217,0.491,,https://timor-pagi.example/fixture/metrik/2018-12-24,,2026-09-09,2026-09-09T00:00:00+07:00,2026-09-09T00:00:00+07:00,jefri,True
timor-pagi.example,Kupang,2018-12-31,31,0.223,0.405,,https://timor-pagi.example/fixture/metrik/2018-12-31,,2026-09-09,2026-09-09T00:00:00+07:00,2026-09-09T00:00:00+07:00,jefri,True
timor-pagi.example,Kupang,2019-01-07,24,0.176,0.415,,https://timor-pagi.example/fixture/metrik/2019-01-07,,2026-09-09,2026-09-09T00:00:00+07:00,2026-09-09T00:00:00+07:00,jefri,True
timor-pagi.example,Kupang,2019-01-14,39,0.205,0.443,,https://timor-pagi.example/fixture/metrik/2019-01-14,,2026-09-09,2026-09-09T00:00:00+07:00,2026-09-09T00:00:00+07:00,jefri,True
timor-pagi.example,Kupang,2019-01-21,44,0.265,0.546,,https://timor-pagi.example/fixture/metrik/2019-01-21,,2026-09-09,2026-09-09T00:00:00+07:00,2026-09-09T00:00:00+07:00,jefri,True
timor-pagi.example,Kupang,2019-01-28,38,0.305,0.491,,https://timor-pagi.example/fixture/metrik/2019-01-28,,2026-09-09,2026-09-09T00:00:00+07:00,2026-09-09T00:00:00+07:00,jefri,True
timor-pagi.example,Kupang,2019-02-04,43,0.265,0.447,,https://timor-pagi.example/fixture/metrik/2019-02-04,,2026-09-09,2026-09-09T00:00:00+07:00,2026-09-09T00:00:00+07:00,jefri,True
timor-pagi.example,Kupang,2019-02-11,33,0.17,0.448,,https://timor-pagi.example/fixture/metrik/2019-02-11,,2026-09-09,2026-09-09T00:00:00+07:00,2026-09-09T00:00:00+07:00,jefri,True
timor-pagi.example,Kupang,2019-02-18,35,0.244,0.453,,https://timor-pagi.example/fixture/metrik/2019-02-18,,2026-09-09,2026-09-09T00:00:00+07:00,2026-09-09T00:00:00+07:00,jefri,True
timor-pagi.example,Kupang,2019-02-25,37,0.206,0.413,,https://timor-pagi.example/fixture/metrik/2019-02-25,,2026-09-09,2026-09-09T00:00:00+07:00,2026-09-09T00:00:00+07:00,jefri,True
timor-pagi.example,Kupang,2019-03-04,32,0.276,0.516,,https://timor-pagi.example/fixture/metrik/2019-03-04,,2026-09-09,2026-09-09T00:00:00+07:00,2026-09-09T00:00:00+07:00,jefri,True
timor-pagi.example,Kupang,2019-03-11,33,0.193,0.453,,https://timor-pagi.example/fixture/metrik/2019-03-11,,2026-09-09,2026-09-09T00:00:00+07:00,2026-09-09T00:00:00+07:00,jefri,True
timor-pagi.example,Kupang,2019-03-18,47,0.206,0.475,,https://timor-pagi.example/fixture/metrik/2019-03-18,,2026-09-09,2026-09-09T00:00:00+07:00,2026-09-09T00:00:00+07:00,jefri,True
timor-pagi.example,Kupang,2019-03-25,41,0.238,0.397,,https://timor-pagi.example/fixture/metrik/2019-03-25,,2026-09-09,2026-09-09T00:00:00+07:00,2026-09-09T00:00:00+07:00,jefri,True
timor-pagi.example,Kupang,2019-04-01,39,0.286,0.545,,https://timor-pagi.example/fixture/metrik/2019-04-01,,2026-09-09,2026-09-09T00:00:00+07:00,2026-09-09T00:00:00+07:00,jefri,True
timor-pagi.example,Kupang,2019-04-08,38,0.253,0.435,,https://timor-pagi.example/fixture/metrik/2019-04-08,,2026-09-09,2026-09-09T00:00:00+07:00,2026-09-09T00:00:00+07:00,jefri,True
timor-pagi.example,Kupang,2019-04-15,33,0.256,0.51,,https://timor-pagi.example/fixture/metrik/2019-04-15,,2026-09-09,2026-09-09T00:00:00+07:00,2026-09-09T00:00:00+07:00,jefri,True
timor-pagi.example,Kupang,2019-04-22,39,0.259,0.415,,https://timor-pagi.example/fixture/metrik/2019-04-22,,2026-09-09,2026-09-09T00:00:00+07:00,2026-09-09T00:00:00+07:00,jefri,True
timor-pagi.example,Kupang,2019-04-29,35,0.224,0.591,,https://timor-pagi.example/fixture/metrik/2019-04-29,,2026-09-09,2026-09-09T00:00:00+07:00,2026-09-09T00:00:00+07:00,jefri,True
timor-pagi.example,Kupang,2019-05-06,34,0.211,0.49,,https://timor-pagi.example/fixture/metrik/2019-05-06,,2026-09-09,2026-09-09T00:00:00+07:00,2026-09-09T00:00:00+07:00,jefri,True
timor-pagi.example,Kupang,2019-05-13,38,0.217,0.401,,https://timor-pagi.example/fixture/metrik/2019-05-13,,2026-09-09,2026-09-09T00:00:00+07:00,2026-09-09T00:00:00+07:00,jefri,True
timor-pagi.example,Kupang,2019-05-20,35,0.213,0.441,,https://timor-pagi.example/fixture/metrik/2019-05-20,,2026-09-09,2026-09-09T00:00:00+07:00,2026-09-09T00:00:00+07:00,jefri,True
timor-pagi.example,Kupang,2019-05-27,42,0.259,0.447,,https://timor-pagi.example/fixture/metrik/2019-05-27,,2026-09-09,2026-09-09T00:00:00+07:00,2026-09-09T00:00:00+07:00,jefri,True
timor-pagi.example,Kupang,2019-06-03,46,0.232,0.481,,https://timor-pagi.example/fixture/metrik/2019-06-03,,2026-09-09,2026-09-09T00:00:00+07:00,2026-09-09T00:00:00+07:00,jefri,True
timor-pagi.example,Kupang,2019-06-10,34,0.187,0.51,,https://timor-pagi.example/fixture/metrik/2019-06-10,,2026-09-09,2026-09-09T00:00:00+07:00,2026-09-09T00:00:00+07:00,jefri,True
timor-pagi.example,Kupang,2019-06-17,47,0.189,0.493,,https://timor-pagi.example/fixture/metrik/2019-06-17,,2026-09-09,2026-09-09T00:00:00+07:00,2026-09-09T00:00:00+07:00,jefri,True
timor-pagi.example,Kupang,2019-06-24,43,0.277,0.566,,https://timor-pagi.example/fixture/metrik/2019-06-24,,2026-09-09,2026-09-09T00:00:00+07:00,2026-09-09T00:00:00+07:00,jefri,True
timor-pagi.example,Kupang,2019-07-01,41,0.241,0.505,,https://timor-pagi.example/fixture/metrik/2019-07-01,,2026-09-09,2026-09-09T00:00:00+07:00,2026-09-09T00:00:00+07:00,jefri,True
timor-pagi.example,Kupang,2019-07-08,34,0.264,0.471,,https://timor-pagi.example/fixture/metrik/2019-07-08,,2026-09-09,2026-09-09T00:00:00+07:00,2026-09-09T00:00:00+07:00,jefri,True
timor-pagi.example,Kupang,2019-07-15,45,0.194,0.62,,https://timor-pagi.example/fixture/metrik/2019-07-15,,2026-09-09,2026-09-09T00:00:00+07:00,2026-09-09T00:00:00+07:00,jefri,True
timor-pagi.example,Kupang,2019-07-22,42,0.19,0.51,,https://timor-pagi.example/fixture/metrik/2019-07-22,,2026-09-09,2026-09-09T00:00:00+07:00,2026-09-09T00:00:00+07:00,jefri,True
timor-pagi.example,Kupang,2019-07-29,43,0.233,0.53,,https://timor-pagi.example/fixture/metrik/2019-07-29,,2026-09-09,2026-09-09T00:00:00+07:00,2026-09-09T00:00:00+07:00,jefri,True
timor-pagi.example,Kupang,2019-08-05,23,0.278,0.421,,https://timor-pagi.example/fixture/metrik/2019-08-05,,2026-09-09,2026-09-09T00:00:00+07:00,2026-09-09T00:00:00+07:00,jefri,True
timor-pagi.example,Kupang,2019-08-12,41,0.269,0.472,,https://timor-pagi.example/fixture/metrik/2019-08-12,,2026-09-09,2026-09-09T00:00:00+07:00,2026-09-09T00:00:00+07:00,jefri,True
timor-pagi.example,Kupang,2019-08-19,45,0.266,0.489,,https://timor-pagi.example/fixture/metrik/2019-08-19,,2026-09-09,2026-09-09T00:00:00+07:00,2026-09-09T00:00:00+07:00,jefri,True
timor-pagi.example,Kupang,2019-08-26,39,0.258,0.505,,https://timor-pagi.example/fixture/metrik/2019-08-26,,2026-09-09,2026-09-09T00:00:00+07:00,2026-09-09T00:00:00+07:00,jefri,True
timor-pagi.example,Kupang,2019-09-02,28,0.204,0.5,,https://timor-pagi.example/fixture/metrik/2019-09-02,,2026-09-09,2026-09-09T00:00:00+07:00,2026-09-09T00:00:00+07:00,jefri,True
timor-pagi.example,Kupang,2019-09-09,31,0.19,0.449,,https://timor-pagi.example/fixture/metrik/2019-09-09,,2026-09-09,2026-09-09T00:00:00+07:00,2026-09-09T00:00:00+07:00,jefri,True
timor-pagi.example,Kupang,2019-09-16,30,0.228,0.605,,https://timor-pagi.example/fixture/metrik/2019-09-16,,2026-09-09,2026-09-09T00:00:00+07:00,2026-09-09T00:00:00+07:00,jefri,True
timor-pagi.example,Kupang,2019-09-23,37,0.201,0.545,,https://timor-pagi.example/fixture/metrik/2019-09-23,,2026-09-09,2026-09-09T00:00:00+07:00,2026-09-09T00:00:00+07:00,jefri,True
timor-pagi.example,Kupang,2019-09-30,30,0.247,0.517,,https://timor-pagi.example/fixture/metrik/2019-09-30,,2026-09-09,2026-09-09T00:00:00+07:00,2026-09-09T00:00:00+07:00,jefri,True
timor-pagi.example,Kupang,2019-10-07,38,0.261,0.419,,https://timor-pagi.example/fixture/metrik/2019-10-07,,2026-09-09,2026-09-09T00:00:00+07:00,2026-09-09T00:00:00+07:00,jefri,True
timor-pagi.example,Kupang,2019-10-14,39,0.259,0.491,,https://timor-pagi.example/fixture/metrik/2019-10-14,,2026-09-09,2026-09-09T00:00:00+07:00,2026-09-09T00:00:00+07:00,jefri,True
timor-pagi.example,Kupang,2019-10-21,32,0.285,0.599,,https://timor-pagi.example/fixture/metrik/2019-10-21,,2026-09-09,2026-09-09T00:00:00+07:00,2026-09-09T00:00:00+07:00,jefri,True
timor-pagi.example,Kupang,2019-10-28,42,0.241,0.469,,https://timor-pagi.example/fixture/metrik/2019-10-28,,2026-09-09,2026-09-09T00:00:00+07:00,2026-09-09T00:00:00+07:00,jefri,True
timor-pagi.example,Kupang,2019-11-04,47,0.293,0.356,,https://timor-pagi.example/fixture/metrik/2019-11-04,,2026-09-09,2026-09-09T00:00:00+07:00,2026-09-09T00:00:00+07:00,jefri,True
timor-pagi.example,Kupang,2019-11-11,41,0.284,0.533,,https://timor-pagi.example/fixture/metrik/2019-11-11,,2026-09-09,2026-09-09T00:00:00+07:00,2026-09-09T00:00:00+07:00,jefri,True
timor-pagi.example,Kupang,2019-11-18,32,0.254,0.517,,https://timor-pagi.example/fixture/metrik/2019-11-18,,2026-09-09,2026-09-09T00:00:00+07:00,2026-09-09T00:00:00+07:00,jefri,True
timor-pagi.example,Kupang,2019-11-25,39,0.261,0.607,,https://timor-pagi.example/fixture/metrik/2019-11-25,,2026-09-09,2026-09-09T00:00:00+07:00,2026-09-09T00:00:00+07:00,jefri,True
timor-pagi.example,Kupang,2019-12-02,39,0.258,0.542,,https://timor-pagi.example/fixture/metrik/2019-12-02,,2026-09-09,2026-09-09T00:00:00+07:00,2026-09-09T00:00:00+07:00,jefri,True
timor-pagi.example,Kupang,2019-12-09,41,0.279,0.459,,https://timor-pagi.example/fixture/metrik/2019-12-09,,2026-09-09,2026-09-09T00:00:00+07:00,2026-09-09T00:00:00+07:00,jefri,True
timor-pagi.example,Kupang,2019-12-16,43,0.166,0.51,,https://timor-pagi.example/fixture/metrik/2019-12-16,,2026-09-09,2026-09-09T00:00:00+07:00,2026-09-09T00:00:00+07:00,jefri,True
timor-pagi.example,Kupang,2019-12-23,33,0.229,0.527,,https://timor-pagi.example/fixture/metrik/2019-12-23,,2026-09-09,2026-09-09T00:00:00+07:00,2026-09-09T00:00:00+07:00,jefri,True
timor-pagi.example,Kupang,2019-12-30,50,0.25,0.51,,https://timor-pagi.example/fixture/metrik/2019-12-30,,2026-09-09,2026-09-09T00:00:00+07:00,2026-09-09T00:00:00+07:00,jefri,True
timor-pagi.example,Kupang,2020-01-06,41,0.213,0.488,,https://timor-pagi.example/fixture/metrik/2020-01-06,,2026-09-09,2026-09-09T00:00:00+07:00,2026-09-09T00:00:00+07:00,jefri,True
timor-pagi.example,Kupang,2020-01-13,42,0.234,0.499,,https://timor-pagi.example/fixture/metrik/2020-01-13,,2026-09-09,2026-09-09T00:00:00+07:00,2026-09-09T00:00:00+07:00,jefri,True
timor-pagi.example,Kupang,2020-01-20,36,0.24,0.551,,https://timor-pagi.example/fixture/metrik/2020-01-20,,2026-09-09,2026-09-09T00:00:00+07:00,2026-09-09T00:00:00+07:00,jefri,True
timor-pagi.example,Kupang,2020-01-27,42,0.254,0.486,,https://timor-pagi.example/fixture/metrik/2020-01-27,,2026-09-09,2026-09-09T00:00:00+07:00,2026-09-09T00:00:00+07:00,jefri,True
timor-pagi.example,Kupang,2020-02-03,44,0.236,0.555,,https://timor-pagi.example/fixture/metrik/2020-02-03,,2026-09-09,2026-09-09T00:00:00+07:00,2026-09-09T00:00:00+07:00,jefri,True
timor-pagi.example,Kupang,2020-02-10,37,0.266,0.516,,https://timor-pagi.example/fixture/metrik/2020-02-10,,2026-09-09,2026-09-09T00:00:00+07:00,2026-09-09T00:00:00+07:00,jefri,True
timor-pagi.example,Kupang,2020-02-17,41,0.215,0.48,,https://timor-pagi.example/fixture/metrik/2020-02-17,,2026-09-09,2026-09-09T00:00:00+07:00,2026-09-09T00:00:00+07:00,jefri,True
timor-pagi.example,Kupang,2020-02-24,34,0.255,0.533,,https://timor-pagi.example/fixture/metrik/2020-02-24,,2026-09-09,2026-09-09T00:00:00+07:00,2026-09-09T00:00:00+07:00,jefri,True
timor-pagi.example,Kupang,2020-03-02,40,0.244,0.51,,https://timor-pagi.example/fixture/metrik/2020-03-02,,2026-09-09,2026-09-09T00:00:00+07:00,2026-09-09T00:00:00+07:00,jefri,True
timor-pagi.example,Kupang,2020-03-09,50,0.276,0.461,,https://timor-pagi.example/fixture/metrik/2020-03-09,,2026-09-09,2026-09-09T00:00:00+07:00,2026-09-09T00:00:00+07:00,jefri,True
timor-pagi.example,Kupang,2020-03-16,35,0.272,0.529,,https://timor-pagi.example/fixture/metrik/2020-03-16,,2026-09-09,2026-09-09T00:00:00+07:00,2026-09-09T00:00:00+07:00,jefri,True
timor-pagi.example,Kupang,2020-03-23,33,0.227,0.521,,https://timor-pagi.example/fixture/metrik/2020-03-23,,2026-09-09,2026-09-09T00:00:00+07:00,2026-09-09T00:00:00+07:00,jefri,True
timor-pagi.example,Kupang,2020-03-30,28,0.258,0.482,,https://timor-pagi.example/fixture/metrik/2020-03-30,,2026-09-09,2026-09-09T00:00:00+07:00,2026-09-09T00:00:00+07:00,jefri,True
timor-pagi.example,Kupang,2020-04-06,40,0.2,0.444,,https://timor-pagi.example/fixture/metrik/2020-04-06,,2026-09-09,2026-09-09T00:00:00+07:00,2026-09-09T00:00:00+07:00,jefri,True
timor-pagi.example,Kupang,2020-04-13,29,0.261,0.388,,https://timor-pagi.example/fixture/metrik/2020-04-13,,2026-09-09,2026-09-09T00:00:00+07:00,2026-09-09T00:00:00+07:00,jefri,True
timor-pagi.example,Kupang,2020-04-20,31,0.189,0.459,,https://timor-pagi.example/fixture/metrik/2020-04-20,,2026-09-09,2026-09-09T00:00:00+07:00,2026-09-09T00:00:00+07:00,jefri,True
timor-pagi.example,Kupang,2020-04-27,39,0.272,0.486,,https://timor-pagi.example/fixture/metrik/2020-04-27,,2026-09-09,2026-09-09T00:00:00+07:00,2026-09-09T00:00:00+07:00,jefri,True
timor-pagi.example,Kupang,2020-05-04,36,0.256,0.471,,https://timor-pagi.example/fixture/metrik/2020-05-04,,2026-09-09,2026-09-09T00:00:00+07:00,2026-09-09T00:00:00+07:00,jefri,True
timor-pagi.example,Kupang,2020-05-11,25,0.211,0.591,,https://timor-pagi.example/fixture/metrik/2020-05-11,,2026-09-09,2026-09-09T00:00:00+07:00,2026-09-09T00:00:00+07:00,jefri,True
timor-pagi.example,Kupang,2020-05-18,28,0.249,0.459,,https://timor-pagi.example/fixture/metrik/2020-05-18,,2026-09-09,2026-09-09T00:00:00+07:00,2026-09-09T00:00:00+07:00,jefri,True
timor-pagi.example,Kupang,2020-05-25,24,0.225,0.43,,https://timor-pagi.example/fixture/metrik/2020-05-25,,2026-09-09,2026-09-09T00:00:00+07:00,2026-09-09T00:00:00+07:00,jefri,True
timor-pagi.example,Kupang,2020-06-01,41,0.249,0.584,,https://timor-pagi.example/fixture/metrik/2020-06-01,,2026-09-09,2026-09-09T00:00:00+07:00,2026-09-09T00:00:00+07:00,jefri,True
timor-pagi.example,Kupang,2020-06-08,42,0.235,0.523,,https://timor-pagi.example/fixture/metrik/2020-06-08,,2026-09-09,2026-09-09T00:00:00+07:00,2026-09-09T00:00:00+07:00,jefri,True
timor-pagi.example,Kupang,2020-06-15,31,0.261,0.542,,https://timor-pagi.example/fixture/metrik/2020-06-15,,2026-09-09,2026-09-09T00:00:00+07:00,2026-09-09T00:00:00+07:00,jefri,True
timor-pagi.example,Kupang,2020-06-22,47,0.234,0.43,,https://timor-pagi.example/fixture/metrik/2020-06-22,,2026-09-09,2026-09-09T00:00:00+07:00,2026-09-09T00:00:00+07:00,jefri,True
timor-pagi.example,Kupang,2020-06-29,41,0.208,0.535,,https://timor-pagi.example/fixture/metrik/2020-06-29,,2026-09-09,2026-09-09T00:00:00+07:00,2026-09-09T00:00:00+07:00,jefri,True
timor-pagi.example,Kupang,2020-07-06,45,0.29,0.54,,https://timor-pagi.example/fixture/metrik/2020-07-06,,2026-09-09,2026-09-09T00:00:00+07:00,2026-09-09T00:00:00+07:00,jefri,True
timor-pagi.example,Kupang,2020-07-13,37,0.24,0.493,,https://timor-pagi.example/fixture/metrik/2020-07-13,,2026-09-09,2026-09-09T00:00:00+07:00,2026-09-09T00:00:00+07:00,jefri,True
timor-pagi.example,Kupang,2020-07-20,37,0.208,0.508,,https://timor-pagi.example/fixture/metrik/2020-07-20,,2026-09-09,2026-09-09T00:00:00+07:00,2026-09-09T00:00:00+07:00,jefri,True
timor-pagi.example,Kupang,2020-07-27,39,0.244,0.462,,https://timor-pagi.example/fixture/metrik/2020-07-27,,2026-09-09,2026-09-09T00:00:00+07:00,2026-09-09T00:00:00+07:00,jefri,True
timor-pagi.example,Kupang,2020-08-03,38,0.238,0.434,,https://timor-pagi.example/fixture/metrik/2020-08-03,,2026-09-09,2026-09-09T00:00:00+07:00,2026-09-09T00:00:00+07:00,jefri,True
timor-pagi.example,Kupang,2020-08-10,37,0.286,0.454,,https://timor-pagi.example/fixture/metrik/2020-08-10,,2026-09-09,2026-09-09T00:00:00+07:00,2026-09-09T00:00:00+07:00,jefri,True
timor-pagi.example,Kupang,2020-08-17,39,0.267,0.531,,https://timor-pagi.example/fixture/metrik/2020-08-17,,2026-09-09,2026-09-09T00:00:00+07:00,2026-09-09T00:00:00+07:00,jefri,True
timor-pagi.example,Kupang,2020-08-24,44,0.205,0.451,,https://timor-pagi.example/fixture/metrik/2020-08-24,,2026-09-09,2026-09-09T00:00:00+07:00,2026-09-09T00:00:00+07:00,jefri,True
timor-pagi.example,Kupang,2020-08-31,39,0.24,0.535,,https://timor-pagi.example/fixture/metrik/2020-08-31,,2026-09-09,2026-09-09T00:00:00+07:00,2026-09-09T00:00:00+07:00,jefri,True
timor-pagi.example,Kupang,2020-09-07,27,0.251,0.461,,https://timor-pagi.example/fixture/metrik/2020-09-07,,2026-09-09,2026-09-09T00:00:00+07:00,2026-09-09T00:00:00+07:00,jefri,True
timor-pagi.example,Kupang,2020-09-14,43,0.206,0.524,,https://timor-pagi.example/fixture/metrik/2020-09-14,,2026-09-09,2026-09-09T00:00:00+07:00,2026-09-09T00:00:00+07:00,jefri,True
timor-pagi.example,Kupang,2020-09-21,32,0.218,0.498,,https://timor-pagi.example/fixture/metrik/2020-09-21,,2026-09-09,2026-09-09T00:00:00+07:00,2026-09-09T00:00:00+07:00,jefri,True
timor-pagi.example,Kupang,2020-09-28,50,0.193,0.503,,https://timor-pagi.example/fixture/metrik/2020-09-28,,2026-09-09,2026-09-09T00:00:00+07:00,2026-09-09T00:00:00+07:00,jefri,True
timor-pagi.example,Kupang,2020-10-05,42,0.224,0.512,,https://timor-pagi.example/fixture/metrik/2020-10-05,,2026-09-09,2026-09-09T00:00:00+07:00,2026-09-09T00:00:00+07:00,jefri,True
timor-pagi.example,Kupang,2020-10-12,41,0.233,0.587,,https://timor-pagi.example/fixture/metrik/2020-10-12,,2026-09-09,2026-09-09T00:00:00+07:00,2026-09-09T00:00:00+07:00,jefri,True
timor-pagi.example,Kupang,2020-10-19,32,0.243,0.465,,https://timor-pagi.example/fixture/metrik/2020-10-19,,2026-09-09,2026-09-09T00:00:00+07:00,2026-09-09T00:00:00+07:00,jefri,True
timor-pagi.example,Kupang,2020-10-26,38,0.171,0.517,,https://timor-pagi.example/fixture/metrik/2020-10-26,,2026-09-09,2026-09-09T00:00:00+07:00,2026-09-09T00:00:00+07:00,jefri,True
timor-pagi.example,Kupang,2020-11-02,42,0.155,0.501,,https://timor-pagi.example/fixture/metrik/2020-11-02,,2026-09-09,2026-09-09T00:00:00+07:00,2026-09-09T00:00:00+07:00,jefri,True
timor-pagi.example,Kupang,2020-11-09,32,0.26,0.543,,https://timor-pagi.example/fixture/metrik/2020-11-09,,2026-09-09,2026-09-09T00:00:00+07:00,2026-09-09T00:00:00+07:00,jefri,True
timor-pagi.example,Kupang,2020-11-16,34,0.221,0.428,,https://timor-pagi.example/fixture/metrik/2020-11-16,,2026-09-09,2026-09-09T00:00:00+07:00,2026-09-09T00:00:00+07:00,jefri,True
timor-pagi.example,Kupang,2020-11-23,47,0.231,0.461,,https://timor-pagi.example/fixture/metrik/2020-11-23,,2026-09-09,2026-09-09T00:00:00+07:00,2026-09-09T00:00:00+07:00,jefri,True
timor-pagi.example,Kupang,2020-11-30,38,0.259,0.458,,https://timor-pagi.example/fixture/metrik/2020-11-30,,2026-09-09,2026-09-09T00:00:00+07:00,2026-09-09T00:00:00+07:00,jefri,True
timor-pagi.example,Kupang,2020-12-07,46,0.261,0.516,,https://timor-pagi.example/fixture/metrik/2020-12-07,,2026-09-09,2026-09-09T00:00:00+07:00,2026-09-09T00:00:00+07:00,jefri,True
timor-pagi.example,Kupang,2020-12-14,43,0.215,0.42,,https://timor-pagi.example/fixture/metrik/2020-12-14,,2026-09-09,2026-09-09T00:00:00+07:00,2026-09-09T00:00:00+07:00,jefri,True
timor-pagi.example,Kupang,2020-12-21,31,0.2,0.561,,https://timor-pagi.example/fixture/metrik/2020-12-21,,2026-09-09,2026-09-09T00:00:00+07:00,2026-09-09T00:00:00+07:00,jefri,True
timor-pagi.example,Kupang,2020-12-28,28,0.226,0.507,,https://timor-pagi.example/fixture/metrik/2020-12-28,,2026-09-09,2026-09-09T00:00:00+07:00,2026-09-09T00:00:00+07:00,jefri,True
timor-pagi.example,Kupang,2021-01-04,24,0.251,0.471,,https://timor-pagi.example/fixture/metrik/2021-01-04,,2026-09-09,2026-09-09T00:00:00+07:00,2026-09-09T00:00:00+07:00,jefri,True
timor-pagi.example,Kupang,2021-01-11,46,0.191,0.447,,https://timor-pagi.example/fixture/metrik/2021-01-11,,2026-09-09,2026-09-09T00:00:00+07:00,2026-09-09T00:00:00+07:00,jefri,True
timor-pagi.example,Kupang,2021-01-18,39,0.287,0.478,,https://timor-pagi.example/fixture/metrik/2021-01-18,,2026-09-09,2026-09-09T00:00:00+07:00,2026-09-09T00:00:00+07:00,jefri,True
timor-pagi.example,Kupang,2021-01-25,40,0.234,0.528,,https://timor-pagi.example/fixture/metrik/2021-01-25,,2026-09-09,2026-09-09T00:00:00+07:00,2026-09-09T00:00:00+07:00,jefri,True
timor-pagi.example,Kupang,2021-02-01,38,0.278,0.517,,https://timor-pagi.example/fixture/metrik/2021-02-01,,2026-09-09,2026-09-09T00:00:00+07:00,2026-09-09T00:00:00+07:00,jefri,True
timor-pagi.example,Kupang,2021-02-08,40,0.23,0.414,,https://timor-pagi.example/fixture/metrik/2021-02-08,,2026-09-09,2026-09-09T00:00:00+07:00,2026-09-09T00:00:00+07:00,jefri,True
timor-pagi.example,Kupang,2021-02-15,42,0.236,0.464,,https://timor-pagi.example/fixture/metrik/2021-02-15,,2026-09-09,2026-09-09T00:00:00+07:00,2026-09-09T00:00:00+07:00,jefri,True
timor-pagi.example,Kupang,2021-02-22,37,0.19,0.417,,https://timor-pagi.example/fixture/metrik/2021-02-22,,2026-09-09,2026-09-09T00:00:00+07:00,2026-09-09T00:00:00+07:00,jefri,True
timor-pagi.example,Kupang,2021-03-01,34,0.242,0.506,,https://timor-pagi.example/fixture/metrik/2021-03-01,,2026-09-09,2026-09-09T00:00:00+07:00,2026-09-09T00:00:00+07:00,jefri,True
timor-pagi.example,Kupang,2021-03-08,32,0.306,0.511,,https://timor-pagi.example/fixture/metrik/2021-03-08,,2026-09-09,2026-09-09T00:00:00+07:00,2026-09-09T00:00:00+07:00,jefri,True
timor-pagi.example,Kupang,2021-03-15,49,0.206,0.562,,https://timor-pagi.example/fixture/metrik/2021-03-15,,2026-09-09,2026-09-09T00:00:00+07:00,2026-09-09T00:00:00+07:00,jefri,True
timor-pagi.example,Kupang,2021-03-22,38,0.33,0.468,,https://timor-pagi.example/fixture/metrik/2021-03-22,,2026-09-09,2026-09-09T00:00:00+07:00,2026-09-09T00:00:00+07:00,jefri,True
timor-pagi.example,Kupang,2021-03-29,40,0.254,0.453,,https://timor-pagi.example/fixture/metrik/2021-03-29,,2026-09-09,2026-09-09T00:00:00+07:00,2026-09-09T00:00:00+07:00,jefri,True
timor-pagi.example,Kupang,2021-04-05,40,0.235,0.497,,https://timor-pagi.example/fixture/metrik/2021-04-05,,2026-09-09,2026-09-09T00:00:00+07:00,2026-09-09T00:00:00+07:00,jefri,True
timor-pagi.example,Kupang,2021-04-12,32,0.202,0.469,,https://timor-pagi.example/fixture/metrik/2021-04-12,,2026-09-09,2026-09-09T00:00:00+07:00,2026-09-09T00:00:00+07:00,jefri,True
timor-pagi.example,Kupang,2021-04-19,45,0.205,0.433,,https://timor-pagi.example/fixture/metrik/2021-04-19,,2026-09-09,2026-09-09T00:00:00+07:00,2026-09-09T00:00:00+07:00,jefri,True
timor-pagi.example,Kupang,2021-04-26,32,0.328,0.514,,https://timor-pagi.example/fixture/metrik/2021-04-26,,2026-09-09,2026-09-09T00:00:00+07:00,2026-09-09T00:00:00+07:00,jefri,True
timor-pagi.example,Kupang,2021-05-03,48,0.201,0.513,,https://timor-pagi.example/fixture/metrik/2021-05-03,,2026-09-09,2026-09-09T00:00:00+07:00,2026-09-09T00:00:00+07:00,jefri,True
timor-pagi.example,Kupang,2021-05-10,41,0.221,0.51,,https://timor-pagi.example/fixture/metrik/2021-05-10,,2026-09-09,2026-09-09T00:00:00+07:00,2026-09-09T00:00:00+07:00,jefri,True
timor-pagi.example,Kupang,2021-05-17,36,0.325,0.39,,https://timor-pagi.example/fixture/metrik/2021-05-17,,2026-09-09,2026-09-09T00:00:00+07:00,2026-09-09T00:00:00+07:00,jefri,True
timor-pagi.example,Kupang,2021-05-24,30,0.239,0.483,,https://timor-pagi.example/fixture/metrik/2021-05-24,,2026-09-09,2026-09-09T00:00:00+07:00,2026-09-09T00:00:00+07:00,jefri,True
timor-pagi.example,Kupang,2021-05-31,42,0.253,0.524,,https://timor-pagi.example/fixture/metrik/2021-05-31,,2026-09-09,2026-09-09T00:00:00+07:00,2026-09-09T00:00:00+07:00,jefri,True
timor-pagi.example,Kupang,2021-06-07,24,0.21,0.395,,https://timor-pagi.example/fixture/metrik/2021-06-07,,2026-09-09,2026-09-09T00:00:00+07:00,2026-09-09T00:00:00+07:00,jefri,True
timor-pagi.example,Kupang,2021-06-14,42,0.283,0.453,,https://timor-pagi.example/fixture/metrik/2021-06-14,,2026-09-09,2026-09-09T00:00:00+07:00,2026-09-09T00:00:00+07:00,jefri,True
timor-pagi.example,Kupang,2021-06-21,40,0.219,0.444,,https://timor-pagi.example/fixture/metrik/2021-06-21,,2026-09-09,2026-09-09T00:00:00+07:00,2026-09-09T00:00:00+07:00,jefri,True
timor-pagi.example,Kupang,2021-06-28,36,0.239,0.429,,https://timor-pagi.example/fixture/metrik/2021-06-28,,2026-09-09,2026-09-09T00:00:00+07:00,2026-09-09T00:00:00+07:00,jefri,True
timor-pagi.example,Kupang,2021-07-05,36,0.308,0.579,,https://timor-pagi.example/fixture/metrik/2021-07-05,,2026-09-09,2026-09-09T00:00:00+07:00,2026-09-09T00:00:00+07:00,jefri,True
timor-pagi.example,Kupang,2021-07-12,39,0.235,0.54,,https://timor-pagi.example/fixture/metrik/2021-07-12,,2026-09-09,2026-09-09T00:00:00+07:00,2026-09-09T00:00:00+07:00,jefri,True
timor-pagi.example,Kupang,2021-07-19,21,0.262,0.464,,https://timor-pagi.example/fixture/metrik/2021-07-19,,2026-09-09,2026-09-09T00:00:00+07:00,2026-09-09T00:00:00+07:00,jefri,True
timor-pagi.example,Kupang,2021-07-26,43,0.202,0.475,,https://timor-pagi.example/fixture/metrik/2021-07-26,,2026-09-09,2026-09-09T00:00:00+07:00,2026-09-09T00:00:00+07:00,jefri,True
timor-pagi.example,Kupang,2021-08-02,35,0.262,0.513,,https://timor-pagi.example/fixture/metrik/2021-08-02,,2026-09-09,2026-09-09T00:00:00+07:00,2026-09-09T00:00:00+07:00,jefri,True
timor-pagi.example,Kupang,2021-08-09,39,0.248,0.468,,https://timor-pagi.example/fixture/metrik/2021-08-09,,2026-09-09,2026-09-09T00:00:00+07:00,2026-09-09T00:00:00+07:00,jefri,True
timor-pagi.example,Kupang,2021-08-16,26,0.207,0.559,,https://timor-pagi.example/fixture/metrik/2021-08-16,,2026-09-09,2026-09-09T00:00:00+07:00,2026-09-09T00:00:00+07:00,jefri,True
timor-pagi.example,Kupang,2021-08-23,36,0.28,0.422,,https://timor-pagi.example/fixture/metrik/2021-08-23,,2026-09-09,2026-09-09T00:00:00+07:00,2026-09-09T00:00:00+07:00,jefri,True
timor-pagi.example,Kupang,2021-08-30,41,0.26,0.42,,https://timor-pagi.example/fixture/metrik/2021-08-30,,2026-09-09,2026-09-09T00:00:00+07:00,2026-09-09T00:00:00+07:00,jefri,True
timor-pagi.example,Kupang,2021-09-06,50,0.23,0.536,,https://timor-pagi.example/fixture/metrik/2021-09-06,,2026-09-09,2026-09-09T00:00:00+07:00,2026-09-09T00:00:00+07:00,jefri,True
timor-pagi.example,Kupang,2021-09-13,43,0.245,0.493,,https://timor-pagi.example/fixture/metrik/2021-09-13,,2026-09-09,2026-09-09T00:00:00+07:00,2026-09-09T00:00:00+07:00,jefri,True
timor-pagi.example,Kupang,2021-09-20,41,0.241,0.499,,https://timor-pagi.example/fixture/metrik/2021-09-20,,2026-09-09,2026-09-09T00:00:00+07:00,2026-09-09T00:00:00+07:00,jefri,True
timor-pagi.example,Kupang,2021-09-27,38,0.264,0.508,,https://timor-pagi.example/fixture/metrik/2021-09-27,,2026-09-09,2026-09-09T00:00:00+07:00,2026-09-09T00:00:00+07:00,jefri,True
timor-pagi.example,Kupang,2021-10-04,30,0.243,0.529,,https://timor-pagi.example/fixture/metrik/2021-10-04,,2026-09-09,2026-09-09T00:00:00+07:00,2026-09-09T00:00:00+07:00,jefri,True
timor-pagi.example,Kupang,2021-10-11,45,0.236,0.5,,https://timor-pagi.example/fixture/metrik/2021-10-11,,2026-09-09,2026-09-09T00:00:00+07:00,2026-09-09T00:00:00+07:00,jefri,True
timor-pagi.example,Kupang,2021-10-18,28,0.164,0.407,,https://timor-pagi.example/fixture/metrik/2021-10-18,,2026-09-09,2026-09-09T00:00:00+07:00,2026-09-09T00:00:00+07:00,jefri,True
timor-pagi.example,Kupang,2021-10-25,30,0.227,0.527,,https://timor-pagi.example/fixture/metrik/2021-10-25,,2026-09-09,2026-09-09T00:00:00+07:00,2026-09-09T00:00:00+07:00,jefri,True
timor-pagi.example,Kupang,2021-11-01,39,0.19,0.57,,https://timor-pagi.example/fixture/metrik/2021-11-01,,2026-09-09,2026-09-09T00:00:00+07:00,2026-09-09T00:00:00+07:00,jefri,True
timor-pagi.example,Kupang,2021-11-08,37,0.21,0.491,,https://timor-pagi.example/fixture/metrik/2021-11-08,,2026-09-09,2026-09-09T00:00:00+07:00,2026-09-09T00:00:00+07:00,jefri,True
timor-pagi.example,Kupang,2021-11-15,43,0.246,0.503,,https://timor-pagi.example/fixture/metrik/2021-11-15,,2026-09-09,2026-09-09T00:00:00+07:00,2026-09-09T00:00:00+07:00,jefri,True
timor-pagi.example,Kupang,2021-11-22,35,0.294,0.525,,https://timor-pagi.example/fixture/metrik/2021-11-22,,2026-09-09,2026-09-09T00:00:00+07:00,2026-09-09T00:00:00+07:00,jefri,True
timor-pagi.example,Kupang,2021-11-29,41,0.254,0.5,,https://timor-pagi.example/fixture/metrik/2021-11-29,,2026-09-09,2026-09-09T00:00:00+07:00,2026-09-09T00:00:00+07:00,jefri,True
timor-pagi.example,Kupang,2021-12-06,44,0.26,0.4,,https://timor-pagi.example/fixture/metrik/2021-12-06,,2026-09-09,2026-09-09T00:00:00+07:00,2026-09-09T00:00:00+07:00,jefri,True
timor-pagi.example,Kupang,2021-12-13,41,0.213,0.553,,https://timor-pagi.example/fixture/metrik/2021-12-13,,2026-09-09,2026-09-09T00:00:00+07:00,2026-09-09T00:00:00+07:00,jefri,True
timor-pagi.example,Kupang,2021-12-20,37,0.191,0.497,,https://timor-pagi.example/fixture/metrik/2021-12-20,,2026-09-09,2026-09-09T00:00:00+07:00,2026-09-09T00:00:00+07:00,jefri,True
timor-pagi.example,Kupang,2021-12-27,36,0.21,0.518,,https://timor-pagi.example/fixture/metrik/2021-12-27,,2026-09-09,2026-09-09T00:00:00+07:00,2026-09-09T00:00:00+07:00,jefri,True
timor-pagi.example,Kupang,2022-01-03,28,0.2,0.466,,https://timor-pagi.example/fixture/metrik/2022-01-03,,2026-09-09,2026-09-09T00:00:00+07:00,2026-09-09T00:00:00+07:00,jefri,True
timor-pagi.example,Kupang,2022-01-10,36,0.277,0.525,,https://timor-pagi.example/fixture/metrik/2022-01-10,,2026-09-09,2026-09-09T00:00:00+07:00,2026-09-09T00:00:00+07:00,jefri,True
timor-pagi.example,Kupang,2022-01-17,39,0.214,0.47,,https://timor-pagi.example/fixture/metrik/2022-01-17,,2026-09-09,2026-09-09T00:00:00+07:00,2026-09-09T00:00:00+07:00,jefri,True
timor-pagi.example,Kupang,2022-01-24,31,0.272,0.417,,https://timor-pagi.example/fixture/metrik/2022-01-24,,2026-09-09,2026-09-09T00:00:00+07:00,2026-09-09T00:00:00+07:00,jefri,True
timor-pagi.example,Kupang,2022-01-31,32,0.28,0.471,,https://timor-pagi.example/fixture/metrik/2022-01-31,,2026-09-09,2026-09-09T00:00:00+07:00,2026-09-09T00:00:00+07:00,jefri,True
timor-pagi.example,Kupang,2022-02-07,42,0.256,0.486,,https://timor-pagi.example/fixture/metrik/2022-02-07,,2026-09-09,2026-09-09T00:00:00+07:00,2026-09-09T00:00:00+07:00,jefri,True
timor-pagi.example,Kupang,2022-02-14,39,0.218,0.495,,https://timor-pagi.example/fixture/metrik/2022-02-14,,2026-09-09,2026-09-09T00:00:00+07:00,2026-09-09T00:00:00+07:00,jefri,True
timor-pagi.example,Kupang,2022-02-21,40,0.265,0.576,,https://timor-pagi.example/fixture/metrik/2022-02-21,,2026-09-09,2026-09-09T00:00:00+07:00,2026-09-09T00:00:00+07:00,jefri,True
timor-pagi.example,Kupang,2022-02-28,47,0.179,0.384,,https://timor-pagi.example/fixture/metrik/2022-02-28,,2026-09-09,2026-09-09T00:00:00+07:00,2026-09-09T00:00:00+07:00,jefri,True
timor-pagi.example,Kupang,2022-03-07,31,0.305,0.505,,https://timor-pagi.example/fixture/metrik/2022-03-07,,2026-09-09,2026-09-09T00:00:00+07:00,2026-09-09T00:00:00+07:00,jefri,True
timor-pagi.example,Kupang,2022-03-14,29,0.198,0.487,,https://timor-pagi.example/fixture/metrik/2022-03-14,,2026-09-09,2026-09-09T00:00:00+07:00,2026-09-09T00:00:00+07:00,jefri,True
timor-pagi.example,Kupang,2022-03-21,33,0.282,0.418,,https://timor-pagi.example/fixture/metrik/2022-03-21,,2026-09-09,2026-09-09T00:00:00+07:00,2026-09-09T00:00:00+07:00,jefri,True
timor-pagi.example,Kupang,2022-03-28,22,0.3,0.54,,https://timor-pagi.example/fixture/metrik/2022-03-28,,2026-09-09,2026-09-09T00:00:00+07:00,2026-09-09T00:00:00+07:00,jefri,True
timor-pagi.example,Kupang,2022-04-04,35,0.298,0.445,,https://timor-pagi.example/fixture/metrik/2022-04-04,,2026-09-09,2026-09-09T00:00:00+07:00,2026-09-09T00:00:00+07:00,jefri,True
timor-pagi.example,Kupang,2022-04-11,40,0.237,0.527,,https://timor-pagi.example/fixture/metrik/2022-04-11,,2026-09-09,2026-09-09T00:00:00+07:00,2026-09-09T00:00:00+07:00,jefri,True
timor-pagi.example,Kupang,2022-04-18,33,0.252,0.523,,https://timor-pagi.example/fixture/metrik/2022-04-18,,2026-09-09,2026-09-09T00:00:00+07:00,2026-09-09T00:00:00+07:00,jefri,True
timor-pagi.example,Kupang,2022-04-25,25,0.26,0.413,,https://timor-pagi.example/fixture/metrik/2022-04-25,,2026-09-09,2026-09-09T00:00:00+07:00,2026-09-09T00:00:00+07:00,jefri,True
timor-pagi.example,Kupang,2022-05-02,41,0.221,0.46,,https://timor-pagi.example/fixture/metrik/2022-05-02,,2026-09-09,2026-09-09T00:00:00+07:00,2026-09-09T00:00:00+07:00,jefri,True
timor-pagi.example,Kupang,2022-05-09,42,0.271,0.489,,https://timor-pagi.example/fixture/metrik/2022-05-09,,2026-09-09,2026-09-09T00:00:00+07:00,2026-09-09T00:00:00+07:00,jefri,True
timor-pagi.example,Kupang,2022-05-16,33,0.231,0.511,,https://timor-pagi.example/fixture/metrik/2022-05-16,,2026-09-09,2026-09-09T00:00:00+07:00,2026-09-09T00:00:00+07:00,jefri,True
timor-pagi.example,Kupang,2022-05-23,33,0.257,0.391,,https://timor-pagi.example/fixture/metrik/2022-05-23,,2026-09-09,2026-09-09T00:00:00+07:00,2026-09-09T00:00:00+07:00,jefri,True
timor-pagi.example,Kupang,2022-05-30,31,0.275,0.481,,https://timor-pagi.example/fixture/metrik/2022-05-30,,2026-09-09,2026-09-09T00:00:00+07:00,2026-09-09T00:00:00+07:00,jefri,True
timor-pagi.example,Kupang,2022-06-06,35,0.278,0.443,,https://timor-pagi.example/fixture/metrik/2022-06-06,,2026-09-09,2026-09-09T00:00:00+07:00,2026-09-09T00:00:00+07:00,jefri,True
timor-pagi.example,Kupang,2022-06-13,27,0.21,0.43,,https://timor-pagi.example/fixture/metrik/2022-06-13,,2026-09-09,2026-09-09T00:00:00+07:00,2026-09-09T00:00:00+07:00,jefri,True
timor-pagi.example,Kupang,2022-06-20,31,0.286,0.399,,https://timor-pagi.example/fixture/metrik/2022-06-20,,2026-09-09,2026-09-09T00:00:00+07:00,2026-09-09T00:00:00+07:00,jefri,True
timor-pagi.example,Kupang,2022-06-27,41,0.223,0.485,,https://timor-pagi.example/fixture/metrik/2022-06-27,,2026-09-09,2026-09-09T00:00:00+07:00,2026-09-09T00:00:00+07:00,jefri,True
timor-pagi.example,Kupang,2022-07-04,43,0.293,0.47,,https://timor-pagi.example/fixture/metrik/2022-07-04,,2026-09-09,2026-09-09T00:00:00+07:00,2026-09-09T00:00:00+07:00,jefri,True
timor-pagi.example,Kupang,2022-07-11,31,0.191,0.531,,https://timor-pagi.example/fixture/metrik/2022-07-11,,2026-09-09,2026-09-09T00:00:00+07:00,2026-09-09T00:00:00+07:00,jefri,True
timor-pagi.example,Kupang,2022-07-18,31,0.263,0.607,,https://timor-pagi.example/fixture/metrik/2022-07-18,,2026-09-09,2026-09-09T00:00:00+07:00,2026-09-09T00:00:00+07:00,jefri,True
timor-pagi.example,Kupang,2022-07-25,30,0.237,0.437,,https://timor-pagi.example/fixture/metrik/2022-07-25,,2026-09-09,2026-09-09T00:00:00+07:00,2026-09-09T00:00:00+07:00,jefri,True
timor-pagi.example,Kupang,2022-08-01,30,0.219,0.465,,https://timor-pagi.example/fixture/metrik/2022-08-01,,2026-09-09,2026-09-09T00:00:00+07:00,2026-09-09T00:00:00+07:00,jefri,True
timor-pagi.example,Kupang,2022-08-08,46,0.234,0.397,,https://timor-pagi.example/fixture/metrik/2022-08-08,,2026-09-09,2026-09-09T00:00:00+07:00,2026-09-09T00:00:00+07:00,jefri,True
timor-pagi.example,Kupang,2022-08-15,22,0.26,0.485,,https://timor-pagi.example/fixture/metrik/2022-08-15,,2026-09-09,2026-09-09T00:00:00+07:00,2026-09-09T00:00:00+07:00,jefri,True
timor-pagi.example,Kupang,2022-08-22,27,0.21,0.451,,https://timor-pagi.example/fixture/metrik/2022-08-22,,2026-09-09,2026-09-09T00:00:00+07:00,2026-09-09T00:00:00+07:00,pj,True
timor-pagi.example,Kupang,2022-08-29,42,0.227,0.516,,https://timor-pagi.example/fixture/metrik/2022-08-29,,2026-09-09,2026-09-09T00:00:00+07:00,2026-09-09T00:00:00+07:00,pj,True
timor-pagi.example,Kupang,2022-09-05,28,0.253,0.439,,https://timor-pagi.example/fixture/metrik/2022-09-05,,2026-09-09,2026-09-09T00:00:00+07:00,2026-09-09T00:00:00+07:00,pj,True
timor-pagi.example,Kupang,2022-09-12,32,0.27,0.471,,https://timor-pagi.example/fixture/metrik/2022-09-12,,2026-09-09,2026-09-09T00:00:00+07:00,2026-09-09T00:00:00+07:00,pj,True
timor-pagi.example,Kupang,2022-09-19,37,0.243,0.498,,https://timor-pagi.example/fixture/metrik/2022-09-19,,2026-09-09,2026-09-09T00:00:00+07:00,2026-09-09T00:00:00+07:00,pj,True
timor-pagi.example,Kupang,2022-09-26,40,0.192,0.474,,https://timor-pagi.example/fixture/metrik/2022-09-26,,2026-09-09,2026-09-09T00:00:00+07:00,2026-09-09T00:00:00+07:00,pj,True
timor-pagi.example,Kupang,2022-10-03,48,0.249,0.519,,https://timor-pagi.example/fixture/metrik/2022-10-03,,2026-09-09,2026-09-09T00:00:00+07:00,2026-09-09T00:00:00+07:00,pj,True
timor-pagi.example,Kupang,2022-10-10,35,0.207,0.511,,https://timor-pagi.example/fixture/metrik/2022-10-10,,2026-09-09,2026-09-09T00:00:00+07:00,2026-09-09T00:00:00+07:00,pj,True
timor-pagi.example,Kupang,2022-10-17,36,0.251,0.589,,https://timor-pagi.example/fixture/metrik/2022-10-17,,2026-09-09,2026-09-09T00:00:00+07:00,2026-09-09T00:00:00+07:00,pj,True
timor-pagi.example,Kupang,2022-10-24,49,0.264,0.425,,https://timor-pagi.example/fixture/metrik/2022-10-24,,2026-09-09,2026-09-09T00:00:00+07:00,2026-09-09T00:00:00+07:00,pj,True
timor-pagi.example,Kupang,2022-10-31,31,0.257,0.521,,https://timor-pagi.example/fixture/metrik/2022-10-31,,2026-09-09,2026-09-09T00:00:00+07:00,2026-09-09T00:00:00+07:00,pj,True
timor-pagi.example,Kupang,2022-11-07,33,0.24,0.457,,https://timor-pagi.example/fixture/metrik/2022-11-07,,2026-09-09,2026-09-09T00:00:00+07:00,2026-09-09T00:00:00+07:00,pj,True
timor-pagi.example,Kupang,2022-11-14,35,0.26,0.5,,https://timor-pagi.example/fixture/metrik/2022-11-14,,2026-09-09,2026-09-09T00:00:00+07:00,2026-09-09T00:00:00+07:00,pj,True
timor-pagi.example,Kupang,2022-11-21,39,0.188,0.455,,https://timor-pagi.example/fixture/metrik/2022-11-21,,2026-09-09,2026-09-09T00:00:00+07:00,2026-09-09T00:00:00+07:00,pj,True
timor-pagi.example,Kupang,2022-11-28,31,0.19,0.464,,https://timor-pagi.example/fixture/metrik/2022-11-28,,2026-09-09,2026-09-09T00:00:00+07:00,2026-09-09T00:00:00+07:00,pj,True
timor-pagi.example,Kupang,2022-12-05,31,0.199,0.518,,https://timor-pagi.example/fixture/metrik/2022-12-05,,2026-09-09,2026-09-09T00:00:00+07:00,2026-09-09T00:00:00+07:00,pj,True
timor-pagi.example,Kupang,2022-12-12,33,0.279,0.545,,https://timor-pagi.example/fixture/metrik/2022-12-12,,2026-09-09,2026-09-09T00:00:00+07:00,2026-09-09T00:00:00+07:00,pj,True
timor-pagi.example,Kupang,2022-12-19,25,0.273,0.483,,https://timor-pagi.example/fixture/metrik/2022-12-19,,2026-09-09,2026-09-09T00:00:00+07:00,2026-09-09T00:00:00+07:00,pj,True
timor-pagi.example,Kupang,2022-12-26,49,0.248,0.534,,https://timor-pagi.example/fixture/metrik/2022-12-26,,2026-09-09,2026-09-09T00:00:00+07:00,2026-09-09T00:00:00+07:00,pj,True
timor-pagi.example,Kupang,2023-01-02,35,0.247,0.465,,https://timor-pagi.example/fixture/metrik/2023-01-02,,2026-09-09,2026-09-09T00:00:00+07:00,2026-09-09T00:00:00+07:00,pj,True
timor-pagi.example,Kupang,2023-01-09,35,0.199,0.533,,https://timor-pagi.example/fixture/metrik/2023-01-09,,2026-09-09,2026-09-09T00:00:00+07:00,2026-09-09T00:00:00+07:00,pj,True
timor-pagi.example,Kupang,2023-01-16,28,0.253,0.434,,https://timor-pagi.example/fixture/metrik/2023-01-16,,2026-09-09,2026-09-09T00:00:00+07:00,2026-09-09T00:00:00+07:00,pj,True
timor-pagi.example,Kupang,2023-01-23,44,0.223,0.55,,https://timor-pagi.example/fixture/metrik/2023-01-23,,2026-09-09,2026-09-09T00:00:00+07:00,2026-09-09T00:00:00+07:00,pj,True
timor-pagi.example,Kupang,2023-01-30,28,0.241,0.498,,https://timor-pagi.example/fixture/metrik/2023-01-30,,2026-09-09,2026-09-09T00:00:00+07:00,2026-09-09T00:00:00+07:00,pj,True
timor-pagi.example,Kupang,2023-02-06,36,0.275,0.47,,https://timor-pagi.example/fixture/metrik/2023-02-06,,2026-09-09,2026-09-09T00:00:00+07:00,2026-09-09T00:00:00+07:00,pj,True
timor-pagi.example,Kupang,2023-02-13,51,0.315,0.576,,https://timor-pagi.example/fixture/metrik/2023-02-13,,2026-09-09,2026-09-09T00:00:00+07:00,2026-09-09T00:00:00+07:00,pj,True
timor-pagi.example,Kupang,2023-02-20,31,0.295,0.442,,https://timor-pagi.example/fixture/metrik/2023-02-20,,2026-09-09,2026-09-09T00:00:00+07:00,2026-09-09T00:00:00+07:00,pj,True
timor-pagi.example,Kupang,2023-02-27,43,0.278,0.423,,https://timor-pagi.example/fixture/metrik/2023-02-27,,2026-09-09,2026-09-09T00:00:00+07:00,2026-09-09T00:00:00+07:00,pj,True
timor-pagi.example,Kupang,2023-03-06,36,0.318,0.5,,https://timor-pagi.example/fixture/metrik/2023-03-06,,2026-09-09,2026-09-09T00:00:00+07:00,2026-09-09T00:00:00+07:00,pj,True
timor-pagi.example,Kupang,2023-03-13,27,0.262,0.508,,https://timor-pagi.example/fixture/metrik/2023-03-13,,2026-09-09,2026-09-09T00:00:00+07:00,2026-09-09T00:00:00+07:00,pj,True
timor-pagi.example,Kupang,2023-03-20,33,0.233,0.524,,https://timor-pagi.example/fixture/metrik/2023-03-20,,2026-09-09,2026-09-09T00:00:00+07:00,2026-09-09T00:00:00+07:00,pj,True
timor-pagi.example,Kupang,2023-03-27,36,0.215,0.481,,https://timor-pagi.example/fixture/metrik/2023-03-27,,2026-09-09,2026-09-09T00:00:00+07:00,2026-09-09T00:00:00+07:00,pj,True
timor-pagi.example,Kupang,2023-04-03,46,0.234,0.562,,https://timor-pagi.example/fixture/metrik/2023-04-03,,2026-09-09,2026-09-09T00:00:00+07:00,2026-09-09T00:00:00+07:00,pj,True
timor-pagi.example,Kupang,2023-04-10,48,0.226,0.5,,https://timor-pagi.example/fixture/metrik/2023-04-10,,2026-09-09,2026-09-09T00:00:00+07:00,2026-09-09T00:00:00+07:00,pj,True
timor-pagi.example,Kupang,2023-04-17,39,0.167,0.438,,https://timor-pagi.example/fixture/metrik/2023-04-17,,2026-09-09,2026-09-09T00:00:00+07:00,2026-09-09T00:00:00+07:00,pj,True
timor-pagi.example,Kupang,2023-04-24,25,0.204,0.486,,https://timor-pagi.example/fixture/metrik/2023-04-24,,2026-09-09,2026-09-09T00:00:00+07:00,2026-09-09T00:00:00+07:00,pj,True
timor-pagi.example,Kupang,2023-05-01,42,0.229,0.342,,https://timor-pagi.example/fixture/metrik/2023-05-01,,2026-09-09,2026-09-09T00:00:00+07:00,2026-09-09T00:00:00+07:00,pj,True
timor-pagi.example,Kupang,2023-05-08,31,0.199,0.549,,https://timor-pagi.example/fixture/metrik/2023-05-08,,2026-09-09,2026-09-09T00:00:00+07:00,2026-09-09T00:00:00+07:00,pj,True
timor-pagi.example,Kupang,2023-05-15,41,0.25,0.544,,https://timor-pagi.example/fixture/metrik/2023-05-15,,2026-09-09,2026-09-09T00:00:00+07:00,2026-09-09T00:00:00+07:00,pj,True
timor-pagi.example,Kupang,2023-05-22,43,0.273,0.54,,https://timor-pagi.example/fixture/metrik/2023-05-22,,2026-09-09,2026-09-09T00:00:00+07:00,2026-09-09T00:00:00+07:00,pj,True
timor-pagi.example,Kupang,2023-05-29,30,0.191,0.454,,https://timor-pagi.example/fixture/metrik/2023-05-29,,2026-09-09,2026-09-09T00:00:00+07:00,2026-09-09T00:00:00+07:00,pj,True
timor-pagi.example,Kupang,2023-06-05,42,0.26,0.533,,https://timor-pagi.example/fixture/metrik/2023-06-05,,2026-09-09,2026-09-09T00:00:00+07:00,2026-09-09T00:00:00+07:00,pj,True
timor-pagi.example,Kupang,2023-06-12,53,0.215,0.476,,https://timor-pagi.example/fixture/metrik/2023-06-12,,2026-09-09,2026-09-09T00:00:00+07:00,2026-09-09T00:00:00+07:00,pj,True
timor-pagi.example,Kupang,2023-06-19,34,0.281,0.475,,https://timor-pagi.example/fixture/metrik/2023-06-19,,2026-09-09,2026-09-09T00:00:00+07:00,2026-09-09T00:00:00+07:00,pj,True
timor-pagi.example,Kupang,2023-06-26,46,0.186,0.603,,https://timor-pagi.example/fixture/metrik/2023-06-26,,2026-09-09,2026-09-09T00:00:00+07:00,2026-09-09T00:00:00+07:00,pj,True
timor-pagi.example,Kupang,2023-07-03,25,0.227,0.512,,https://timor-pagi.example/fixture/metrik/2023-07-03,,2026-09-09,2026-09-09T00:00:00+07:00,2026-09-09T00:00:00+07:00,pj,True
timor-pagi.example,Kupang,2023-07-10,39,0.233,0.496,,https://timor-pagi.example/fixture/metrik/2023-07-10,,2026-09-09,2026-09-09T00:00:00+07:00,2026-09-09T00:00:00+07:00,pj,True
timor-pagi.example,Kupang,2023-07-17,41,0.257,0.407,,https://timor-pagi.example/fixture/metrik/2023-07-17,,2026-09-09,2026-09-09T00:00:00+07:00,2026-09-09T00:00:00+07:00,pj,True
timor-pagi.example,Kupang,2023-07-24,41,0.26,0.473,,https://timor-pagi.example/fixture/metrik/2023-07-24,,2026-09-09,2026-09-09T00:00:00+07:00,2026-09-09T00:00:00+07:00,pj,True
timor-pagi.example,Kupang,2023-07-31,34,0.213,0.414,,https://timor-pagi.example/fixture/metrik/2023-07-31,,2026-09-09,2026-09-09T00:00:00+07:00,2026-09-09T00:00:00+07:00,pj,True
timor-pagi.example,Kupang,2023-08-07,32,0.214,0.557,,https://timor-pagi.example/fixture/metrik/2023-08-07,,2026-09-09,2026-09-09T00:00:00+07:00,2026-09-09T00:00:00+07:00,pj,True
timor-pagi.example,Kupang,2023-08-14,32,0.248,0.476,,https://timor-pagi.example/fixture/metrik/2023-08-14,,2026-09-09,2026-09-09T00:00:00+07:00,2026-09-09T00:00:00+07:00,pj,True
timor-pagi.example,Kupang,2023-08-21,38,0.264,0.506,,https://timor-pagi.example/fixture/metrik/2023-08-21,,2026-09-09,2026-09-09T00:00:00+07:00,2026-09-09T00:00:00+07:00,pj,True
timor-pagi.example,Kupang,2023-08-28,25,0.218,0.476,,https://timor-pagi.example/fixture/metrik/2023-08-28,,2026-09-09,2026-09-09T00:00:00+07:00,2026-09-09T00:00:00+07:00,pj,True
timor-pagi.example,Kupang,2023-09-04,29,0.173,0.484,,https://timor-pagi.example/fixture/metrik/2023-09-04,,2026-09-09,2026-09-09T00:00:00+07:00,2026-09-09T00:00:00+07:00,pj,True
timor-pagi.example,Kupang,2023-09-11,41,0.244,0.551,,https://timor-pagi.example/fixture/metrik/2023-09-11,,2026-09-09,2026-09-09T00:00:00+07:00,2026-09-09T00:00:00+07:00,pj,True
timor-pagi.example,Kupang,2023-09-18,30,0.242,0.534,,https://timor-pagi.example/fixture/metrik/2023-09-18,,2026-09-09,2026-09-09T00:00:00+07:00,2026-09-09T00:00:00+07:00,pj,True
timor-pagi.example,Kupang,2023-09-25,39,0.254,0.454,,https://timor-pagi.example/fixture/metrik/2023-09-25,,2026-09-09,2026-09-09T00:00:00+07:00,2026-09-09T00:00:00+07:00,pj,True
timor-pagi.example,Kupang,2023-10-02,53,0.181,0.559,,https://timor-pagi.example/fixture/metrik/2023-10-02,,2026-09-09,2026-09-09T00:00:00+07:00,2026-09-09T00:00:00+07:00,pj,True
timor-pagi.example,Kupang,2023-10-09,38,0.272,0.636,,https://timor-pagi.example/fixture/metrik/2023-10-09,,2026-09-09,2026-09-09T00:00:00+07:00,2026-09-09T00:00:00+07:00,pj,True
timor-pagi.example,Kupang,2023-10-16,38,0.226,0.484,,https://timor-pagi.example/fixture/metrik/2023-10-16,,2026-09-09,2026-09-09T00:00:00+07:00,2026-09-09T00:00:00+07:00,pj,True
timor-pagi.example,Kupang,2023-10-23,39,0.227,0.473,,https://timor-pagi.example/fixture/metrik/2023-10-23,,2026-09-09,2026-09-09T00:00:00+07:00,2026-09-09T00:00:00+07:00,pj,True
timor-pagi.example,Kupang,2023-10-30,52,0.264,0.516,,https://timor-pagi.example/fixture/metrik/2023-10-30,,2026-09-09,2026-09-09T00:00:00+07:00,2026-09-09T00:00:00+07:00,pj,True
timor-pagi.example,Kupang,2023-11-06,34,0.248,0.56,,https://timor-pagi.example/fixture/metrik/2023-11-06,,2026-09-09,2026-09-09T00:00:00+07:00,2026-09-09T00:00:00+07:00,pj,True
timor-pagi.example,Kupang,2023-11-13,45,0.198,0.476,,https://timor-pagi.example/fixture/metrik/2023-11-13,,2026-09-09,2026-09-09T00:00:00+07:00,2026-09-09T00:00:00+07:00,pj,True
timor-pagi.example,Kupang,2023-11-20,39,0.289,0.507,,https://timor-pagi.example/fixture/metrik/2023-11-20,,2026-09-09,2026-09-09T00:00:00+07:00,2026-09-09T00:00:00+07:00,pj,True
timor-pagi.example,Kupang,2023-11-27,26,0.228,0.524,,https://timor-pagi.example/fixture/metrik/2023-11-27,,2026-09-09,2026-09-09T00:00:00+07:00,2026-09-09T00:00:00+07:00,pj,True
timor-pagi.example,Kupang,2023-12-04,45,0.235,0.481,,https://timor-pagi.example/fixture/metrik/2023-12-04,,2026-09-09,2026-09-09T00:00:00+07:00,2026-09-09T00:00:00+07:00,pj,True
timor-pagi.example,Kupang,2023-12-11,43,0.237,0.501,,https://timor-pagi.example/fixture/metrik/2023-12-11,,2026-09-09,2026-09-09T00:00:00+07:00,2026-09-09T00:00:00+07:00,pj,True
timor-pagi.example,Kupang,2023-12-18,29,0.267,0.517,,https://timor-pagi.example/fixture/metrik/2023-12-18,,2026-09-09,2026-09-09T00:00:00+07:00,2026-09-09T00:00:00+07:00,pj,True
timor-pagi.example,Kupang,2023-12-25,46,0.249,0.519,,https://timor-pagi.example/fixture/metrik/2023-12-25,,2026-09-09,2026-09-09T00:00:00+07:00,2026-09-09T00:00:00+07:00,pj,True
timor-pagi.example,Kupang,2024-01-01,35,0.229,0.55,,https://timor-pagi.example/fixture/metrik/2024-01-01,,2026-09-09,2026-09-09T00:00:00+07:00,2026-09-09T00:00:00+07:00,pj,True
timor-pagi.example,Kupang,2024-01-08,51,0.264,0.424,,https://timor-pagi.example/fixture/metrik/2024-01-08,,2026-09-09,2026-09-09T00:00:00+07:00,2026-09-09T00:00:00+07:00,pj,True
timor-pagi.example,Kupang,2024-01-15,31,0.268,0.489,,https://timor-pagi.example/fixture/metrik/2024-01-15,,2026-09-09,2026-09-09T00:00:00+07:00,2026-09-09T00:00:00+07:00,pj,True
timor-pagi.example,Kupang,2024-01-22,37,0.266,0.475,,https://timor-pagi.example/fixture/metrik/2024-01-22,,2026-09-09,2026-09-09T00:00:00+07:00,2026-09-09T00:00:00+07:00,pj,True
timor-pagi.example,Kupang,2024-01-29,30,0.283,0.433,,https://timor-pagi.example/fixture/metrik/2024-01-29,,2026-09-09,2026-09-09T00:00:00+07:00,2026-09-09T00:00:00+07:00,pj,True
timor-pagi.example,Kupang,2024-02-05,28,0.222,0.534,,https://timor-pagi.example/fixture/metrik/2024-02-05,,2026-09-09,2026-09-09T00:00:00+07:00,2026-09-09T00:00:00+07:00,pj,True
timor-pagi.example,Kupang,2024-02-12,36,0.236,0.469,,https://timor-pagi.example/fixture/metrik/2024-02-12,,2026-09-09,2026-09-09T00:00:00+07:00,2026-09-09T00:00:00+07:00,pj,True
timor-pagi.example,Kupang,2024-02-19,32,0.262,0.489,,https://timor-pagi.example/fixture/metrik/2024-02-19,,2026-09-09,2026-09-09T00:00:00+07:00,2026-09-09T00:00:00+07:00,pj,True
timor-pagi.example,Kupang,2024-02-26,47,0.211,0.43,,https://timor-pagi.example/fixture/metrik/2024-02-26,,2026-09-09,2026-09-09T00:00:00+07:00,2026-09-09T00:00:00+07:00,pj,True
timor-pagi.example,Kupang,2024-03-04,36,0.251,0.49,,https://timor-pagi.example/fixture/metrik/2024-03-04,,2026-09-09,2026-09-09T00:00:00+07:00,2026-09-09T00:00:00+07:00,pj,True
timor-pagi.example,Kupang,2024-03-11,29,0.25,0.51,,https://timor-pagi.example/fixture/metrik/2024-03-11,,2026-09-09,2026-09-09T00:00:00+07:00,2026-09-09T00:00:00+07:00,pj,True
timor-pagi.example,Kupang,2024-03-18,44,0.26,0.467,,https://timor-pagi.example/fixture/metrik/2024-03-18,,2026-09-09,2026-09-09T00:00:00+07:00,2026-09-09T00:00:00+07:00,pj,True
timor-pagi.example,Kupang,2024-03-25,38,0.236,0.475,,https://timor-pagi.example/fixture/metrik/2024-03-25,,2026-09-09,2026-09-09T00:00:00+07:00,2026-09-09T00:00:00+07:00,pj,True
timor-pagi.example,Kupang,2024-04-01,41,0.289,0.47,,https://timor-pagi.example/fixture/metrik/2024-04-01,,2026-09-09,2026-09-09T00:00:00+07:00,2026-09-09T00:00:00+07:00,pj,True
timor-pagi.example,Kupang,2024-04-08,34,0.294,0.524,,https://timor-pagi.example/fixture/metrik/2024-04-08,,2026-09-09,2026-09-09T00:00:00+07:00,2026-09-09T00:00:00+07:00,pj,True
timor-pagi.example,Kupang,2024-04-15,35,0.256,0.404,,https://timor-pagi.example/fixture/metrik/2024-04-15,,2026-09-09,2026-09-09T00:00:00+07:00,2026-09-09T00:00:00+07:00,pj,True
timor-pagi.example,Kupang,2024-04-22,47,0.276,0.422,,https://timor-pagi.example/fixture/metrik/2024-04-22,,2026-09-09,2026-09-09T00:00:00+07:00,2026-09-09T00:00:00+07:00,pj,True
timor-pagi.example,Kupang,2024-04-29,31,0.266,0.428,,https://timor-pagi.example/fixture/metrik/2024-04-29,,2026-09-09,2026-09-09T00:00:00+07:00,2026-09-09T00:00:00+07:00,pj,True
timor-pagi.example,Kupang,2024-05-06,32,0.252,0.445,,https://timor-pagi.example/fixture/metrik/2024-05-06,,2026-09-09,2026-09-09T00:00:00+07:00,2026-09-09T00:00:00+07:00,pj,True
timor-pagi.example,Kupang,2024-05-13,41,0.148,0.489,,https://timor-pagi.example/fixture/metrik/2024-05-13,,2026-09-09,2026-09-09T00:00:00+07:00,2026-09-09T00:00:00+07:00,pj,True
timor-pagi.example,Kupang,2024-05-20,53,0.225,0.527,,https://timor-pagi.example/fixture/metrik/2024-05-20,,2026-09-09,2026-09-09T00:00:00+07:00,2026-09-09T00:00:00+07:00,pj,True
timor-pagi.example,Kupang,2024-05-27,35,0.228,0.472,,https://timor-pagi.example/fixture/metrik/2024-05-27,,2026-09-09,2026-09-09T00:00:00+07:00,2026-09-09T00:00:00+07:00,pj,True
timor-pagi.example,Kupang,2024-06-03,39,0.15,0.5,,https://timor-pagi.example/fixture/metrik/2024-06-03,,2026-09-09,2026-09-09T00:00:00+07:00,2026-09-09T00:00:00+07:00,pj,True
timor-pagi.example,Kupang,2024-06-10,38,0.289,0.489,,https://timor-pagi.example/fixture/metrik/2024-06-10,,2026-09-09,2026-09-09T00:00:00+07:00,2026-09-09T00:00:00+07:00,pj,True
timor-pagi.example,Kupang,2024-06-17,49,0.239,0.503,,https://timor-pagi.example/fixture/metrik/2024-06-17,,2026-09-09,2026-09-09T00:00:00+07:00,2026-09-09T00:00:00+07:00,pj,True
timor-pagi.example,Kupang,2024-06-24,42,0.237,0.445,,https://timor-pagi.example/fixture/metrik/2024-06-24,,2026-09-09,2026-09-09T00:00:00+07:00,2026-09-09T00:00:00+07:00,pj,True
timor-pagi.example,Kupang,2024-07-01,40,0.25,0.596,,https://timor-pagi.example/fixture/metrik/2024-07-01,,2026-09-09,2026-09-09T00:00:00+07:00,2026-09-09T00:00:00+07:00,pj,True
timor-pagi.example,Kupang,2024-07-08,31,0.244,0.47,,https://timor-pagi.example/fixture/metrik/2024-07-08,,2026-09-09,2026-09-09T00:00:00+07:00,2026-09-09T00:00:00+07:00,pj,True
timor-pagi.example,Kupang,2024-07-15,33,0.233,0.532,,https://timor-pagi.example/fixture/metrik/2024-07-15,,2026-09-09,2026-09-09T00:00:00+07:00,2026-09-09T00:00:00+07:00,pj,True
timor-pagi.example,Kupang,2024-07-22,43,0.197,0.51,,https://timor-pagi.example/fixture/metrik/2024-07-22,,2026-09-09,2026-09-09T00:00:00+07:00,2026-09-09T00:00:00+07:00,pj,True
timor-pagi.example,Kupang,2024-07-29,35,0.269,0.506,,https://timor-pagi.example/fixture/metrik/2024-07-29,,2026-09-09,2026-09-09T00:00:00+07:00,2026-09-09T00:00:00+07:00,pj,True
timor-pagi.example,Kupang,2024-08-05,26,0.242,0.508,,https://timor-pagi.example/fixture/metrik/2024-08-05,,2026-09-09,2026-09-09T00:00:00+07:00,2026-09-09T00:00:00+07:00,pj,True
timor-pagi.example,Kupang,2024-08-12,45,0.261,0.509,,https://timor-pagi.example/fixture/metrik/2024-08-12,,2026-09-09,2026-09-09T00:00:00+07:00,2026-09-09T00:00:00+07:00,pj,True
timor-pagi.example,Kupang,2024-08-19,47,0.263,0.545,,https://timor-pagi.example/fixture/metrik/2024-08-19,,2026-09-09,2026-09-09T00:00:00+07:00,2026-09-09T00:00:00+07:00,pj,True
timor-pagi.example,Kupang,2024-08-26,34,0.232,0.491,,https://timor-pagi.example/fixture/metrik/2024-08-26,,2026-09-09,2026-09-09T00:00:00+07:00,2026-09-09T00:00:00+07:00,pj,True
timor-pagi.example,Kupang,2024-09-02,25,0.312,0.499,,https://timor-pagi.example/fixture/metrik/2024-09-02,,2026-09-09,2026-09-09T00:00:00+07:00,2026-09-09T00:00:00+07:00,pj,True
timor-pagi.example,Kupang,2024-09-09,28,0.259,0.607,,https://timor-pagi.example/fixture/metrik/2024-09-09,,2026-09-09,2026-09-09T00:00:00+07:00,2026-09-09T00:00:00+07:00,pj,True
timor-pagi.example,Kupang,2024-09-16,33,0.263,0.479,,https://timor-pagi.example/fixture/metrik/2024-09-16,,2026-09-09,2026-09-09T00:00:00+07:00,2026-09-09T00:00:00+07:00,pj,True
timor-pagi.example,Kupang,2024-09-23,30,0.254,0.53,,https://timor-pagi.example/fixture/metrik/2024-09-23,,2026-09-09,2026-09-09T00:00:00+07:00,2026-09-09T00:00:00+07:00,pj,True
timor-pagi.example,Kupang,2024-09-30,39,0.194,0.529,,https://timor-pagi.example/fixture/metrik/2024-09-30,,2026-09-09,2026-09-09T00:00:00+07:00,2026-09-09T00:00:00+07:00,pj,True
timor-pagi.example,Kupang,2024-10-07,44,0.267,0.515,,https://timor-pagi.example/fixture/metrik/2024-10-07,,2026-09-09,2026-09-09T00:00:00+07:00,2026-09-09T00:00:00+07:00,pj,True
timor-pagi.example,Kupang,2024-10-14,37,0.228,0.55,,https://timor-pagi.example/fixture/metrik/2024-10-14,,2026-09-09,2026-09-09T00:00:00+07:00,2026-09-09T00:00:00+07:00,pj,True
timor-pagi.example,Kupang,2024-10-21,34,0.164,0.427,,https://timor-pagi.example/fixture/metrik/2024-10-21,,2026-09-09,2026-09-09T00:00:00+07:00,2026-09-09T00:00:00+07:00,pj,True
timor-pagi.example,Kupang,2024-10-28,42,0.258,0.56,,https://timor-pagi.example/fixture/metrik/2024-10-28,,2026-09-09,2026-09-09T00:00:00+07:00,2026-09-09T00:00:00+07:00,pj,True
timor-pagi.example,Kupang,2024-11-04,40,0.234,0.457,,https://timor-pagi.example/fixture/metrik/2024-11-04,,2026-09-09,2026-09-09T00:00:00+07:00,2026-09-09T00:00:00+07:00,pj,True
timor-pagi.example,Kupang,2024-11-11,42,0.25,0.476,,https://timor-pagi.example/fixture/metrik/2024-11-11,,2026-09-09,2026-09-09T00:00:00+07:00,2026-09-09T00:00:00+07:00,pj,True
timor-pagi.example,Kupang,2024-11-18,42,0.202,0.441,,https://timor-pagi.example/fixture/metrik/2024-11-18,,2026-09-09,2026-09-09T00:00:00+07:00,2026-09-09T00:00:00+07:00,pj,True
timor-pagi.example,Kupang,2024-11-25,25,0.248,0.56,,https://timor-pagi.example/fixture/metrik/2024-11-25,,2026-09-09,2026-09-09T00:00:00+07:00,2026-09-09T00:00:00+07:00,pj,True
timor-pagi.example,Kupang,2024-12-02,27,0.229,0.393,,https://timor-pagi.example/fixture/metrik/2024-12-02,,2026-09-09,2026-09-09T00:00:00+07:00,2026-09-09T00:00:00+07:00,pj,True
timor-pagi.example,Kupang,2024-12-09,32,0.207,0.504,,https://timor-pagi.example/fixture/metrik/2024-12-09,,2026-09-09,2026-09-09T00:00:00+07:00,2026-09-09T00:00:00+07:00,pj,True
timor-pagi.example,Kupang,2024-12-16,42,0.258,0.479,,https://timor-pagi.example/fixture/metrik/2024-12-16,,2026-09-09,2026-09-09T00:00:00+07:00,2026-09-09T00:00:00+07:00,pj,True
timor-pagi.example,Kupang,2024-12-23,38,0.151,0.489,,https://timor-pagi.example/fixture/metrik/2024-12-23,,2026-09-09,2026-09-09T00:00:00+07:00,2026-09-09T00:00:00+07:00,pj,True
timor-pagi.example,Kupang,2024-12-30,49,0.193,0.521,,https://timor-pagi.example/fixture/metrik/2024-12-30,,2026-09-09,2026-09-09T00:00:00+07:00,2026-09-09T00:00:00+07:00,pj,True
timor-pagi.example,Kupang,2025-01-06,36,0.296,0.478,,https://timor-pagi.example/fixture/metrik/2025-01-06,,2026-09-09,2026-09-09T00:00:00+07:00,2026-09-09T00:00:00+07:00,pj,True
timor-pagi.example,Kupang,2025-01-13,29,0.219,0.483,,https://timor-pagi.example/fixture/metrik/2025-01-13,,2026-09-09,2026-09-09T00:00:00+07:00,2026-09-09T00:00:00+07:00,pj,True
timor-pagi.example,Kupang,2025-01-20,35,0.18,0.499,,https://timor-pagi.example/fixture/metrik/2025-01-20,,2026-09-09,2026-09-09T00:00:00+07:00,2026-09-09T00:00:00+07:00,pj,True
timor-pagi.example,Kupang,2025-01-27,31,0.134,0.439,,https://timor-pagi.example/fixture/metrik/2025-01-27,,2026-09-09,2026-09-09T00:00:00+07:00,2026-09-09T00:00:00+07:00,pj,True
timor-pagi.example,Kupang,2025-02-03,35,0.216,0.495,,https://timor-pagi.example/fixture/metrik/2025-02-03,,2026-09-09,2026-09-09T00:00:00+07:00,2026-09-09T00:00:00+07:00,pj,True
timor-pagi.example,Kupang,2025-02-10,24,0.273,0.501,,https://timor-pagi.example/fixture/metrik/2025-02-10,,2026-09-09,2026-09-09T00:00:00+07:00,2026-09-09T00:00:00+07:00,pj,True
timor-pagi.example,Kupang,2025-02-17,33,0.155,0.486,,https://timor-pagi.example/fixture/metrik/2025-02-17,,2026-09-09,2026-09-09T00:00:00+07:00,2026-09-09T00:00:00+07:00,pj,True
timor-pagi.example,Kupang,2025-02-24,33,0.223,0.407,,https://timor-pagi.example/fixture/metrik/2025-02-24,,2026-09-09,2026-09-09T00:00:00+07:00,2026-09-09T00:00:00+07:00,christian,True
timor-pagi.example,Kupang,2025-03-03,43,0.29,0.51,,https://timor-pagi.example/fixture/metrik/2025-03-03,,2026-09-09,2026-09-09T00:00:00+07:00,2026-09-09T00:00:00+07:00,christian,True
timor-pagi.example,Kupang,2025-03-10,38,0.256,0.548,,https://timor-pagi.example/fixture/metrik/2025-03-10,,2026-09-09,2026-09-09T00:00:00+07:00,2026-09-09T00:00:00+07:00,christian,True
timor-pagi.example,Kupang,2025-03-17,35,0.251,0.535,,https://timor-pagi.example/fixture/metrik/2025-03-17,,2026-09-09,2026-09-09T00:00:00+07:00,2026-09-09T00:00:00+07:00,christian,True
timor-pagi.example,Kupang,2025-03-24,42,0.157,0.583,,https://timor-pagi.example/fixture/metrik/2025-03-24,,2026-09-09,2026-09-09T00:00:00+07:00,2026-09-09T00:00:00+07:00,christian,True
timor-pagi.example,Kupang,2025-03-31,41,0.317,0.463,,https://timor-pagi.example/fixture/metrik/2025-03-31,,2026-09-09,2026-09-09T00:00:00+07:00,2026-09-09T00:00:00+07:00,christian,True
timor-pagi.example,Kupang,2025-04-07,43,0.187,0.486,,https://timor-pagi.example/fixture/metrik/2025-04-07,,2026-09-09,2026-09-09T00:00:00+07:00,2026-09-09T00:00:00+07:00,christian,True
timor-pagi.example,Kupang,2025-04-14,46,0.228,0.484,,https://timor-pagi.example/fixture/metrik/2025-04-14,,2026-09-09,2026-09-09T00:00:00+07:00,2026-09-09T00:00:00+07:00,christian,True
timor-pagi.example,Kupang,2025-04-21,38,0.3,0.457,,https://timor-pagi.example/fixture/metrik/2025-04-21,,2026-09-09,2026-09-09T00:00:00+07:00,2026-09-09T00:00:00+07:00,christian,True
timor-pagi.example,Kupang,2025-04-28,31,0.239,0.419,,https://timor-pagi.example/fixture/metrik/2025-04-28,,2026-09-09,2026-09-09T00:00:00+07:00,2026-09-09T00:00:00+07:00,christian,True
timor-pagi.example,Kupang,2025-05-05,38,0.221,0.508,,https://timor-pagi.example/fixture/metrik/2025-05-05,,2026-09-09,2026-09-09T00:00:00+07:00,2026-09-09T00:00:00+07:00,christian,True
timor-pagi.example,Kupang,2025-05-12,43,0.196,0.508,,https://timor-pagi.example/fixture/metrik/2025-05-12,,2026-09-09,2026-09-09T00:00:00+07:00,2026-09-09T00:00:00+07:00,christian,True
timor-pagi.example,Kupang,2025-05-19,42,0.154,0.498,,https://timor-pagi.example/fixture/metrik/2025-05-19,,2026-09-09,2026-09-09T00:00:00+07:00,2026-09-09T00:00:00+07:00,christian,True
timor-pagi.example,Kupang,2025-05-26,39,0.158,0.438,,https://timor-pagi.example/fixture/metrik/2025-05-26,,2026-09-09,2026-09-09T00:00:00+07:00,2026-09-09T00:00:00+07:00,christian,True
timor-pagi.example,Kupang,2025-06-02,35,0.208,0.506,,https://timor-pagi.example/fixture/metrik/2025-06-02,,2026-09-09,2026-09-09T00:00:00+07:00,2026-09-09T00:00:00+07:00,christian,True
timor-pagi.example,Kupang,2025-06-09,39,0.223,0.491,,https://timor-pagi.example/fixture/metrik/2025-06-09,,2026-09-09,2026-09-09T00:00:00+07:00,2026-09-09T00:00:00+07:00,christian,True
timor-pagi.example,Kupang,2025-06-16,37,0.234,0.445,,https://timor-pagi.example/fixture/metrik/2025-06-16,,2026-09-09,2026-09-09T00:00:00+07:00,2026-09-09T00:00:00+07:00,christian,True
timor-pagi.example,Kupang,2025-06-23,29,0.249,0.434,,https://timor-pagi.example/fixture/metrik/2025-06-23,,2026-09-09,2026-09-09T00:00:00+07:00,2026-09-09T00:00:00+07:00,christian,True
timor-pagi.example,Kupang,2025-06-30,27,0.219,0.391,,https://timor-pagi.example/fixture/metrik/2025-06-30,,2026-09-09,2026-09-09T00:00:00+07:00,2026-09-09T00:00:00+07:00,christian,True
timor-pagi.example,Kupang,2025-07-07,37,0.193,0.417,,https://timor-pagi.example/fixture/metrik/2025-07-07,,2026-09-09,2026-09-09T00:00:00+07:00,2026-09-09T00:00:00+07:00,christian,True
timor-pagi.example,Kupang,2025-07-14,40,0.251,0.533,,https://timor-pagi.example/fixture/metrik/2025-07-14,,2026-09-09,2026-09-09T00:00:00+07:00,2026-09-09T00:00:00+07:00,christian,True
timor-pagi.example,Kupang,2025-07-21,36,0.295,0.447,,https://timor-pagi.example/fixture/metrik/2025-07-21,,2026-09-09,2026-09-09T00:00:00+07:00,2026-09-09T00:00:00+07:00,christian,True
timor-pagi.example,Kupang,2025-07-28,38,0.201,0.496,,https://timor-pagi.example/fixture/metrik/2025-07-28,,2026-09-09,2026-09-09T00:00:00+07:00,2026-09-09T00:00:00+07:00,christian,True
timor-pagi.example,Kupang,2025-08-04,27,0.223,0.449,,https://timor-pagi.example/fixture/metrik/2025-08-04,,2026-09-09,2026-09-09T00:00:00+07:00,2026-09-09T00:00:00+07:00,christian,True
timor-pagi.example,Kupang,2025-08-11,45,0.296,0.409,,https://timor-pagi.example/fixture/metrik/2025-08-11,,2026-09-09,2026-09-09T00:00:00+07:00,2026-09-09T00:00:00+07:00,christian,True
timor-pagi.example,Kupang,2025-08-18,28,0.309,0.497,,https://timor-pagi.example/fixture/metrik/2025-08-18,,2026-09-09,2026-09-09T00:00:00+07:00,2026-09-09T00:00:00+07:00,christian,True
timor-pagi.example,Kupang,2025-08-25,38,0.299,0.456,,https://timor-pagi.example/fixture/metrik/2025-08-25,,2026-09-09,2026-09-09T00:00:00+07:00,2026-09-09T00:00:00+07:00,christian,True
timor-pagi.example,Kupang,2025-09-01,29,0.251,0.535,,https://timor-pagi.example/fixture/metrik/2025-09-01,,2026-09-09,2026-09-09T00:00:00+07:00,2026-09-09T00:00:00+07:00,christian,True
timor-pagi.example,Kupang,2025-09-08,53,0.261,0.48,,https://timor-pagi.example/fixture/metrik/2025-09-08,,2026-09-09,2026-09-09T00:00:00+07:00,2026-09-09T00:00:00+07:00,christian,True
timor-pagi.example,Kupang,2025-09-15,22,0.182,0.368,,https://timor-pagi.example/fixture/metrik/2025-09-15,,2026-09-09,2026-09-09T00:00:00+07:00,2026-09-09T00:00:00+07:00,christian,True
timor-pagi.example,Kupang,2025-09-22,34,0.29,0.481,,https://timor-pagi.example/fixture/metrik/2025-09-22,,2026-09-09,2026-09-09T00:00:00+07:00,2026-09-09T00:00:00+07:00,christian,True
timor-pagi.example,Kupang,2025-09-29,40,0.25,0.51,,https://timor-pagi.example/fixture/metrik/2025-09-29,,2026-09-09,2026-09-09T00:00:00+07:00,2026-09-09T00:00:00+07:00,christian,True
timor-pagi.example,Kupang,2025-10-06,38,0.282,0.524,,https://timor-pagi.example/fixture/metrik/2025-10-06,,2026-09-09,2026-09-09T00:00:00+07:00,2026-09-09T00:00:00+07:00,christian,True
timor-pagi.example,Kupang,2025-10-13,41,0.235,0.488,,https://timor-pagi.example/fixture/metrik/2025-10-13,,2026-09-09,2026-09-09T00:00:00+07:00,2026-09-09T00:00:00+07:00,christian,True
timor-pagi.example,Kupang,2025-10-20,32,0.19,0.483,,https://timor-pagi.example/fixture/metrik/2025-10-20,,2026-09-09,2026-09-09T00:00:00+07:00,2026-09-09T00:00:00+07:00,christian,True
timor-pagi.example,Kupang,2025-10-27,26,0.227,0.539,,https://timor-pagi.example/fixture/metrik/2025-10-27,,2026-09-09,2026-09-09T00:00:00+07:00,2026-09-09T00:00:00+07:00,christian,True
timor-pagi.example,Kupang,2025-11-03,38,0.208,0.498,,https://timor-pagi.example/fixture/metrik/2025-11-03,,2026-09-09,2026-09-09T00:00:00+07:00,2026-09-09T00:00:00+07:00,christian,True
timor-pagi.example,Kupang,2025-11-10,33,0.294,0.47,,https://timor-pagi.example/fixture/metrik/2025-11-10,,2026-09-09,2026-09-09T00:00:00+07:00,2026-09-09T00:00:00+07:00,christian,True
timor-pagi.example,Kupang,2025-11-17,29,0.21,0.517,,https://timor-pagi.example/fixture/metrik/2025-11-17,,2026-09-09,2026-09-09T00:00:00+07:00,2026-09-09T00:00:00+07:00,christian,True
timor-pagi.example,Kupang,2025-11-24,31,0.262,0.491,,https://timor-pagi.example/fixture/metrik/2025-11-24,,2026-09-09,2026-09-09T00:00:00+07:00,2026-09-09T00:00:00+07:00,christian,True
timor-pagi.example,Kupang,2025-12-01,36,0.27,0.545,,https://timor-pagi.example/fixture/metrik/2025-12-01,,2026-09-09,2026-09-09T00:00:00+07:00,2026-09-09T00:00:00+07:00,christian,True
timor-pagi.example,Kupang,2025-12-08,38,0.248,0.465,,https://timor-pagi.example/fixture/metrik/2025-12-08,,2026-09-09,2026-09-09T00:00:00+07:00,2026-09-09T00:00:00+07:00,christian,True
timor-pagi.example,Kupang,2025-12-15,33,0.287,0.414,,https://timor-pagi.example/fixture/metrik/2025-12-15,,2026-09-09,2026-09-09T00:00:00+07:00,2026-09-09T00:00:00+07:00,christian,True
timor-pagi.example,Kupang,2025-12-22,35,0.258,0.552,,https://timor-pagi.example/fixture/metrik/2025-12-22,,2026-09-09,2026-09-09T00:00:00+07:00,2026-09-09T00:00:00+07:00,christian,True
timor-pagi.example,Kupang,2025-12-29,26,0.288,0.557,,https://timor-pagi.example/fixture/metrik/2025-12-29,,2026-09-09,2026-09-09T00:00:00+07:00,2026-09-09T00:00:00+07:00,christian,True
kupang-kini.example,Kupang,2014-01-06,19,0.169,0.155,,https://kupang-kini.example/fixture/metrik/2014-01-06,,2026-09-09,2026-09-09T00:00:00+07:00,2026-09-09T00:00:00+07:00,jonas,True
kupang-kini.example,Kupang,2014-01-13,22,0.14,0.212,,https://kupang-kini.example/fixture/metrik/2014-01-13,,2026-09-09,2026-09-09T00:00:00+07:00,2026-09-09T00:00:00+07:00,jonas,True
kupang-kini.example,Kupang,2014-01-20,9,0.226,0.266,,https://kupang-kini.example/fixture/metrik/2014-01-20,,2026-09-09,2026-09-09T00:00:00+07:00,2026-09-09T00:00:00+07:00,jonas,True
kupang-kini.example,Kupang,2014-01-27,27,0.173,0.072,,https://kupang-kini.example/fixture/metrik/2014-01-27,,2026-09-09,2026-09-09T00:00:00+07:00,2026-09-09T00:00:00+07:00,jonas,True
kupang-kini.example,Kupang,2014-02-03,13,0.156,0.224,,https://kupang-kini.example/fixture/metrik/2014-02-03,,2026-09-09,2026-09-09T00:00:00+07:00,2026-09-09T00:00:00+07:00,jonas,True
kupang-kini.example,Kupang,2014-02-10,18,0.155,0.243,,https://kupang-kini.example/fixture/metrik/2014-02-10,,2026-09-09,2026-09-09T00:00:00+07:00,2026-09-09T00:00:00+07:00,jonas,True
kupang-kini.example,Kupang,2014-02-17,20,0.191,0.153,,https://kupang-kini.example/fixture/metrik/2014-02-17,,2026-09-09,2026-09-09T00:00:00+07:00,2026-09-09T00:00:00+07:00,jonas,True
kupang-kini.example,Kupang,2014-02-24,21,0.116,0.175,,https://kupang-kini.example/fixture/metrik/2014-02-24,,2026-09-09,2026-09-09T00:00:00+07:00,2026-09-09T00:00:00+07:00,jonas,True
kupang-kini.example,Kupang,2014-03-03,21,0.139,0.145,,https://kupang-kini.example/fixture/metrik/2014-03-03,,2026-09-09,2026-09-09T00:00:00+07:00,2026-09-09T00:00:00+07:00,jonas,True
kupang-kini.example,Kupang,2014-03-10,25,0.176,0.155,,https://kupang-kini.example/fixture/metrik/2014-03-10,,2026-09-09,2026-09-09T00:00:00+07:00,2026-09-09T00:00:00+07:00,jonas,True
kupang-kini.example,Kupang,2014-03-17,19,0.136,0.241,,https://kupang-kini.example/fixture/metrik/2014-03-17,,2026-09-09,2026-09-09T00:00:00+07:00,2026-09-09T00:00:00+07:00,jonas,True
kupang-kini.example,Kupang,2014-03-24,22,0.12,0.129,,https://kupang-kini.example/fixture/metrik/2014-03-24,,2026-09-09,2026-09-09T00:00:00+07:00,2026-09-09T00:00:00+07:00,jonas,True
kupang-kini.example,Kupang,2014-03-31,18,0.132,0.171,,https://kupang-kini.example/fixture/metrik/2014-03-31,,2026-09-09,2026-09-09T00:00:00+07:00,2026-09-09T00:00:00+07:00,jonas,True
kupang-kini.example,Kupang,2014-04-07,32,0.123,0.227,,https://kupang-kini.example/fixture/metrik/2014-04-07,,2026-09-09,2026-09-09T00:00:00+07:00,2026-09-09T00:00:00+07:00,jonas,True
kupang-kini.example,Kupang,2014-04-14,26,0.109,0.168,,https://kupang-kini.example/fixture/metrik/2014-04-14,,2026-09-09,2026-09-09T00:00:00+07:00,2026-09-09T00:00:00+07:00,jonas,True
kupang-kini.example,Kupang,2014-04-21,22,0.165,0.208,,https://kupang-kini.example/fixture/metrik/2014-04-21,,2026-09-09,2026-09-09T00:00:00+07:00,2026-09-09T00:00:00+07:00,jonas,True
kupang-kini.example,Kupang,2014-04-28,23,0.139,0.191,,https://kupang-kini.example/fixture/metrik/2014-04-28,,2026-09-09,2026-09-09T00:00:00+07:00,2026-09-09T00:00:00+07:00,jonas,True
kupang-kini.example,Kupang,2014-05-05,30,0.166,0.257,,https://kupang-kini.example/fixture/metrik/2014-05-05,,2026-09-09,2026-09-09T00:00:00+07:00,2026-09-09T00:00:00+07:00,jonas,True
kupang-kini.example,Kupang,2014-05-12,29,0.189,0.262,,https://kupang-kini.example/fixture/metrik/2014-05-12,,2026-09-09,2026-09-09T00:00:00+07:00,2026-09-09T00:00:00+07:00,jonas,True
kupang-kini.example,Kupang,2014-05-19,20,0.084,0.255,,https://kupang-kini.example/fixture/metrik/2014-05-19,,2026-09-09,2026-09-09T00:00:00+07:00,2026-09-09T00:00:00+07:00,jonas,True
kupang-kini.example,Kupang,2014-05-26,14,0.09,0.293,,https://kupang-kini.example/fixture/metrik/2014-05-26,,2026-09-09,2026-09-09T00:00:00+07:00,2026-09-09T00:00:00+07:00,jonas,True
kupang-kini.example,Kupang,2014-06-02,21,0.14,0.203,,https://kupang-kini.example/fixture/metrik/2014-06-02,,2026-09-09,2026-09-09T00:00:00+07:00,2026-09-09T00:00:00+07:00,jonas,True
kupang-kini.example,Kupang,2014-06-09,5,0.237,0.145,,https://kupang-kini.example/fixture/metrik/2014-06-09,,2026-09-09,2026-09-09T00:00:00+07:00,2026-09-09T00:00:00+07:00,jonas,True
kupang-kini.example,Kupang,2014-06-16,38,0.142,0.199,,https://kupang-kini.example/fixture/metrik/2014-06-16,,2026-09-09,2026-09-09T00:00:00+07:00,2026-09-09T00:00:00+07:00,jonas,True
kupang-kini.example,Kupang,2014-06-23,23,0.171,0.167,,https://kupang-kini.example/fixture/metrik/2014-06-23,,2026-09-09,2026-09-09T00:00:00+07:00,2026-09-09T00:00:00+07:00,jonas,True
kupang-kini.example,Kupang,2014-06-30,20,0.19,0.11,,https://kupang-kini.example/fixture/metrik/2014-06-30,,2026-09-09,2026-09-09T00:00:00+07:00,2026-09-09T00:00:00+07:00,jonas,True
kupang-kini.example,Kupang,2014-07-07,30,0.119,0.233,,https://kupang-kini.example/fixture/metrik/2014-07-07,,2026-09-09,2026-09-09T00:00:00+07:00,2026-09-09T00:00:00+07:00,jonas,True
kupang-kini.example,Kupang,2014-07-14,11,0.159,0.2,,https://kupang-kini.example/fixture/metrik/2014-07-14,,2026-09-09,2026-09-09T00:00:00+07:00,2026-09-09T00:00:00+07:00,jonas,True
kupang-kini.example,Kupang,2014-07-21,6,0.176,0.23,,https://kupang-kini.example/fixture/metrik/2014-07-21,,2026-09-09,2026-09-09T00:00:00+07:00,2026-09-09T00:00:00+07:00,jonas,True
kupang-kini.example,Kupang,2014-07-28,29,0.108,0.259,,https://kupang-kini.example/fixture/metrik/2014-07-28,,2026-09-09,2026-09-09T00:00:00+07:00,2026-09-09T00:00:00+07:00,jonas,True
kupang-kini.example,Kupang,2014-08-04,28,0.201,0.225,,https://kupang-kini.example/fixture/metrik/2014-08-04,,2026-09-09,2026-09-09T00:00:00+07:00,2026-09-09T00:00:00+07:00,jonas,True
kupang-kini.example,Kupang,2014-08-11,20,0.145,0.241,,https://kupang-kini.example/fixture/metrik/2014-08-11,,2026-09-09,2026-09-09T00:00:00+07:00,2026-09-09T00:00:00+07:00,jonas,True
kupang-kini.example,Kupang,2014-08-18,12,0.162,0.211,,https://kupang-kini.example/fixture/metrik/2014-08-18,,2026-09-09,2026-09-09T00:00:00+07:00,2026-09-09T00:00:00+07:00,jonas,True
kupang-kini.example,Kupang,2014-08-25,17,0.186,0.263,,https://kupang-kini.example/fixture/metrik/2014-08-25,,2026-09-09,2026-09-09T00:00:00+07:00,2026-09-09T00:00:00+07:00,jonas,True
kupang-kini.example,Kupang,2014-09-01,23,0.117,0.261,,https://kupang-kini.example/fixture/metrik/2014-09-01,,2026-09-09,2026-09-09T00:00:00+07:00,2026-09-09T00:00:00+07:00,jonas,True
kupang-kini.example,Kupang,2014-09-08,16,0.184,0.261,,https://kupang-kini.example/fixture/metrik/2014-09-08,,2026-09-09,2026-09-09T00:00:00+07:00,2026-09-09T00:00:00+07:00,jonas,True
kupang-kini.example,Kupang,2014-09-15,27,0.165,0.18,,https://kupang-kini.example/fixture/metrik/2014-09-15,,2026-09-09,2026-09-09T00:00:00+07:00,2026-09-09T00:00:00+07:00,jonas,True
kupang-kini.example,Kupang,2014-09-22,16,0.151,0.22,,https://kupang-kini.example/fixture/metrik/2014-09-22,,2026-09-09,2026-09-09T00:00:00+07:00,2026-09-09T00:00:00+07:00,jonas,True
kupang-kini.example,Kupang,2014-09-29,23,0.181,0.196,,https://kupang-kini.example/fixture/metrik/2014-09-29,,2026-09-09,2026-09-09T00:00:00+07:00,2026-09-09T00:00:00+07:00,jonas,True
kupang-kini.example,Kupang,2014-10-06,25,0.12,0.217,,https://kupang-kini.example/fixture/metrik/2014-10-06,,2026-09-09,2026-09-09T00:00:00+07:00,2026-09-09T00:00:00+07:00,jonas,True
kupang-kini.example,Kupang,2014-10-13,13,0.174,0.146,,https://kupang-kini.example/fixture/metrik/2014-10-13,,2026-09-09,2026-09-09T00:00:00+07:00,2026-09-09T00:00:00+07:00,jonas,True
kupang-kini.example,Kupang,2014-10-20,22,0.16,0.239,,https://kupang-kini.example/fixture/metrik/2014-10-20,,2026-09-09,2026-09-09T00:00:00+07:00,2026-09-09T00:00:00+07:00,jonas,True
kupang-kini.example,Kupang,2014-10-27,36,0.125,0.299,,https://kupang-kini.example/fixture/metrik/2014-10-27,,2026-09-09,2026-09-09T00:00:00+07:00,2026-09-09T00:00:00+07:00,jonas,True
kupang-kini.example,Kupang,2014-11-03,7,0.177,0.205,,https://kupang-kini.example/fixture/metrik/2014-11-03,,2026-09-09,2026-09-09T00:00:00+07:00,2026-09-09T00:00:00+07:00,jonas,True
kupang-kini.example,Kupang,2014-11-10,18,0.154,0.3,,https://kupang-kini.example/fixture/metrik/2014-11-10,,2026-09-09,2026-09-09T00:00:00+07:00,2026-09-09T00:00:00+07:00,jonas,True
kupang-kini.example,Kupang,2014-11-17,26,0.096,0.265,,https://kupang-kini.example/fixture/metrik/2014-11-17,,2026-09-09,2026-09-09T00:00:00+07:00,2026-09-09T00:00:00+07:00,jonas,True
kupang-kini.example,Kupang,2014-11-24,26,0.078,0.221,,https://kupang-kini.example/fixture/metrik/2014-11-24,,2026-09-09,2026-09-09T00:00:00+07:00,2026-09-09T00:00:00+07:00,jonas,True
kupang-kini.example,Kupang,2014-12-01,14,0.165,0.205,,https://kupang-kini.example/fixture/metrik/2014-12-01,,2026-09-09,2026-09-09T00:00:00+07:00,2026-09-09T00:00:00+07:00,jonas,True
kupang-kini.example,Kupang,2014-12-08,21,0.132,0.243,,https://kupang-kini.example/fixture/metrik/2014-12-08,,2026-09-09,2026-09-09T00:00:00+07:00,2026-09-09T00:00:00+07:00,jonas,True
kupang-kini.example,Kupang,2014-12-15,29,0.149,0.185,,https://kupang-kini.example/fixture/metrik/2014-12-15,,2026-09-09,2026-09-09T00:00:00+07:00,2026-09-09T00:00:00+07:00,jonas,True
kupang-kini.example,Kupang,2014-12-22,23,0.187,0.213,,https://kupang-kini.example/fixture/metrik/2014-12-22,,2026-09-09,2026-09-09T00:00:00+07:00,2026-09-09T00:00:00+07:00,jonas,True
kupang-kini.example,Kupang,2014-12-29,19,0.185,0.194,,https://kupang-kini.example/fixture/metrik/2014-12-29,,2026-09-09,2026-09-09T00:00:00+07:00,2026-09-09T00:00:00+07:00,jonas,True
kupang-kini.example,Kupang,2015-01-05,16,0.231,0.091,,https://kupang-kini.example/fixture/metrik/2015-01-05,,2026-09-09,2026-09-09T00:00:00+07:00,2026-09-09T00:00:00+07:00,jonas,True
kupang-kini.example,Kupang,2015-01-12,22,0.12,0.257,,https://kupang-kini.example/fixture/metrik/2015-01-12,,2026-09-09,2026-09-09T00:00:00+07:00,2026-09-09T00:00:00+07:00,jonas,True
kupang-kini.example,Kupang,2015-01-19,21,0.159,0.164,,https://kupang-kini.example/fixture/metrik/2015-01-19,,2026-09-09,2026-09-09T00:00:00+07:00,2026-09-09T00:00:00+07:00,jonas,True
kupang-kini.example,Kupang,2015-01-26,28,0.133,0.158,,https://kupang-kini.example/fixture/metrik/2015-01-26,,2026-09-09,2026-09-09T00:00:00+07:00,2026-09-09T00:00:00+07:00,jonas,True
kupang-kini.example,Kupang,2015-02-02,16,0.167,0.196,,https://kupang-kini.example/fixture/metrik/2015-02-02,,2026-09-09,2026-09-09T00:00:00+07:00,2026-09-09T00:00:00+07:00,jonas,True
kupang-kini.example,Kupang,2015-02-09,25,0.191,0.231,,https://kupang-kini.example/fixture/metrik/2015-02-09,,2026-09-09,2026-09-09T00:00:00+07:00,2026-09-09T00:00:00+07:00,jonas,True
kupang-kini.example,Kupang,2015-02-16,23,0.123,0.23,,https://kupang-kini.example/fixture/metrik/2015-02-16,,2026-09-09,2026-09-09T00:00:00+07:00,2026-09-09T00:00:00+07:00,jonas,True
kupang-kini.example,Kupang,2015-02-23,27,0.121,0.207,,https://kupang-kini.example/fixture/metrik/2015-02-23,,2026-09-09,2026-09-09T00:00:00+07:00,2026-09-09T00:00:00+07:00,jonas,True
kupang-kini.example,Kupang,2015-03-02,20,0.14,0.155,,https://kupang-kini.example/fixture/metrik/2015-03-02,,2026-09-09,2026-09-09T00:00:00+07:00,2026-09-09T00:00:00+07:00,jonas,True
kupang-kini.example,Kupang,2015-03-09,14,0.142,0.258,,https://kupang-kini.example/fixture/metrik/2015-03-09,,2026-09-09,2026-09-09T00:00:00+07:00,2026-09-09T00:00:00+07:00,jonas,True
kupang-kini.example,Kupang,2015-03-16,31,0.125,0.173,,https://kupang-kini.example/fixture/metrik/2015-03-16,,2026-09-09,2026-09-09T00:00:00+07:00,2026-09-09T00:00:00+07:00,jonas,True
kupang-kini.example,Kupang,2015-03-23,26,0.16,0.141,,https://kupang-kini.example/fixture/metrik/2015-03-23,,2026-09-09,2026-09-09T00:00:00+07:00,2026-09-09T00:00:00+07:00,jonas,True
kupang-kini.example,Kupang,2015-03-30,25,0.116,0.232,,https://kupang-kini.example/fixture/metrik/2015-03-30,,2026-09-09,2026-09-09T00:00:00+07:00,2026-09-09T00:00:00+07:00,jonas,True
kupang-kini.example,Kupang,2015-04-06,11,0.166,0.241,,https://kupang-kini.example/fixture/metrik/2015-04-06,,2026-09-09,2026-09-09T00:00:00+07:00,2026-09-09T00:00:00+07:00,jonas,True
kupang-kini.example,Kupang,2015-04-13,15,0.112,0.203,,https://kupang-kini.example/fixture/metrik/2015-04-13,,2026-09-09,2026-09-09T00:00:00+07:00,2026-09-09T00:00:00+07:00,jonas,True
kupang-kini.example,Kupang,2015-04-20,23,0.115,0.224,,https://kupang-kini.example/fixture/metrik/2015-04-20,,2026-09-09,2026-09-09T00:00:00+07:00,2026-09-09T00:00:00+07:00,jonas,True
kupang-kini.example,Kupang,2015-04-27,19,0.202,0.2,,https://kupang-kini.example/fixture/metrik/2015-04-27,,2026-09-09,2026-09-09T00:00:00+07:00,2026-09-09T00:00:00+07:00,jonas,True
kupang-kini.example,Kupang,2015-05-04,23,0.221,0.204,,https://kupang-kini.example/fixture/metrik/2015-05-04,,2026-09-09,2026-09-09T00:00:00+07:00,2026-09-09T00:00:00+07:00,jonas,True
kupang-kini.example,Kupang,2015-05-11,23,0.182,0.148,,https://kupang-kini.example/fixture/metrik/2015-05-11,,2026-09-09,2026-09-09T00:00:00+07:00,2026-09-09T00:00:00+07:00,jonas,True
kupang-kini.example,Kupang,2015-05-18,29,0.145,0.116,,https://kupang-kini.example/fixture/metrik/2015-05-18,,2026-09-09,2026-09-09T00:00:00+07:00,2026-09-09T00:00:00+07:00,jonas,True
kupang-kini.example,Kupang,2015-05-25,29,0.134,0.147,,https://kupang-kini.example/fixture/metrik/2015-05-25,,2026-09-09,2026-09-09T00:00:00+07:00,2026-09-09T00:00:00+07:00,jonas,True
kupang-kini.example,Kupang,2015-06-01,31,0.221,0.253,,https://kupang-kini.example/fixture/metrik/2015-06-01,,2026-09-09,2026-09-09T00:00:00+07:00,2026-09-09T00:00:00+07:00,jonas,True
kupang-kini.example,Kupang,2015-06-08,31,0.165,0.182,,https://kupang-kini.example/fixture/metrik/2015-06-08,,2026-09-09,2026-09-09T00:00:00+07:00,2026-09-09T00:00:00+07:00,jonas,True
kupang-kini.example,Kupang,2015-06-15,16,0.138,0.191,,https://kupang-kini.example/fixture/metrik/2015-06-15,,2026-09-09,2026-09-09T00:00:00+07:00,2026-09-09T00:00:00+07:00,jonas,True
kupang-kini.example,Kupang,2015-06-22,16,0.185,0.164,,https://kupang-kini.example/fixture/metrik/2015-06-22,,2026-09-09,2026-09-09T00:00:00+07:00,2026-09-09T00:00:00+07:00,jonas,True
kupang-kini.example,Kupang,2015-06-29,26,0.115,0.17,,https://kupang-kini.example/fixture/metrik/2015-06-29,,2026-09-09,2026-09-09T00:00:00+07:00,2026-09-09T00:00:00+07:00,jonas,True
kupang-kini.example,Kupang,2015-07-06,15,0.143,0.249,,https://kupang-kini.example/fixture/metrik/2015-07-06,,2026-09-09,2026-09-09T00:00:00+07:00,2026-09-09T00:00:00+07:00,jonas,True
kupang-kini.example,Kupang,2015-07-13,15,0.18,0.133,,https://kupang-kini.example/fixture/metrik/2015-07-13,,2026-09-09,2026-09-09T00:00:00+07:00,2026-09-09T00:00:00+07:00,jonas,True
kupang-kini.example,Kupang,2015-07-20,13,0.156,0.119,,https://kupang-kini.example/fixture/metrik/2015-07-20,,2026-09-09,2026-09-09T00:00:00+07:00,2026-09-09T00:00:00+07:00,jonas,True
kupang-kini.example,Kupang,2015-07-27,30,0.144,0.183,,https://kupang-kini.example/fixture/metrik/2015-07-27,,2026-09-09,2026-09-09T00:00:00+07:00,2026-09-09T00:00:00+07:00,jonas,True
kupang-kini.example,Kupang,2015-08-03,33,0.215,0.168,,https://kupang-kini.example/fixture/metrik/2015-08-03,,2026-09-09,2026-09-09T00:00:00+07:00,2026-09-09T00:00:00+07:00,jonas,True
kupang-kini.example,Kupang,2015-08-10,27,0.126,0.178,,https://kupang-kini.example/fixture/metrik/2015-08-10,,2026-09-09,2026-09-09T00:00:00+07:00,2026-09-09T00:00:00+07:00,jonas,True
kupang-kini.example,Kupang,2015-08-17,20,0.111,0.187,,https://kupang-kini.example/fixture/metrik/2015-08-17,,2026-09-09,2026-09-09T00:00:00+07:00,2026-09-09T00:00:00+07:00,jonas,True
kupang-kini.example,Kupang,2015-08-24,14,0.199,0.214,,https://kupang-kini.example/fixture/metrik/2015-08-24,,2026-09-09,2026-09-09T00:00:00+07:00,2026-09-09T00:00:00+07:00,jonas,True
kupang-kini.example,Kupang,2015-08-31,12,0.163,0.303,,https://kupang-kini.example/fixture/metrik/2015-08-31,,2026-09-09,2026-09-09T00:00:00+07:00,2026-09-09T00:00:00+07:00,jonas,True
kupang-kini.example,Kupang,2015-09-07,18,0.107,0.186,,https://kupang-kini.example/fixture/metrik/2015-09-07,,2026-09-09,2026-09-09T00:00:00+07:00,2026-09-09T00:00:00+07:00,jonas,True
kupang-kini.example,Kupang,2015-09-14,24,0.136,0.298,,https://kupang-kini.example/fixture/metrik/2015-09-14,,2026-09-09,2026-09-09T00:00:00+07:00,2026-09-09T00:00:00+07:00,jonas,True
kupang-kini.example,Kupang,2015-09-21,17,0.239,0.222,,https://kupang-kini.example/fixture/metrik/2015-09-21,,2026-09-09,2026-09-09T00:00:00+07:00,2026-09-09T00:00:00+07:00,jonas,True
kupang-kini.example,Kupang,2015-09-28,25,0.073,0.278,,https://kupang-kini.example/fixture/metrik/2015-09-28,,2026-09-09,2026-09-09T00:00:00+07:00,2026-09-09T00:00:00+07:00,jonas,True
kupang-kini.example,Kupang,2015-10-05,25,0.126,0.246,,https://kupang-kini.example/fixture/metrik/2015-10-05,,2026-09-09,2026-09-09T00:00:00+07:00,2026-09-09T00:00:00+07:00,jonas,True
kupang-kini.example,Kupang,2015-10-12,23,0.148,0.293,,https://kupang-kini.example/fixture/metrik/2015-10-12,,2026-09-09,2026-09-09T00:00:00+07:00,2026-09-09T00:00:00+07:00,jonas,True
kupang-kini.example,Kupang,2015-10-19,28,0.193,0.275,,https://kupang-kini.example/fixture/metrik/2015-10-19,,2026-09-09,2026-09-09T00:00:00+07:00,2026-09-09T00:00:00+07:00,jonas,True
kupang-kini.example,Kupang,2015-10-26,7,0.172,0.177,,https://kupang-kini.example/fixture/metrik/2015-10-26,,2026-09-09,2026-09-09T00:00:00+07:00,2026-09-09T00:00:00+07:00,jonas,True
kupang-kini.example,Kupang,2015-11-02,15,0.186,0.26,,https://kupang-kini.example/fixture/metrik/2015-11-02,,2026-09-09,2026-09-09T00:00:00+07:00,2026-09-09T00:00:00+07:00,jonas,True
kupang-kini.example,Kupang,2015-11-09,21,0.112,0.228,,https://kupang-kini.example/fixture/metrik/2015-11-09,,2026-09-09,2026-09-09T00:00:00+07:00,2026-09-09T00:00:00+07:00,jonas,True
kupang-kini.example,Kupang,2015-11-16,19,0.167,0.26,,https://kupang-kini.example/fixture/metrik/2015-11-16,,2026-09-09,2026-09-09T00:00:00+07:00,2026-09-09T00:00:00+07:00,jonas,True
kupang-kini.example,Kupang,2015-11-23,26,0.193,0.248,,https://kupang-kini.example/fixture/metrik/2015-11-23,,2026-09-09,2026-09-09T00:00:00+07:00,2026-09-09T00:00:00+07:00,jonas,True
kupang-kini.example,Kupang,2015-11-30,27,0.127,0.215,,https://kupang-kini.example/fixture/metrik/2015-11-30,,2026-09-09,2026-09-09T00:00:00+07:00,2026-09-09T00:00:00+07:00,jonas,True
kupang-kini.example,Kupang,2015-12-07,21,0.062,0.233,,https://kupang-kini.example/fixture/metrik/2015-12-07,,2026-09-09,2026-09-09T00:00:00+07:00,2026-09-09T00:00:00+07:00,jonas,True
kupang-kini.example,Kupang,2015-12-14,7,0.178,0.126,,https://kupang-kini.example/fixture/metrik/2015-12-14,,2026-09-09,2026-09-09T00:00:00+07:00,2026-09-09T00:00:00+07:00,jonas,True
kupang-kini.example,Kupang,2015-12-21,12,0.088,0.14,,https://kupang-kini.example/fixture/metrik/2015-12-21,,2026-09-09,2026-09-09T00:00:00+07:00,2026-09-09T00:00:00+07:00,jonas,True
kupang-kini.example,Kupang,2015-12-28,33,0.21,0.238,,https://kupang-kini.example/fixture/metrik/2015-12-28,,2026-09-09,2026-09-09T00:00:00+07:00,2026-09-09T00:00:00+07:00,jonas,True
kupang-kini.example,Kupang,2016-01-04,19,0.178,0.264,,https://kupang-kini.example/fixture/metrik/2016-01-04,,2026-09-09,2026-09-09T00:00:00+07:00,2026-09-09T00:00:00+07:00,jonas,True
kupang-kini.example,Kupang,2016-01-11,21,0.102,0.229,,https://kupang-kini.example/fixture/metrik/2016-01-11,,2026-09-09,2026-09-09T00:00:00+07:00,2026-09-09T00:00:00+07:00,jonas,True
kupang-kini.example,Kupang,2016-01-18,27,0.106,0.197,,https://kupang-kini.example/fixture/metrik/2016-01-18,,2026-09-09,2026-09-09T00:00:00+07:00,2026-09-09T00:00:00+07:00,jonas,True
kupang-kini.example,Kupang,2016-01-25,26,0.179,0.135,,https://kupang-kini.example/fixture/metrik/2016-01-25,,2026-09-09,2026-09-09T00:00:00+07:00,2026-09-09T00:00:00+07:00,jonas,True
kupang-kini.example,Kupang,2016-02-01,23,0.102,0.08,,https://kupang-kini.example/fixture/metrik/2016-02-01,,2026-09-09,2026-09-09T00:00:00+07:00,2026-09-09T00:00:00+07:00,jonas,True
kupang-kini.example,Kupang,2016-02-08,30,0.187,0.19,,https://kupang-kini.example/fixture/metrik/2016-02-08,,2026-09-09,2026-09-09T00:00:00+07:00,2026-09-09T00:00:00+07:00,jonas,True
kupang-kini.example,Kupang,2016-02-15,12,0.17,0.168,,https://kupang-kini.example/fixture/metrik/2016-02-15,,2026-09-09,2026-09-09T00:00:00+07:00,2026-09-09T00:00:00+07:00,jonas,True
kupang-kini.example,Kupang,2016-02-22,13,0.189,0.133,,https://kupang-kini.example/fixture/metrik/2016-02-22,,2026-09-09,2026-09-09T00:00:00+07:00,2026-09-09T00:00:00+07:00,jonas,True
kupang-kini.example,Kupang,2016-02-29,35,0.096,0.222,,https://kupang-kini.example/fixture/metrik/2016-02-29,,2026-09-09,2026-09-09T00:00:00+07:00,2026-09-09T00:00:00+07:00,jonas,True
kupang-kini.example,Kupang,2016-03-07,24,0.153,0.162,,https://kupang-kini.example/fixture/metrik/2016-03-07,,2026-09-09,2026-09-09T00:00:00+07:00,2026-09-09T00:00:00+07:00,jonas,True
kupang-kini.example,Kupang,2016-03-14,36,0.166,0.211,,https://kupang-kini.example/fixture/metrik/2016-03-14,,2026-09-09,2026-09-09T00:00:00+07:00,2026-09-09T00:00:00+07:00,jonas,True
kupang-kini.example,Kupang,2016-03-21,21,0.142,0.227,,https://kupang-kini.example/fixture/metrik/2016-03-21,,2026-09-09,2026-09-09T00:00:00+07:00,2026-09-09T00:00:00+07:00,jonas,True
kupang-kini.example,Kupang,2016-03-28,11,0.1,0.172,,https://kupang-kini.example/fixture/metrik/2016-03-28,,2026-09-09,2026-09-09T00:00:00+07:00,2026-09-09T00:00:00+07:00,jonas,True
kupang-kini.example,Kupang,2016-04-04,33,0.15,0.173,,https://kupang-kini.example/fixture/metrik/2016-04-04,,2026-09-09,2026-09-09T00:00:00+07:00,2026-09-09T00:00:00+07:00,jonas,True
kupang-kini.example,Kupang,2016-04-11,21,0.1,0.185,,https://kupang-kini.example/fixture/metrik/2016-04-11,,2026-09-09,2026-09-09T00:00:00+07:00,2026-09-09T00:00:00+07:00,jonas,True
kupang-kini.example,Kupang,2016-04-18,28,0.19,0.203,,https://kupang-kini.example/fixture/metrik/2016-04-18,,2026-09-09,2026-09-09T00:00:00+07:00,2026-09-09T00:00:00+07:00,jonas,True
kupang-kini.example,Kupang,2016-04-25,26,0.13,0.219,,https://kupang-kini.example/fixture/metrik/2016-04-25,,2026-09-09,2026-09-09T00:00:00+07:00,2026-09-09T00:00:00+07:00,jonas,True
kupang-kini.example,Kupang,2016-05-02,19,0.119,0.196,,https://kupang-kini.example/fixture/metrik/2016-05-02,,2026-09-09,2026-09-09T00:00:00+07:00,2026-09-09T00:00:00+07:00,jonas,True
kupang-kini.example,Kupang,2016-05-09,22,0.103,0.224,,https://kupang-kini.example/fixture/metrik/2016-05-09,,2026-09-09,2026-09-09T00:00:00+07:00,2026-09-09T00:00:00+07:00,jonas,True
kupang-kini.example,Kupang,2016-05-16,31,0.133,0.31,,https://kupang-kini.example/fixture/metrik/2016-05-16,,2026-09-09,2026-09-09T00:00:00+07:00,2026-09-09T00:00:00+07:00,jonas,True
kupang-kini.example,Kupang,2016-05-23,18,0.114,0.218,,https://kupang-kini.example/fixture/metrik/2016-05-23,,2026-09-09,2026-09-09T00:00:00+07:00,2026-09-09T00:00:00+07:00,jonas,True
kupang-kini.example,Kupang,2016-05-30,26,0.147,0.248,,https://kupang-kini.example/fixture/metrik/2016-05-30,,2026-09-09,2026-09-09T00:00:00+07:00,2026-09-09T00:00:00+07:00,jonas,True
kupang-kini.example,Kupang,2016-06-06,7,0.196,0.184,,https://kupang-kini.example/fixture/metrik/2016-06-06,,2026-09-09,2026-09-09T00:00:00+07:00,2026-09-09T00:00:00+07:00,jonas,True
kupang-kini.example,Kupang,2016-06-13,13,0.135,0.252,,https://kupang-kini.example/fixture/metrik/2016-06-13,,2026-09-09,2026-09-09T00:00:00+07:00,2026-09-09T00:00:00+07:00,jonas,True
kupang-kini.example,Kupang,2016-06-20,26,0.11,0.205,,https://kupang-kini.example/fixture/metrik/2016-06-20,,2026-09-09,2026-09-09T00:00:00+07:00,2026-09-09T00:00:00+07:00,jonas,True
kupang-kini.example,Kupang,2016-06-27,14,0.154,0.11,,https://kupang-kini.example/fixture/metrik/2016-06-27,,2026-09-09,2026-09-09T00:00:00+07:00,2026-09-09T00:00:00+07:00,jonas,True
kupang-kini.example,Kupang,2016-07-04,24,0.153,0.195,,https://kupang-kini.example/fixture/metrik/2016-07-04,,2026-09-09,2026-09-09T00:00:00+07:00,2026-09-09T00:00:00+07:00,jonas,True
kupang-kini.example,Kupang,2016-07-11,23,0.146,0.177,,https://kupang-kini.example/fixture/metrik/2016-07-11,,2026-09-09,2026-09-09T00:00:00+07:00,2026-09-09T00:00:00+07:00,jonas,True
kupang-kini.example,Kupang,2016-07-18,17,0.203,0.166,,https://kupang-kini.example/fixture/metrik/2016-07-18,,2026-09-09,2026-09-09T00:00:00+07:00,2026-09-09T00:00:00+07:00,jonas,True
kupang-kini.example,Kupang,2016-07-25,27,0.161,0.261,,https://kupang-kini.example/fixture/metrik/2016-07-25,,2026-09-09,2026-09-09T00:00:00+07:00,2026-09-09T00:00:00+07:00,jonas,True
kupang-kini.example,Kupang,2016-08-01,12,0.188,0.283,,https://kupang-kini.example/fixture/metrik/2016-08-01,,2026-09-09,2026-09-09T00:00:00+07:00,2026-09-09T00:00:00+07:00,jonas,True
kupang-kini.example,Kupang,2016-08-08,14,0.186,0.149,,https://kupang-kini.example/fixture/metrik/2016-08-08,,2026-09-09,2026-09-09T00:00:00+07:00,2026-09-09T00:00:00+07:00,jonas,True
kupang-kini.example,Kupang,2016-08-15,23,0.218,0.223,,https://kupang-kini.example/fixture/metrik/2016-08-15,,2026-09-09,2026-09-09T00:00:00+07:00,2026-09-09T00:00:00+07:00,jonas,True
kupang-kini.example,Kupang,2016-08-22,16,0.152,0.209,,https://kupang-kini.example/fixture/metrik/2016-08-22,,2026-09-09,2026-09-09T00:00:00+07:00,2026-09-09T00:00:00+07:00,jonas,True
kupang-kini.example,Kupang,2016-08-29,9,0.159,0.217,,https://kupang-kini.example/fixture/metrik/2016-08-29,,2026-09-09,2026-09-09T00:00:00+07:00,2026-09-09T00:00:00+07:00,jonas,True
kupang-kini.example,Kupang,2016-09-05,27,0.106,0.148,,https://kupang-kini.example/fixture/metrik/2016-09-05,,2026-09-09,2026-09-09T00:00:00+07:00,2026-09-09T00:00:00+07:00,jonas,True
kupang-kini.example,Kupang,2016-09-12,28,0.172,0.206,,https://kupang-kini.example/fixture/metrik/2016-09-12,,2026-09-09,2026-09-09T00:00:00+07:00,2026-09-09T00:00:00+07:00,jonas,True
kupang-kini.example,Kupang,2016-09-19,22,0.138,0.288,,https://kupang-kini.example/fixture/metrik/2016-09-19,,2026-09-09,2026-09-09T00:00:00+07:00,2026-09-09T00:00:00+07:00,jonas,True
kupang-kini.example,Kupang,2016-09-26,23,0.11,0.298,,https://kupang-kini.example/fixture/metrik/2016-09-26,,2026-09-09,2026-09-09T00:00:00+07:00,2026-09-09T00:00:00+07:00,jonas,True
kupang-kini.example,Kupang,2016-10-03,13,0.19,0.162,,https://kupang-kini.example/fixture/metrik/2016-10-03,,2026-09-09,2026-09-09T00:00:00+07:00,2026-09-09T00:00:00+07:00,jonas,True
kupang-kini.example,Kupang,2016-10-10,25,0.161,0.228,,https://kupang-kini.example/fixture/metrik/2016-10-10,,2026-09-09,2026-09-09T00:00:00+07:00,2026-09-09T00:00:00+07:00,jonas,True
kupang-kini.example,Kupang,2016-10-17,19,0.165,0.194,,https://kupang-kini.example/fixture/metrik/2016-10-17,,2026-09-09,2026-09-09T00:00:00+07:00,2026-09-09T00:00:00+07:00,jonas,True
kupang-kini.example,Kupang,2016-10-24,21,0.198,0.19,,https://kupang-kini.example/fixture/metrik/2016-10-24,,2026-09-09,2026-09-09T00:00:00+07:00,2026-09-09T00:00:00+07:00,jonas,True
kupang-kini.example,Kupang,2016-10-31,17,0.121,0.286,,https://kupang-kini.example/fixture/metrik/2016-10-31,,2026-09-09,2026-09-09T00:00:00+07:00,2026-09-09T00:00:00+07:00,jonas,True
kupang-kini.example,Kupang,2016-11-07,24,0.183,0.229,,https://kupang-kini.example/fixture/metrik/2016-11-07,,2026-09-09,2026-09-09T00:00:00+07:00,2026-09-09T00:00:00+07:00,jonas,True
kupang-kini.example,Kupang,2016-11-14,18,0.137,0.269,,https://kupang-kini.example/fixture/metrik/2016-11-14,,2026-09-09,2026-09-09T00:00:00+07:00,2026-09-09T00:00:00+07:00,jonas,True
kupang-kini.example,Kupang,2016-11-21,24,0.155,0.167,,https://kupang-kini.example/fixture/metrik/2016-11-21,,2026-09-09,2026-09-09T00:00:00+07:00,2026-09-09T00:00:00+07:00,jonas,True
kupang-kini.example,Kupang,2016-11-28,31,0.199,0.232,,https://kupang-kini.example/fixture/metrik/2016-11-28,,2026-09-09,2026-09-09T00:00:00+07:00,2026-09-09T00:00:00+07:00,jonas,True
kupang-kini.example,Kupang,2016-12-05,22,0.195,0.161,,https://kupang-kini.example/fixture/metrik/2016-12-05,,2026-09-09,2026-09-09T00:00:00+07:00,2026-09-09T00:00:00+07:00,jonas,True
kupang-kini.example,Kupang,2016-12-12,32,0.148,0.272,,https://kupang-kini.example/fixture/metrik/2016-12-12,,2026-09-09,2026-09-09T00:00:00+07:00,2026-09-09T00:00:00+07:00,jonas,True
kupang-kini.example,Kupang,2016-12-19,18,0.127,0.17,,https://kupang-kini.example/fixture/metrik/2016-12-19,,2026-09-09,2026-09-09T00:00:00+07:00,2026-09-09T00:00:00+07:00,jonas,True
kupang-kini.example,Kupang,2016-12-26,7,0.047,0.227,,https://kupang-kini.example/fixture/metrik/2016-12-26,,2026-09-09,2026-09-09T00:00:00+07:00,2026-09-09T00:00:00+07:00,jonas,True
kupang-kini.example,Kupang,2017-01-02,32,0.181,0.219,,https://kupang-kini.example/fixture/metrik/2017-01-02,,2026-09-09,2026-09-09T00:00:00+07:00,2026-09-09T00:00:00+07:00,jonas,True
kupang-kini.example,Kupang,2017-01-09,28,0.135,0.206,,https://kupang-kini.example/fixture/metrik/2017-01-09,,2026-09-09,2026-09-09T00:00:00+07:00,2026-09-09T00:00:00+07:00,jonas,True
kupang-kini.example,Kupang,2017-01-16,25,0.168,0.249,,https://kupang-kini.example/fixture/metrik/2017-01-16,,2026-09-09,2026-09-09T00:00:00+07:00,2026-09-09T00:00:00+07:00,jonas,True
kupang-kini.example,Kupang,2017-01-23,22,0.102,0.231,,https://kupang-kini.example/fixture/metrik/2017-01-23,,2026-09-09,2026-09-09T00:00:00+07:00,2026-09-09T00:00:00+07:00,jonas,True
kupang-kini.example,Kupang,2017-01-30,21,0.131,0.219,,https://kupang-kini.example/fixture/metrik/2017-01-30,,2026-09-09,2026-09-09T00:00:00+07:00,2026-09-09T00:00:00+07:00,jonas,True
kupang-kini.example,Kupang,2017-02-06,15,0.114,0.236,,https://kupang-kini.example/fixture/metrik/2017-02-06,,2026-09-09,2026-09-09T00:00:00+07:00,2026-09-09T00:00:00+07:00,jonas,True
kupang-kini.example,Kupang,2017-02-13,25,0.146,0.281,,https://kupang-kini.example/fixture/metrik/2017-02-13,,2026-09-09,2026-09-09T00:00:00+07:00,2026-09-09T00:00:00+07:00,jonas,True
kupang-kini.example,Kupang,2017-02-20,22,0.133,0.251,,https://kupang-kini.example/fixture/metrik/2017-02-20,,2026-09-09,2026-09-09T00:00:00+07:00,2026-09-09T00:00:00+07:00,jonas,True
kupang-kini.example,Kupang,2017-02-27,24,0.098,0.142,,https://kupang-kini.example/fixture/metrik/2017-02-27,,2026-09-09,2026-09-09T00:00:00+07:00,2026-09-09T00:00:00+07:00,jonas,True
kupang-kini.example,Kupang,2017-03-06,29,0.145,0.286,,https://kupang-kini.example/fixture/metrik/2017-03-06,,2026-09-09,2026-09-09T00:00:00+07:00,2026-09-09T00:00:00+07:00,jonas,True
kupang-kini.example,Kupang,2017-03-13,15,0.115,0.24,,https://kupang-kini.example/fixture/metrik/2017-03-13,,2026-09-09,2026-09-09T00:00:00+07:00,2026-09-09T00:00:00+07:00,jonas,True
kupang-kini.example,Kupang,2017-03-20,13,0.136,0.179,,https://kupang-kini.example/fixture/metrik/2017-03-20,,2026-09-09,2026-09-09T00:00:00+07:00,2026-09-09T00:00:00+07:00,jonas,True
kupang-kini.example,Kupang,2017-03-27,29,0.148,0.189,,https://kupang-kini.example/fixture/metrik/2017-03-27,,2026-09-09,2026-09-09T00:00:00+07:00,2026-09-09T00:00:00+07:00,jonas,True
kupang-kini.example,Kupang,2017-04-03,22,0.158,0.155,,https://kupang-kini.example/fixture/metrik/2017-04-03,,2026-09-09,2026-09-09T00:00:00+07:00,2026-09-09T00:00:00+07:00,jonas,True
kupang-kini.example,Kupang,2017-04-10,6,0.179,0.232,,https://kupang-kini.example/fixture/metrik/2017-04-10,,2026-09-09,2026-09-09T00:00:00+07:00,2026-09-09T00:00:00+07:00,jonas,True
kupang-kini.example,Kupang,2017-04-17,14,0.113,0.155,,https://kupang-kini.example/fixture/metrik/2017-04-17,,2026-09-09,2026-09-09T00:00:00+07:00,2026-09-09T00:00:00+07:00,jonas,True
kupang-kini.example,Kupang,2017-04-24,18,0.177,0.305,,https://kupang-kini.example/fixture/metrik/2017-04-24,,2026-09-09,2026-09-09T00:00:00+07:00,2026-09-09T00:00:00+07:00,jonas,True
kupang-kini.example,Kupang,2017-05-01,22,0.117,0.238,,https://kupang-kini.example/fixture/metrik/2017-05-01,,2026-09-09,2026-09-09T00:00:00+07:00,2026-09-09T00:00:00+07:00,jonas,True
kupang-kini.example,Kupang,2017-05-08,21,0.232,0.208,,https://kupang-kini.example/fixture/metrik/2017-05-08,,2026-09-09,2026-09-09T00:00:00+07:00,2026-09-09T00:00:00+07:00,jonas,True
kupang-kini.example,Kupang,2017-05-15,27,0.119,0.193,,https://kupang-kini.example/fixture/metrik/2017-05-15,,2026-09-09,2026-09-09T00:00:00+07:00,2026-09-09T00:00:00+07:00,jonas,True
kupang-kini.example,Kupang,2017-05-22,16,0.124,0.198,,https://kupang-kini.example/fixture/metrik/2017-05-22,,2026-09-09,2026-09-09T00:00:00+07:00,2026-09-09T00:00:00+07:00,jonas,True
kupang-kini.example,Kupang,2017-05-29,28,0.112,0.171,,https://kupang-kini.example/fixture/metrik/2017-05-29,,2026-09-09,2026-09-09T00:00:00+07:00,2026-09-09T00:00:00+07:00,jonas,True
kupang-kini.example,Kupang,2017-06-05,9,0.118,0.216,,https://kupang-kini.example/fixture/metrik/2017-06-05,,2026-09-09,2026-09-09T00:00:00+07:00,2026-09-09T00:00:00+07:00,jonas,True
kupang-kini.example,Kupang,2017-06-12,21,0.108,0.254,,https://kupang-kini.example/fixture/metrik/2017-06-12,,2026-09-09,2026-09-09T00:00:00+07:00,2026-09-09T00:00:00+07:00,jonas,True
kupang-kini.example,Kupang,2017-06-19,15,0.085,0.154,,https://kupang-kini.example/fixture/metrik/2017-06-19,,2026-09-09,2026-09-09T00:00:00+07:00,2026-09-09T00:00:00+07:00,jonas,True
kupang-kini.example,Kupang,2017-06-26,28,0.122,0.147,,https://kupang-kini.example/fixture/metrik/2017-06-26,,2026-09-09,2026-09-09T00:00:00+07:00,2026-09-09T00:00:00+07:00,jonas,True
kupang-kini.example,Kupang,2017-07-03,21,0.184,0.202,,https://kupang-kini.example/fixture/metrik/2017-07-03,,2026-09-09,2026-09-09T00:00:00+07:00,2026-09-09T00:00:00+07:00,jonas,True
kupang-kini.example,Kupang,2017-07-10,26,0.147,0.237,,https://kupang-kini.example/fixture/metrik/2017-07-10,,2026-09-09,2026-09-09T00:00:00+07:00,2026-09-09T00:00:00+07:00,jonas,True
kupang-kini.example,Kupang,2017-07-17,24,0.151,0.151,,https://kupang-kini.example/fixture/metrik/2017-07-17,,2026-09-09,2026-09-09T00:00:00+07:00,2026-09-09T00:00:00+07:00,jonas,True
kupang-kini.example,Kupang,2017-07-24,25,0.175,0.197,,https://kupang-kini.example/fixture/metrik/2017-07-24,,2026-09-09,2026-09-09T00:00:00+07:00,2026-09-09T00:00:00+07:00,jonas,True
kupang-kini.example,Kupang,2017-07-31,22,0.153,0.222,,https://kupang-kini.example/fixture/metrik/2017-07-31,,2026-09-09,2026-09-09T00:00:00+07:00,2026-09-09T00:00:00+07:00,jonas,True
kupang-kini.example,Kupang,2017-08-07,13,0.134,0.231,,https://kupang-kini.example/fixture/metrik/2017-08-07,,2026-09-09,2026-09-09T00:00:00+07:00,2026-09-09T00:00:00+07:00,jonas,True
kupang-kini.example,Kupang,2017-08-14,19,0.09,0.317,,https://kupang-kini.example/fixture/metrik/2017-08-14,,2026-09-09,2026-09-09T00:00:00+07:00,2026-09-09T00:00:00+07:00,jonas,True
kupang-kini.example,Kupang,2017-08-21,35,0.16,0.259,,https://kupang-kini.example/fixture/metrik/2017-08-21,,2026-09-09,2026-09-09T00:00:00+07:00,2026-09-09T00:00:00+07:00,jonas,True
kupang-kini.example,Kupang,2017-08-28,25,0.188,0.123,,https://kupang-kini.example/fixture/metrik/2017-08-28,,2026-09-09,2026-09-09T00:00:00+07:00,2026-09-09T00:00:00+07:00,jefri,True
kupang-kini.example,Kupang,2017-09-04,29,0.127,0.277,,https://kupang-kini.example/fixture/metrik/2017-09-04,,2026-09-09,2026-09-09T00:00:00+07:00,2026-09-09T00:00:00+07:00,jefri,True
kupang-kini.example,Kupang,2017-09-11,22,0.161,0.162,,https://kupang-kini.example/fixture/metrik/2017-09-11,,2026-09-09,2026-09-09T00:00:00+07:00,2026-09-09T00:00:00+07:00,jefri,True
kupang-kini.example,Kupang,2017-09-18,20,0.215,0.245,,https://kupang-kini.example/fixture/metrik/2017-09-18,,2026-09-09,2026-09-09T00:00:00+07:00,2026-09-09T00:00:00+07:00,jefri,True
kupang-kini.example,Kupang,2017-09-25,24,0.097,0.197,,https://kupang-kini.example/fixture/metrik/2017-09-25,,2026-09-09,2026-09-09T00:00:00+07:00,2026-09-09T00:00:00+07:00,jefri,True
kupang-kini.example,Kupang,2017-10-02,30,0.192,0.192,,https://kupang-kini.example/fixture/metrik/2017-10-02,,2026-09-09,2026-09-09T00:00:00+07:00,2026-09-09T00:00:00+07:00,jefri,True
kupang-kini.example,Kupang,2017-10-09,10,0.188,0.181,,https://kupang-kini.example/fixture/metrik/2017-10-09,,2026-09-09,2026-09-09T00:00:00+07:00,2026-09-09T00:00:00+07:00,jefri,True
kupang-kini.example,Kupang,2017-10-16,20,0.142,0.174,,https://kupang-kini.example/fixture/metrik/2017-10-16,,2026-09-09,2026-09-09T00:00:00+07:00,2026-09-09T00:00:00+07:00,jefri,True
kupang-kini.example,Kupang,2017-10-23,32,0.127,0.286,,https://kupang-kini.example/fixture/metrik/2017-10-23,,2026-09-09,2026-09-09T00:00:00+07:00,2026-09-09T00:00:00+07:00,jefri,True
kupang-kini.example,Kupang,2017-10-30,13,0.099,0.142,,https://kupang-kini.example/fixture/metrik/2017-10-30,,2026-09-09,2026-09-09T00:00:00+07:00,2026-09-09T00:00:00+07:00,jefri,True
kupang-kini.example,Kupang,2017-11-06,12,0.148,0.153,,https://kupang-kini.example/fixture/metrik/2017-11-06,,2026-09-09,2026-09-09T00:00:00+07:00,2026-09-09T00:00:00+07:00,jefri,True
kupang-kini.example,Kupang,2017-11-13,24,0.134,0.207,,https://kupang-kini.example/fixture/metrik/2017-11-13,,2026-09-09,2026-09-09T00:00:00+07:00,2026-09-09T00:00:00+07:00,jefri,True
kupang-kini.example,Kupang,2017-11-20,7,0.12,0.249,,https://kupang-kini.example/fixture/metrik/2017-11-20,,2026-09-09,2026-09-09T00:00:00+07:00,2026-09-09T00:00:00+07:00,jefri,True
kupang-kini.example,Kupang,2017-11-27,13,0.105,0.256,,https://kupang-kini.example/fixture/metrik/2017-11-27,,2026-09-09,2026-09-09T00:00:00+07:00,2026-09-09T00:00:00+07:00,jefri,True
kupang-kini.example,Kupang,2017-12-04,23,0.099,0.172,,https://kupang-kini.example/fixture/metrik/2017-12-04,,2026-09-09,2026-09-09T00:00:00+07:00,2026-09-09T00:00:00+07:00,jefri,True
kupang-kini.example,Kupang,2017-12-11,10,0.165,0.204,,https://kupang-kini.example/fixture/metrik/2017-12-11,,2026-09-09,2026-09-09T00:00:00+07:00,2026-09-09T00:00:00+07:00,jefri,True
kupang-kini.example,Kupang,2017-12-18,30,0.1,0.21,,https://kupang-kini.example/fixture/metrik/2017-12-18,,2026-09-09,2026-09-09T00:00:00+07:00,2026-09-09T00:00:00+07:00,jefri,True
kupang-kini.example,Kupang,2017-12-25,15,0.128,0.164,,https://kupang-kini.example/fixture/metrik/2017-12-25,,2026-09-09,2026-09-09T00:00:00+07:00,2026-09-09T00:00:00+07:00,jefri,True
kupang-kini.example,Kupang,2018-01-01,17,0.159,0.187,,https://kupang-kini.example/fixture/metrik/2018-01-01,,2026-09-09,2026-09-09T00:00:00+07:00,2026-09-09T00:00:00+07:00,jefri,True
kupang-kini.example,Kupang,2018-01-08,18,0.105,0.22,,https://kupang-kini.example/fixture/metrik/2018-01-08,,2026-09-09,2026-09-09T00:00:00+07:00,2026-09-09T00:00:00+07:00,jefri,True
kupang-kini.example,Kupang,2018-01-15,21,0.116,0.232,,https://kupang-kini.example/fixture/metrik/2018-01-15,,2026-09-09,2026-09-09T00:00:00+07:00,2026-09-09T00:00:00+07:00,jefri,True
kupang-kini.example,Kupang,2018-01-22,17,0.209,0.172,,https://kupang-kini.example/fixture/metrik/2018-01-22,,2026-09-09,2026-09-09T00:00:00+07:00,2026-09-09T00:00:00+07:00,jefri,True
kupang-kini.example,Kupang,2018-01-29,10,0.172,0.246,,https://kupang-kini.example/fixture/metrik/2018-01-29,,2026-09-09,2026-09-09T00:00:00+07:00,2026-09-09T00:00:00+07:00,jefri,True
kupang-kini.example,Kupang,2018-02-05,25,0.138,0.203,,https://kupang-kini.example/fixture/metrik/2018-02-05,,2026-09-09,2026-09-09T00:00:00+07:00,2026-09-09T00:00:00+07:00,jefri,True
kupang-kini.example,Kupang,2018-02-12,23,0.101,0.246,,https://kupang-kini.example/fixture/metrik/2018-02-12,,2026-09-09,2026-09-09T00:00:00+07:00,2026-09-09T00:00:00+07:00,jefri,True
kupang-kini.example,Kupang,2018-02-19,27,0.107,0.204,,https://kupang-kini.example/fixture/metrik/2018-02-19,,2026-09-09,2026-09-09T00:00:00+07:00,2026-09-09T00:00:00+07:00,jefri,True
kupang-kini.example,Kupang,2018-02-26,19,0.098,0.19,,https://kupang-kini.example/fixture/metrik/2018-02-26,,2026-09-09,2026-09-09T00:00:00+07:00,2026-09-09T00:00:00+07:00,jefri,True
kupang-kini.example,Kupang,2018-03-05,17,0.2,0.231,,https://kupang-kini.example/fixture/metrik/2018-03-05,,2026-09-09,2026-09-09T00:00:00+07:00,2026-09-09T00:00:00+07:00,jefri,True
kupang-kini.example,Kupang,2018-03-12,13,0.11,0.138,,https://kupang-kini.example/fixture/metrik/2018-03-12,,2026-09-09,2026-09-09T00:00:00+07:00,2026-09-09T00:00:00+07:00,jefri,True
kupang-kini.example,Kupang,2018-03-19,34,0.094,0.271,,https://kupang-kini.example/fixture/metrik/2018-03-19,,2026-09-09,2026-09-09T00:00:00+07:00,2026-09-09T00:00:00+07:00,jefri,True
kupang-kini.example,Kupang,2018-03-26,27,0.168,0.236,,https://kupang-kini.example/fixture/metrik/2018-03-26,,2026-09-09,2026-09-09T00:00:00+07:00,2026-09-09T00:00:00+07:00,jefri,True
kupang-kini.example,Kupang,2018-04-02,24,0.151,0.125,,https://kupang-kini.example/fixture/metrik/2018-04-02,,2026-09-09,2026-09-09T00:00:00+07:00,2026-09-09T00:00:00+07:00,jefri,True
kupang-kini.example,Kupang,2018-04-09,25,0.178,0.278,,https://kupang-kini.example/fixture/metrik/2018-04-09,,2026-09-09,2026-09-09T00:00:00+07:00,2026-09-09T00:00:00+07:00,jefri,True
kupang-kini.example,Kupang,2018-04-16,26,0.204,0.272,,https://kupang-kini.example/fixture/metrik/2018-04-16,,2026-09-09,2026-09-09T00:00:00+07:00,2026-09-09T00:00:00+07:00,jefri,True
kupang-kini.example,Kupang,2018-04-23,19,0.18,0.178,,https://kupang-kini.example/fixture/metrik/2018-04-23,,2026-09-09,2026-09-09T00:00:00+07:00,2026-09-09T00:00:00+07:00,jefri,True
kupang-kini.example,Kupang,2018-04-30,20,0.146,0.158,,https://kupang-kini.example/fixture/metrik/2018-04-30,,2026-09-09,2026-09-09T00:00:00+07:00,2026-09-09T00:00:00+07:00,jefri,True
kupang-kini.example,Kupang,2018-05-07,21,0.158,0.257,,https://kupang-kini.example/fixture/metrik/2018-05-07,,2026-09-09,2026-09-09T00:00:00+07:00,2026-09-09T00:00:00+07:00,jefri,True
kupang-kini.example,Kupang,2018-05-14,33,0.169,0.232,,https://kupang-kini.example/fixture/metrik/2018-05-14,,2026-09-09,2026-09-09T00:00:00+07:00,2026-09-09T00:00:00+07:00,jefri,True
kupang-kini.example,Kupang,2018-05-21,15,0.118,0.194,,https://kupang-kini.example/fixture/metrik/2018-05-21,,2026-09-09,2026-09-09T00:00:00+07:00,2026-09-09T00:00:00+07:00,jefri,True
kupang-kini.example,Kupang,2018-05-28,26,0.115,0.226,,https://kupang-kini.example/fixture/metrik/2018-05-28,,2026-09-09,2026-09-09T00:00:00+07:00,2026-09-09T00:00:00+07:00,jefri,True
kupang-kini.example,Kupang,2018-06-04,12,0.119,0.198,,https://kupang-kini.example/fixture/metrik/2018-06-04,,2026-09-09,2026-09-09T00:00:00+07:00,2026-09-09T00:00:00+07:00,jefri,True
kupang-kini.example,Kupang,2018-06-11,30,0.052,0.111,,https://kupang-kini.example/fixture/metrik/2018-06-11,,2026-09-09,2026-09-09T00:00:00+07:00,2026-09-09T00:00:00+07:00,jefri,True
kupang-kini.example,Kupang,2018-06-18,23,0.191,0.274,,https://kupang-kini.example/fixture/metrik/2018-06-18,,2026-09-09,2026-09-09T00:00:00+07:00,2026-09-09T00:00:00+07:00,jefri,True
kupang-kini.example,Kupang,2018-06-25,21,0.146,0.151,,https://kupang-kini.example/fixture/metrik/2018-06-25,,2026-09-09,2026-09-09T00:00:00+07:00,2026-09-09T00:00:00+07:00,jefri,True
kupang-kini.example,Kupang,2018-07-02,20,0.161,0.232,,https://kupang-kini.example/fixture/metrik/2018-07-02,,2026-09-09,2026-09-09T00:00:00+07:00,2026-09-09T00:00:00+07:00,jefri,True
kupang-kini.example,Kupang,2018-07-09,29,0.169,0.185,,https://kupang-kini.example/fixture/metrik/2018-07-09,,2026-09-09,2026-09-09T00:00:00+07:00,2026-09-09T00:00:00+07:00,jefri,True
kupang-kini.example,Kupang,2018-07-16,32,0.111,0.26,,https://kupang-kini.example/fixture/metrik/2018-07-16,,2026-09-09,2026-09-09T00:00:00+07:00,2026-09-09T00:00:00+07:00,jefri,True
kupang-kini.example,Kupang,2018-07-23,24,0.179,0.163,,https://kupang-kini.example/fixture/metrik/2018-07-23,,2026-09-09,2026-09-09T00:00:00+07:00,2026-09-09T00:00:00+07:00,jefri,True
kupang-kini.example,Kupang,2018-07-30,14,0.133,0.229,,https://kupang-kini.example/fixture/metrik/2018-07-30,,2026-09-09,2026-09-09T00:00:00+07:00,2026-09-09T00:00:00+07:00,jefri,True
kupang-kini.example,Kupang,2018-08-06,22,0.148,0.234,,https://kupang-kini.example/fixture/metrik/2018-08-06,,2026-09-09,2026-09-09T00:00:00+07:00,2026-09-09T00:00:00+07:00,jefri,True
kupang-kini.example,Kupang,2018-08-13,20,0.14,0.265,,https://kupang-kini.example/fixture/metrik/2018-08-13,,2026-09-09,2026-09-09T00:00:00+07:00,2026-09-09T00:00:00+07:00,jefri,True
kupang-kini.example,Kupang,2018-08-20,11,0.143,0.314,,https://kupang-kini.example/fixture/metrik/2018-08-20,,2026-09-09,2026-09-09T00:00:00+07:00,2026-09-09T00:00:00+07:00,jefri,True
kupang-kini.example,Kupang,2018-08-27,32,0.159,0.232,,https://kupang-kini.example/fixture/metrik/2018-08-27,,2026-09-09,2026-09-09T00:00:00+07:00,2026-09-09T00:00:00+07:00,jefri,True
kupang-kini.example,Kupang,2018-09-03,31,0.134,0.223,,https://kupang-kini.example/fixture/metrik/2018-09-03,,2026-09-09,2026-09-09T00:00:00+07:00,2026-09-09T00:00:00+07:00,jefri,True
kupang-kini.example,Kupang,2018-09-10,16,0.107,0.122,,https://kupang-kini.example/fixture/metrik/2018-09-10,,2026-09-09,2026-09-09T00:00:00+07:00,2026-09-09T00:00:00+07:00,jefri,True
kupang-kini.example,Kupang,2018-09-17,12,0.189,0.122,,https://kupang-kini.example/fixture/metrik/2018-09-17,,2026-09-09,2026-09-09T00:00:00+07:00,2026-09-09T00:00:00+07:00,jefri,True
kupang-kini.example,Kupang,2018-09-24,24,0.137,0.185,,https://kupang-kini.example/fixture/metrik/2018-09-24,,2026-09-09,2026-09-09T00:00:00+07:00,2026-09-09T00:00:00+07:00,jefri,True
kupang-kini.example,Kupang,2018-10-01,30,0.092,0.236,,https://kupang-kini.example/fixture/metrik/2018-10-01,,2026-09-09,2026-09-09T00:00:00+07:00,2026-09-09T00:00:00+07:00,jefri,True
kupang-kini.example,Kupang,2018-10-08,35,0.144,0.18,,https://kupang-kini.example/fixture/metrik/2018-10-08,,2026-09-09,2026-09-09T00:00:00+07:00,2026-09-09T00:00:00+07:00,jefri,True
kupang-kini.example,Kupang,2018-10-15,10,0.191,0.245,,https://kupang-kini.example/fixture/metrik/2018-10-15,,2026-09-09,2026-09-09T00:00:00+07:00,2026-09-09T00:00:00+07:00,jefri,True
kupang-kini.example,Kupang,2018-10-22,18,0.097,0.197,,https://kupang-kini.example/fixture/metrik/2018-10-22,,2026-09-09,2026-09-09T00:00:00+07:00,2026-09-09T00:00:00+07:00,jefri,True
kupang-kini.example,Kupang,2018-10-29,4,0.154,0.262,,https://kupang-kini.example/fixture/metrik/2018-10-29,,2026-09-09,2026-09-09T00:00:00+07:00,2026-09-09T00:00:00+07:00,jefri,True
kupang-kini.example,Kupang,2018-11-05,10,0.142,0.313,,https://kupang-kini.example/fixture/metrik/2018-11-05,,2026-09-09,2026-09-09T00:00:00+07:00,2026-09-09T00:00:00+07:00,jefri,True
kupang-kini.example,Kupang,2018-11-12,31,0.089,0.171,,https://kupang-kini.example/fixture/metrik/2018-11-12,,2026-09-09,2026-09-09T00:00:00+07:00,2026-09-09T00:00:00+07:00,jefri,True
kupang-kini.example,Kupang,2018-11-19,31,0.075,0.203,,https://kupang-kini.example/fixture/metrik/2018-11-19,,2026-09-09,2026-09-09T00:00:00+07:00,2026-09-09T00:00:00+07:00,jefri,True
kupang-kini.example,Kupang,2018-11-26,33,0.163,0.229,,https://kupang-kini.example/fixture/metrik/2018-11-26,,2026-09-09,2026-09-09T00:00:00+07:00,2026-09-09T00:00:00+07:00,jefri,True
kupang-kini.example,Kupang,2018-12-03,17,0.169,0.196,,https://kupang-kini.example/fixture/metrik/2018-12-03,,2026-09-09,2026-09-09T00:00:00+07:00,2026-09-09T00:00:00+07:00,jefri,True
kupang-kini.example,Kupang,2018-12-10,14,0.167,0.234,,https://kupang-kini.example/fixture/metrik/2018-12-10,,2026-09-09,2026-09-09T00:00:00+07:00,2026-09-09T00:00:00+07:00,jefri,True
kupang-kini.example,Kupang,2018-12-17,26,0.262,0.17,,https://kupang-kini.example/fixture/metrik/2018-12-17,,2026-09-09,2026-09-09T00:00:00+07:00,2026-09-09T00:00:00+07:00,jefri,True
kupang-kini.example,Kupang,2018-12-24,27,0.143,0.214,,https://kupang-kini.example/fixture/metrik/2018-12-24,,2026-09-09,2026-09-09T00:00:00+07:00,2026-09-09T00:00:00+07:00,jefri,True
kupang-kini.example,Kupang,2018-12-31,16,0.16,0.182,,https://kupang-kini.example/fixture/metrik/2018-12-31,,2026-09-09,2026-09-09T00:00:00+07:00,2026-09-09T00:00:00+07:00,jefri,True
kupang-kini.example,Kupang,2019-01-07,19,0.194,0.194,,https://kupang-kini.example/fixture/metrik/2019-01-07,,2026-09-09,2026-09-09T00:00:00+07:00,2026-09-09T00:00:00+07:00,jefri,True
kupang-kini.example,Kupang,2019-01-14,29,0.13,0.166,,https://kupang-kini.example/fixture/metrik/2019-01-14,,2026-09-09,2026-09-09T00:00:00+07:00,2026-09-09T00:00:00+07:00,jefri,True
kupang-kini.example,Kupang,2019-01-21,25,0.199,0.217,,https://kupang-kini.example/fixture/metrik/2019-01-21,,2026-09-09,2026-09-09T00:00:00+07:00,2026-09-09T00:00:00+07:00,jefri,True
kupang-kini.example,Kupang,2019-01-28,12,0.144,0.248,,https://kupang-kini.example/fixture/metrik/2019-01-28,,2026-09-09,2026-09-09T00:00:00+07:00,2026-09-09T00:00:00+07:00,jefri,True
kupang-kini.example,Kupang,2019-02-04,25,0.168,0.169,,https://kupang-kini.example/fixture/metrik/2019-02-04,,2026-09-09,2026-09-09T00:00:00+07:00,2026-09-09T00:00:00+07:00,jefri,True
kupang-kini.example,Kupang,2019-02-11,34,0.158,0.165,,https://kupang-kini.example/fixture/metrik/2019-02-11,,2026-09-09,2026-09-09T00:00:00+07:00,2026-09-09T00:00:00+07:00,jefri,True
kupang-kini.example,Kupang,2019-02-18,26,0.157,0.235,,https://kupang-kini.example/fixture/metrik/2019-02-18,,2026-09-09,2026-09-09T00:00:00+07:00,2026-09-09T00:00:00+07:00,jefri,True
kupang-kini.example,Kupang,2019-02-25,28,0.127,0.198,,https://kupang-kini.example/fixture/metrik/2019-02-25,,2026-09-09,2026-09-09T00:00:00+07:00,2026-09-09T00:00:00+07:00,jefri,True
kupang-kini.example,Kupang,2019-03-04,12,0.127,0.339,,https://kupang-kini.example/fixture/metrik/2019-03-04,,2026-09-09,2026-09-09T00:00:00+07:00,2026-09-09T00:00:00+07:00,jefri,True
kupang-kini.example,Kupang,2019-03-11,22,0.098,0.253,,https://kupang-kini.example/fixture/metrik/2019-03-11,,2026-09-09,2026-09-09T00:00:00+07:00,2026-09-09T00:00:00+07:00,jefri,True
kupang-kini.example,Kupang,2019-03-18,37,0.194,0.264,,https://kupang-kini.example/fixture/metrik/2019-03-18,,2026-09-09,2026-09-09T00:00:00+07:00,2026-09-09T00:00:00+07:00,jefri,True
kupang-kini.example,Kupang,2019-03-25,27,0.109,0.287,,https://kupang-kini.example/fixture/metrik/2019-03-25,,2026-09-09,2026-09-09T00:00:00+07:00,2026-09-09T00:00:00+07:00,jefri,True
kupang-kini.example,Kupang,2019-04-01,31,0.144,0.241,,https://kupang-kini.example/fixture/metrik/2019-04-01,,2026-09-09,2026-09-09T00:00:00+07:00,2026-09-09T00:00:00+07:00,jefri,True
kupang-kini.example,Kupang,2019-04-08,17,0.153,0.243,,https://kupang-kini.example/fixture/metrik/2019-04-08,,2026-09-09,2026-09-09T00:00:00+07:00,2026-09-09T00:00:00+07:00,jefri,True
kupang-kini.example,Kupang,2019-04-15,13,0.141,0.184,,https://kupang-kini.example/fixture/metrik/2019-04-15,,2026-09-09,2026-09-09T00:00:00+07:00,2026-09-09T00:00:00+07:00,jefri,True
kupang-kini.example,Kupang,2019-04-22,17,0.156,0.147,,https://kupang-kini.example/fixture/metrik/2019-04-22,,2026-09-09,2026-09-09T00:00:00+07:00,2026-09-09T00:00:00+07:00,jefri,True
kupang-kini.example,Kupang,2019-04-29,20,0.162,0.145,,https://kupang-kini.example/fixture/metrik/2019-04-29,,2026-09-09,2026-09-09T00:00:00+07:00,2026-09-09T00:00:00+07:00,jefri,True
kupang-kini.example,Kupang,2019-05-06,20,0.126,0.27,,https://kupang-kini.example/fixture/metrik/2019-05-06,,2026-09-09,2026-09-09T00:00:00+07:00,2026-09-09T00:00:00+07:00,jefri,True
kupang-kini.example,Kupang,2019-05-13,21,0.183,0.191,,https://kupang-kini.example/fixture/metrik/2019-05-13,,2026-09-09,2026-09-09T00:00:00+07:00,2026-09-09T00:00:00+07:00,jefri,True
kupang-kini.example,Kupang,2019-05-20,12,0.149,0.214,,https://kupang-kini.example/fixture/metrik/2019-05-20,,2026-09-09,2026-09-09T00:00:00+07:00,2026-09-09T00:00:00+07:00,jefri,True
kupang-kini.example,Kupang,2019-05-27,26,0.178,0.171,,https://kupang-kini.example/fixture/metrik/2019-05-27,,2026-09-09,2026-09-09T00:00:00+07:00,2026-09-09T00:00:00+07:00,jefri,True
kupang-kini.example,Kupang,2019-06-03,36,0.165,0.264,,https://kupang-kini.example/fixture/metrik/2019-06-03,,2026-09-09,2026-09-09T00:00:00+07:00,2026-09-09T00:00:00+07:00,jefri,True
kupang-kini.example,Kupang,2019-06-10,5,0.185,0.216,,https://kupang-kini.example/fixture/metrik/2019-06-10,,2026-09-09,2026-09-09T00:00:00+07:00,2026-09-09T00:00:00+07:00,jefri,True
kupang-kini.example,Kupang,2019-06-17,31,0.138,0.118,,https://kupang-kini.example/fixture/metrik/2019-06-17,,2026-09-09,2026-09-09T00:00:00+07:00,2026-09-09T00:00:00+07:00,jefri,True
kupang-kini.example,Kupang,2019-06-24,12,0.098,0.18,,https://kupang-kini.example/fixture/metrik/2019-06-24,,2026-09-09,2026-09-09T00:00:00+07:00,2026-09-09T00:00:00+07:00,jefri,True
kupang-kini.example,Kupang,2019-07-01,20,0.174,0.195,,https://kupang-kini.example/fixture/metrik/2019-07-01,,2026-09-09,2026-09-09T00:00:00+07:00,2026-09-09T00:00:00+07:00,jefri,True
kupang-kini.example,Kupang,2019-07-08,17,0.132,0.199,,https://kupang-kini.example/fixture/metrik/2019-07-08,,2026-09-09,2026-09-09T00:00:00+07:00,2026-09-09T00:00:00+07:00,jefri,True
kupang-kini.example,Kupang,2019-07-15,27,0.102,0.296,,https://kupang-kini.example/fixture/metrik/2019-07-15,,2026-09-09,2026-09-09T00:00:00+07:00,2026-09-09T00:00:00+07:00,jefri,True
kupang-kini.example,Kupang,2019-07-22,22,0.145,0.224,,https://kupang-kini.example/fixture/metrik/2019-07-22,,2026-09-09,2026-09-09T00:00:00+07:00,2026-09-09T00:00:00+07:00,jefri,True
kupang-kini.example,Kupang,2019-07-29,31,0.121,0.143,,https://kupang-kini.example/fixture/metrik/2019-07-29,,2026-09-09,2026-09-09T00:00:00+07:00,2026-09-09T00:00:00+07:00,jefri,True
kupang-kini.example,Kupang,2019-08-05,28,0.118,0.21,,https://kupang-kini.example/fixture/metrik/2019-08-05,,2026-09-09,2026-09-09T00:00:00+07:00,2026-09-09T00:00:00+07:00,jefri,True
kupang-kini.example,Kupang,2019-08-12,10,0.134,0.261,,https://kupang-kini.example/fixture/metrik/2019-08-12,,2026-09-09,2026-09-09T00:00:00+07:00,2026-09-09T00:00:00+07:00,jefri,True
kupang-kini.example,Kupang,2019-08-19,21,0.142,0.174,,https://kupang-kini.example/fixture/metrik/2019-08-19,,2026-09-09,2026-09-09T00:00:00+07:00,2026-09-09T00:00:00+07:00,jefri,True
kupang-kini.example,Kupang,2019-08-26,21,0.11,0.171,,https://kupang-kini.example/fixture/metrik/2019-08-26,,2026-09-09,2026-09-09T00:00:00+07:00,2026-09-09T00:00:00+07:00,jefri,True
kupang-kini.example,Kupang,2019-09-02,21,0.175,0.212,,https://kupang-kini.example/fixture/metrik/2019-09-02,,2026-09-09,2026-09-09T00:00:00+07:00,2026-09-09T00:00:00+07:00,jefri,True
kupang-kini.example,Kupang,2019-09-09,8,0.142,0.217,,https://kupang-kini.example/fixture/metrik/2019-09-09,,2026-09-09,2026-09-09T00:00:00+07:00,2026-09-09T00:00:00+07:00,jefri,True
kupang-kini.example,Kupang,2019-09-16,15,0.102,0.187,,https://kupang-kini.example/fixture/metrik/2019-09-16,,2026-09-09,2026-09-09T00:00:00+07:00,2026-09-09T00:00:00+07:00,jefri,True
kupang-kini.example,Kupang,2019-09-23,21,0.109,0.167,,https://kupang-kini.example/fixture/metrik/2019-09-23,,2026-09-09,2026-09-09T00:00:00+07:00,2026-09-09T00:00:00+07:00,jefri,True
kupang-kini.example,Kupang,2019-09-30,30,0.124,0.182,,https://kupang-kini.example/fixture/metrik/2019-09-30,,2026-09-09,2026-09-09T00:00:00+07:00,2026-09-09T00:00:00+07:00,jefri,True
kupang-kini.example,Kupang,2019-10-07,32,0.192,0.244,,https://kupang-kini.example/fixture/metrik/2019-10-07,,2026-09-09,2026-09-09T00:00:00+07:00,2026-09-09T00:00:00+07:00,jefri,True
kupang-kini.example,Kupang,2019-10-14,21,0.198,0.256,,https://kupang-kini.example/fixture/metrik/2019-10-14,,2026-09-09,2026-09-09T00:00:00+07:00,2026-09-09T00:00:00+07:00,jefri,True
kupang-kini.example,Kupang,2019-10-21,24,0.126,0.216,,https://kupang-kini.example/fixture/metrik/2019-10-21,,2026-09-09,2026-09-09T00:00:00+07:00,2026-09-09T00:00:00+07:00,jefri,True
kupang-kini.example,Kupang,2019-10-28,11,0.214,0.139,,https://kupang-kini.example/fixture/metrik/2019-10-28,,2026-09-09,2026-09-09T00:00:00+07:00,2026-09-09T00:00:00+07:00,jefri,True
kupang-kini.example,Kupang,2019-11-04,22,0.114,0.234,,https://kupang-kini.example/fixture/metrik/2019-11-04,,2026-09-09,2026-09-09T00:00:00+07:00,2026-09-09T00:00:00+07:00,jefri,True
kupang-kini.example,Kupang,2019-11-11,8,0.132,0.235,,https://kupang-kini.example/fixture/metrik/2019-11-11,,2026-09-09,2026-09-09T00:00:00+07:00,2026-09-09T00:00:00+07:00,jefri,True
kupang-kini.example,Kupang,2019-11-18,20,0.17,0.204,,https://kupang-kini.example/fixture/metrik/2019-11-18,,2026-09-09,2026-09-09T00:00:00+07:00,2026-09-09T00:00:00+07:00,jefri,True
kupang-kini.example,Kupang,2019-11-25,29,0.166,0.262,,https://kupang-kini.example/fixture/metrik/2019-11-25,,2026-09-09,2026-09-09T00:00:00+07:00,2026-09-09T00:00:00+07:00,jefri,True
kupang-kini.example,Kupang,2019-12-02,22,0.212,0.256,,https://kupang-kini.example/fixture/metrik/2019-12-02,,2026-09-09,2026-09-09T00:00:00+07:00,2026-09-09T00:00:00+07:00,jefri,True
kupang-kini.example,Kupang,2019-12-09,26,0.146,0.203,,https://kupang-kini.example/fixture/metrik/2019-12-09,,2026-09-09,2026-09-09T00:00:00+07:00,2026-09-09T00:00:00+07:00,jefri,True
kupang-kini.example,Kupang,2019-12-16,10,0.182,0.232,,https://kupang-kini.example/fixture/metrik/2019-12-16,,2026-09-09,2026-09-09T00:00:00+07:00,2026-09-09T00:00:00+07:00,jefri,True
kupang-kini.example,Kupang,2019-12-23,33,0.109,0.204,,https://kupang-kini.example/fixture/metrik/2019-12-23,,2026-09-09,2026-09-09T00:00:00+07:00,2026-09-09T00:00:00+07:00,jefri,True
kupang-kini.example,Kupang,2019-12-30,18,0.116,0.226,,https://kupang-kini.example/fixture/metrik/2019-12-30,,2026-09-09,2026-09-09T00:00:00+07:00,2026-09-09T00:00:00+07:00,jefri,True
kupang-kini.example,Kupang,2020-01-06,21,0.169,0.23,,https://kupang-kini.example/fixture/metrik/2020-01-06,,2026-09-09,2026-09-09T00:00:00+07:00,2026-09-09T00:00:00+07:00,jefri,True
kupang-kini.example,Kupang,2020-01-13,22,0.197,0.233,,https://kupang-kini.example/fixture/metrik/2020-01-13,,2026-09-09,2026-09-09T00:00:00+07:00,2026-09-09T00:00:00+07:00,jefri,True
kupang-kini.example,Kupang,2020-01-20,30,0.138,0.233,,https://kupang-kini.example/fixture/metrik/2020-01-20,,2026-09-09,2026-09-09T00:00:00+07:00,2026-09-09T00:00:00+07:00,jefri,True
kupang-kini.example,Kupang,2020-01-27,25,0.155,0.26,,https://kupang-kini.example/fixture/metrik/2020-01-27,,2026-09-09,2026-09-09T00:00:00+07:00,2026-09-09T00:00:00+07:00,jefri,True
kupang-kini.example,Kupang,2020-02-03,25,0.129,0.13,,https://kupang-kini.example/fixture/metrik/2020-02-03,,2026-09-09,2026-09-09T00:00:00+07:00,2026-09-09T00:00:00+07:00,jefri,True
kupang-kini.example,Kupang,2020-02-10,19,0.14,0.206,,https://kupang-kini.example/fixture/metrik/2020-02-10,,2026-09-09,2026-09-09T00:00:00+07:00,2026-09-09T00:00:00+07:00,jefri,True
kupang-kini.example,Kupang,2020-02-17,25,0.177,0.291,,https://kupang-kini.example/fixture/metrik/2020-02-17,,2026-09-09,2026-09-09T00:00:00+07:00,2026-09-09T00:00:00+07:00,jefri,True
kupang-kini.example,Kupang,2020-02-24,33,0.143,0.165,,https://kupang-kini.example/fixture/metrik/2020-02-24,,2026-09-09,2026-09-09T00:00:00+07:00,2026-09-09T00:00:00+07:00,jefri,True
kupang-kini.example,Kupang,2020-03-02,24,0.122,0.165,,https://kupang-kini.example/fixture/metrik/2020-03-02,,2026-09-09,2026-09-09T00:00:00+07:00,2026-09-09T00:00:00+07:00,jefri,True
kupang-kini.example,Kupang,2020-03-09,28,0.153,0.202,,https://kupang-kini.example/fixture/metrik/2020-03-09,,2026-09-09,2026-09-09T00:00:00+07:00,2026-09-09T00:00:00+07:00,jefri,True
kupang-kini.example,Kupang,2020-03-16,40,0.156,0.158,,https://kupang-kini.example/fixture/metrik/2020-03-16,,2026-09-09,2026-09-09T00:00:00+07:00,2026-09-09T00:00:00+07:00,jefri,True
kupang-kini.example,Kupang,2020-03-23,22,0.176,0.215,,https://kupang-kini.example/fixture/metrik/2020-03-23,,2026-09-09,2026-09-09T00:00:00+07:00,2026-09-09T00:00:00+07:00,jefri,True
kupang-kini.example,Kupang,2020-03-30,17,0.089,0.075,,https://kupang-kini.example/fixture/metrik/2020-03-30,,2026-09-09,2026-09-09T00:00:00+07:00,2026-09-09T00:00:00+07:00,jefri,True
kupang-kini.example,Kupang,2020-04-06,35,0.154,0.137,,https://kupang-kini.example/fixture/metrik/2020-04-06,,2026-09-09,2026-09-09T00:00:00+07:00,2026-09-09T00:00:00+07:00,jefri,True
kupang-kini.example,Kupang,2020-04-13,15,0.166,0.286,,https://kupang-kini.example/fixture/metrik/2020-04-13,,2026-09-09,2026-09-09T00:00:00+07:00,2026-09-09T00:00:00+07:00,jefri,True
kupang-kini.example,Kupang,2020-04-20,26,0.12,0.228,,https://kupang-kini.example/fixture/metrik/2020-04-20,,2026-09-09,2026-09-09T00:00:00+07:00,2026-09-09T00:00:00+07:00,jefri,True
kupang-kini.example,Kupang,2020-04-27,5,0.172,0.196,,https://kupang-kini.example/fixture/metrik/2020-04-27,,2026-09-09,2026-09-09T00:00:00+07:00,2026-09-09T00:00:00+07:00,jefri,True
kupang-kini.example,Kupang,2020-05-04,17,0.126,0.252,,https://kupang-kini.example/fixture/metrik/2020-05-04,,2026-09-09,2026-09-09T00:00:00+07:00,2026-09-09T00:00:00+07:00,jefri,True
kupang-kini.example,Kupang,2020-05-11,10,0.097,0.255,,https://kupang-kini.example/fixture/metrik/2020-05-11,,2026-09-09,2026-09-09T00:00:00+07:00,2026-09-09T00:00:00+07:00,jefri,True
kupang-kini.example,Kupang,2020-05-18,24,0.132,0.213,,https://kupang-kini.example/fixture/metrik/2020-05-18,,2026-09-09,2026-09-09T00:00:00+07:00,2026-09-09T00:00:00+07:00,jefri,True
kupang-kini.example,Kupang,2020-05-25,27,0.179,0.213,,https://kupang-kini.example/fixture/metrik/2020-05-25,,2026-09-09,2026-09-09T00:00:00+07:00,2026-09-09T00:00:00+07:00,jefri,True
kupang-kini.example,Kupang,2020-06-01,24,0.172,0.199,,https://kupang-kini.example/fixture/metrik/2020-06-01,,2026-09-09,2026-09-09T00:00:00+07:00,2026-09-09T00:00:00+07:00,jefri,True
kupang-kini.example,Kupang,2020-06-08,17,0.161,0.254,,https://kupang-kini.example/fixture/metrik/2020-06-08,,2026-09-09,2026-09-09T00:00:00+07:00,2026-09-09T00:00:00+07:00,jefri,True
kupang-kini.example,Kupang,2020-06-15,24,0.148,0.311,,https://kupang-kini.example/fixture/metrik/2020-06-15,,2026-09-09,2026-09-09T00:00:00+07:00,2026-09-09T00:00:00+07:00,jefri,True
kupang-kini.example,Kupang,2020-06-22,23,0.146,0.257,,https://kupang-kini.example/fixture/metrik/2020-06-22,,2026-09-09,2026-09-09T00:00:00+07:00,2026-09-09T00:00:00+07:00,jefri,True
kupang-kini.example,Kupang,2020-06-29,24,0.162,0.202,,https://kupang-kini.example/fixture/metrik/2020-06-29,,2026-09-09,2026-09-09T00:00:00+07:00,2026-09-09T00:00:00+07:00,jefri,True
kupang-kini.example,Kupang,2020-07-06,28,0.131,0.146,,https://kupang-kini.example/fixture/metrik/2020-07-06,,2026-09-09,2026-09-09T00:00:00+07:00,2026-09-09T00:00:00+07:00,jefri,True
kupang-kini.example,Kupang,2020-07-13,15,0.136,0.231,,https://kupang-kini.example/fixture/metrik/2020-07-13,,2026-09-09,2026-09-09T00:00:00+07:00,2026-09-09T00:00:00+07:00,jefri,True
kupang-kini.example,Kupang,2020-07-20,20,0.137,0.128,,https://kupang-kini.example/fixture/metrik/2020-07-20,,2026-09-09,2026-09-09T00:00:00+07:00,2026-09-09T00:00:00+07:00,jefri,True
kupang-kini.example,Kupang,2020-07-27,15,0.179,0.234,,https://kupang-kini.example/fixture/metrik/2020-07-27,,2026-09-09,2026-09-09T00:00:00+07:00,2026-09-09T00:00:00+07:00,jefri,True
kupang-kini.example,Kupang,2020-08-03,24,0.204,0.225,,https://kupang-kini.example/fixture/metrik/2020-08-03,,2026-09-09,2026-09-09T00:00:00+07:00,2026-09-09T00:00:00+07:00,jefri,True
kupang-kini.example,Kupang,2020-08-10,7,0.131,0.127,,https://kupang-kini.example/fixture/metrik/2020-08-10,,2026-09-09,2026-09-09T00:00:00+07:00,2026-09-09T00:00:00+07:00,jefri,True
kupang-kini.example,Kupang,2020-08-17,14,0.19,0.186,,https://kupang-kini.example/fixture/metrik/2020-08-17,,2026-09-09,2026-09-09T00:00:00+07:00,2026-09-09T00:00:00+07:00,jefri,True
kupang-kini.example,Kupang,2020-08-24,36,0.177,0.194,,https://kupang-kini.example/fixture/metrik/2020-08-24,,2026-09-09,2026-09-09T00:00:00+07:00,2026-09-09T00:00:00+07:00,jefri,True
kupang-kini.example,Kupang,2020-08-31,29,0.124,0.215,,https://kupang-kini.example/fixture/metrik/2020-08-31,,2026-09-09,2026-09-09T00:00:00+07:00,2026-09-09T00:00:00+07:00,jefri,True
kupang-kini.example,Kupang,2020-09-07,17,0.088,0.176,,https://kupang-kini.example/fixture/metrik/2020-09-07,,2026-09-09,2026-09-09T00:00:00+07:00,2026-09-09T00:00:00+07:00,jefri,True
kupang-kini.example,Kupang,2020-09-14,32,0.132,0.185,,https://kupang-kini.example/fixture/metrik/2020-09-14,,2026-09-09,2026-09-09T00:00:00+07:00,2026-09-09T00:00:00+07:00,jefri,True
kupang-kini.example,Kupang,2020-09-21,20,0.108,0.251,,https://kupang-kini.example/fixture/metrik/2020-09-21,,2026-09-09,2026-09-09T00:00:00+07:00,2026-09-09T00:00:00+07:00,jefri,True
kupang-kini.example,Kupang,2020-09-28,22,0.075,0.249,,https://kupang-kini.example/fixture/metrik/2020-09-28,,2026-09-09,2026-09-09T00:00:00+07:00,2026-09-09T00:00:00+07:00,jefri,True
kupang-kini.example,Kupang,2020-10-05,15,0.135,0.168,,https://kupang-kini.example/fixture/metrik/2020-10-05,,2026-09-09,2026-09-09T00:00:00+07:00,2026-09-09T00:00:00+07:00,jefri,True
kupang-kini.example,Kupang,2020-10-12,28,0.244,0.242,,https://kupang-kini.example/fixture/metrik/2020-10-12,,2026-09-09,2026-09-09T00:00:00+07:00,2026-09-09T00:00:00+07:00,jefri,True
kupang-kini.example,Kupang,2020-10-19,22,0.161,0.221,,https://kupang-kini.example/fixture/metrik/2020-10-19,,2026-09-09,2026-09-09T00:00:00+07:00,2026-09-09T00:00:00+07:00,jefri,True
kupang-kini.example,Kupang,2020-10-26,24,0.173,0.128,,https://kupang-kini.example/fixture/metrik/2020-10-26,,2026-09-09,2026-09-09T00:00:00+07:00,2026-09-09T00:00:00+07:00,jefri,True
kupang-kini.example,Kupang,2020-11-02,25,0.106,0.306,,https://kupang-kini.example/fixture/metrik/2020-11-02,,2026-09-09,2026-09-09T00:00:00+07:00,2026-09-09T00:00:00+07:00,jefri,True
kupang-kini.example,Kupang,2020-11-09,25,0.144,0.257,,https://kupang-kini.example/fixture/metrik/2020-11-09,,2026-09-09,2026-09-09T00:00:00+07:00,2026-09-09T00:00:00+07:00,jefri,True
kupang-kini.example,Kupang,2020-11-16,28,0.168,0.318,,https://kupang-kini.example/fixture/metrik/2020-11-16,,2026-09-09,2026-09-09T00:00:00+07:00,2026-09-09T00:00:00+07:00,jefri,True
kupang-kini.example,Kupang,2020-11-23,20,0.13,0.324,,https://kupang-kini.example/fixture/metrik/2020-11-23,,2026-09-09,2026-09-09T00:00:00+07:00,2026-09-09T00:00:00+07:00,jefri,True
kupang-kini.example,Kupang,2020-11-30,33,0.17,0.129,,https://kupang-kini.example/fixture/metrik/2020-11-30,,2026-09-09,2026-09-09T00:00:00+07:00,2026-09-09T00:00:00+07:00,jefri,True
kupang-kini.example,Kupang,2020-12-07,30,0.179,0.244,,https://kupang-kini.example/fixture/metrik/2020-12-07,,2026-09-09,2026-09-09T00:00:00+07:00,2026-09-09T00:00:00+07:00,jefri,True
kupang-kini.example,Kupang,2020-12-14,23,0.084,0.074,,https://kupang-kini.example/fixture/metrik/2020-12-14,,2026-09-09,2026-09-09T00:00:00+07:00,2026-09-09T00:00:00+07:00,jefri,True
kupang-kini.example,Kupang,2020-12-21,31,0.115,0.273,,https://kupang-kini.example/fixture/metrik/2020-12-21,,2026-09-09,2026-09-09T00:00:00+07:00,2026-09-09T00:00:00+07:00,jefri,True
kupang-kini.example,Kupang,2020-12-28,14,0.123,0.194,,https://kupang-kini.example/fixture/metrik/2020-12-28,,2026-09-09,2026-09-09T00:00:00+07:00,2026-09-09T00:00:00+07:00,jefri,True
kupang-kini.example,Kupang,2021-01-04,14,0.085,0.202,,https://kupang-kini.example/fixture/metrik/2021-01-04,,2026-09-09,2026-09-09T00:00:00+07:00,2026-09-09T00:00:00+07:00,jefri,True
kupang-kini.example,Kupang,2021-01-11,34,0.234,0.262,,https://kupang-kini.example/fixture/metrik/2021-01-11,,2026-09-09,2026-09-09T00:00:00+07:00,2026-09-09T00:00:00+07:00,jefri,True
kupang-kini.example,Kupang,2021-01-18,14,0.197,0.234,,https://kupang-kini.example/fixture/metrik/2021-01-18,,2026-09-09,2026-09-09T00:00:00+07:00,2026-09-09T00:00:00+07:00,jefri,True
kupang-kini.example,Kupang,2021-01-25,30,0.158,0.22,,https://kupang-kini.example/fixture/metrik/2021-01-25,,2026-09-09,2026-09-09T00:00:00+07:00,2026-09-09T00:00:00+07:00,jefri,True
kupang-kini.example,Kupang,2021-02-01,21,0.09,0.336,,https://kupang-kini.example/fixture/metrik/2021-02-01,,2026-09-09,2026-09-09T00:00:00+07:00,2026-09-09T00:00:00+07:00,jefri,True
kupang-kini.example,Kupang,2021-02-08,20,0.137,0.227,,https://kupang-kini.example/fixture/metrik/2021-02-08,,2026-09-09,2026-09-09T00:00:00+07:00,2026-09-09T00:00:00+07:00,jefri,True
kupang-kini.example,Kupang,2021-02-15,10,0.09,0.183,,https://kupang-kini.example/fixture/metrik/2021-02-15,,2026-09-09,2026-09-09T00:00:00+07:00,2026-09-09T00:00:00+07:00,jefri,True
kupang-kini.example,Kupang,2021-02-22,26,0.14,0.143,,https://kupang-kini.example/fixture/metrik/2021-02-22,,2026-09-09,2026-09-09T00:00:00+07:00,2026-09-09T00:00:00+07:00,jefri,True
kupang-kini.example,Kupang,2021-03-01,38,0.125,0.153,,https://kupang-kini.example/fixture/metrik/2021-03-01,,2026-09-09,2026-09-09T00:00:00+07:00,2026-09-09T00:00:00+07:00,jefri,True
kupang-kini.example,Kupang,2021-03-08,20,0.19,0.21,,https://kupang-kini.example/fixture/metrik/2021-03-08,,2026-09-09,2026-09-09T00:00:00+07:00,2026-09-09T00:00:00+07:00,jefri,True
kupang-kini.example,Kupang,2021-03-15,16,0.147,0.236,,https://kupang-kini.example/fixture/metrik/2021-03-15,,2026-09-09,2026-09-09T00:00:00+07:00,2026-09-09T00:00:00+07:00,jefri,True
kupang-kini.example,Kupang,2021-03-22,22,0.14,0.162,,https://kupang-kini.example/fixture/metrik/2021-03-22,,2026-09-09,2026-09-09T00:00:00+07:00,2026-09-09T00:00:00+07:00,jefri,True
kupang-kini.example,Kupang,2021-03-29,7,0.146,0.196,,https://kupang-kini.example/fixture/metrik/2021-03-29,,2026-09-09,2026-09-09T00:00:00+07:00,2026-09-09T00:00:00+07:00,jefri,True
kupang-kini.example,Kupang,2021-04-05,31,0.149,0.154,,https://kupang-kini.example/fixture/metrik/2021-04-05,,2026-09-09,2026-09-09T00:00:00+07:00,2026-09-09T00:00:00+07:00,jefri,True
kupang-kini.example,Kupang,2021-04-12,30,0.073,0.236,,https://kupang-kini.example/fixture/metrik/2021-04-12,,2026-09-09,2026-09-09T00:00:00+07:00,2026-09-09T00:00:00+07:00,jefri,True
kupang-kini.example,Kupang,2021-04-19,19,0.199,0.145,,https://kupang-kini.example/fixture/metrik/2021-04-19,,2026-09-09,2026-09-09T00:00:00+07:00,2026-09-09T00:00:00+07:00,jefri,True
kupang-kini.example,Kupang,2021-04-26,24,0.117,0.276,,https://kupang-kini.example/fixture/metrik/2021-04-26,,2026-09-09,2026-09-09T00:00:00+07:00,2026-09-09T00:00:00+07:00,jefri,True
kupang-kini.example,Kupang,2021-05-03,16,0.168,0.225,,https://kupang-kini.example/fixture/metrik/2021-05-03,,2026-09-09,2026-09-09T00:00:00+07:00,2026-09-09T00:00:00+07:00,jefri,True
kupang-kini.example,Kupang,2021-05-10,29,0.132,0.189,,https://kupang-kini.example/fixture/metrik/2021-05-10,,2026-09-09,2026-09-09T00:00:00+07:00,2026-09-09T00:00:00+07:00,jefri,True
kupang-kini.example,Kupang,2021-05-17,26,0.151,0.202,,https://kupang-kini.example/fixture/metrik/2021-05-17,,2026-09-09,2026-09-09T00:00:00+07:00,2026-09-09T00:00:00+07:00,jefri,True
kupang-kini.example,Kupang,2021-05-24,20,0.141,0.184,,https://kupang-kini.example/fixture/metrik/2021-05-24,,2026-09-09,2026-09-09T00:00:00+07:00,2026-09-09T00:00:00+07:00,jefri,True
kupang-kini.example,Kupang,2021-05-31,19,0.135,0.225,,https://kupang-kini.example/fixture/metrik/2021-05-31,,2026-09-09,2026-09-09T00:00:00+07:00,2026-09-09T00:00:00+07:00,jefri,True
kupang-kini.example,Kupang,2021-06-07,23,0.187,0.264,,https://kupang-kini.example/fixture/metrik/2021-06-07,,2026-09-09,2026-09-09T00:00:00+07:00,2026-09-09T00:00:00+07:00,jefri,True
kupang-kini.example,Kupang,2021-06-14,30,0.138,0.185,,https://kupang-kini.example/fixture/metrik/2021-06-14,,2026-09-09,2026-09-09T00:00:00+07:00,2026-09-09T00:00:00+07:00,jefri,True
kupang-kini.example,Kupang,2021-06-21,25,0.121,0.189,,https://kupang-kini.example/fixture/metrik/2021-06-21,,2026-09-09,2026-09-09T00:00:00+07:00,2026-09-09T00:00:00+07:00,jefri,True
kupang-kini.example,Kupang,2021-06-28,19,0.107,0.238,,https://kupang-kini.example/fixture/metrik/2021-06-28,,2026-09-09,2026-09-09T00:00:00+07:00,2026-09-09T00:00:00+07:00,jefri,True
kupang-kini.example,Kupang,2021-07-05,14,0.122,0.251,,https://kupang-kini.example/fixture/metrik/2021-07-05,,2026-09-09,2026-09-09T00:00:00+07:00,2026-09-09T00:00:00+07:00,jefri,True
kupang-kini.example,Kupang,2021-07-12,23,0.106,0.199,,https://kupang-kini.example/fixture/metrik/2021-07-12,,2026-09-09,2026-09-09T00:00:00+07:00,2026-09-09T00:00:00+07:00,jefri,True
kupang-kini.example,Kupang,2021-07-19,24,0.169,0.263,,https://kupang-kini.example/fixture/metrik/2021-07-19,,2026-09-09,2026-09-09T00:00:00+07:00,2026-09-09T00:00:00+07:00,jefri,True
kupang-kini.example,Kupang,2021-07-26,32,0.141,0.262,,https://kupang-kini.example/fixture/metrik/2021-07-26,,2026-09-09,2026-09-09T00:00:00+07:00,2026-09-09T00:00:00+07:00,jefri,True
kupang-kini.example,Kupang,2021-08-02,19,0.122,0.252,,https://kupang-kini.example/fixture/metrik/2021-08-02,,2026-09-09,2026-09-09T00:00:00+07:00,2026-09-09T00:00:00+07:00,jefri,True
kupang-kini.example,Kupang,2021-08-09,17,0.12,0.167,,https://kupang-kini.example/fixture/metrik/2021-08-09,,2026-09-09,2026-09-09T00:00:00+07:00,2026-09-09T00:00:00+07:00,jefri,True
kupang-kini.example,Kupang,2021-08-16,13,0.123,0.292,,https://kupang-kini.example/fixture/metrik/2021-08-16,,2026-09-09,2026-09-09T00:00:00+07:00,2026-09-09T00:00:00+07:00,jefri,True
kupang-kini.example,Kupang,2021-08-23,29,0.215,0.192,,https://kupang-kini.example/fixture/metrik/2021-08-23,,2026-09-09,2026-09-09T00:00:00+07:00,2026-09-09T00:00:00+07:00,jefri,True
kupang-kini.example,Kupang,2021-08-30,29,0.114,0.17,,https://kupang-kini.example/fixture/metrik/2021-08-30,,2026-09-09,2026-09-09T00:00:00+07:00,2026-09-09T00:00:00+07:00,jefri,True
kupang-kini.example,Kupang,2021-09-06,22,0.193,0.183,,https://kupang-kini.example/fixture/metrik/2021-09-06,,2026-09-09,2026-09-09T00:00:00+07:00,2026-09-09T00:00:00+07:00,jefri,True
kupang-kini.example,Kupang,2021-09-13,20,0.182,0.21,,https://kupang-kini.example/fixture/metrik/2021-09-13,,2026-09-09,2026-09-09T00:00:00+07:00,2026-09-09T00:00:00+07:00,jefri,True
kupang-kini.example,Kupang,2021-09-20,34,0.16,0.29,,https://kupang-kini.example/fixture/metrik/2021-09-20,,2026-09-09,2026-09-09T00:00:00+07:00,2026-09-09T00:00:00+07:00,jefri,True
kupang-kini.example,Kupang,2021-09-27,20,0.134,0.117,,https://kupang-kini.example/fixture/metrik/2021-09-27,,2026-09-09,2026-09-09T00:00:00+07:00,2026-09-09T00:00:00+07:00,jefri,True
kupang-kini.example,Kupang,2021-10-04,14,0.126,0.168,,https://kupang-kini.example/fixture/metrik/2021-10-04,,2026-09-09,2026-09-09T00:00:00+07:00,2026-09-09T00:00:00+07:00,jefri,True
kupang-kini.example,Kupang,2021-10-11,18,0.115,0.142,,https://kupang-kini.example/fixture/metrik/2021-10-11,,2026-09-09,2026-09-09T00:00:00+07:00,2026-09-09T00:00:00+07:00,jefri,True
kupang-kini.example,Kupang,2021-10-18,25,0.1,0.206,,https://kupang-kini.example/fixture/metrik/2021-10-18,,2026-09-09,2026-09-09T00:00:00+07:00,2026-09-09T00:00:00+07:00,jefri,True
kupang-kini.example,Kupang,2021-10-25,23,0.169,0.266,,https://kupang-kini.example/fixture/metrik/2021-10-25,,2026-09-09,2026-09-09T00:00:00+07:00,2026-09-09T00:00:00+07:00,jefri,True
kupang-kini.example,Kupang,2021-11-01,14,0.176,0.254,,https://kupang-kini.example/fixture/metrik/2021-11-01,,2026-09-09,2026-09-09T00:00:00+07:00,2026-09-09T00:00:00+07:00,jefri,True
kupang-kini.example,Kupang,2021-11-08,14,0.158,0.224,,https://kupang-kini.example/fixture/metrik/2021-11-08,,2026-09-09,2026-09-09T00:00:00+07:00,2026-09-09T00:00:00+07:00,jefri,True
kupang-kini.example,Kupang,2021-11-15,9,0.088,0.197,,https://kupang-kini.example/fixture/metrik/2021-11-15,,2026-09-09,2026-09-09T00:00:00+07:00,2026-09-09T00:00:00+07:00,jefri,True
kupang-kini.example,Kupang,2021-11-22,18,0.152,0.156,,https://kupang-kini.example/fixture/metrik/2021-11-22,,2026-09-09,2026-09-09T00:00:00+07:00,2026-09-09T00:00:00+07:00,jefri,True
kupang-kini.example,Kupang,2021-11-29,32,0.084,0.143,,https://kupang-kini.example/fixture/metrik/2021-11-29,,2026-09-09,2026-09-09T00:00:00+07:00,2026-09-09T00:00:00+07:00,jefri,True
kupang-kini.example,Kupang,2021-12-06,28,0.155,0.315,,https://kupang-kini.example/fixture/metrik/2021-12-06,,2026-09-09,2026-09-09T00:00:00+07:00,2026-09-09T00:00:00+07:00,jefri,True
kupang-kini.example,Kupang,2021-12-13,19,0.177,0.194,,https://kupang-kini.example/fixture/metrik/2021-12-13,,2026-09-09,2026-09-09T00:00:00+07:00,2026-09-09T00:00:00+07:00,jefri,True
kupang-kini.example,Kupang,2021-12-20,20,0.165,0.152,,https://kupang-kini.example/fixture/metrik/2021-12-20,,2026-09-09,2026-09-09T00:00:00+07:00,2026-09-09T00:00:00+07:00,jefri,True
kupang-kini.example,Kupang,2021-12-27,18,0.149,0.25,,https://kupang-kini.example/fixture/metrik/2021-12-27,,2026-09-09,2026-09-09T00:00:00+07:00,2026-09-09T00:00:00+07:00,jefri,True
kupang-kini.example,Kupang,2022-01-03,32,0.249,0.179,,https://kupang-kini.example/fixture/metrik/2022-01-03,,2026-09-09,2026-09-09T00:00:00+07:00,2026-09-09T00:00:00+07:00,jefri,True
kupang-kini.example,Kupang,2022-01-10,26,0.134,0.25,,https://kupang-kini.example/fixture/metrik/2022-01-10,,2026-09-09,2026-09-09T00:00:00+07:00,2026-09-09T00:00:00+07:00,jefri,True
kupang-kini.example,Kupang,2022-01-17,12,0.147,0.243,,https://kupang-kini.example/fixture/metrik/2022-01-17,,2026-09-09,2026-09-09T00:00:00+07:00,2026-09-09T00:00:00+07:00,jefri,True
kupang-kini.example,Kupang,2022-01-24,21,0.112,0.181,,https://kupang-kini.example/fixture/metrik/2022-01-24,,2026-09-09,2026-09-09T00:00:00+07:00,2026-09-09T00:00:00+07:00,jefri,True
kupang-kini.example,Kupang,2022-01-31,26,0.138,0.114,,https://kupang-kini.example/fixture/metrik/2022-01-31,,2026-09-09,2026-09-09T00:00:00+07:00,2026-09-09T00:00:00+07:00,jefri,True
kupang-kini.example,Kupang,2022-02-07,19,0.106,0.124,,https://kupang-kini.example/fixture/metrik/2022-02-07,,2026-09-09,2026-09-09T00:00:00+07:00,2026-09-09T00:00:00+07:00,jefri,True
kupang-kini.example,Kupang,2022-02-14,22,0.158,0.162,,https://kupang-kini.example/fixture/metrik/2022-02-14,,2026-09-09,2026-09-09T00:00:00+07:00,2026-09-09T00:00:00+07:00,jefri,True
kupang-kini.example,Kupang,2022-02-21,26,0.186,0.139,,https://kupang-kini.example/fixture/metrik/2022-02-21,,2026-09-09,2026-09-09T00:00:00+07:00,2026-09-09T00:00:00+07:00,jefri,True
kupang-kini.example,Kupang,2022-02-28,18,0.199,0.238,,https://kupang-kini.example/fixture/metrik/2022-02-28,,2026-09-09,2026-09-09T00:00:00+07:00,2026-09-09T00:00:00+07:00,jefri,True
kupang-kini.example,Kupang,2022-03-07,24,0.118,0.213,,https://kupang-kini.example/fixture/metrik/2022-03-07,,2026-09-09,2026-09-09T00:00:00+07:00,2026-09-09T00:00:00+07:00,jefri,True
kupang-kini.example,Kupang,2022-03-14,31,0.142,0.215,,https://kupang-kini.example/fixture/metrik/2022-03-14,,2026-09-09,2026-09-09T00:00:00+07:00,2026-09-09T00:00:00+07:00,jefri,True
kupang-kini.example,Kupang,2022-03-21,24,0.154,0.239,,https://kupang-kini.example/fixture/metrik/2022-03-21,,2026-09-09,2026-09-09T00:00:00+07:00,2026-09-09T00:00:00+07:00,jefri,True
kupang-kini.example,Kupang,2022-03-28,28,0.16,0.2,,https://kupang-kini.example/fixture/metrik/2022-03-28,,2026-09-09,2026-09-09T00:00:00+07:00,2026-09-09T00:00:00+07:00,jefri,True
kupang-kini.example,Kupang,2022-04-04,24,0.13,0.189,,https://kupang-kini.example/fixture/metrik/2022-04-04,,2026-09-09,2026-09-09T00:00:00+07:00,2026-09-09T00:00:00+07:00,jefri,True
kupang-kini.example,Kupang,2022-04-11,27,0.126,0.31,,https://kupang-kini.example/fixture/metrik/2022-04-11,,2026-09-09,2026-09-09T00:00:00+07:00,2026-09-09T00:00:00+07:00,jefri,True
kupang-kini.example,Kupang,2022-04-18,17,0.172,0.248,,https://kupang-kini.example/fixture/metrik/2022-04-18,,2026-09-09,2026-09-09T00:00:00+07:00,2026-09-09T00:00:00+07:00,jefri,True
kupang-kini.example,Kupang,2022-04-25,30,0.191,0.134,,https://kupang-kini.example/fixture/metrik/2022-04-25,,2026-09-09,2026-09-09T00:00:00+07:00,2026-09-09T00:00:00+07:00,jefri,True
kupang-kini.example,Kupang,2022-05-02,8,0.083,0.187,,https://kupang-kini.example/fixture/metrik/2022-05-02,,2026-09-09,2026-09-09T00:00:00+07:00,2026-09-09T00:00:00+07:00,jefri,True
kupang-kini.example,Kupang,2022-05-09,11,0.16,0.245,,https://kupang-kini.example/fixture/metrik/2022-05-09,,2026-09-09,2026-09-09T00:00:00+07:00,2026-09-09T00:00:00+07:00,jefri,True
kupang-kini.example,Kupang,2022-05-16,19,0.148,0.244,,https://kupang-kini.example/fixture/metrik/2022-05-16,,2026-09-09,2026-09-09T00:00:00+07:00,2026-09-09T00:00:00+07:00,jefri,True
kupang-kini.example,Kupang,2022-05-23,35,0.145,0.174,,https://kupang-kini.example/fixture/metrik/2022-05-23,,2026-09-09,2026-09-09T00:00:00+07:00,2026-09-09T00:00:00+07:00,jefri,True
kupang-kini.example,Kupang,2022-05-30,12,0.125,0.237,,https://kupang-kini.example/fixture/metrik/2022-05-30,,2026-09-09,2026-09-09T00:00:00+07:00,2026-09-09T00:00:00+07:00,jefri,True
kupang-kini.example,Kupang,2022-06-06,9,0.152,0.124,,https://kupang-kini.example/fixture/metrik/2022-06-06,,2026-09-09,2026-09-09T00:00:00+07:00,2026-09-09T00:00:00+07:00,jefri,True
kupang-kini.example,Kupang,2022-06-13,28,0.157,0.128,,https://kupang-kini.example/fixture/metrik/2022-06-13,,2026-09-09,2026-09-09T00:00:00+07:00,2026-09-09T00:00:00+07:00,jefri,True
kupang-kini.example,Kupang,2022-06-20,26,0.136,0.151,,https://kupang-kini.example/fixture/metrik/2022-06-20,,2026-09-09,2026-09-09T00:00:00+07:00,2026-09-09T00:00:00+07:00,jefri,True
kupang-kini.example,Kupang,2022-06-27,21,0.157,0.228,,https://kupang-kini.example/fixture/metrik/2022-06-27,,2026-09-09,2026-09-09T00:00:00+07:00,2026-09-09T00:00:00+07:00,jefri,True
kupang-kini.example,Kupang,2022-07-04,29,0.146,0.217,,https://kupang-kini.example/fixture/metrik/2022-07-04,,2026-09-09,2026-09-09T00:00:00+07:00,2026-09-09T00:00:00+07:00,jefri,True
kupang-kini.example,Kupang,2022-07-11,8,0.155,0.263,,https://kupang-kini.example/fixture/metrik/2022-07-11,,2026-09-09,2026-09-09T00:00:00+07:00,2026-09-09T00:00:00+07:00,jefri,True
kupang-kini.example,Kupang,2022-07-18,23,0.17,0.25,,https://kupang-kini.example/fixture/metrik/2022-07-18,,2026-09-09,2026-09-09T00:00:00+07:00,2026-09-09T00:00:00+07:00,jefri,True
kupang-kini.example,Kupang,2022-07-25,27,0.109,0.224,,https://kupang-kini.example/fixture/metrik/2022-07-25,,2026-09-09,2026-09-09T00:00:00+07:00,2026-09-09T00:00:00+07:00,jefri,True
kupang-kini.example,Kupang,2022-08-01,30,0.198,0.27,,https://kupang-kini.example/fixture/metrik/2022-08-01,,2026-09-09,2026-09-09T00:00:00+07:00,2026-09-09T00:00:00+07:00,jefri,True
kupang-kini.example,Kupang,2022-08-08,15,0.143,0.26,,https://kupang-kini.example/fixture/metrik/2022-08-08,,2026-09-09,2026-09-09T00:00:00+07:00,2026-09-09T00:00:00+07:00,jefri,True
kupang-kini.example,Kupang,2022-08-15,30,0.152,0.24,,https://kupang-kini.example/fixture/metrik/2022-08-15,,2026-09-09,2026-09-09T00:00:00+07:00,2026-09-09T00:00:00+07:00,jefri,True
kupang-kini.example,Kupang,2022-08-22,20,0.128,0.182,,https://kupang-kini.example/fixture/metrik/2022-08-22,,2026-09-09,2026-09-09T00:00:00+07:00,2026-09-09T00:00:00+07:00,pj,True
kupang-kini.example,Kupang,2022-08-29,23,0.157,0.246,,https://kupang-kini.example/fixture/metrik/2022-08-29,,2026-09-09,2026-09-09T00:00:00+07:00,2026-09-09T00:00:00+07:00,pj,True
kupang-kini.example,Kupang,2022-09-05,20,0.126,0.225,,https://kupang-kini.example/fixture/metrik/2022-09-05,,2026-09-09,2026-09-09T00:00:00+07:00,2026-09-09T00:00:00+07:00,pj,True
kupang-kini.example,Kupang,2022-09-12,35,0.13,0.232,,https://kupang-kini.example/fixture/metrik/2022-09-12,,2026-09-09,2026-09-09T00:00:00+07:00,2026-09-09T00:00:00+07:00,pj,True
kupang-kini.example,Kupang,2022-09-19,31,0.106,0.283,,https://kupang-kini.example/fixture/metrik/2022-09-19,,2026-09-09,2026-09-09T00:00:00+07:00,2026-09-09T00:00:00+07:00,pj,True
kupang-kini.example,Kupang,2022-09-26,19,0.133,0.217,,https://kupang-kini.example/fixture/metrik/2022-09-26,,2026-09-09,2026-09-09T00:00:00+07:00,2026-09-09T00:00:00+07:00,pj,True
kupang-kini.example,Kupang,2022-10-03,16,0.092,0.159,,https://kupang-kini.example/fixture/metrik/2022-10-03,,2026-09-09,2026-09-09T00:00:00+07:00,2026-09-09T00:00:00+07:00,pj,True
kupang-kini.example,Kupang,2022-10-10,25,0.089,0.197,,https://kupang-kini.example/fixture/metrik/2022-10-10,,2026-09-09,2026-09-09T00:00:00+07:00,2026-09-09T00:00:00+07:00,pj,True
kupang-kini.example,Kupang,2022-10-17,24,0.223,0.276,,https://kupang-kini.example/fixture/metrik/2022-10-17,,2026-09-09,2026-09-09T00:00:00+07:00,2026-09-09T00:00:00+07:00,pj,True
kupang-kini.example,Kupang,2022-10-24,23,0.164,0.242,,https://kupang-kini.example/fixture/metrik/2022-10-24,,2026-09-09,2026-09-09T00:00:00+07:00,2026-09-09T00:00:00+07:00,pj,True
kupang-kini.example,Kupang,2022-10-31,19,0.188,0.191,,https://kupang-kini.example/fixture/metrik/2022-10-31,,2026-09-09,2026-09-09T00:00:00+07:00,2026-09-09T00:00:00+07:00,pj,True
kupang-kini.example,Kupang,2022-11-07,16,0.091,0.262,,https://kupang-kini.example/fixture/metrik/2022-11-07,,2026-09-09,2026-09-09T00:00:00+07:00,2026-09-09T00:00:00+07:00,pj,True
kupang-kini.example,Kupang,2022-11-14,16,0.111,0.173,,https://kupang-kini.example/fixture/metrik/2022-11-14,,2026-09-09,2026-09-09T00:00:00+07:00,2026-09-09T00:00:00+07:00,pj,True
kupang-kini.example,Kupang,2022-11-21,22,0.112,0.158,,https://kupang-kini.example/fixture/metrik/2022-11-21,,2026-09-09,2026-09-09T00:00:00+07:00,2026-09-09T00:00:00+07:00,pj,True
kupang-kini.example,Kupang,2022-11-28,18,0.135,0.14,,https://kupang-kini.example/fixture/metrik/2022-11-28,,2026-09-09,2026-09-09T00:00:00+07:00,2026-09-09T00:00:00+07:00,pj,True
kupang-kini.example,Kupang,2022-12-05,24,0.199,0.27,,https://kupang-kini.example/fixture/metrik/2022-12-05,,2026-09-09,2026-09-09T00:00:00+07:00,2026-09-09T00:00:00+07:00,pj,True
kupang-kini.example,Kupang,2022-12-12,29,0.126,0.211,,https://kupang-kini.example/fixture/metrik/2022-12-12,,2026-09-09,2026-09-09T00:00:00+07:00,2026-09-09T00:00:00+07:00,pj,True
kupang-kini.example,Kupang,2022-12-19,24,0.144,0.179,,https://kupang-kini.example/fixture/metrik/2022-12-19,,2026-09-09,2026-09-09T00:00:00+07:00,2026-09-09T00:00:00+07:00,pj,True
kupang-kini.example,Kupang,2022-12-26,22,0.147,0.29,,https://kupang-kini.example/fixture/metrik/2022-12-26,,2026-09-09,2026-09-09T00:00:00+07:00,2026-09-09T00:00:00+07:00,pj,True
kupang-kini.example,Kupang,2023-01-02,20,0.095,0.192,,https://kupang-kini.example/fixture/metrik/2023-01-02,,2026-09-09,2026-09-09T00:00:00+07:00,2026-09-09T00:00:00+07:00,pj,True
kupang-kini.example,Kupang,2023-01-09,17,0.113,0.241,,https://kupang-kini.example/fixture/metrik/2023-01-09,,2026-09-09,2026-09-09T00:00:00+07:00,2026-09-09T00:00:00+07:00,pj,True
kupang-kini.example,Kupang,2023-01-16,22,0.053,0.243,,https://kupang-kini.example/fixture/metrik/2023-01-16,,2026-09-09,2026-09-09T00:00:00+07:00,2026-09-09T00:00:00+07:00,pj,True
kupang-kini.example,Kupang,2023-01-23,23,0.146,0.167,,https://kupang-kini.example/fixture/metrik/2023-01-23,,2026-09-09,2026-09-09T00:00:00+07:00,2026-09-09T00:00:00+07:00,pj,True
kupang-kini.example,Kupang,2023-01-30,22,0.062,0.177,,https://kupang-kini.example/fixture/metrik/2023-01-30,,2026-09-09,2026-09-09T00:00:00+07:00,2026-09-09T00:00:00+07:00,pj,True
kupang-kini.example,Kupang,2023-02-06,25,0.177,0.215,,https://kupang-kini.example/fixture/metrik/2023-02-06,,2026-09-09,2026-09-09T00:00:00+07:00,2026-09-09T00:00:00+07:00,pj,True
kupang-kini.example,Kupang,2023-02-13,13,0.189,0.234,,https://kupang-kini.example/fixture/metrik/2023-02-13,,2026-09-09,2026-09-09T00:00:00+07:00,2026-09-09T00:00:00+07:00,pj,True
kupang-kini.example,Kupang,2023-02-20,11,0.144,0.115,,https://kupang-kini.example/fixture/metrik/2023-02-20,,2026-09-09,2026-09-09T00:00:00+07:00,2026-09-09T00:00:00+07:00,pj,True
kupang-kini.example,Kupang,2023-02-27,21,0.138,0.153,,https://kupang-kini.example/fixture/metrik/2023-02-27,,2026-09-09,2026-09-09T00:00:00+07:00,2026-09-09T00:00:00+07:00,pj,True
kupang-kini.example,Kupang,2023-03-06,9,0.15,0.137,,https://kupang-kini.example/fixture/metrik/2023-03-06,,2026-09-09,2026-09-09T00:00:00+07:00,2026-09-09T00:00:00+07:00,pj,True
kupang-kini.example,Kupang,2023-03-13,17,0.14,0.245,,https://kupang-kini.example/fixture/metrik/2023-03-13,,2026-09-09,2026-09-09T00:00:00+07:00,2026-09-09T00:00:00+07:00,pj,True
kupang-kini.example,Kupang,2023-03-20,26,0.182,0.187,,https://kupang-kini.example/fixture/metrik/2023-03-20,,2026-09-09,2026-09-09T00:00:00+07:00,2026-09-09T00:00:00+07:00,pj,True
kupang-kini.example,Kupang,2023-03-27,13,0.17,0.163,,https://kupang-kini.example/fixture/metrik/2023-03-27,,2026-09-09,2026-09-09T00:00:00+07:00,2026-09-09T00:00:00+07:00,pj,True
kupang-kini.example,Kupang,2023-04-03,26,0.16,0.169,,https://kupang-kini.example/fixture/metrik/2023-04-03,,2026-09-09,2026-09-09T00:00:00+07:00,2026-09-09T00:00:00+07:00,pj,True
kupang-kini.example,Kupang,2023-04-10,22,0.153,0.243,,https://kupang-kini.example/fixture/metrik/2023-04-10,,2026-09-09,2026-09-09T00:00:00+07:00,2026-09-09T00:00:00+07:00,pj,True
kupang-kini.example,Kupang,2023-04-17,22,0.131,0.104,,https://kupang-kini.example/fixture/metrik/2023-04-17,,2026-09-09,2026-09-09T00:00:00+07:00,2026-09-09T00:00:00+07:00,pj,True
kupang-kini.example,Kupang,2023-04-24,24,0.115,0.175,,https://kupang-kini.example/fixture/metrik/2023-04-24,,2026-09-09,2026-09-09T00:00:00+07:00,2026-09-09T00:00:00+07:00,pj,True
kupang-kini.example,Kupang,2023-05-01,12,0.132,0.151,,https://kupang-kini.example/fixture/metrik/2023-05-01,,2026-09-09,2026-09-09T00:00:00+07:00,2026-09-09T00:00:00+07:00,pj,True
kupang-kini.example,Kupang,2023-05-08,12,0.134,0.171,,https://kupang-kini.example/fixture/metrik/2023-05-08,,2026-09-09,2026-09-09T00:00:00+07:00,2026-09-09T00:00:00+07:00,pj,True
kupang-kini.example,Kupang,2023-05-15,32,0.116,0.313,,https://kupang-kini.example/fixture/metrik/2023-05-15,,2026-09-09,2026-09-09T00:00:00+07:00,2026-09-09T00:00:00+07:00,pj,True
kupang-kini.example,Kupang,2023-05-22,26,0.202,0.142,,https://kupang-kini.example/fixture/metrik/2023-05-22,,2026-09-09,2026-09-09T00:00:00+07:00,2026-09-09T00:00:00+07:00,pj,True
kupang-kini.example,Kupang,2023-05-29,32,0.146,0.207,,https://kupang-kini.example/fixture/metrik/2023-05-29,,2026-09-09,2026-09-09T00:00:00+07:00,2026-09-09T00:00:00+07:00,pj,True
kupang-kini.example,Kupang,2023-06-05,20,0.082,0.292,,https://kupang-kini.example/fixture/metrik/2023-06-05,,2026-09-09,2026-09-09T00:00:00+07:00,2026-09-09T00:00:00+07:00,pj,True
kupang-kini.example,Kupang,2023-06-12,25,0.145,0.157,,https://kupang-kini.example/fixture/metrik/2023-06-12,,2026-09-09,2026-09-09T00:00:00+07:00,2026-09-09T00:00:00+07:00,pj,True
kupang-kini.example,Kupang,2023-06-19,28,0.138,0.135,,https://kupang-kini.example/fixture/metrik/2023-06-19,,2026-09-09,2026-09-09T00:00:00+07:00,2026-09-09T00:00:00+07:00,pj,True
kupang-kini.example,Kupang,2023-06-26,8,0.103,0.187,,https://kupang-kini.example/fixture/metrik/2023-06-26,,2026-09-09,2026-09-09T00:00:00+07:00,2026-09-09T00:00:00+07:00,pj,True
kupang-kini.example,Kupang,2023-07-03,26,0.145,0.211,,https://kupang-kini.example/fixture/metrik/2023-07-03,,2026-09-09,2026-09-09T00:00:00+07:00,2026-09-09T00:00:00+07:00,pj,True
kupang-kini.example,Kupang,2023-07-10,23,0.131,0.222,,https://kupang-kini.example/fixture/metrik/2023-07-10,,2026-09-09,2026-09-09T00:00:00+07:00,2026-09-09T00:00:00+07:00,pj,True
kupang-kini.example,Kupang,2023-07-17,18,0.197,0.281,,https://kupang-kini.example/fixture/metrik/2023-07-17,,2026-09-09,2026-09-09T00:00:00+07:00,2026-09-09T00:00:00+07:00,pj,True
kupang-kini.example,Kupang,2023-07-24,30,0.139,0.227,,https://kupang-kini.example/fixture/metrik/2023-07-24,,2026-09-09,2026-09-09T00:00:00+07:00,2026-09-09T00:00:00+07:00,pj,True
kupang-kini.example,Kupang,2023-07-31,16,0.076,0.263,,https://kupang-kini.example/fixture/metrik/2023-07-31,,2026-09-09,2026-09-09T00:00:00+07:00,2026-09-09T00:00:00+07:00,pj,True
kupang-kini.example,Kupang,2023-08-07,20,0.109,0.372,,https://kupang-kini.example/fixture/metrik/2023-08-07,,2026-09-09,2026-09-09T00:00:00+07:00,2026-09-09T00:00:00+07:00,pj,True
kupang-kini.example,Kupang,2023-08-14,36,0.118,0.17,,https://kupang-kini.example/fixture/metrik/2023-08-14,,2026-09-09,2026-09-09T00:00:00+07:00,2026-09-09T00:00:00+07:00,pj,True
kupang-kini.example,Kupang,2023-08-21,12,0.14,0.221,,https://kupang-kini.example/fixture/metrik/2023-08-21,,2026-09-09,2026-09-09T00:00:00+07:00,2026-09-09T00:00:00+07:00,pj,True
kupang-kini.example,Kupang,2023-08-28,37,0.144,0.199,,https://kupang-kini.example/fixture/metrik/2023-08-28,,2026-09-09,2026-09-09T00:00:00+07:00,2026-09-09T00:00:00+07:00,pj,True
kupang-kini.example,Kupang,2023-09-04,20,0.174,0.177,,https://kupang-kini.example/fixture/metrik/2023-09-04,,2026-09-09,2026-09-09T00:00:00+07:00,2026-09-09T00:00:00+07:00,pj,True
kupang-kini.example,Kupang,2023-09-11,30,0.131,0.291,,https://kupang-kini.example/fixture/metrik/2023-09-11,,2026-09-09,2026-09-09T00:00:00+07:00,2026-09-09T00:00:00+07:00,pj,True
kupang-kini.example,Kupang,2023-09-18,25,0.2,0.247,,https://kupang-kini.example/fixture/metrik/2023-09-18,,2026-09-09,2026-09-09T00:00:00+07:00,2026-09-09T00:00:00+07:00,pj,True
kupang-kini.example,Kupang,2023-09-25,25,0.09,0.176,,https://kupang-kini.example/fixture/metrik/2023-09-25,,2026-09-09,2026-09-09T00:00:00+07:00,2026-09-09T00:00:00+07:00,pj,True
kupang-kini.example,Kupang,2023-10-02,32,0.151,0.287,,https://kupang-kini.example/fixture/metrik/2023-10-02,,2026-09-09,2026-09-09T00:00:00+07:00,2026-09-09T00:00:00+07:00,pj,True
kupang-kini.example,Kupang,2023-10-09,23,0.153,0.221,,https://kupang-kini.example/fixture/metrik/2023-10-09,,2026-09-09,2026-09-09T00:00:00+07:00,2026-09-09T00:00:00+07:00,pj,True
kupang-kini.example,Kupang,2023-10-16,6,0.133,0.173,,https://kupang-kini.example/fixture/metrik/2023-10-16,,2026-09-09,2026-09-09T00:00:00+07:00,2026-09-09T00:00:00+07:00,pj,True
kupang-kini.example,Kupang,2023-10-23,22,0.152,0.169,,https://kupang-kini.example/fixture/metrik/2023-10-23,,2026-09-09,2026-09-09T00:00:00+07:00,2026-09-09T00:00:00+07:00,pj,True
kupang-kini.example,Kupang,2023-10-30,4,0.114,0.156,,https://kupang-kini.example/fixture/metrik/2023-10-30,,2026-09-09,2026-09-09T00:00:00+07:00,2026-09-09T00:00:00+07:00,pj,True
kupang-kini.example,Kupang,2023-11-06,22,0.149,0.213,,https://kupang-kini.example/fixture/metrik/2023-11-06,,2026-09-09,2026-09-09T00:00:00+07:00,2026-09-09T00:00:00+07:00,pj,True
kupang-kini.example,Kupang,2023-11-13,14,0.139,0.197,,https://kupang-kini.example/fixture/metrik/2023-11-13,,2026-09-09,2026-09-09T00:00:00+07:00,2026-09-09T00:00:00+07:00,pj,True
kupang-kini.example,Kupang,2023-11-20,22,0.155,0.159,,https://kupang-kini.example/fixture/metrik/2023-11-20,,2026-09-09,2026-09-09T00:00:00+07:00,2026-09-09T00:00:00+07:00,pj,True
kupang-kini.example,Kupang,2023-11-27,14,0.143,0.221,,https://kupang-kini.example/fixture/metrik/2023-11-27,,2026-09-09,2026-09-09T00:00:00+07:00,2026-09-09T00:00:00+07:00,pj,True
kupang-kini.example,Kupang,2023-12-04,13,0.082,0.217,,https://kupang-kini.example/fixture/metrik/2023-12-04,,2026-09-09,2026-09-09T00:00:00+07:00,2026-09-09T00:00:00+07:00,pj,True
kupang-kini.example,Kupang,2023-12-11,25,0.123,0.16,,https://kupang-kini.example/fixture/metrik/2023-12-11,,2026-09-09,2026-09-09T00:00:00+07:00,2026-09-09T00:00:00+07:00,pj,True
kupang-kini.example,Kupang,2023-12-18,29,0.138,0.25,,https://kupang-kini.example/fixture/metrik/2023-12-18,,2026-09-09,2026-09-09T00:00:00+07:00,2026-09-09T00:00:00+07:00,pj,True
kupang-kini.example,Kupang,2023-12-25,21,0.193,0.178,,https://kupang-kini.example/fixture/metrik/2023-12-25,,2026-09-09,2026-09-09T00:00:00+07:00,2026-09-09T00:00:00+07:00,pj,True
kupang-kini.example,Kupang,2024-01-01,20,0.15,0.195,,https://kupang-kini.example/fixture/metrik/2024-01-01,,2026-09-09,2026-09-09T00:00:00+07:00,2026-09-09T00:00:00+07:00,pj,True
kupang-kini.example,Kupang,2024-01-08,29,0.129,0.23,,https://kupang-kini.example/fixture/metrik/2024-01-08,,2026-09-09,2026-09-09T00:00:00+07:00,2026-09-09T00:00:00+07:00,pj,True
kupang-kini.example,Kupang,2024-01-15,12,0.089,0.197,,https://kupang-kini.example/fixture/metrik/2024-01-15,,2026-09-09,2026-09-09T00:00:00+07:00,2026-09-09T00:00:00+07:00,pj,True
kupang-kini.example,Kupang,2024-01-22,18,0.051,0.229,,https://kupang-kini.example/fixture/metrik/2024-01-22,,2026-09-09,2026-09-09T00:00:00+07:00,2026-09-09T00:00:00+07:00,pj,True
kupang-kini.example,Kupang,2024-01-29,18,0.1,0.216,,https://kupang-kini.example/fixture/metrik/2024-01-29,,2026-09-09,2026-09-09T00:00:00+07:00,2026-09-09T00:00:00+07:00,pj,True
kupang-kini.example,Kupang,2024-02-05,18,0.159,0.202,,https://kupang-kini.example/fixture/metrik/2024-02-05,,2026-09-09,2026-09-09T00:00:00+07:00,2026-09-09T00:00:00+07:00,pj,True
kupang-kini.example,Kupang,2024-02-12,25,0.131,0.227,,https://kupang-kini.example/fixture/metrik/2024-02-12,,2026-09-09,2026-09-09T00:00:00+07:00,2026-09-09T00:00:00+07:00,pj,True
kupang-kini.example,Kupang,2024-02-19,27,0.109,0.209,,https://kupang-kini.example/fixture/metrik/2024-02-19,,2026-09-09,2026-09-09T00:00:00+07:00,2026-09-09T00:00:00+07:00,pj,True
kupang-kini.example,Kupang,2024-02-26,22,0.15,0.318,,https://kupang-kini.example/fixture/metrik/2024-02-26,,2026-09-09,2026-09-09T00:00:00+07:00,2026-09-09T00:00:00+07:00,pj,True
kupang-kini.example,Kupang,2024-03-04,27,0.145,0.251,,https://kupang-kini.example/fixture/metrik/2024-03-04,,2026-09-09,2026-09-09T00:00:00+07:00,2026-09-09T00:00:00+07:00,pj,True
kupang-kini.example,Kupang,2024-03-11,16,0.189,0.31,,https://kupang-kini.example/fixture/metrik/2024-03-11,,2026-09-09,2026-09-09T00:00:00+07:00,2026-09-09T00:00:00+07:00,pj,True
kupang-kini.example,Kupang,2024-03-18,25,0.143,0.192,,https://kupang-kini.example/fixture/metrik/2024-03-18,,2026-09-09,2026-09-09T00:00:00+07:00,2026-09-09T00:00:00+07:00,pj,True
kupang-kini.example,Kupang,2024-03-25,19,0.093,0.181,,https://kupang-kini.example/fixture/metrik/2024-03-25,,2026-09-09,2026-09-09T00:00:00+07:00,2026-09-09T00:00:00+07:00,pj,True
kupang-kini.example,Kupang,2024-04-01,17,0.132,0.257,,https://kupang-kini.example/fixture/metrik/2024-04-01,,2026-09-09,2026-09-09T00:00:00+07:00,2026-09-09T00:00:00+07:00,pj,True
kupang-kini.example,Kupang,2024-04-08,7,0.158,0.184,,https://kupang-kini.example/fixture/metrik/2024-04-08,,2026-09-09,2026-09-09T00:00:00+07:00,2026-09-09T00:00:00+07:00,pj,True
kupang-kini.example,Kupang,2024-04-15,35,0.129,0.223,,https://kupang-kini.example/fixture/metrik/2024-04-15,,2026-09-09,2026-09-09T00:00:00+07:00,2026-09-09T00:00:00+07:00,pj,True
kupang-kini.example,Kupang,2024-04-22,22,0.184,0.179,,https://kupang-kini.example/fixture/metrik/2024-04-22,,2026-09-09,2026-09-09T00:00:00+07:00,2026-09-09T00:00:00+07:00,pj,True
kupang-kini.example,Kupang,2024-04-29,31,0.102,0.164,,https://kupang-kini.example/fixture/metrik/2024-04-29,,2026-09-09,2026-09-09T00:00:00+07:00,2026-09-09T00:00:00+07:00,pj,True
kupang-kini.example,Kupang,2024-05-06,18,0.139,0.163,,https://kupang-kini.example/fixture/metrik/2024-05-06,,2026-09-09,2026-09-09T00:00:00+07:00,2026-09-09T00:00:00+07:00,pj,True
kupang-kini.example,Kupang,2024-05-13,24,0.182,0.202,,https://kupang-kini.example/fixture/metrik/2024-05-13,,2026-09-09,2026-09-09T00:00:00+07:00,2026-09-09T00:00:00+07:00,pj,True
kupang-kini.example,Kupang,2024-05-20,27,0.125,0.145,,https://kupang-kini.example/fixture/metrik/2024-05-20,,2026-09-09,2026-09-09T00:00:00+07:00,2026-09-09T00:00:00+07:00,pj,True
kupang-kini.example,Kupang,2024-05-27,21,0.129,0.158,,https://kupang-kini.example/fixture/metrik/2024-05-27,,2026-09-09,2026-09-09T00:00:00+07:00,2026-09-09T00:00:00+07:00,pj,True
kupang-kini.example,Kupang,2024-06-03,32,0.129,0.22,,https://kupang-kini.example/fixture/metrik/2024-06-03,,2026-09-09,2026-09-09T00:00:00+07:00,2026-09-09T00:00:00+07:00,pj,True
kupang-kini.example,Kupang,2024-06-10,18,0.207,0.214,,https://kupang-kini.example/fixture/metrik/2024-06-10,,2026-09-09,2026-09-09T00:00:00+07:00,2026-09-09T00:00:00+07:00,pj,True
kupang-kini.example,Kupang,2024-06-17,22,0.235,0.224,,https://kupang-kini.example/fixture/metrik/2024-06-17,,2026-09-09,2026-09-09T00:00:00+07:00,2026-09-09T00:00:00+07:00,pj,True
kupang-kini.example,Kupang,2024-06-24,18,0.11,0.104,,https://kupang-kini.example/fixture/metrik/2024-06-24,,2026-09-09,2026-09-09T00:00:00+07:00,2026-09-09T00:00:00+07:00,pj,True
kupang-kini.example,Kupang,2024-07-01,34,0.151,0.184,,https://kupang-kini.example/fixture/metrik/2024-07-01,,2026-09-09,2026-09-09T00:00:00+07:00,2026-09-09T00:00:00+07:00,pj,True
kupang-kini.example,Kupang,2024-07-08,23,0.111,0.191,,https://kupang-kini.example/fixture/metrik/2024-07-08,,2026-09-09,2026-09-09T00:00:00+07:00,2026-09-09T00:00:00+07:00,pj,True
kupang-kini.example,Kupang,2024-07-15,26,0.207,0.246,,https://kupang-kini.example/fixture/metrik/2024-07-15,,2026-09-09,2026-09-09T00:00:00+07:00,2026-09-09T00:00:00+07:00,pj,True
kupang-kini.example,Kupang,2024-07-22,25,0.071,0.276,,https://kupang-kini.example/fixture/metrik/2024-07-22,,2026-09-09,2026-09-09T00:00:00+07:00,2026-09-09T00:00:00+07:00,pj,True
kupang-kini.example,Kupang,2024-07-29,13,0.166,0.173,,https://kupang-kini.example/fixture/metrik/2024-07-29,,2026-09-09,2026-09-09T00:00:00+07:00,2026-09-09T00:00:00+07:00,pj,True
kupang-kini.example,Kupang,2024-08-05,20,0.133,0.172,,https://kupang-kini.example/fixture/metrik/2024-08-05,,2026-09-09,2026-09-09T00:00:00+07:00,2026-09-09T00:00:00+07:00,pj,True
kupang-kini.example,Kupang,2024-08-12,21,0.098,0.221,,https://kupang-kini.example/fixture/metrik/2024-08-12,,2026-09-09,2026-09-09T00:00:00+07:00,2026-09-09T00:00:00+07:00,pj,True
kupang-kini.example,Kupang,2024-08-19,24,0.171,0.294,,https://kupang-kini.example/fixture/metrik/2024-08-19,,2026-09-09,2026-09-09T00:00:00+07:00,2026-09-09T00:00:00+07:00,pj,True
kupang-kini.example,Kupang,2024-08-26,14,0.174,0.208,,https://kupang-kini.example/fixture/metrik/2024-08-26,,2026-09-09,2026-09-09T00:00:00+07:00,2026-09-09T00:00:00+07:00,pj,True
kupang-kini.example,Kupang,2024-09-02,23,0.149,0.226,,https://kupang-kini.example/fixture/metrik/2024-09-02,,2026-09-09,2026-09-09T00:00:00+07:00,2026-09-09T00:00:00+07:00,pj,True
kupang-kini.example,Kupang,2024-09-09,20,0.119,0.184,,https://kupang-kini.example/fixture/metrik/2024-09-09,,2026-09-09,2026-09-09T00:00:00+07:00,2026-09-09T00:00:00+07:00,pj,True
kupang-kini.example,Kupang,2024-09-16,22,0.14,0.221,,https://kupang-kini.example/fixture/metrik/2024-09-16,,2026-09-09,2026-09-09T00:00:00+07:00,2026-09-09T00:00:00+07:00,pj,True
kupang-kini.example,Kupang,2024-09-23,10,0.117,0.274,,https://kupang-kini.example/fixture/metrik/2024-09-23,,2026-09-09,2026-09-09T00:00:00+07:00,2026-09-09T00:00:00+07:00,pj,True
kupang-kini.example,Kupang,2024-09-30,14,0.081,0.12,,https://kupang-kini.example/fixture/metrik/2024-09-30,,2026-09-09,2026-09-09T00:00:00+07:00,2026-09-09T00:00:00+07:00,pj,True
kupang-kini.example,Kupang,2024-10-07,29,0.126,0.228,,https://kupang-kini.example/fixture/metrik/2024-10-07,,2026-09-09,2026-09-09T00:00:00+07:00,2026-09-09T00:00:00+07:00,pj,True
kupang-kini.example,Kupang,2024-10-14,27,0.167,0.135,,https://kupang-kini.example/fixture/metrik/2024-10-14,,2026-09-09,2026-09-09T00:00:00+07:00,2026-09-09T00:00:00+07:00,pj,True
kupang-kini.example,Kupang,2024-10-21,16,0.175,0.161,,https://kupang-kini.example/fixture/metrik/2024-10-21,,2026-09-09,2026-09-09T00:00:00+07:00,2026-09-09T00:00:00+07:00,pj,True
kupang-kini.example,Kupang,2024-10-28,26,0.226,0.209,,https://kupang-kini.example/fixture/metrik/2024-10-28,,2026-09-09,2026-09-09T00:00:00+07:00,2026-09-09T00:00:00+07:00,pj,True
kupang-kini.example,Kupang,2024-11-04,27,0.067,0.174,,https://kupang-kini.example/fixture/metrik/2024-11-04,,2026-09-09,2026-09-09T00:00:00+07:00,2026-09-09T00:00:00+07:00,pj,True
kupang-kini.example,Kupang,2024-11-11,21,0.161,0.188,,https://kupang-kini.example/fixture/metrik/2024-11-11,,2026-09-09,2026-09-09T00:00:00+07:00,2026-09-09T00:00:00+07:00,pj,True
kupang-kini.example,Kupang,2024-11-18,31,0.1,0.274,,https://kupang-kini.example/fixture/metrik/2024-11-18,,2026-09-09,2026-09-09T00:00:00+07:00,2026-09-09T00:00:00+07:00,pj,True
kupang-kini.example,Kupang,2024-11-25,24,0.11,0.16,,https://kupang-kini.example/fixture/metrik/2024-11-25,,2026-09-09,2026-09-09T00:00:00+07:00,2026-09-09T00:00:00+07:00,pj,True
kupang-kini.example,Kupang,2024-12-02,17,0.179,0.186,,https://kupang-kini.example/fixture/metrik/2024-12-02,,2026-09-09,2026-09-09T00:00:00+07:00,2026-09-09T00:00:00+07:00,pj,True
kupang-kini.example,Kupang,2024-12-09,28,0.097,0.179,,https://kupang-kini.example/fixture/metrik/2024-12-09,,2026-09-09,2026-09-09T00:00:00+07:00,2026-09-09T00:00:00+07:00,pj,True
kupang-kini.example,Kupang,2024-12-16,18,0.247,0.236,,https://kupang-kini.example/fixture/metrik/2024-12-16,,2026-09-09,2026-09-09T00:00:00+07:00,2026-09-09T00:00:00+07:00,pj,True
kupang-kini.example,Kupang,2024-12-23,23,0.096,0.26,,https://kupang-kini.example/fixture/metrik/2024-12-23,,2026-09-09,2026-09-09T00:00:00+07:00,2026-09-09T00:00:00+07:00,pj,True
kupang-kini.example,Kupang,2024-12-30,35,0.107,0.18,,https://kupang-kini.example/fixture/metrik/2024-12-30,,2026-09-09,2026-09-09T00:00:00+07:00,2026-09-09T00:00:00+07:00,pj,True
kupang-kini.example,Kupang,2025-01-06,30,0.139,0.21,,https://kupang-kini.example/fixture/metrik/2025-01-06,,2026-09-09,2026-09-09T00:00:00+07:00,2026-09-09T00:00:00+07:00,pj,True
kupang-kini.example,Kupang,2025-01-13,18,0.135,0.191,,https://kupang-kini.example/fixture/metrik/2025-01-13,,2026-09-09,2026-09-09T00:00:00+07:00,2026-09-09T00:00:00+07:00,pj,True
kupang-kini.example,Kupang,2025-01-20,22,0.114,0.184,,https://kupang-kini.example/fixture/metrik/2025-01-20,,2026-09-09,2026-09-09T00:00:00+07:00,2026-09-09T00:00:00+07:00,pj,True
kupang-kini.example,Kupang,2025-01-27,15,0.175,0.266,,https://kupang-kini.example/fixture/metrik/2025-01-27,,2026-09-09,2026-09-09T00:00:00+07:00,2026-09-09T00:00:00+07:00,pj,True
kupang-kini.example,Kupang,2025-02-03,15,0.17,0.139,,https://kupang-kini.example/fixture/metrik/2025-02-03,,2026-09-09,2026-09-09T00:00:00+07:00,2026-09-09T00:00:00+07:00,pj,True
kupang-kini.example,Kupang,2025-02-10,16,0.094,0.266,,https://kupang-kini.example/fixture/metrik/2025-02-10,,2026-09-09,2026-09-09T00:00:00+07:00,2026-09-09T00:00:00+07:00,pj,True
kupang-kini.example,Kupang,2025-02-17,14,0.206,0.166,,https://kupang-kini.example/fixture/metrik/2025-02-17,,2026-09-09,2026-09-09T00:00:00+07:00,2026-09-09T00:00:00+07:00,pj,True
kupang-kini.example,Kupang,2025-02-24,25,0.092,0.293,,https://kupang-kini.example/fixture/metrik/2025-02-24,,2026-09-09,2026-09-09T00:00:00+07:00,2026-09-09T00:00:00+07:00,christian,True
kupang-kini.example,Kupang,2025-03-03,12,0.058,0.141,,https://kupang-kini.example/fixture/metrik/2025-03-03,,2026-09-09,2026-09-09T00:00:00+07:00,2026-09-09T00:00:00+07:00,christian,True
kupang-kini.example,Kupang,2025-03-10,25,0.103,0.156,,https://kupang-kini.example/fixture/metrik/2025-03-10,,2026-09-09,2026-09-09T00:00:00+07:00,2026-09-09T00:00:00+07:00,christian,True
kupang-kini.example,Kupang,2025-03-17,19,0.106,0.204,,https://kupang-kini.example/fixture/metrik/2025-03-17,,2026-09-09,2026-09-09T00:00:00+07:00,2026-09-09T00:00:00+07:00,christian,True
kupang-kini.example,Kupang,2025-03-24,31,0.166,0.172,,https://kupang-kini.example/fixture/metrik/2025-03-24,,2026-09-09,2026-09-09T00:00:00+07:00,2026-09-09T00:00:00+07:00,christian,True
kupang-kini.example,Kupang,2025-03-31,16,0.11,0.099,,https://kupang-kini.example/fixture/metrik/2025-03-31,,2026-09-09,2026-09-09T00:00:00+07:00,2026-09-09T00:00:00+07:00,christian,True
kupang-kini.example,Kupang,2025-04-07,18,0.174,0.226,,https://kupang-kini.example/fixture/metrik/2025-04-07,,2026-09-09,2026-09-09T00:00:00+07:00,2026-09-09T00:00:00+07:00,christian,True
kupang-kini.example,Kupang,2025-04-14,32,0.115,0.218,,https://kupang-kini.example/fixture/metrik/2025-04-14,,2026-09-09,2026-09-09T00:00:00+07:00,2026-09-09T00:00:00+07:00,christian,True
kupang-kini.example,Kupang,2025-04-21,15,0.152,0.251,,https://kupang-kini.example/fixture/metrik/2025-04-21,,2026-09-09,2026-09-09T00:00:00+07:00,2026-09-09T00:00:00+07:00,christian,True
kupang-kini.example,Kupang,2025-04-28,33,0.13,0.232,,https://kupang-kini.example/fixture/metrik/2025-04-28,,2026-09-09,2026-09-09T00:00:00+07:00,2026-09-09T00:00:00+07:00,christian,True
kupang-kini.example,Kupang,2025-05-05,17,0.123,0.243,,https://kupang-kini.example/fixture/metrik/2025-05-05,,2026-09-09,2026-09-09T00:00:00+07:00,2026-09-09T00:00:00+07:00,christian,True
kupang-kini.example,Kupang,2025-05-12,12,0.173,0.18,,https://kupang-kini.example/fixture/metrik/2025-05-12,,2026-09-09,2026-09-09T00:00:00+07:00,2026-09-09T00:00:00+07:00,christian,True
kupang-kini.example,Kupang,2025-05-19,26,0.206,0.231,,https://kupang-kini.example/fixture/metrik/2025-05-19,,2026-09-09,2026-09-09T00:00:00+07:00,2026-09-09T00:00:00+07:00,christian,True
kupang-kini.example,Kupang,2025-05-26,5,0.113,0.158,,https://kupang-kini.example/fixture/metrik/2025-05-26,,2026-09-09,2026-09-09T00:00:00+07:00,2026-09-09T00:00:00+07:00,christian,True
kupang-kini.example,Kupang,2025-06-02,23,0.176,0.34,,https://kupang-kini.example/fixture/metrik/2025-06-02,,2026-09-09,2026-09-09T00:00:00+07:00,2026-09-09T00:00:00+07:00,christian,True
kupang-kini.example,Kupang,2025-06-09,23,0.136,0.211,,https://kupang-kini.example/fixture/metrik/2025-06-09,,2026-09-09,2026-09-09T00:00:00+07:00,2026-09-09T00:00:00+07:00,christian,True
kupang-kini.example,Kupang,2025-06-16,25,0.143,0.213,,https://kupang-kini.example/fixture/metrik/2025-06-16,,2026-09-09,2026-09-09T00:00:00+07:00,2026-09-09T00:00:00+07:00,christian,True
kupang-kini.example,Kupang,2025-06-23,18,0.141,0.144,,https://kupang-kini.example/fixture/metrik/2025-06-23,,2026-09-09,2026-09-09T00:00:00+07:00,2026-09-09T00:00:00+07:00,christian,True
kupang-kini.example,Kupang,2025-06-30,25,0.184,0.174,,https://kupang-kini.example/fixture/metrik/2025-06-30,,2026-09-09,2026-09-09T00:00:00+07:00,2026-09-09T00:00:00+07:00,christian,True
kupang-kini.example,Kupang,2025-07-07,35,0.103,0.245,,https://kupang-kini.example/fixture/metrik/2025-07-07,,2026-09-09,2026-09-09T00:00:00+07:00,2026-09-09T00:00:00+07:00,christian,True
kupang-kini.example,Kupang,2025-07-14,22,0.113,0.232,,https://kupang-kini.example/fixture/metrik/2025-07-14,,2026-09-09,2026-09-09T00:00:00+07:00,2026-09-09T00:00:00+07:00,christian,True
kupang-kini.example,Kupang,2025-07-21,29,0.155,0.244,,https://kupang-kini.example/fixture/metrik/2025-07-21,,2026-09-09,2026-09-09T00:00:00+07:00,2026-09-09T00:00:00+07:00,christian,True
kupang-kini.example,Kupang,2025-07-28,25,0.164,0.185,,https://kupang-kini.example/fixture/metrik/2025-07-28,,2026-09-09,2026-09-09T00:00:00+07:00,2026-09-09T00:00:00+07:00,christian,True
kupang-kini.example,Kupang,2025-08-04,16,0.128,0.19,,https://kupang-kini.example/fixture/metrik/2025-08-04,,2026-09-09,2026-09-09T00:00:00+07:00,2026-09-09T00:00:00+07:00,christian,True
kupang-kini.example,Kupang,2025-08-11,25,0.184,0.235,,https://kupang-kini.example/fixture/metrik/2025-08-11,,2026-09-09,2026-09-09T00:00:00+07:00,2026-09-09T00:00:00+07:00,christian,True
kupang-kini.example,Kupang,2025-08-18,34,0.135,0.119,,https://kupang-kini.example/fixture/metrik/2025-08-18,,2026-09-09,2026-09-09T00:00:00+07:00,2026-09-09T00:00:00+07:00,christian,True
kupang-kini.example,Kupang,2025-08-25,3,0.148,0.17,,https://kupang-kini.example/fixture/metrik/2025-08-25,,2026-09-09,2026-09-09T00:00:00+07:00,2026-09-09T00:00:00+07:00,christian,True
kupang-kini.example,Kupang,2025-09-01,10,0.15,0.201,,https://kupang-kini.example/fixture/metrik/2025-09-01,,2026-09-09,2026-09-09T00:00:00+07:00,2026-09-09T00:00:00+07:00,christian,True
kupang-kini.example,Kupang,2025-09-08,3,0.169,0.278,,https://kupang-kini.example/fixture/metrik/2025-09-08,,2026-09-09,2026-09-09T00:00:00+07:00,2026-09-09T00:00:00+07:00,christian,True
kupang-kini.example,Kupang,2025-09-15,19,0.171,0.224,,https://kupang-kini.example/fixture/metrik/2025-09-15,,2026-09-09,2026-09-09T00:00:00+07:00,2026-09-09T00:00:00+07:00,christian,True
kupang-kini.example,Kupang,2025-09-22,28,0.166,0.199,,https://kupang-kini.example/fixture/metrik/2025-09-22,,2026-09-09,2026-09-09T00:00:00+07:00,2026-09-09T00:00:00+07:00,christian,True
kupang-kini.example,Kupang,2025-09-29,28,0.139,0.213,,https://kupang-kini.example/fixture/metrik/2025-09-29,,2026-09-09,2026-09-09T00:00:00+07:00,2026-09-09T00:00:00+07:00,christian,True
kupang-kini.example,Kupang,2025-10-06,13,0.179,0.09,,https://kupang-kini.example/fixture/metrik/2025-10-06,,2026-09-09,2026-09-09T00:00:00+07:00,2026-09-09T00:00:00+07:00,christian,True
kupang-kini.example,Kupang,2025-10-13,14,0.119,0.232,,https://kupang-kini.example/fixture/metrik/2025-10-13,,2026-09-09,2026-09-09T00:00:00+07:00,2026-09-09T00:00:00+07:00,christian,True
kupang-kini.example,Kupang,2025-10-20,23,0.197,0.197,,https://kupang-kini.example/fixture/metrik/2025-10-20,,2026-09-09,2026-09-09T00:00:00+07:00,2026-09-09T00:00:00+07:00,christian,True
kupang-kini.example,Kupang,2025-10-27,13,0.172,0.237,,https://kupang-kini.example/fixture/metrik/2025-10-27,,2026-09-09,2026-09-09T00:00:00+07:00,2026-09-09T00:00:00+07:00,christian,True
kupang-kini.example,Kupang,2025-11-03,18,0.233,0.201,,https://kupang-kini.example/fixture/metrik/2025-11-03,,2026-09-09,2026-09-09T00:00:00+07:00,2026-09-09T00:00:00+07:00,christian,True
kupang-kini.example,Kupang,2025-11-10,33,0.109,0.178,,https://kupang-kini.example/fixture/metrik/2025-11-10,,2026-09-09,2026-09-09T00:00:00+07:00,2026-09-09T00:00:00+07:00,christian,True
kupang-kini.example,Kupang,2025-11-17,19,0.144,0.217,,https://kupang-kini.example/fixture/metrik/2025-11-17,,2026-09-09,2026-09-09T00:00:00+07:00,2026-09-09T00:00:00+07:00,christian,True
kupang-kini.example,Kupang,2025-11-24,26,0.2,0.19,,https://kupang-kini.example/fixture/metrik/2025-11-24,,2026-09-09,2026-09-09T00:00:00+07:00,2026-09-09T00:00:00+07:00,christian,True
kupang-kini.example,Kupang,2025-12-01,25,0.104,0.195,,https://kupang-kini.example/fixture/metrik/2025-12-01,,2026-09-09,2026-09-09T00:00:00+07:00,2026-09-09T00:00:00+07:00,christian,True
kupang-kini.example,Kupang,2025-12-08,21,0.133,0.287,,https://kupang-kini.example/fixture/metrik/2025-12-08,,2026-09-09,2026-09-09T00:00:00+07:00,2026-09-09T00:00:00+07:00,christian,True
kupang-kini.example,Kupang,2025-12-15,25,0.162,0.172,,https://kupang-kini.example/fixture/metrik/2025-12-15,,2026-09-09,2026-09-09T00:00:00+07:00,2026-09-09T00:00:00+07:00,christian,True
kupang-kini.example,Kupang,2025-12-22,16,0.141,0.261,,https://kupang-kini.example/fixture/metrik/2025-12-22,,2026-09-09,2026-09-09T00:00:00+07:00,2026-09-09T00:00:00+07:00,christian,True
kupang-kini.example,Kupang,2025-12-29,37,0.161,0.219,,https://kupang-kini.example/fixture/metrik/2025-12-29,,2026-09-09,2026-09-09T00:00:00+07:00,2026-09-09T00:00:00+07:00,christian,True
