outlet_id,kota,minggu,jumlah_artikel,indeks_personalisasi,bagian_duplikasi,hari_ke_penetapan,source_url,archive_url,retrieved_at,first_seen,last_checked,regime_id,fiktif
harian-losari.example,Makassar,2014-01-06,24,0.279,0.582,-1498,https://harian-losari.example/fixture/metrik/2014-01-06,,2026-09-09,2026-09-09T00:00:00+07:00,2026-09-09T00:00:00+07:00,ilham,True
harian-losari.example,Makassar,2014-01-13,39,0.377,0.505,-1491,https://harian-losari.example/fixture/metrik/2014-01-13,,2026-09-09,2026-09-09T00:00:00+07:00,2026-09-09T00:00:00+07:00,ilham,True
harian-losari.example,Makassar,2014-01-20,41,0.358,0.534,-1484,https://harian-losari.example/fixture/metrik/2014-01-20,,2026-09-09,2026-09-09T00:00:00+07:00,2026-09-09T00:00:00+07:00,ilham,True
harian-losari.example,Makassar,2014-01-27,43,0.346,0.543,-1477,https://harian-losari.example/fixture/metrik/2014-01-27,,2026-09-09,2026-09-09T00:00:00+07:00,2026-09-09T00:00:00+07:00,ilham,True
harian-losari.example,Makassar,2014-02-03,48,0.334,0.606,-1470,https://harian-losari.example/fixture/metrik/2014-02-03,,2026-09-09,2026-09-09T00:00:00+07:00,2026-09-09T00:00:00+07:00,ilham,True
harian-losari.example,Makassar,2014-02-10,39,0.4,0.602,-1463,https://harian-losari.example/fixture/metrik/2014-02-10,,2026-09-09,2026-09-09T00:00:00+07:00,2026-09-09T00:00:00+07:00,ilham,True
harian-losari.example,Makassar,2014-02-17,38,0.346,0.617,-1456,https://harian-losari.example/fixture/metrik/2014-02-17,,2026-09-09,2026-09-09T00:00:00+07:00,2026-09-09T00:00:00+07:00,ilham,True
harian-losari.example,Makassar,2014-02-24,30,0.303,0.506,-1449,https://harian-losari.example/fixture/metrik/2014-02-24,,2026-09-09,2026-09-09T00:00:00+07:00,2026-09-09T00:00:00+07:00,ilham,True
harian-losari.example,Makassar,2014-03-03,42,0.328,0.617,-1442,https://harian-losari.example/fixture/metrik/2014-03-03,,2026-09-09,2026-09-09T00:00:00+07:00,2026-09-09T00:00:00+07:00,ilham,True
harian-losari.example,Makassar,2014-03-10,45,0.333,0.589,-1435,https://harian-losari.example/fixture/metrik/2014-03-10,,2026-09-09,2026-09-09T00:00:00+07:00,2026-09-09T00:00:00+07:00,ilham,True
harian-losari.example,Makassar,2014-03-17,42,0.289,0.638,-1428,https://harian-losari.example/fixture/metrik/2014-03-17,,2026-09-09,2026-09-09T00:00:00+07:00,2026-09-09T00:00:00+07:00,ilham,True
harian-losari.example,Makassar,2014-03-24,35,0.342,0.697,-1421,https://harian-losari.example/fixture/metrik/2014-03-24,,2026-09-09,2026-09-09T00:00:00+07:00,2026-09-09T00:00:00+07:00,ilham,True
harian-losari.example,Makassar,2014-03-31,32,0.344,0.589,-1414,https://harian-losari.example/fixture/metrik/2014-03-31,,2026-09-09,2026-09-09T00:00:00+07:00,2026-09-09T00:00:00+07:00,ilham,True
harian-losari.example,Makassar,2014-04-07,30,0.373,0.561,-1407,https://harian-losari.example/fixture/metrik/2014-04-07,,2026-09-09,2026-09-09T00:00:00+07:00,2026-09-09T00:00:00+07:00,ilham,True
harian-losari.example,Makassar,2014-04-14,31,0.327,0.627,-1400,https://harian-losari.example/fixture/metrik/2014-04-14,,2026-09-09,2026-09-09T00:00:00+07:00,2026-09-09T00:00:00+07:00,ilham,True
harian-losari.example,Makassar,2014-04-21,31,0.313,0.586,-1393,https://harian-losari.example/fixture/metrik/2014-04-21,,2026-09-09,2026-09-09T00:00:00+07:00,2026-09-09T00:00:00+07:00,ilham,True
harian-losari.example,Makassar,2014-04-28,43,0.375,0.557,-1386,https://harian-losari.example/fixture/metrik/2014-04-28,,2026-09-09,2026-09-09T00:00:00+07:00,2026-09-09T00:00:00+07:00,ilham,True
harian-losari.example,Makassar,2014-05-05,38,0.34,0.559,-1379,https://harian-losari.example/fixture/metrik/2014-05-05,,2026-09-09,2026-09-09T00:00:00+07:00,2026-09-09T00:00:00+07:00,ilham,True
harian-losari.example,Makassar,2014-05-12,34,0.416,0.586,-1372,https://harian-losari.example/fixture/metrik/2014-05-12,,2026-09-09,2026-09-09T00:00:00+07:00,2026-09-09T00:00:00+07:00,danny1,True
harian-losari.example,Makassar,2014-05-19,39,0.381,0.628,-1365,https://harian-losari.example/fixture/metrik/2014-05-19,,2026-09-09,2026-09-09T00:00:00+07:00,2026-09-09T00:00:00+07:00,danny1,True
harian-losari.example,Makassar,2014-05-26,40,0.349,0.533,-1358,https://harian-losari.example/fixture/metrik/2014-05-26,,2026-09-09,2026-09-09T00:00:00+07:00,2026-09-09T00:00:00+07:00,danny1,True
harian-losari.example,Makassar,2014-06-02,38,0.384,0.634,-1351,https://harian-losari.example/fixture/metrik/2014-06-02,,2026-09-09,2026-09-09T00:00:00+07:00,2026-09-09T00:00:00+07:00,danny1,True
harian-losari.example,Makassar,2014-06-09,35,0.272,0.519,-1344,https://harian-losari.example/fixture/metrik/2014-06-09,,2026-09-09,2026-09-09T00:00:00+07:00,2026-09-09T00:00:00+07:00,danny1,True
harian-losari.example,Makassar,2014-06-16,28,0.364,0.527,-1337,https://harian-losari.example/fixture/metrik/2014-06-16,,2026-09-09,2026-09-09T00:00:00+07:00,2026-09-09T00:00:00+07:00,danny1,True
harian-losari.example,Makassar,2014-06-23,42,0.333,0.589,-1330,https://harian-losari.example/fixture/metrik/2014-06-23,,2026-09-09,2026-09-09T00:00:00+07:00,2026-09-09T00:00:00+07:00,danny1,True
harian-losari.example,Makassar,2014-06-30,41,0.391,0.567,-1323,https://harian-losari.example/fixture/metrik/2014-06-30,,2026-09-09,2026-09-09T00:00:00+07:00,2026-09-09T00:00:00+07:00,danny1,True
harian-losari.example,Makassar,2014-07-07,27,0.319,0.494,-1316,https://harian-losari.example/fixture/metrik/2014-07-07,,2026-09-09,2026-09-09T00:00:00+07:00,2026-09-09T00:00:00+07:00,danny1,True
harian-losari.example,Makassar,2014-07-14,25,0.408,0.502,-1309,https://harian-losari.example/fixture/metrik/2014-07-14,,2026-09-09,2026-09-09T00:00:00+07:00,2026-09-09T00:00:00+07:00,danny1,True
harian-losari.example,Makassar,2014-07-21,42,0.401,0.506,-1302,https://harian-losari.example/fixture/metrik/2014-07-21,,2026-09-09,2026-09-09T00:00:00+07:00,2026-09-09T00:00:00+07:00,danny1,True
harian-losari.example,Makassar,2014-07-28,40,0.384,0.574,-1295,https://harian-losari.example/fixture/metrik/2014-07-28,,2026-09-09,2026-09-09T00:00:00+07:00,2026-09-09T00:00:00+07:00,danny1,True
harian-losari.example,Makassar,2014-08-04,33,0.369,0.621,-1288,https://harian-losari.example/fixture/metrik/2014-08-04,,2026-09-09,2026-09-09T00:00:00+07:00,2026-09-09T00:00:00+07:00,danny1,True
harian-losari.example,Makassar,2014-08-11,33,0.42,0.634,-1281,https://harian-losari.example/fixture/metrik/2014-08-11,,2026-09-09,2026-09-09T00:00:00+07:00,2026-09-09T00:00:00+07:00,danny1,True
harian-losari.example,Makassar,2014-08-18,32,0.358,0.602,-1274,https://harian-losari.example/fixture/metrik/2014-08-18,,2026-09-09,2026-09-09T00:00:00+07:00,2026-09-09T00:00:00+07:00,danny1,True
harian-losari.example,Makassar,2014-08-25,34,0.366,0.601,-1267,https://harian-losari.example/fixture/metrik/2014-08-25,,2026-09-09,2026-09-09T00:00:00+07:00,2026-09-09T00:00:00+07:00,danny1,True
harian-losari.example,Makassar,2014-09-01,27,0.363,0.503,-1260,https://harian-losari.example/fixture/metrik/2014-09-01,,2026-09-09,2026-09-09T00:00:00+07:00,2026-09-09T00:00:00+07:00,danny1,True
harian-losari.example,Makassar,2014-09-08,38,0.388,0.688,-1253,https://harian-losari.example/fixture/metrik/2014-09-08,,2026-09-09,2026-09-09T00:00:00+07:00,2026-09-09T00:00:00+07:00,danny1,True
harian-losari.example,Makassar,2014-09-15,30,0.38,0.648,-1246,https://harian-losari.example/fixture/metrik/2014-09-15,,2026-09-09,2026-09-09T00:00:00+07:00,2026-09-09T00:00:00+07:00,danny1,True
harian-losari.example,Makassar,2014-09-22,39,0.39,0.637,-1239,https://harian-losari.example/fixture/metrik/2014-09-22,,2026-09-09,2026-09-09T00:00:00+07:00,2026-09-09T00:00:00+07:00,danny1,True
harian-losari.example,Makassar,2014-09-29,25,0.402,0.511,-1232,https://harian-losari.example/fixture/metrik/2014-09-29,,2026-09-09,2026-09-09T00:00:00+07:00,2026-09-09T00:00:00+07:00,danny1,True
harian-losari.example,Makassar,2014-10-06,32,0.284,0.623,-1225,https://harian-losari.example/fixture/metrik/2014-10-06,,2026-09-09,2026-09-09T00:00:00+07:00,2026-09-09T00:00:00+07:00,danny1,True
harian-losari.example,Makassar,2014-10-13,42,0.323,0.542,-1218,https://harian-losari.example/fixture/metrik/2014-10-13,,2026-09-09,2026-09-09T00:00:00+07:00,2026-09-09T00:00:00+07:00,danny1,True
harian-losari.example,Makassar,2014-10-20,32,0.32,0.635,-1211,https://harian-losari.example/fixture/metrik/2014-10-20,,2026-09-09,2026-09-09T00:00:00+07:00,2026-09-09T00:00:00+07:00,danny1,True
harian-losari.example,Makassar,2014-10-27,32,0.372,0.588,-1204,https://harian-losari.example/fixture/metrik/2014-10-27,,2026-09-09,2026-09-09T00:00:00+07:00,2026-09-09T00:00:00+07:00,danny1,True
harian-losari.example,Makassar,2014-11-03,42,0.32,0.602,-1197,https://harian-losari.example/fixture/metrik/2014-11-03,,2026-09-09,2026-09-09T00:00:00+07:00,2026-09-09T00:00:00+07:00,danny1,True
harian-losari.example,Makassar,2014-11-10,41,0.447,0.664,-1190,https://harian-losari.example/fixture/metrik/2014-11-10,,2026-09-09,2026-09-09T00:00:00+07:00,2026-09-09T00:00:00+07:00,danny1,True
harian-losari.example,Makassar,2014-11-17,46,0.403,0.495,-1183,https://harian-losari.example/fixture/metrik/2014-11-17,,2026-09-09,2026-09-09T00:00:00+07:00,2026-09-09T00:00:00+07:00,danny1,True
harian-losari.example,Makassar,2014-11-24,35,0.355,0.58,-1176,https://harian-losari.example/fixture/metrik/2014-11-24,,2026-09-09,2026-09-09T00:00:00+07:00,2026-09-09T00:00:00+07:00,danny1,True
harian-losari.example,Makassar,2014-12-01,40,0.398,0.563,-1169,https://harian-losari.example/fixture/metrik/2014-12-01,,2026-09-09,2026-09-09T00:00:00+07:00,2026-09-09T00:00:00+07:00,danny1,True
harian-losari.example,Makassar,2014-12-08,37,0.285,0.601,-1162,https://harian-losari.example/fixture/metrik/2014-12-08,,2026-09-09,2026-09-09T00:00:00+07:00,2026-09-09T00:00:00+07:00,danny1,True
harian-losari.example,Makassar,2014-12-15,36,0.41,0.538,-1155,https://harian-losari.example/fixture/metrik/2014-12-15,,2026-09-09,2026-09-09T00:00:00+07:00,2026-09-09T00:00:00+07:00,danny1,True
harian-losari.example,Makassar,2014-12-22,39,0.322,0.562,-1148,https://harian-losari.example/fixture/metrik/2014-12-22,,2026-09-09,2026-09-09T00:00:00+07:00,2026-09-09T00:00:00+07:00,danny1,True
harian-losari.example,Makassar,2014-12-29,44,0.379,0.558,-1141,https://harian-losari.example/fixture/metrik/2014-12-29,,2026-09-09,2026-09-09T00:00:00+07:00,2026-09-09T00:00:00+07:00,danny1,True
harian-losari.example,Makassar,2015-01-05,45,0.366,0.544,-1134,https://harian-losari.example/fixture/metrik/2015-01-05,,2026-09-09,2026-09-09T00:00:00+07:00,2026-09-09T00:00:00+07:00,danny1,True
harian-losari.example,Makassar,2015-01-12,38,0.394,0.549,-1127,https://harian-losari.example/fixture/metrik/2015-01-12,,2026-09-09,2026-09-09T00:00:00+07:00,2026-09-09T00:00:00+07:00,danny1,True
harian-losari.example,Makassar,2015-01-19,36,0.367,0.574,-1120,https://harian-losari.example/fixture/metrik/2015-01-19,,2026-09-09,2026-09-09T00:00:00+07:00,2026-09-09T00:00:00+07:00,danny1,True
harian-losari.example,Makassar,2015-01-26,43,0.351,0.554,-1113,https://harian-losari.example/fixture/metrik/2015-01-26,,2026-09-09,2026-09-09T00:00:00+07:00,2026-09-09T00:00:00+07:00,danny1,True
harian-losari.example,Makassar,2015-02-02,46,0.328,0.643,-1106,https://harian-losari.example/fixture/metrik/2015-02-02,,2026-09-09,2026-09-09T00:00:00+07:00,2026-09-09T00:00:00+07:00,danny1,True
harian-losari.example,Makassar,2015-02-09,45,0.394,0.544,-1099,https://harian-losari.example/fixture/metrik/2015-02-09,,2026-09-09,2026-09-09T00:00:00+07:00,2026-09-09T00:00:00+07:00,danny1,True
harian-losari.example,Makassar,2015-02-16,42,0.365,0.558,-1092,https://harian-losari.example/fixture/metrik/2015-02-16,,2026-09-09,2026-09-09T00:00:00+07:00,2026-09-09T00:00:00+07:00,danny1,True
harian-losari.example,Makassar,2015-02-23,40,0.302,0.503,-1085,https://harian-losari.example/fixture/metrik/2015-02-23,,2026-09-09,2026-09-09T00:00:00+07:00,2026-09-09T00:00:00+07:00,danny1,True
harian-losari.example,Makassar,2015-03-02,39,0.348,0.579,-1078,https://harian-losari.example/fixture/metrik/2015-03-02,,2026-09-09,2026-09-09T00:00:00+07:00,2026-09-09T00:00:00+07:00,danny1,True
harian-losari.example,Makassar,2015-03-09,50,0.39,0.456,-1071,https://harian-losari.example/fixture/metrik/2015-03-09,,2026-09-09,2026-09-09T00:00:00+07:00,2026-09-09T00:00:00+07:00,danny1,True
harian-losari.example,Makassar,2015-03-16,39,0.315,0.533,-1064,https://harian-losari.example/fixture/metrik/2015-03-16,,2026-09-09,2026-09-09T00:00:00+07:00,2026-09-09T00:00:00+07:00,danny1,True
harian-losari.example,Makassar,2015-03-23,43,0.338,0.631,-1057,https://harian-losari.example/fixture/metrik/2015-03-23,,2026-09-09,2026-09-09T00:00:00+07:00,2026-09-09T00:00:00+07:00,danny1,True
harian-losari.example,Makassar,2015-03-30,37,0.396,0.565,-1050,https://harian-losari.example/fixture/metrik/2015-03-30,,2026-09-09,2026-09-09T00:00:00+07:00,2026-09-09T00:00:00+07:00,danny1,True
harian-losari.example,Makassar,2015-04-06,36,0.356,0.637,-1043,https://harian-losari.example/fixture/metrik/2015-04-06,,2026-09-09,2026-09-09T00:00:00+07:00,2026-09-09T00:00:00+07:00,danny1,True
harian-losari.example,Makassar,2015-04-13,41,0.349,0.548,-1036,https://harian-losari.example/fixture/metrik/2015-04-13,,2026-09-09,2026-09-09T00:00:00+07:00,2026-09-09T00:00:00+07:00,danny1,True
harian-losari.example,Makassar,2015-04-20,26,0.425,0.624,-1029,https://harian-losari.example/fixture/metrik/2015-04-20,,2026-09-09,2026-09-09T00:00:00+07:00,2026-09-09T00:00:00+07:00,danny1,True
harian-losari.example,Makassar,2015-04-27,42,0.363,0.649,-1022,https://harian-losari.example/fixture/metrik/2015-04-27,,2026-09-09,2026-09-09T00:00:00+07:00,2026-09-09T00:00:00+07:00,danny1,True
harian-losari.example,Makassar,2015-05-04,46,0.419,0.509,-1015,https://harian-losari.example/fixture/metrik/2015-05-04,,2026-09-09,2026-09-09T00:00:00+07:00,2026-09-09T00:00:00+07:00,danny1,True
harian-losari.example,Makassar,2015-05-11,34,0.33,0.562,-1008,https://harian-losari.example/fixture/metrik/2015-05-11,,2026-09-09,2026-09-09T00:00:00+07:00,2026-09-09T00:00:00+07:00,danny1,True
harian-losari.example,Makassar,2015-05-18,52,0.377,0.577,-1001,https://harian-losari.example/fixture/metrik/2015-05-18,,2026-09-09,2026-09-09T00:00:00+07:00,2026-09-09T00:00:00+07:00,danny1,True
harian-losari.example,Makassar,2015-05-25,33,0.299,0.597,-994,https://harian-losari.example/fixture/metrik/2015-05-25,,2026-09-09,2026-09-09T00:00:00+07:00,2026-09-09T00:00:00+07:00,danny1,True
harian-losari.example,Makassar,2015-06-01,39,0.406,0.466,-987,https://harian-losari.example/fixture/metrik/2015-06-01,,2026-09-09,2026-09-09T00:00:00+07:00,2026-09-09T00:00:00+07:00,danny1,True
harian-losari.example,Makassar,2015-06-08,38,0.333,0.472,-980,https://harian-losari.example/fixture/metrik/2015-06-08,,2026-09-09,2026-09-09T00:00:00+07:00,2026-09-09T00:00:00+07:00,danny1,True
harian-losari.example,Makassar,2015-06-15,42,0.385,0.622,-973,https://harian-losari.example/fixture/metrik/2015-06-15,,2026-09-09,2026-09-09T00:00:00+07:00,2026-09-09T00:00:00+07:00,danny1,True
harian-losari.example,Makassar,2015-06-22,35,0.376,0.527,-966,https://harian-losari.example/fixture/metrik/2015-06-22,,2026-09-09,2026-09-09T00:00:00+07:00,2026-09-09T00:00:00+07:00,danny1,True
harian-losari.example,Makassar,2015-06-29,26,0.313,0.572,-959,https://harian-losari.example/fixture/metrik/2015-06-29,,2026-09-09,2026-09-09T00:00:00+07:00,2026-09-09T00:00:00+07:00,danny1,True
harian-losari.example,Makassar,2015-07-06,27,0.386,0.686,-952,https://harian-losari.example/fixture/metrik/2015-07-06,,2026-09-09,2026-09-09T00:00:00+07:00,2026-09-09T00:00:00+07:00,danny1,True
harian-losari.example,Makassar,2015-07-13,47,0.362,0.53,-945,https://harian-losari.example/fixture/metrik/2015-07-13,,2026-09-09,2026-09-09T00:00:00+07:00,2026-09-09T00:00:00+07:00,danny1,True
harian-losari.example,Makassar,2015-07-20,28,0.369,0.569,-938,https://harian-losari.example/fixture/metrik/2015-07-20,,2026-09-09,2026-09-09T00:00:00+07:00,2026-09-09T00:00:00+07:00,danny1,True
harian-losari.example,Makassar,2015-07-27,38,0.386,0.546,-931,https://harian-losari.example/fixture/metrik/2015-07-27,,2026-09-09,2026-09-09T00:00:00+07:00,2026-09-09T00:00:00+07:00,danny1,True
harian-losari.example,Makassar,2015-08-03,31,0.386,0.627,-924,https://harian-losari.example/fixture/metrik/2015-08-03,,2026-09-09,2026-09-09T00:00:00+07:00,2026-09-09T00:00:00+07:00,danny1,True
harian-losari.example,Makassar,2015-08-10,45,0.352,0.527,-917,https://harian-losari.example/fixture/metrik/2015-08-10,,2026-09-09,2026-09-09T00:00:00+07:00,2026-09-09T00:00:00+07:00,danny1,True
harian-losari.example,Makassar,2015-08-17,42,0.392,0.576,-910,https://harian-losari.example/fixture/metrik/2015-08-17,,2026-09-09,2026-09-09T00:00:00+07:00,2026-09-09T00:00:00+07:00,danny1,True
harian-losari.example,Makassar,2015-08-24,37,0.295,0.626,-903,https://harian-losari.example/fixture/metrik/2015-08-24,,2026-09-09,2026-09-09T00:00:00+07:00,2026-09-09T00:00:00+07:00,danny1,True
harian-losari.example,Makassar,2015-08-31,44,0.376,0.624,-896,https://harian-losari.example/fixture/metrik/2015-08-31,,2026-09-09,2026-09-09T00:00:00+07:00,2026-09-09T00:00:00+07:00,danny1,True
harian-losari.example,Makassar,2015-09-07,31,0.368,0.563,-889,https://harian-losari.example/fixture/metrik/2015-09-07,,2026-09-09,2026-09-09T00:00:00+07:00,2026-09-09T00:00:00+07:00,danny1,True
harian-losari.example,Makassar,2015-09-14,35,0.355,0.617,-882,https://harian-losari.example/fixture/metrik/2015-09-14,,2026-09-09,2026-09-09T00:00:00+07:00,2026-09-09T00:00:00+07:00,danny1,True
harian-losari.example,Makassar,2015-09-21,39,0.352,0.488,-875,https://harian-losari.example/fixture/metrik/2015-09-21,,2026-09-09,2026-09-09T00:00:00+07:00,2026-09-09T00:00:00+07:00,danny1,True
harian-losari.example,Makassar,2015-09-28,35,0.411,0.627,-868,https://harian-losari.example/fixture/metrik/2015-09-28,,2026-09-09,2026-09-09T00:00:00+07:00,2026-09-09T00:00:00+07:00,danny1,True
harian-losari.example,Makassar,2015-10-05,35,0.371,0.642,-861,https://harian-losari.example/fixture/metrik/2015-10-05,,2026-09-09,2026-09-09T00:00:00+07:00,2026-09-09T00:00:00+07:00,danny1,True
harian-losari.example,Makassar,2015-10-12,30,0.339,0.624,-854,https://harian-losari.example/fixture/metrik/2015-10-12,,2026-09-09,2026-09-09T00:00:00+07:00,2026-09-09T00:00:00+07:00,danny1,True
harian-losari.example,Makassar,2015-10-19,30,0.448,0.506,-847,https://harian-losari.example/fixture/metrik/2015-10-19,,2026-09-09,2026-09-09T00:00:00+07:00,2026-09-09T00:00:00+07:00,danny1,True
harian-losari.example,Makassar,2015-10-26,37,0.38,0.609,-840,https://harian-losari.example/fixture/metrik/2015-10-26,,2026-09-09,2026-09-09T00:00:00+07:00,2026-09-09T00:00:00+07:00,danny1,True
harian-losari.example,Makassar,2015-11-02,29,0.357,0.532,-833,https://harian-losari.example/fixture/metrik/2015-11-02,,2026-09-09,2026-09-09T00:00:00+07:00,2026-09-09T00:00:00+07:00,danny1,True
harian-losari.example,Makassar,2015-11-09,42,0.357,0.618,-826,https://harian-losari.example/fixture/metrik/2015-11-09,,2026-09-09,2026-09-09T00:00:00+07:00,2026-09-09T00:00:00+07:00,danny1,True
harian-losari.example,Makassar,2015-11-16,52,0.377,0.58,-819,https://harian-losari.example/fixture/metrik/2015-11-16,,2026-09-09,2026-09-09T00:00:00+07:00,2026-09-09T00:00:00+07:00,danny1,True
harian-losari.example,Makassar,2015-11-23,37,0.351,0.598,-812,https://harian-losari.example/fixture/metrik/2015-11-23,,2026-09-09,2026-09-09T00:00:00+07:00,2026-09-09T00:00:00+07:00,danny1,True
harian-losari.example,Makassar,2015-11-30,35,0.358,0.64,-805,https://harian-losari.example/fixture/metrik/2015-11-30,,2026-09-09,2026-09-09T00:00:00+07:00,2026-09-09T00:00:00+07:00,danny1,True
harian-losari.example,Makassar,2015-12-07,37,0.353,0.591,-798,https://harian-losari.example/fixture/metrik/2015-12-07,,2026-09-09,2026-09-09T00:00:00+07:00,2026-09-09T00:00:00+07:00,danny1,True
harian-losari.example,Makassar,2015-12-14,41,0.326,0.544,-791,https://harian-losari.example/fixture/metrik/2015-12-14,,2026-09-09,2026-09-09T00:00:00+07:00,2026-09-09T00:00:00+07:00,danny1,True
harian-losari.example,Makassar,2015-12-21,32,0.339,0.5,-784,https://harian-losari.example/fixture/metrik/2015-12-21,,2026-09-09,2026-09-09T00:00:00+07:00,2026-09-09T00:00:00+07:00,danny1,True
harian-losari.example,Makassar,2015-12-28,29,0.395,0.536,-777,https://harian-losari.example/fixture/metrik/2015-12-28,,2026-09-09,2026-09-09T00:00:00+07:00,2026-09-09T00:00:00+07:00,danny1,True
harian-losari.example,Makassar,2016-01-04,41,0.315,0.611,-770,https://harian-losari.example/fixture/metrik/2016-01-04,,2026-09-09,2026-09-09T00:00:00+07:00,2026-09-09T00:00:00+07:00,danny1,True
harian-losari.example,Makassar,2016-01-11,46,0.354,0.658,-763,https://harian-losari.example/fixture/metrik/2016-01-11,,2026-09-09,2026-09-09T00:00:00+07:00,2026-09-09T00:00:00+07:00,danny1,True
harian-losari.example,Makassar,2016-01-18,42,0.338,0.608,-756,https://harian-losari.example/fixture/metrik/2016-01-18,,2026-09-09,2026-09-09T00:00:00+07:00,2026-09-09T00:00:00+07:00,danny1,True
harian-losari.example,Makassar,2016-01-25,38,0.318,0.606,-749,https://harian-losari.example/fixture/metrik/2016-01-25,,2026-09-09,2026-09-09T00:00:00+07:00,2026-09-09T00:00:00+07:00,danny1,True
harian-losari.example,Makassar,2016-02-01,35,0.348,0.532,-742,https://harian-losari.example/fixture/metrik/2016-02-01,,2026-09-09,2026-09-09T00:00:00+07:00,2026-09-09T00:00:00+07:00,danny1,True
harian-losari.example,Makassar,2016-02-08,45,0.379,0.498,-735,https://harian-losari.example/fixture/metrik/2016-02-08,,2026-09-09,2026-09-09T00:00:00+07:00,2026-09-09T00:00:00+07:00,danny1,True
harian-losari.example,Makassar,2016-02-15,27,0.339,0.614,-728,https://harian-losari.example/fixture/metrik/2016-02-15,,2026-09-09,2026-09-09T00:00:00+07:00,2026-09-09T00:00:00+07:00,danny1,True
harian-losari.example,Makassar,2016-02-22,40,0.338,0.533,-721,https://harian-losari.example/fixture/metrik/2016-02-22,,2026-09-09,2026-09-09T00:00:00+07:00,2026-09-09T00:00:00+07:00,danny1,True
harian-losari.example,Makassar,2016-02-29,44,0.364,0.656,-714,https://harian-losari.example/fixture/metrik/2016-02-29,,2026-09-09,2026-09-09T00:00:00+07:00,2026-09-09T00:00:00+07:00,danny1,True
harian-losari.example,Makassar,2016-03-07,41,0.274,0.581,-707,https://harian-losari.example/fixture/metrik/2016-03-07,,2026-09-09,2026-09-09T00:00:00+07:00,2026-09-09T00:00:00+07:00,danny1,True
harian-losari.example,Makassar,2016-03-14,33,0.36,0.537,-700,https://harian-losari.example/fixture/metrik/2016-03-14,,2026-09-09,2026-09-09T00:00:00+07:00,2026-09-09T00:00:00+07:00,danny1,True
harian-losari.example,Makassar,2016-03-21,42,0.329,0.556,-693,https://harian-losari.example/fixture/metrik/2016-03-21,,2026-09-09,2026-09-09T00:00:00+07:00,2026-09-09T00:00:00+07:00,danny1,True
harian-losari.example,Makassar,2016-03-28,33,0.368,0.535,-686,https://harian-losari.example/fixture/metrik/2016-03-28,,2026-09-09,2026-09-09T00:00:00+07:00,2026-09-09T00:00:00+07:00,danny1,True
harian-losari.example,Makassar,2016-04-04,33,0.369,0.538,-679,https://harian-losari.example/fixture/metrik/2016-04-04,,2026-09-09,2026-09-09T00:00:00+07:00,2026-09-09T00:00:00+07:00,danny1,True
harian-losari.example,Makassar,2016-04-11,38,0.362,0.556,-672,https://harian-losari.example/fixture/metrik/2016-04-11,,2026-09-09,2026-09-09T00:00:00+07:00,2026-09-09T00:00:00+07:00,danny1,True
harian-losari.example,Makassar,2016-04-18,41,0.304,0.632,-665,https://harian-losari.example/fixture/metrik/2016-04-18,,2026-09-09,2026-09-09T00:00:00+07:00,2026-09-09T00:00:00+07:00,danny1,True
harian-losari.example,Makassar,2016-04-25,44,0.36,0.628,-658,https://harian-losari.example/fixture/metrik/2016-04-25,,2026-09-09,2026-09-09T00:00:00+07:00,2026-09-09T00:00:00+07:00,danny1,True
harian-losari.example,Makassar,2016-05-02,39,0.376,0.614,-651,https://harian-losari.example/fixture/metrik/2016-05-02,,2026-09-09,2026-09-09T00:00:00+07:00,2026-09-09T00:00:00+07:00,danny1,True
harian-losari.example,Makassar,2016-05-09,29,0.377,0.563,-644,https://harian-losari.example/fixture/metrik/2016-05-09,,2026-09-09,2026-09-09T00:00:00+07:00,2026-09-09T00:00:00+07:00,danny1,True
harian-losari.example,Makassar,2016-05-16,44,0.352,0.612,-637,https://harian-losari.example/fixture/metrik/2016-05-16,,2026-09-09,2026-09-09T00:00:00+07:00,2026-09-09T00:00:00+07:00,danny1,True
harian-losari.example,Makassar,2016-05-23,22,0.363,0.489,-630,https://harian-losari.example/fixture/metrik/2016-05-23,,2026-09-09,2026-09-09T00:00:00+07:00,2026-09-09T00:00:00+07:00,danny1,True
harian-losari.example,Makassar,2016-05-30,33,0.346,0.656,-623,https://harian-losari.example/fixture/metrik/2016-05-30,,2026-09-09,2026-09-09T00:00:00+07:00,2026-09-09T00:00:00+07:00,danny1,True
harian-losari.example,Makassar,2016-06-06,24,0.384,0.623,-616,https://harian-losari.example/fixture/metrik/2016-06-06,,2026-09-09,2026-09-09T00:00:00+07:00,2026-09-09T00:00:00+07:00,danny1,True
harian-losari.example,Makassar,2016-06-13,24,0.364,0.439,-609,https://harian-losari.example/fixture/metrik/2016-06-13,,2026-09-09,2026-09-09T00:00:00+07:00,2026-09-09T00:00:00+07:00,danny1,True
harian-losari.example,Makassar,2016-06-20,40,0.358,0.62,-602,https://harian-losari.example/fixture/metrik/2016-06-20,,2026-09-09,2026-09-09T00:00:00+07:00,2026-09-09T00:00:00+07:00,danny1,True
harian-losari.example,Makassar,2016-06-27,48,0.404,0.604,-595,https://harian-losari.example/fixture/metrik/2016-06-27,,2026-09-09,2026-09-09T00:00:00+07:00,2026-09-09T00:00:00+07:00,danny1,True
harian-losari.example,Makassar,2016-07-04,47,0.312,0.583,-588,https://harian-losari.example/fixture/metrik/2016-07-04,,2026-09-09,2026-09-09T00:00:00+07:00,2026-09-09T00:00:00+07:00,danny1,True
harian-losari.example,Makassar,2016-07-11,50,0.315,0.555,-581,https://harian-losari.example/fixture/metrik/2016-07-11,,2026-09-09,2026-09-09T00:00:00+07:00,2026-09-09T00:00:00+07:00,danny1,True
harian-losari.example,Makassar,2016-07-18,30,0.309,0.647,-574,https://harian-losari.example/fixture/metrik/2016-07-18,,2026-09-09,2026-09-09T00:00:00+07:00,2026-09-09T00:00:00+07:00,danny1,True
harian-losari.example,Makassar,2016-07-25,37,0.329,0.534,-567,https://harian-losari.example/fixture/metrik/2016-07-25,,2026-09-09,2026-09-09T00:00:00+07:00,2026-09-09T00:00:00+07:00,danny1,True
harian-losari.example,Makassar,2016-08-01,43,0.365,0.625,-560,https://harian-losari.example/fixture/metrik/2016-08-01,,2026-09-09,2026-09-09T00:00:00+07:00,2026-09-09T00:00:00+07:00,danny1,True
harian-losari.example,Makassar,2016-08-08,39,0.308,0.525,-553,https://harian-losari.example/fixture/metrik/2016-08-08,,2026-09-09,2026-09-09T00:00:00+07:00,2026-09-09T00:00:00+07:00,danny1,True
harian-losari.example,Makassar,2016-08-15,30,0.408,0.617,-546,https://harian-losari.example/fixture/metrik/2016-08-15,,2026-09-09,2026-09-09T00:00:00+07:00,2026-09-09T00:00:00+07:00,danny1,True
harian-losari.example,Makassar,2016-08-22,41,0.37,0.6,-539,https://harian-losari.example/fixture/metrik/2016-08-22,,2026-09-09,2026-09-09T00:00:00+07:00,2026-09-09T00:00:00+07:00,danny1,True
harian-losari.example,Makassar,2016-08-29,32,0.365,0.547,-532,https://harian-losari.example/fixture/metrik/2016-08-29,,2026-09-09,2026-09-09T00:00:00+07:00,2026-09-09T00:00:00+07:00,danny1,True
harian-losari.example,Makassar,2016-09-05,30,0.363,0.578,-525,https://harian-losari.example/fixture/metrik/2016-09-05,,2026-09-09,2026-09-09T00:00:00+07:00,2026-09-09T00:00:00+07:00,danny1,True
harian-losari.example,Makassar,2016-09-12,44,0.358,0.57,-518,https://harian-losari.example/fixture/metrik/2016-09-12,,2026-09-09,2026-09-09T00:00:00+07:00,2026-09-09T00:00:00+07:00,danny1,True
harian-losari.example,Makassar,2016-09-19,41,0.404,0.676,-511,https://harian-losari.example/fixture/metrik/2016-09-19,,2026-09-09,2026-09-09T00:00:00+07:00,2026-09-09T00:00:00+07:00,danny1,True
harian-losari.example,Makassar,2016-09-26,31,0.373,0.635,-504,https://harian-losari.example/fixture/metrik/2016-09-26,,2026-09-09,2026-09-09T00:00:00+07:00,2026-09-09T00:00:00+07:00,danny1,True
harian-losari.example,Makassar,2016-10-03,30,0.377,0.517,-497,https://harian-losari.example/fixture/metrik/2016-10-03,,2026-09-09,2026-09-09T00:00:00+07:00,2026-09-09T00:00:00+07:00,danny1,True
harian-losari.example,Makassar,2016-10-10,39,0.398,0.665,-490,https://harian-losari.example/fixture/metrik/2016-10-10,,2026-09-09,2026-09-09T00:00:00+07:00,2026-09-09T00:00:00+07:00,danny1,True
harian-losari.example,Makassar,2016-10-17,37,0.341,0.57,-483,https://harian-losari.example/fixture/metrik/2016-10-17,,2026-09-09,2026-09-09T00:00:00+07:00,2026-09-09T00:00:00+07:00,danny1,True
harian-losari.example,Makassar,2016-10-24,38,0.351,0.548,-476,https://harian-losari.example/fixture/metrik/2016-10-24,,2026-09-09,2026-09-09T00:00:00+07:00,2026-09-09T00:00:00+07:00,danny1,True
harian-losari.example,Makassar,2016-10-31,48,0.362,0.581,-469,https://harian-losari.example/fixture/metrik/2016-10-31,,2026-09-09,2026-09-09T00:00:00+07:00,2026-09-09T00:00:00+07:00,danny1,True
harian-losari.example,Makassar,2016-11-07,39,0.367,0.567,-462,https://harian-losari.example/fixture/metrik/2016-11-07,,2026-09-09,2026-09-09T00:00:00+07:00,2026-09-09T00:00:00+07:00,danny1,True
harian-losari.example,Makassar,2016-11-14,42,0.398,0.608,-455,https://harian-losari.example/fixture/metrik/2016-11-14,,2026-09-09,2026-09-09T00:00:00+07:00,2026-09-09T00:00:00+07:00,danny1,True
harian-losari.example,Makassar,2016-11-21,47,0.33,0.649,-448,https://harian-losari.example/fixture/metrik/2016-11-21,,2026-09-09,2026-09-09T00:00:00+07:00,2026-09-09T00:00:00+07:00,danny1,True
harian-losari.example,Makassar,2016-11-28,25,0.357,0.653,-441,https://harian-losari.example/fixture/metrik/2016-11-28,,2026-09-09,2026-09-09T00:00:00+07:00,2026-09-09T00:00:00+07:00,danny1,True
harian-losari.example,Makassar,2016-12-05,32,0.35,0.485,-434,https://harian-losari.example/fixture/metrik/2016-12-05,,2026-09-09,2026-09-09T00:00:00+07:00,2026-09-09T00:00:00+07:00,danny1,True
harian-losari.example,Makassar,2016-12-12,44,0.401,0.63,-427,https://harian-losari.example/fixture/metrik/2016-12-12,,2026-09-09,2026-09-09T00:00:00+07:00,2026-09-09T00:00:00+07:00,danny1,True
harian-losari.example,Makassar,2016-12-19,46,0.357,0.56,-420,https://harian-losari.example/fixture/metrik/2016-12-19,,2026-09-09,2026-09-09T00:00:00+07:00,2026-09-09T00:00:00+07:00,danny1,True
harian-losari.example,Makassar,2016-12-26,33,0.395,0.594,-413,https://harian-losari.example/fixture/metrik/2016-12-26,,2026-09-09,2026-09-09T00:00:00+07:00,2026-09-09T00:00:00+07:00,danny1,True
harian-losari.example,Makassar,2017-01-02,30,0.303,0.545,-406,https://harian-losari.example/fixture/metrik/2017-01-02,,2026-09-09,2026-09-09T00:00:00+07:00,2026-09-09T00:00:00+07:00,danny1,True
harian-losari.example,Makassar,2017-01-09,33,0.382,0.571,-399,https://harian-losari.example/fixture/metrik/2017-01-09,,2026-09-09,2026-09-09T00:00:00+07:00,2026-09-09T00:00:00+07:00,danny1,True
harian-losari.example,Makassar,2017-01-16,42,0.392,0.551,-392,https://harian-losari.example/fixture/metrik/2017-01-16,,2026-09-09,2026-09-09T00:00:00+07:00,2026-09-09T00:00:00+07:00,danny1,True
harian-losari.example,Makassar,2017-01-23,34,0.345,0.63,-385,https://harian-losari.example/fixture/metrik/2017-01-23,,2026-09-09,2026-09-09T00:00:00+07:00,2026-09-09T00:00:00+07:00,danny1,True
harian-losari.example,Makassar,2017-01-30,42,0.345,0.574,-378,https://harian-losari.example/fixture/metrik/2017-01-30,,2026-09-09,2026-09-09T00:00:00+07:00,2026-09-09T00:00:00+07:00,danny1,True
harian-losari.example,Makassar,2017-02-06,33,0.347,0.668,-371,https://harian-losari.example/fixture/metrik/2017-02-06,,2026-09-09,2026-09-09T00:00:00+07:00,2026-09-09T00:00:00+07:00,danny1,True
harian-losari.example,Makassar,2017-02-13,35,0.372,0.531,-364,https://harian-losari.example/fixture/metrik/2017-02-13,,2026-09-09,2026-09-09T00:00:00+07:00,2026-09-09T00:00:00+07:00,danny1,True
harian-losari.example,Makassar,2017-02-20,39,0.387,0.552,-357,https://harian-losari.example/fixture/metrik/2017-02-20,,2026-09-09,2026-09-09T00:00:00+07:00,2026-09-09T00:00:00+07:00,danny1,True
harian-losari.example,Makassar,2017-02-27,37,0.348,0.597,-350,https://harian-losari.example/fixture/metrik/2017-02-27,,2026-09-09,2026-09-09T00:00:00+07:00,2026-09-09T00:00:00+07:00,danny1,True
harian-losari.example,Makassar,2017-03-06,38,0.348,0.537,-343,https://harian-losari.example/fixture/metrik/2017-03-06,,2026-09-09,2026-09-09T00:00:00+07:00,2026-09-09T00:00:00+07:00,danny1,True
harian-losari.example,Makassar,2017-03-13,36,0.293,0.719,-336,https://harian-losari.example/fixture/metrik/2017-03-13,,2026-09-09,2026-09-09T00:00:00+07:00,2026-09-09T00:00:00+07:00,danny1,True
harian-losari.example,Makassar,2017-03-20,40,0.383,0.591,-329,https://harian-losari.example/fixture/metrik/2017-03-20,,2026-09-09,2026-09-09T00:00:00+07:00,2026-09-09T00:00:00+07:00,danny1,True
harian-losari.example,Makassar,2017-03-27,27,0.426,0.605,-322,https://harian-losari.example/fixture/metrik/2017-03-27,,2026-09-09,2026-09-09T00:00:00+07:00,2026-09-09T00:00:00+07:00,danny1,True
harian-losari.example,Makassar,2017-04-03,47,0.34,0.636,-315,https://harian-losari.example/fixture/metrik/2017-04-03,,2026-09-09,2026-09-09T00:00:00+07:00,2026-09-09T00:00:00+07:00,danny1,True
harian-losari.example,Makassar,2017-04-10,32,0.344,0.611,-308,https://harian-losari.example/fixture/metrik/2017-04-10,,2026-09-09,2026-09-09T00:00:00+07:00,2026-09-09T00:00:00+07:00,danny1,True
harian-losari.example,Makassar,2017-04-17,44,0.357,0.486,-301,https://harian-losari.example/fixture/metrik/2017-04-17,,2026-09-09,2026-09-09T00:00:00+07:00,2026-09-09T00:00:00+07:00,danny1,True
harian-losari.example,Makassar,2017-04-24,36,0.344,0.637,-294,https://harian-losari.example/fixture/metrik/2017-04-24,,2026-09-09,2026-09-09T00:00:00+07:00,2026-09-09T00:00:00+07:00,danny1,True
harian-losari.example,Makassar,2017-05-01,38,0.408,0.598,-287,https://harian-losari.example/fixture/metrik/2017-05-01,,2026-09-09,2026-09-09T00:00:00+07:00,2026-09-09T00:00:00+07:00,danny1,True
harian-losari.example,Makassar,2017-05-08,34,0.414,0.552,-280,https://harian-losari.example/fixture/metrik/2017-05-08,,2026-09-09,2026-09-09T00:00:00+07:00,2026-09-09T00:00:00+07:00,danny1,True
harian-losari.example,Makassar,2017-05-15,37,0.375,0.568,-273,https://harian-losari.example/fixture/metrik/2017-05-15,,2026-09-09,2026-09-09T00:00:00+07:00,2026-09-09T00:00:00+07:00,danny1,True
harian-losari.example,Makassar,2017-05-22,42,0.38,0.617,-266,https://harian-losari.example/fixture/metrik/2017-05-22,,2026-09-09,2026-09-09T00:00:00+07:00,2026-09-09T00:00:00+07:00,danny1,True
harian-losari.example,Makassar,2017-05-29,35,0.343,0.603,-259,https://harian-losari.example/fixture/metrik/2017-05-29,,2026-09-09,2026-09-09T00:00:00+07:00,2026-09-09T00:00:00+07:00,danny1,True
harian-losari.example,Makassar,2017-06-05,45,0.36,0.601,-252,https://harian-losari.example/fixture/metrik/2017-06-05,,2026-09-09,2026-09-09T00:00:00+07:00,2026-09-09T00:00:00+07:00,danny1,True
harian-losari.example,Makassar,2017-06-12,36,0.391,0.587,-245,https://harian-losari.example/fixture/metrik/2017-06-12,,2026-09-09,2026-09-09T00:00:00+07:00,2026-09-09T00:00:00+07:00,danny1,True
harian-losari.example,Makassar,2017-06-19,33,0.334,0.52,-238,https://harian-losari.example/fixture/metrik/2017-06-19,,2026-09-09,2026-09-09T00:00:00+07:00,2026-09-09T00:00:00+07:00,danny1,True
harian-losari.example,Makassar,2017-06-26,39,0.376,0.614,-231,https://harian-losari.example/fixture/metrik/2017-06-26,,2026-09-09,2026-09-09T00:00:00+07:00,2026-09-09T00:00:00+07:00,danny1,True
harian-losari.example,Makassar,2017-07-03,38,0.36,0.58,-224,https://harian-losari.example/fixture/metrik/2017-07-03,,2026-09-09,2026-09-09T00:00:00+07:00,2026-09-09T00:00:00+07:00,danny1,True
harian-losari.example,Makassar,2017-07-10,37,0.385,0.556,-217,https://harian-losari.example/fixture/metrik/2017-07-10,,2026-09-09,2026-09-09T00:00:00+07:00,2026-09-09T00:00:00+07:00,danny1,True
harian-losari.example,Makassar,2017-07-17,39,0.364,0.621,-210,https://harian-losari.example/fixture/metrik/2017-07-17,,2026-09-09,2026-09-09T00:00:00+07:00,2026-09-09T00:00:00+07:00,danny1,True
harian-losari.example,Makassar,2017-07-24,33,0.384,0.582,-203,https://harian-losari.example/fixture/metrik/2017-07-24,,2026-09-09,2026-09-09T00:00:00+07:00,2026-09-09T00:00:00+07:00,danny1,True
harian-losari.example,Makassar,2017-07-31,41,0.377,0.583,-196,https://harian-losari.example/fixture/metrik/2017-07-31,,2026-09-09,2026-09-09T00:00:00+07:00,2026-09-09T00:00:00+07:00,danny1,True
harian-losari.example,Makassar,2017-08-07,47,0.322,0.567,-189,https://harian-losari.example/fixture/metrik/2017-08-07,,2026-09-09,2026-09-09T00:00:00+07:00,2026-09-09T00:00:00+07:00,danny1,True
harian-losari.example,Makassar,2017-08-14,28,0.402,0.685,-182,https://harian-losari.example/fixture/metrik/2017-08-14,,2026-09-09,2026-09-09T00:00:00+07:00,2026-09-09T00:00:00+07:00,danny1,True
harian-losari.example,Makassar,2017-08-21,39,0.375,0.591,-175,https://harian-losari.example/fixture/metrik/2017-08-21,,2026-09-09,2026-09-09T00:00:00+07:00,2026-09-09T00:00:00+07:00,danny1,True
harian-losari.example,Makassar,2017-08-28,41,0.427,0.647,-168,https://harian-losari.example/fixture/metrik/2017-08-28,,2026-09-09,2026-09-09T00:00:00+07:00,2026-09-09T00:00:00+07:00,danny1,True
harian-losari.example,Makassar,2017-09-04,31,0.416,0.574,-161,https://harian-losari.example/fixture/metrik/2017-09-04,,2026-09-09,2026-09-09T00:00:00+07:00,2026-09-09T00:00:00+07:00,danny1,True
harian-losari.example,Makassar,2017-09-11,46,0.412,0.557,-154,https://harian-losari.example/fixture/metrik/2017-09-11,,2026-09-09,2026-09-09T00:00:00+07:00,2026-09-09T00:00:00+07:00,danny1,True
harian-losari.example,Makassar,2017-09-18,25,0.427,0.604,-147,https://harian-losari.example/fixture/metrik/2017-09-18,,2026-09-09,2026-09-09T00:00:00+07:00,2026-09-09T00:00:00+07:00,danny1,True
harian-losari.example,Makassar,2017-09-25,42,0.416,0.691,-140,https://harian-losari.example/fixture/metrik/2017-09-25,,2026-09-09,2026-09-09T00:00:00+07:00,2026-09-09T00:00:00+07:00,danny1,True
harian-losari.example,Makassar,2017-10-02,29,0.451,0.535,-133,https://harian-losari.example/fixture/metrik/2017-10-02,,2026-09-09,2026-09-09T00:00:00+07:00,2026-09-09T00:00:00+07:00,danny1,True
harian-losari.example,Makassar,2017-10-09,39,0.438,0.533,-126,https://harian-losari.example/fixture/metrik/2017-10-09,,2026-09-09,2026-09-09T00:00:00+07:00,2026-09-09T00:00:00+07:00,danny1,True
harian-losari.example,Makassar,2017-10-16,42,0.495,0.515,-119,https://harian-losari.example/fixture/metrik/2017-10-16,,2026-09-09,2026-09-09T00:00:00+07:00,2026-09-09T00:00:00+07:00,danny1,True
harian-losari.example,Makassar,2017-10-23,31,0.469,0.587,-112,https://harian-losari.example/fixture/metrik/2017-10-23,,2026-09-09,2026-09-09T00:00:00+07:00,2026-09-09T00:00:00+07:00,danny1,True
harian-losari.example,Makassar,2017-10-30,41,0.522,0.649,-105,https://harian-losari.example/fixture/metrik/2017-10-30,,2026-09-09,2026-09-09T00:00:00+07:00,2026-09-09T00:00:00+07:00,danny1,True
harian-losari.example,Makassar,2017-11-06,39,0.602,0.616,-98,https://harian-losari.example/fixture/metrik/2017-11-06,,2026-09-09,2026-09-09T00:00:00+07:00,2026-09-09T00:00:00+07:00,danny1,True
harian-losari.example,Makassar,2017-11-13,25,0.648,0.633,-91,https://harian-losari.example/fixture/metrik/2017-11-13,,2026-09-09,2026-09-09T00:00:00+07:00,2026-09-09T00:00:00+07:00,danny1,True
harian-losari.example,Makassar,2017-11-20,55,0.564,0.635,-84,https://harian-losari.example/fixture/metrik/2017-11-20,,2026-09-09,2026-09-09T00:00:00+07:00,2026-09-09T00:00:00+07:00,danny1,True
harian-losari.example,Makassar,2017-11-27,38,0.584,0.614,-77,https://harian-losari.example/fixture/metrik/2017-11-27,,2026-09-09,2026-09-09T00:00:00+07:00,2026-09-09T00:00:00+07:00,danny1,True
harian-losari.example,Makassar,2017-12-04,39,0.605,0.677,-70,https://harian-losari.example/fixture/metrik/2017-12-04,,2026-09-09,2026-09-09T00:00:00+07:00,2026-09-09T00:00:00+07:00,danny1,True
harian-losari.example,Makassar,2017-12-11,39,0.647,0.581,-63,https://harian-losari.example/fixture/metrik/2017-12-11,,2026-09-09,2026-09-09T00:00:00+07:00,2026-09-09T00:00:00+07:00,danny1,True
harian-losari.example,Makassar,2017-12-18,46,0.616,0.718,-56,https://harian-losari.example/fixture/metrik/2017-12-18,,2026-09-09,2026-09-09T00:00:00+07:00,2026-09-09T00:00:00+07:00,danny1,True
harian-losari.example,Makassar,2017-12-25,39,0.692,0.68,-49,https://harian-losari.example/fixture/metrik/2017-12-25,,2026-09-09,2026-09-09T00:00:00+07:00,2026-09-09T00:00:00+07:00,danny1,True
harian-losari.example,Makassar,2018-01-01,32,0.732,0.638,-42,https://harian-losari.example/fixture/metrik/2018-01-01,,2026-09-09,2026-09-09T00:00:00+07:00,2026-09-09T00:00:00+07:00,danny1,True
harian-losari.example,Makassar,2018-01-08,31,0.68,0.704,-35,https://harian-losari.example/fixture/metrik/2018-01-08,,2026-09-09,2026-09-09T00:00:00+07:00,2026-09-09T00:00:00+07:00,danny1,True
harian-losari.example,Makassar,2018-01-15,35,0.723,0.702,-28,https://harian-losari.example/fixture/metrik/2018-01-15,,2026-09-09,2026-09-09T00:00:00+07:00,2026-09-09T00:00:00+07:00,danny1,True
harian-losari.example,Makassar,2018-01-22,25,0.709,0.639,-21,https://harian-losari.example/fixture/metrik/2018-01-22,,2026-09-09,2026-09-09T00:00:00+07:00,2026-09-09T00:00:00+07:00,danny1,True
harian-losari.example,Makassar,2018-01-29,32,0.662,0.725,-14,https://harian-losari.example/fixture/metrik/2018-01-29,,2026-09-09,2026-09-09T00:00:00+07:00,2026-09-09T00:00:00+07:00,danny1,True
harian-losari.example,Makassar,2018-02-05,39,0.669,0.669,-7,https://harian-losari.example/fixture/metrik/2018-02-05,,2026-09-09,2026-09-09T00:00:00+07:00,2026-09-09T00:00:00+07:00,danny1,True
harian-losari.example,Makassar,2018-02-12,30,0.647,0.659,0,https://harian-losari.example/fixture/metrik/2018-02-12,,2026-09-09,2026-09-09T00:00:00+07:00,2026-09-09T00:00:00+07:00,danny1,True
harian-losari.example,Makassar,2018-02-19,30,0.608,0.672,7,https://harian-losari.example/fixture/metrik/2018-02-19,,2026-09-09,2026-09-09T00:00:00+07:00,2026-09-09T00:00:00+07:00,danny1,True
harian-losari.example,Makassar,2018-02-26,39,0.651,0.69,14,https://harian-losari.example/fixture/metrik/2018-02-26,,2026-09-09,2026-09-09T00:00:00+07:00,2026-09-09T00:00:00+07:00,danny1,True
harian-losari.example,Makassar,2018-03-05,26,0.438,0.514,21,https://harian-losari.example/fixture/metrik/2018-03-05,,2026-09-09,2026-09-09T00:00:00+07:00,2026-09-09T00:00:00+07:00,danny1,True
harian-losari.example,Makassar,2018-03-12,39,0.369,0.627,28,https://harian-losari.example/fixture/metrik/2018-03-12,,2026-09-09,2026-09-09T00:00:00+07:00,2026-09-09T00:00:00+07:00,danny1,True
harian-losari.example,Makassar,2018-03-19,36,0.374,0.553,35,https://harian-losari.example/fixture/metrik/2018-03-19,,2026-09-09,2026-09-09T00:00:00+07:00,2026-09-09T00:00:00+07:00,danny1,True
harian-losari.example,Makassar,2018-03-26,47,0.38,0.465,42,https://harian-losari.example/fixture/metrik/2018-03-26,,2026-09-09,2026-09-09T00:00:00+07:00,2026-09-09T00:00:00+07:00,danny1,True
harian-losari.example,Makassar,2018-04-02,35,0.373,0.528,49,https://harian-losari.example/fixture/metrik/2018-04-02,,2026-09-09,2026-09-09T00:00:00+07:00,2026-09-09T00:00:00+07:00,danny1,True
harian-losari.example,Makassar,2018-04-09,27,0.375,0.48,56,https://harian-losari.example/fixture/metrik/2018-04-09,,2026-09-09,2026-09-09T00:00:00+07:00,2026-09-09T00:00:00+07:00,danny1,True
harian-losari.example,Makassar,2018-04-16,48,0.334,0.563,63,https://harian-losari.example/fixture/metrik/2018-04-16,,2026-09-09,2026-09-09T00:00:00+07:00,2026-09-09T00:00:00+07:00,danny1,True
harian-losari.example,Makassar,2018-04-23,30,0.185,0.635,70,https://harian-losari.example/fixture/metrik/2018-04-23,,2026-09-09,2026-09-09T00:00:00+07:00,2026-09-09T00:00:00+07:00,danny1,True
harian-losari.example,Makassar,2018-04-30,51,0.195,0.557,77,https://harian-losari.example/fixture/metrik/2018-04-30,,2026-09-09,2026-09-09T00:00:00+07:00,2026-09-09T00:00:00+07:00,danny1,True
harian-losari.example,Makassar,2018-05-07,38,0.212,0.549,84,https://harian-losari.example/fixture/metrik/2018-05-07,,2026-09-09,2026-09-09T00:00:00+07:00,2026-09-09T00:00:00+07:00,danny1,True
harian-losari.example,Makassar,2018-05-14,32,0.122,0.583,91,https://harian-losari.example/fixture/metrik/2018-05-14,,2026-09-09,2026-09-09T00:00:00+07:00,2026-09-09T00:00:00+07:00,danny1,True
harian-losari.example,Makassar,2018-05-21,38,0.146,0.515,98,https://harian-losari.example/fixture/metrik/2018-05-21,,2026-09-09,2026-09-09T00:00:00+07:00,2026-09-09T00:00:00+07:00,danny1,True
harian-losari.example,Makassar,2018-05-28,38,0.237,0.585,105,https://harian-losari.example/fixture/metrik/2018-05-28,,2026-09-09,2026-09-09T00:00:00+07:00,2026-09-09T00:00:00+07:00,danny1,True
harian-losari.example,Makassar,2018-06-04,42,0.215,0.656,112,https://harian-losari.example/fixture/metrik/2018-06-04,,2026-09-09,2026-09-09T00:00:00+07:00,2026-09-09T00:00:00+07:00,danny1,True
harian-losari.example,Makassar,2018-06-11,43,0.129,0.625,119,https://harian-losari.example/fixture/metrik/2018-06-11,,2026-09-09,2026-09-09T00:00:00+07:00,2026-09-09T00:00:00+07:00,danny1,True
harian-losari.example,Makassar,2018-06-18,28,0.214,0.593,126,https://harian-losari.example/fixture/metrik/2018-06-18,,2026-09-09,2026-09-09T00:00:00+07:00,2026-09-09T00:00:00+07:00,danny1,True
harian-losari.example,Makassar,2018-06-25,39,0.16,0.611,133,https://harian-losari.example/fixture/metrik/2018-06-25,,2026-09-09,2026-09-09T00:00:00+07:00,2026-09-09T00:00:00+07:00,danny1,True
harian-losari.example,Makassar,2018-07-02,40,0.144,0.595,140,https://harian-losari.example/fixture/metrik/2018-07-02,,2026-09-09,2026-09-09T00:00:00+07:00,2026-09-09T00:00:00+07:00,danny1,True
harian-losari.example,Makassar,2018-07-09,32,0.211,0.623,147,https://harian-losari.example/fixture/metrik/2018-07-09,,2026-09-09,2026-09-09T00:00:00+07:00,2026-09-09T00:00:00+07:00,danny1,True
harian-losari.example,Makassar,2018-07-16,51,0.4,0.567,154,https://harian-losari.example/fixture/metrik/2018-07-16,,2026-09-09,2026-09-09T00:00:00+07:00,2026-09-09T00:00:00+07:00,danny1,True
harian-losari.example,Makassar,2018-07-23,42,0.429,0.523,161,https://harian-losari.example/fixture/metrik/2018-07-23,,2026-09-09,2026-09-09T00:00:00+07:00,2026-09-09T00:00:00+07:00,danny1,True
harian-losari.example,Makassar,2018-07-30,37,0.414,0.456,168,https://harian-losari.example/fixture/metrik/2018-07-30,,2026-09-09,2026-09-09T00:00:00+07:00,2026-09-09T00:00:00+07:00,danny1,True
harian-losari.example,Makassar,2018-08-06,35,0.353,0.603,175,https://harian-losari.example/fixture/metrik/2018-08-06,,2026-09-09,2026-09-09T00:00:00+07:00,2026-09-09T00:00:00+07:00,danny1,True
harian-losari.example,Makassar,2018-08-13,29,0.347,0.57,182,https://harian-losari.example/fixture/metrik/2018-08-13,,2026-09-09,2026-09-09T00:00:00+07:00,2026-09-09T00:00:00+07:00,danny1,True
harian-losari.example,Makassar,2018-08-20,28,0.357,0.586,189,https://harian-losari.example/fixture/metrik/2018-08-20,,2026-09-09,2026-09-09T00:00:00+07:00,2026-09-09T00:00:00+07:00,danny1,True
harian-losari.example,Makassar,2018-08-27,43,0.321,0.576,196,https://harian-losari.example/fixture/metrik/2018-08-27,,2026-09-09,2026-09-09T00:00:00+07:00,2026-09-09T00:00:00+07:00,danny1,True
harian-losari.example,Makassar,2018-09-03,34,0.416,0.514,203,https://harian-losari.example/fixture/metrik/2018-09-03,,2026-09-09,2026-09-09T00:00:00+07:00,2026-09-09T00:00:00+07:00,danny1,True
harian-losari.example,Makassar,2018-09-10,38,0.387,0.56,210,https://harian-losari.example/fixture/metrik/2018-09-10,,2026-09-09,2026-09-09T00:00:00+07:00,2026-09-09T00:00:00+07:00,danny1,True
harian-losari.example,Makassar,2018-09-17,31,0.354,0.593,217,https://harian-losari.example/fixture/metrik/2018-09-17,,2026-09-09,2026-09-09T00:00:00+07:00,2026-09-09T00:00:00+07:00,danny1,True
harian-losari.example,Makassar,2018-09-24,41,0.382,0.484,224,https://harian-losari.example/fixture/metrik/2018-09-24,,2026-09-09,2026-09-09T00:00:00+07:00,2026-09-09T00:00:00+07:00,danny1,True
harian-losari.example,Makassar,2018-10-01,44,0.36,0.542,231,https://harian-losari.example/fixture/metrik/2018-10-01,,2026-09-09,2026-09-09T00:00:00+07:00,2026-09-09T00:00:00+07:00,danny1,True
harian-losari.example,Makassar,2018-10-08,33,0.347,0.542,238,https://harian-losari.example/fixture/metrik/2018-10-08,,2026-09-09,2026-09-09T00:00:00+07:00,2026-09-09T00:00:00+07:00,danny1,True
harian-losari.example,Makassar,2018-10-15,32,0.335,0.581,245,https://harian-losari.example/fixture/metrik/2018-10-15,,2026-09-09,2026-09-09T00:00:00+07:00,2026-09-09T00:00:00+07:00,danny1,True
harian-losari.example,Makassar,2018-10-22,29,0.315,0.552,252,https://harian-losari.example/fixture/metrik/2018-10-22,,2026-09-09,2026-09-09T00:00:00+07:00,2026-09-09T00:00:00+07:00,danny1,True
harian-losari.example,Makassar,2018-10-29,26,0.369,0.537,259,https://harian-losari.example/fixture/metrik/2018-10-29,,2026-09-09,2026-09-09T00:00:00+07:00,2026-09-09T00:00:00+07:00,danny1,True
harian-losari.example,Makassar,2018-11-05,19,0.343,0.619,266,https://harian-losari.example/fixture/metrik/2018-11-05,,2026-09-09,2026-09-09T00:00:00+07:00,2026-09-09T00:00:00+07:00,danny1,True
harian-losari.example,Makassar,2018-11-12,22,0.357,0.598,273,https://harian-losari.example/fixture/metrik/2018-11-12,,2026-09-09,2026-09-09T00:00:00+07:00,2026-09-09T00:00:00+07:00,danny1,True
harian-losari.example,Makassar,2018-11-19,29,0.401,0.636,280,https://harian-losari.example/fixture/metrik/2018-11-19,,2026-09-09,2026-09-09T00:00:00+07:00,2026-09-09T00:00:00+07:00,danny1,True
harian-losari.example,Makassar,2018-11-26,39,0.416,0.65,287,https://harian-losari.example/fixture/metrik/2018-11-26,,2026-09-09,2026-09-09T00:00:00+07:00,2026-09-09T00:00:00+07:00,danny1,True
harian-losari.example,Makassar,2018-12-03,43,0.361,0.5,294,https://harian-losari.example/fixture/metrik/2018-12-03,,2026-09-09,2026-09-09T00:00:00+07:00,2026-09-09T00:00:00+07:00,danny1,True
harian-losari.example,Makassar,2018-12-10,41,0.408,0.606,301,https://harian-losari.example/fixture/metrik/2018-12-10,,2026-09-09,2026-09-09T00:00:00+07:00,2026-09-09T00:00:00+07:00,danny1,True
harian-losari.example,Makassar,2018-12-17,44,0.346,0.64,308,https://harian-losari.example/fixture/metrik/2018-12-17,,2026-09-09,2026-09-09T00:00:00+07:00,2026-09-09T00:00:00+07:00,danny1,True
harian-losari.example,Makassar,2018-12-24,38,0.346,0.559,315,https://harian-losari.example/fixture/metrik/2018-12-24,,2026-09-09,2026-09-09T00:00:00+07:00,2026-09-09T00:00:00+07:00,danny1,True
harian-losari.example,Makassar,2018-12-31,35,0.324,0.561,322,https://harian-losari.example/fixture/metrik/2018-12-31,,2026-09-09,2026-09-09T00:00:00+07:00,2026-09-09T00:00:00+07:00,danny1,True
harian-losari.example,Makassar,2019-01-07,27,0.365,0.573,329,https://harian-losari.example/fixture/metrik/2019-01-07,,2026-09-09,2026-09-09T00:00:00+07:00,2026-09-09T00:00:00+07:00,danny1,True
harian-losari.example,Makassar,2019-01-14,26,0.359,0.676,336,https://harian-losari.example/fixture/metrik/2019-01-14,,2026-09-09,2026-09-09T00:00:00+07:00,2026-09-09T00:00:00+07:00,danny1,True
harian-losari.example,Makassar,2019-01-21,43,0.356,0.576,343,https://harian-losari.example/fixture/metrik/2019-01-21,,2026-09-09,2026-09-09T00:00:00+07:00,2026-09-09T00:00:00+07:00,danny1,True
harian-losari.example,Makassar,2019-01-28,40,0.335,0.595,350,https://harian-losari.example/fixture/metrik/2019-01-28,,2026-09-09,2026-09-09T00:00:00+07:00,2026-09-09T00:00:00+07:00,danny1,True
harian-losari.example,Makassar,2019-02-04,38,0.447,0.547,357,https://harian-losari.example/fixture/metrik/2019-02-04,,2026-09-09,2026-09-09T00:00:00+07:00,2026-09-09T00:00:00+07:00,danny1,True
harian-losari.example,Makassar,2019-02-11,38,0.341,0.561,364,https://harian-losari.example/fixture/metrik/2019-02-11,,2026-09-09,2026-09-09T00:00:00+07:00,2026-09-09T00:00:00+07:00,danny1,True
harian-losari.example,Makassar,2019-02-18,41,0.368,0.504,371,https://harian-losari.example/fixture/metrik/2019-02-18,,2026-09-09,2026-09-09T00:00:00+07:00,2026-09-09T00:00:00+07:00,danny1,True
harian-losari.example,Makassar,2019-02-25,59,0.381,0.653,378,https://harian-losari.example/fixture/metrik/2019-02-25,,2026-09-09,2026-09-09T00:00:00+07:00,2026-09-09T00:00:00+07:00,danny1,True
harian-losari.example,Makassar,2019-03-04,36,0.356,0.63,385,https://harian-losari.example/fixture/metrik/2019-03-04,,2026-09-09,2026-09-09T00:00:00+07:00,2026-09-09T00:00:00+07:00,danny1,True
harian-losari.example,Makassar,2019-03-11,42,0.352,0.56,392,https://harian-losari.example/fixture/metrik/2019-03-11,,2026-09-09,2026-09-09T00:00:00+07:00,2026-09-09T00:00:00+07:00,danny1,True
harian-losari.example,Makassar,2019-03-18,39,0.38,0.608,399,https://harian-losari.example/fixture/metrik/2019-03-18,,2026-09-09,2026-09-09T00:00:00+07:00,2026-09-09T00:00:00+07:00,danny1,True
harian-losari.example,Makassar,2019-03-25,42,0.343,0.582,406,https://harian-losari.example/fixture/metrik/2019-03-25,,2026-09-09,2026-09-09T00:00:00+07:00,2026-09-09T00:00:00+07:00,danny1,True
harian-losari.example,Makassar,2019-04-01,37,0.415,0.633,413,https://harian-losari.example/fixture/metrik/2019-04-01,,2026-09-09,2026-09-09T00:00:00+07:00,2026-09-09T00:00:00+07:00,danny1,True
harian-losari.example,Makassar,2019-04-08,32,0.386,0.525,420,https://harian-losari.example/fixture/metrik/2019-04-08,,2026-09-09,2026-09-09T00:00:00+07:00,2026-09-09T00:00:00+07:00,danny1,True
harian-losari.example,Makassar,2019-04-15,50,0.375,0.565,427,https://harian-losari.example/fixture/metrik/2019-04-15,,2026-09-09,2026-09-09T00:00:00+07:00,2026-09-09T00:00:00+07:00,danny1,True
harian-losari.example,Makassar,2019-04-22,36,0.304,0.564,434,https://harian-losari.example/fixture/metrik/2019-04-22,,2026-09-09,2026-09-09T00:00:00+07:00,2026-09-09T00:00:00+07:00,danny1,True
harian-losari.example,Makassar,2019-04-29,36,0.348,0.579,441,https://harian-losari.example/fixture/metrik/2019-04-29,,2026-09-09,2026-09-09T00:00:00+07:00,2026-09-09T00:00:00+07:00,danny1,True
harian-losari.example,Makassar,2019-05-06,39,0.378,0.595,448,https://harian-losari.example/fixture/metrik/2019-05-06,,2026-09-09,2026-09-09T00:00:00+07:00,2026-09-09T00:00:00+07:00,danny1,True
harian-losari.example,Makassar,2019-05-13,45,0.144,0.598,455,https://harian-losari.example/fixture/metrik/2019-05-13,,2026-09-09,2026-09-09T00:00:00+07:00,2026-09-09T00:00:00+07:00,pj,True
harian-losari.example,Makassar,2019-05-20,36,0.096,0.594,462,https://harian-losari.example/fixture/metrik/2019-05-20,,2026-09-09,2026-09-09T00:00:00+07:00,2026-09-09T00:00:00+07:00,pj,True
harian-losari.example,Makassar,2019-05-27,28,0.066,0.659,469,https://harian-losari.example/fixture/metrik/2019-05-27,,2026-09-09,2026-09-09T00:00:00+07:00,2026-09-09T00:00:00+07:00,pj,True
harian-losari.example,Makassar,2019-06-03,28,0.101,0.596,476,https://harian-losari.example/fixture/metrik/2019-06-03,,2026-09-09,2026-09-09T00:00:00+07:00,2026-09-09T00:00:00+07:00,pj,True
harian-losari.example,Makassar,2019-06-10,35,0.068,0.519,-471,https://harian-losari.example/fixture/metrik/2019-06-10,,2026-09-09,2026-09-09T00:00:00+07:00,2026-09-09T00:00:00+07:00,pj,True
harian-losari.example,Makassar,2019-06-17,35,0.098,0.539,-464,https://harian-losari.example/fixture/metrik/2019-06-17,,2026-09-09,2026-09-09T00:00:00+07:00,2026-09-09T00:00:00+07:00,pj,True
harian-losari.example,Makassar,2019-06-24,30,0.108,0.409,-457,https://harian-losari.example/fixture/metrik/2019-06-24,,2026-09-09,2026-09-09T00:00:00+07:00,2026-09-09T00:00:00+07:00,pj,True
harian-losari.example,Makassar,2019-07-01,28,0.126,0.621,-450,https://harian-losari.example/fixture/metrik/2019-07-01,,2026-09-09,2026-09-09T00:00:00+07:00,2026-09-09T00:00:00+07:00,pj,True
harian-losari.example,Makassar,2019-07-08,39,0.101,0.634,-443,https://harian-losari.example/fixture/metrik/2019-07-08,,2026-09-09,2026-09-09T00:00:00+07:00,2026-09-09T00:00:00+07:00,pj,True
harian-losari.example,Makassar,2019-07-15,43,0.151,0.614,-436,https://harian-losari.example/fixture/metrik/2019-07-15,,2026-09-09,2026-09-09T00:00:00+07:00,2026-09-09T00:00:00+07:00,pj,True
harian-losari.example,Makassar,2019-07-22,36,0.113,0.572,-429,https://harian-losari.example/fixture/metrik/2019-07-22,,2026-09-09,2026-09-09T00:00:00+07:00,2026-09-09T00:00:00+07:00,pj,True
harian-losari.example,Makassar,2019-07-29,42,0.117,0.638,-422,https://harian-losari.example/fixture/metrik/2019-07-29,,2026-09-09,2026-09-09T00:00:00+07:00,2026-09-09T00:00:00+07:00,pj,True
harian-losari.example,Makassar,2019-08-05,33,0.062,0.576,-415,https://harian-losari.example/fixture/metrik/2019-08-05,,2026-09-09,2026-09-09T00:00:00+07:00,2026-09-09T00:00:00+07:00,pj,True
harian-losari.example,Makassar,2019-08-12,37,0.07,0.586,-408,https://harian-losari.example/fixture/metrik/2019-08-12,,2026-09-09,2026-09-09T00:00:00+07:00,2026-09-09T00:00:00+07:00,pj,True
harian-losari.example,Makassar,2019-08-19,35,0.104,0.565,-401,https://harian-losari.example/fixture/metrik/2019-08-19,,2026-09-09,2026-09-09T00:00:00+07:00,2026-09-09T00:00:00+07:00,pj,True
harian-losari.example,Makassar,2019-08-26,34,0.144,0.495,-394,https://harian-losari.example/fixture/metrik/2019-08-26,,2026-09-09,2026-09-09T00:00:00+07:00,2026-09-09T00:00:00+07:00,pj,True
harian-losari.example,Makassar,2019-09-02,41,0.02,0.565,-387,https://harian-losari.example/fixture/metrik/2019-09-02,,2026-09-09,2026-09-09T00:00:00+07:00,2026-09-09T00:00:00+07:00,pj,True
harian-losari.example,Makassar,2019-09-09,26,0.076,0.557,-380,https://harian-losari.example/fixture/metrik/2019-09-09,,2026-09-09,2026-09-09T00:00:00+07:00,2026-09-09T00:00:00+07:00,pj,True
harian-losari.example,Makassar,2019-09-16,40,0.083,0.571,-373,https://harian-losari.example/fixture/metrik/2019-09-16,,2026-09-09,2026-09-09T00:00:00+07:00,2026-09-09T00:00:00+07:00,pj,True
harian-losari.example,Makassar,2019-09-23,33,0.096,0.579,-366,https://harian-losari.example/fixture/metrik/2019-09-23,,2026-09-09,2026-09-09T00:00:00+07:00,2026-09-09T00:00:00+07:00,pj,True
harian-losari.example,Makassar,2019-09-30,23,0.136,0.511,-359,https://harian-losari.example/fixture/metrik/2019-09-30,,2026-09-09,2026-09-09T00:00:00+07:00,2026-09-09T00:00:00+07:00,pj,True
harian-losari.example,Makassar,2019-10-07,45,0.051,0.601,-352,https://harian-losari.example/fixture/metrik/2019-10-07,,2026-09-09,2026-09-09T00:00:00+07:00,2026-09-09T00:00:00+07:00,pj,True
harian-losari.example,Makassar,2019-10-14,37,0.131,0.58,-345,https://harian-losari.example/fixture/metrik/2019-10-14,,2026-09-09,2026-09-09T00:00:00+07:00,2026-09-09T00:00:00+07:00,pj,True
harian-losari.example,Makassar,2019-10-21,24,0.128,0.506,-338,https://harian-losari.example/fixture/metrik/2019-10-21,,2026-09-09,2026-09-09T00:00:00+07:00,2026-09-09T00:00:00+07:00,pj,True
harian-losari.example,Makassar,2019-10-28,37,0.125,0.554,-331,https://harian-losari.example/fixture/metrik/2019-10-28,,2026-09-09,2026-09-09T00:00:00+07:00,2026-09-09T00:00:00+07:00,pj,True
harian-losari.example,Makassar,2019-11-04,38,0.102,0.474,-324,https://harian-losari.example/fixture/metrik/2019-11-04,,2026-09-09,2026-09-09T00:00:00+07:00,2026-09-09T00:00:00+07:00,pj,True
harian-losari.example,Makassar,2019-11-11,42,0.107,0.535,-317,https://harian-losari.example/fixture/metrik/2019-11-11,,2026-09-09,2026-09-09T00:00:00+07:00,2026-09-09T00:00:00+07:00,pj,True
harian-losari.example,Makassar,2019-11-18,29,0.076,0.52,-310,https://harian-losari.example/fixture/metrik/2019-11-18,,2026-09-09,2026-09-09T00:00:00+07:00,2026-09-09T00:00:00+07:00,pj,True
harian-losari.example,Makassar,2019-11-25,38,0.165,0.653,-303,https://harian-losari.example/fixture/metrik/2019-11-25,,2026-09-09,2026-09-09T00:00:00+07:00,2026-09-09T00:00:00+07:00,pj,True
harian-losari.example,Makassar,2019-12-02,38,0.093,0.619,-296,https://harian-losari.example/fixture/metrik/2019-12-02,,2026-09-09,2026-09-09T00:00:00+07:00,2026-09-09T00:00:00+07:00,pj,True
harian-losari.example,Makassar,2019-12-09,32,0.077,0.541,-289,https://harian-losari.example/fixture/metrik/2019-12-09,,2026-09-09,2026-09-09T00:00:00+07:00,2026-09-09T00:00:00+07:00,pj,True
harian-losari.example,Makassar,2019-12-16,42,0.039,0.532,-282,https://harian-losari.example/fixture/metrik/2019-12-16,,2026-09-09,2026-09-09T00:00:00+07:00,2026-09-09T00:00:00+07:00,pj,True
harian-losari.example,Makassar,2019-12-23,34,0.135,0.593,-275,https://harian-losari.example/fixture/metrik/2019-12-23,,2026-09-09,2026-09-09T00:00:00+07:00,2026-09-09T00:00:00+07:00,pj,True
harian-losari.example,Makassar,2019-12-30,36,0.075,0.512,-268,https://harian-losari.example/fixture/metrik/2019-12-30,,2026-09-09,2026-09-09T00:00:00+07:00,2026-09-09T00:00:00+07:00,pj,True
harian-losari.example,Makassar,2020-01-06,29,0.098,0.515,-261,https://harian-losari.example/fixture/metrik/2020-01-06,,2026-09-09,2026-09-09T00:00:00+07:00,2026-09-09T00:00:00+07:00,pj,True
harian-losari.example,Makassar,2020-01-13,30,0.121,0.559,-254,https://harian-losari.example/fixture/metrik/2020-01-13,,2026-09-09,2026-09-09T00:00:00+07:00,2026-09-09T00:00:00+07:00,pj,True
harian-losari.example,Makassar,2020-01-20,45,0.174,0.696,-247,https://harian-losari.example/fixture/metrik/2020-01-20,,2026-09-09,2026-09-09T00:00:00+07:00,2026-09-09T00:00:00+07:00,pj,True
harian-losari.example,Makassar,2020-01-27,26,0.103,0.505,-240,https://harian-losari.example/fixture/metrik/2020-01-27,,2026-09-09,2026-09-09T00:00:00+07:00,2026-09-09T00:00:00+07:00,pj,True
harian-losari.example,Makassar,2020-02-03,33,0.141,0.556,-233,https://harian-losari.example/fixture/metrik/2020-02-03,,2026-09-09,2026-09-09T00:00:00+07:00,2026-09-09T00:00:00+07:00,pj,True
harian-losari.example,Makassar,2020-02-10,41,0.039,0.461,-226,https://harian-losari.example/fixture/metrik/2020-02-10,,2026-09-09,2026-09-09T00:00:00+07:00,2026-09-09T00:00:00+07:00,pj,True
harian-losari.example,Makassar,2020-02-17,44,0.095,0.561,-219,https://harian-losari.example/fixture/metrik/2020-02-17,,2026-09-09,2026-09-09T00:00:00+07:00,2026-09-09T00:00:00+07:00,pj,True
harian-losari.example,Makassar,2020-02-24,38,0.088,0.484,-212,https://harian-losari.example/fixture/metrik/2020-02-24,,2026-09-09,2026-09-09T00:00:00+07:00,2026-09-09T00:00:00+07:00,pj,True
harian-losari.example,Makassar,2020-03-02,34,0.135,0.582,-205,https://harian-losari.example/fixture/metrik/2020-03-02,,2026-09-09,2026-09-09T00:00:00+07:00,2026-09-09T00:00:00+07:00,pj,True
harian-losari.example,Makassar,2020-03-09,49,0.141,0.635,-198,https://harian-losari.example/fixture/metrik/2020-03-09,,2026-09-09,2026-09-09T00:00:00+07:00,2026-09-09T00:00:00+07:00,pj,True
harian-losari.example,Makassar,2020-03-16,32,0.187,0.7,-191,https://harian-losari.example/fixture/metrik/2020-03-16,,2026-09-09,2026-09-09T00:00:00+07:00,2026-09-09T00:00:00+07:00,pj,True
harian-losari.example,Makassar,2020-03-23,28,0.16,0.601,-184,https://harian-losari.example/fixture/metrik/2020-03-23,,2026-09-09,2026-09-09T00:00:00+07:00,2026-09-09T00:00:00+07:00,pj,True
harian-losari.example,Makassar,2020-03-30,34,0.203,0.566,-177,https://harian-losari.example/fixture/metrik/2020-03-30,,2026-09-09,2026-09-09T00:00:00+07:00,2026-09-09T00:00:00+07:00,pj,True
harian-losari.example,Makassar,2020-04-06,37,0.202,0.621,-170,https://harian-losari.example/fixture/metrik/2020-04-06,,2026-09-09,2026-09-09T00:00:00+07:00,2026-09-09T00:00:00+07:00,pj,True
harian-losari.example,Makassar,2020-04-13,18,0.14,0.63,-163,https://harian-losari.example/fixture/metrik/2020-04-13,,2026-09-09,2026-09-09T00:00:00+07:00,2026-09-09T00:00:00+07:00,pj,True
harian-losari.example,Makassar,2020-04-20,42,0.179,0.651,-156,https://harian-losari.example/fixture/metrik/2020-04-20,,2026-09-09,2026-09-09T00:00:00+07:00,2026-09-09T00:00:00+07:00,pj,True
harian-losari.example,Makassar,2020-04-27,50,0.198,0.597,-149,https://harian-losari.example/fixture/metrik/2020-04-27,,2026-09-09,2026-09-09T00:00:00+07:00,2026-09-09T00:00:00+07:00,pj,True
harian-losari.example,Makassar,2020-05-04,49,0.221,0.605,-142,https://harian-losari.example/fixture/metrik/2020-05-04,,2026-09-09,2026-09-09T00:00:00+07:00,2026-09-09T00:00:00+07:00,pj,True
harian-losari.example,Makassar,2020-05-11,37,0.151,0.599,-135,https://harian-losari.example/fixture/metrik/2020-05-11,,2026-09-09,2026-09-09T00:00:00+07:00,2026-09-09T00:00:00+07:00,pj,True
harian-losari.example,Makassar,2020-05-18,40,0.212,0.554,-128,https://harian-losari.example/fixture/metrik/2020-05-18,,2026-09-09,2026-09-09T00:00:00+07:00,2026-09-09T00:00:00+07:00,pj,True
harian-losari.example,Makassar,2020-05-25,36,0.2,0.523,-121,https://harian-losari.example/fixture/metrik/2020-05-25,,2026-09-09,2026-09-09T00:00:00+07:00,2026-09-09T00:00:00+07:00,pj,True
harian-losari.example,Makassar,2020-06-01,44,0.286,0.653,-114,https://harian-losari.example/fixture/metrik/2020-06-01,,2026-09-09,2026-09-09T00:00:00+07:00,2026-09-09T00:00:00+07:00,pj,True
harian-losari.example,Makassar,2020-06-08,47,0.291,0.634,-107,https://harian-losari.example/fixture/metrik/2020-06-08,,2026-09-09,2026-09-09T00:00:00+07:00,2026-09-09T00:00:00+07:00,pj,True
harian-losari.example,Makassar,2020-06-15,34,0.365,0.571,-100,https://harian-losari.example/fixture/metrik/2020-06-15,,2026-09-09,2026-09-09T00:00:00+07:00,2026-09-09T00:00:00+07:00,pj,True
harian-losari.example,Makassar,2020-06-22,30,0.297,0.693,-93,https://harian-losari.example/fixture/metrik/2020-06-22,,2026-09-09,2026-09-09T00:00:00+07:00,2026-09-09T00:00:00+07:00,pj,True
harian-losari.example,Makassar,2020-06-29,39,0.33,0.586,-86,https://harian-losari.example/fixture/metrik/2020-06-29,,2026-09-09,2026-09-09T00:00:00+07:00,2026-09-09T00:00:00+07:00,pj,True
harian-losari.example,Makassar,2020-07-06,36,0.347,0.583,-79,https://harian-losari.example/fixture/metrik/2020-07-06,,2026-09-09,2026-09-09T00:00:00+07:00,2026-09-09T00:00:00+07:00,pj,True
harian-losari.example,Makassar,2020-07-13,33,0.36,0.512,-72,https://harian-losari.example/fixture/metrik/2020-07-13,,2026-09-09,2026-09-09T00:00:00+07:00,2026-09-09T00:00:00+07:00,pj,True
harian-losari.example,Makassar,2020-07-20,43,0.353,0.712,-65,https://harian-losari.example/fixture/metrik/2020-07-20,,2026-09-09,2026-09-09T00:00:00+07:00,2026-09-09T00:00:00+07:00,pj,True
harian-losari.example,Makassar,2020-07-27,47,0.399,0.653,-58,https://harian-losari.example/fixture/metrik/2020-07-27,,2026-09-09,2026-09-09T00:00:00+07:00,2026-09-09T00:00:00+07:00,pj,True
harian-losari.example,Makassar,2020-08-03,25,0.472,0.732,-51,https://harian-losari.example/fixture/metrik/2020-08-03,,2026-09-09,2026-09-09T00:00:00+07:00,2026-09-09T00:00:00+07:00,pj,True
harian-losari.example,Makassar,2020-08-10,32,0.431,0.741,-44,https://harian-losari.example/fixture/metrik/2020-08-10,,2026-09-09,2026-09-09T00:00:00+07:00,2026-09-09T00:00:00+07:00,pj,True
harian-losari.example,Makassar,2020-08-17,41,0.47,0.631,-37,https://harian-losari.example/fixture/metrik/2020-08-17,,2026-09-09,2026-09-09T00:00:00+07:00,2026-09-09T00:00:00+07:00,pj,True
harian-losari.example,Makassar,2020-08-24,43,0.418,0.635,-30,https://harian-losari.example/fixture/metrik/2020-08-24,,2026-09-09,2026-09-09T00:00:00+07:00,2026-09-09T00:00:00+07:00,pj,True
harian-losari.example,Makassar,2020-08-31,37,0.383,0.667,-23,https://harian-losari.example/fixture/metrik/2020-08-31,,2026-09-09,2026-09-09T00:00:00+07:00,2026-09-09T00:00:00+07:00,pj,True
harian-losari.example,Makassar,2020-09-07,45,0.433,0.7,-16,https://harian-losari.example/fixture/metrik/2020-09-07,,2026-09-09,2026-09-09T00:00:00+07:00,2026-09-09T00:00:00+07:00,pj,True
harian-losari.example,Makassar,2020-09-14,50,0.413,0.692,-9,https://harian-losari.example/fixture/metrik/2020-09-14,,2026-09-09,2026-09-09T00:00:00+07:00,2026-09-09T00:00:00+07:00,pj,True
harian-losari.example,Makassar,2020-09-21,33,0.415,0.689,-2,https://harian-losari.example/fixture/metrik/2020-09-21,,2026-09-09,2026-09-09T00:00:00+07:00,2026-09-09T00:00:00+07:00,pj,True
harian-losari.example,Makassar,2020-09-28,25,0.4,0.554,5,https://harian-losari.example/fixture/metrik/2020-09-28,,2026-09-09,2026-09-09T00:00:00+07:00,2026-09-09T00:00:00+07:00,pj,True
harian-losari.example,Makassar,2020-10-05,34,0.333,0.635,12,https://harian-losari.example/fixture/metrik/2020-10-05,,2026-09-09,2026-09-09T00:00:00+07:00,2026-09-09T00:00:00+07:00,pj,True
harian-losari.example,Makassar,2020-10-12,30,0.087,0.544,19,https://harian-losari.example/fixture/metrik/2020-10-12,,2026-09-09,2026-09-09T00:00:00+07:00,2026-09-09T00:00:00+07:00,pj,True
harian-losari.example,Makassar,2020-10-19,35,0.107,0.589,26,https://harian-losari.example/fixture/metrik/2020-10-19,,2026-09-09,2026-09-09T00:00:00+07:00,2026-09-09T00:00:00+07:00,pj,True
harian-losari.example,Makassar,2020-10-26,31,0.101,0.594,33,https://harian-losari.example/fixture/metrik/2020-10-26,,2026-09-09,2026-09-09T00:00:00+07:00,2026-09-09T00:00:00+07:00,pj,True
harian-losari.example,Makassar,2020-11-02,45,0.091,0.543,40,https://harian-losari.example/fixture/metrik/2020-11-02,,2026-09-09,2026-09-09T00:00:00+07:00,2026-09-09T00:00:00+07:00,pj,True
harian-losari.example,Makassar,2020-11-09,30,0.156,0.607,47,https://harian-losari.example/fixture/metrik/2020-11-09,,2026-09-09,2026-09-09T00:00:00+07:00,2026-09-09T00:00:00+07:00,pj,True
harian-losari.example,Makassar,2020-11-16,37,0.112,0.675,54,https://harian-losari.example/fixture/metrik/2020-11-16,,2026-09-09,2026-09-09T00:00:00+07:00,2026-09-09T00:00:00+07:00,pj,True
harian-losari.example,Makassar,2020-11-23,31,0.112,0.454,61,https://harian-losari.example/fixture/metrik/2020-11-23,,2026-09-09,2026-09-09T00:00:00+07:00,2026-09-09T00:00:00+07:00,pj,True
harian-losari.example,Makassar,2020-11-30,50,0.114,0.636,68,https://harian-losari.example/fixture/metrik/2020-11-30,,2026-09-09,2026-09-09T00:00:00+07:00,2026-09-09T00:00:00+07:00,pj,True
harian-losari.example,Makassar,2020-12-07,52,0.123,0.495,75,https://harian-losari.example/fixture/metrik/2020-12-07,,2026-09-09,2026-09-09T00:00:00+07:00,2026-09-09T00:00:00+07:00,pj,True
harian-losari.example,Makassar,2020-12-14,29,0.039,0.684,82,https://harian-losari.example/fixture/metrik/2020-12-14,,2026-09-09,2026-09-09T00:00:00+07:00,2026-09-09T00:00:00+07:00,pj,True
harian-losari.example,Makassar,2020-12-21,24,0.098,0.642,89,https://harian-losari.example/fixture/metrik/2020-12-21,,2026-09-09,2026-09-09T00:00:00+07:00,2026-09-09T00:00:00+07:00,pj,True
harian-losari.example,Makassar,2020-12-28,40,0.109,0.498,96,https://harian-losari.example/fixture/metrik/2020-12-28,,2026-09-09,2026-09-09T00:00:00+07:00,2026-09-09T00:00:00+07:00,pj,True
harian-losari.example,Makassar,2021-01-04,32,0.106,0.52,103,https://harian-losari.example/fixture/metrik/2021-01-04,,2026-09-09,2026-09-09T00:00:00+07:00,2026-09-09T00:00:00+07:00,pj,True
harian-losari.example,Makassar,2021-01-11,40,0.117,0.548,110,https://harian-losari.example/fixture/metrik/2021-01-11,,2026-09-09,2026-09-09T00:00:00+07:00,2026-09-09T00:00:00+07:00,pj,True
harian-losari.example,Makassar,2021-01-18,34,0.06,0.602,117,https://harian-losari.example/fixture/metrik/2021-01-18,,2026-09-09,2026-09-09T00:00:00+07:00,2026-09-09T00:00:00+07:00,pj,True
harian-losari.example,Makassar,2021-01-25,35,0.121,0.547,124,https://harian-losari.example/fixture/metrik/2021-01-25,,2026-09-09,2026-09-09T00:00:00+07:00,2026-09-09T00:00:00+07:00,pj,True
harian-losari.example,Makassar,2021-02-01,31,0.032,0.655,131,https://harian-losari.example/fixture/metrik/2021-02-01,,2026-09-09,2026-09-09T00:00:00+07:00,2026-09-09T00:00:00+07:00,pj,True
harian-losari.example,Makassar,2021-02-08,35,0.038,0.573,138,https://harian-losari.example/fixture/metrik/2021-02-08,,2026-09-09,2026-09-09T00:00:00+07:00,2026-09-09T00:00:00+07:00,pj,True
harian-losari.example,Makassar,2021-02-15,37,0.102,0.566,145,https://harian-losari.example/fixture/metrik/2021-02-15,,2026-09-09,2026-09-09T00:00:00+07:00,2026-09-09T00:00:00+07:00,pj,True
harian-losari.example,Makassar,2021-02-22,53,0.171,0.638,152,https://harian-losari.example/fixture/metrik/2021-02-22,,2026-09-09,2026-09-09T00:00:00+07:00,2026-09-09T00:00:00+07:00,pj,True
harian-losari.example,Makassar,2021-03-01,33,0.429,0.59,159,https://harian-losari.example/fixture/metrik/2021-03-01,,2026-09-09,2026-09-09T00:00:00+07:00,2026-09-09T00:00:00+07:00,danny2,True
harian-losari.example,Makassar,2021-03-08,30,0.33,0.552,166,https://harian-losari.example/fixture/metrik/2021-03-08,,2026-09-09,2026-09-09T00:00:00+07:00,2026-09-09T00:00:00+07:00,danny2,True
harian-losari.example,Makassar,2021-03-15,45,0.416,0.56,173,https://harian-losari.example/fixture/metrik/2021-03-15,,2026-09-09,2026-09-09T00:00:00+07:00,2026-09-09T00:00:00+07:00,danny2,True
harian-losari.example,Makassar,2021-03-22,48,0.363,0.572,180,https://harian-losari.example/fixture/metrik/2021-03-22,,2026-09-09,2026-09-09T00:00:00+07:00,2026-09-09T00:00:00+07:00,danny2,True
harian-losari.example,Makassar,2021-03-29,41,0.362,0.723,187,https://harian-losari.example/fixture/metrik/2021-03-29,,2026-09-09,2026-09-09T00:00:00+07:00,2026-09-09T00:00:00+07:00,danny2,True
harian-losari.example,Makassar,2021-04-05,41,0.326,0.487,194,https://harian-losari.example/fixture/metrik/2021-04-05,,2026-09-09,2026-09-09T00:00:00+07:00,2026-09-09T00:00:00+07:00,danny2,True
harian-losari.example,Makassar,2021-04-12,47,0.385,0.564,201,https://harian-losari.example/fixture/metrik/2021-04-12,,2026-09-09,2026-09-09T00:00:00+07:00,2026-09-09T00:00:00+07:00,danny2,True
harian-losari.example,Makassar,2021-04-19,43,0.348,0.547,208,https://harian-losari.example/fixture/metrik/2021-04-19,,2026-09-09,2026-09-09T00:00:00+07:00,2026-09-09T00:00:00+07:00,danny2,True
harian-losari.example,Makassar,2021-04-26,30,0.38,0.513,215,https://harian-losari.example/fixture/metrik/2021-04-26,,2026-09-09,2026-09-09T00:00:00+07:00,2026-09-09T00:00:00+07:00,danny2,True
harian-losari.example,Makassar,2021-05-03,35,0.35,0.65,222,https://harian-losari.example/fixture/metrik/2021-05-03,,2026-09-09,2026-09-09T00:00:00+07:00,2026-09-09T00:00:00+07:00,danny2,True
harian-losari.example,Makassar,2021-05-10,47,0.429,0.502,229,https://harian-losari.example/fixture/metrik/2021-05-10,,2026-09-09,2026-09-09T00:00:00+07:00,2026-09-09T00:00:00+07:00,danny2,True
harian-losari.example,Makassar,2021-05-17,38,0.343,0.583,236,https://harian-losari.example/fixture/metrik/2021-05-17,,2026-09-09,2026-09-09T00:00:00+07:00,2026-09-09T00:00:00+07:00,danny2,True
harian-losari.example,Makassar,2021-05-24,39,0.452,0.622,243,https://harian-losari.example/fixture/metrik/2021-05-24,,2026-09-09,2026-09-09T00:00:00+07:00,2026-09-09T00:00:00+07:00,danny2,True
harian-losari.example,Makassar,2021-05-31,43,0.397,0.657,250,https://harian-losari.example/fixture/metrik/2021-05-31,,2026-09-09,2026-09-09T00:00:00+07:00,2026-09-09T00:00:00+07:00,danny2,True
harian-losari.example,Makassar,2021-06-07,51,0.366,0.695,257,https://harian-losari.example/fixture/metrik/2021-06-07,,2026-09-09,2026-09-09T00:00:00+07:00,2026-09-09T00:00:00+07:00,danny2,True
harian-losari.example,Makassar,2021-06-14,45,0.353,0.531,264,https://harian-losari.example/fixture/metrik/2021-06-14,,2026-09-09,2026-09-09T00:00:00+07:00,2026-09-09T00:00:00+07:00,danny2,True
harian-losari.example,Makassar,2021-06-21,49,0.39,0.523,271,https://harian-losari.example/fixture/metrik/2021-06-21,,2026-09-09,2026-09-09T00:00:00+07:00,2026-09-09T00:00:00+07:00,danny2,True
harian-losari.example,Makassar,2021-06-28,47,0.392,0.57,278,https://harian-losari.example/fixture/metrik/2021-06-28,,2026-09-09,2026-09-09T00:00:00+07:00,2026-09-09T00:00:00+07:00,danny2,True
harian-losari.example,Makassar,2021-07-05,40,0.358,0.609,285,https://harian-losari.example/fixture/metrik/2021-07-05,,2026-09-09,2026-09-09T00:00:00+07:00,2026-09-09T00:00:00+07:00,danny2,True
harian-losari.example,Makassar,2021-07-12,35,0.408,0.608,292,https://harian-losari.example/fixture/metrik/2021-07-12,,2026-09-09,2026-09-09T00:00:00+07:00,2026-09-09T00:00:00+07:00,danny2,True
harian-losari.example,Makassar,2021-07-19,41,0.376,0.545,299,https://harian-losari.example/fixture/metrik/2021-07-19,,2026-09-09,2026-09-09T00:00:00+07:00,2026-09-09T00:00:00+07:00,danny2,True
harian-losari.example,Makassar,2021-07-26,47,0.321,0.596,306,https://harian-losari.example/fixture/metrik/2021-07-26,,2026-09-09,2026-09-09T00:00:00+07:00,2026-09-09T00:00:00+07:00,danny2,True
harian-losari.example,Makassar,2021-08-02,40,0.42,0.617,313,https://harian-losari.example/fixture/metrik/2021-08-02,,2026-09-09,2026-09-09T00:00:00+07:00,2026-09-09T00:00:00+07:00,danny2,True
harian-losari.example,Makassar,2021-08-09,40,0.386,0.533,320,https://harian-losari.example/fixture/metrik/2021-08-09,,2026-09-09,2026-09-09T00:00:00+07:00,2026-09-09T00:00:00+07:00,danny2,True
harian-losari.example,Makassar,2021-08-16,49,0.442,0.634,327,https://harian-losari.example/fixture/metrik/2021-08-16,,2026-09-09,2026-09-09T00:00:00+07:00,2026-09-09T00:00:00+07:00,danny2,True
harian-losari.example,Makassar,2021-08-23,41,0.405,0.546,334,https://harian-losari.example/fixture/metrik/2021-08-23,,2026-09-09,2026-09-09T00:00:00+07:00,2026-09-09T00:00:00+07:00,danny2,True
harian-losari.example,Makassar,2021-08-30,34,0.392,0.613,341,https://harian-losari.example/fixture/metrik/2021-08-30,,2026-09-09,2026-09-09T00:00:00+07:00,2026-09-09T00:00:00+07:00,danny2,True
harian-losari.example,Makassar,2021-09-06,45,0.355,0.506,348,https://harian-losari.example/fixture/metrik/2021-09-06,,2026-09-09,2026-09-09T00:00:00+07:00,2026-09-09T00:00:00+07:00,danny2,True
harian-losari.example,Makassar,2021-09-13,40,0.408,0.569,355,https://harian-losari.example/fixture/metrik/2021-09-13,,2026-09-09,2026-09-09T00:00:00+07:00,2026-09-09T00:00:00+07:00,danny2,True
harian-losari.example,Makassar,2021-09-20,48,0.426,0.611,362,https://harian-losari.example/fixture/metrik/2021-09-20,,2026-09-09,2026-09-09T00:00:00+07:00,2026-09-09T00:00:00+07:00,danny2,True
harian-losari.example,Makassar,2021-09-27,33,0.384,0.587,369,https://harian-losari.example/fixture/metrik/2021-09-27,,2026-09-09,2026-09-09T00:00:00+07:00,2026-09-09T00:00:00+07:00,danny2,True
harian-losari.example,Makassar,2021-10-04,45,0.413,0.561,376,https://harian-losari.example/fixture/metrik/2021-10-04,,2026-09-09,2026-09-09T00:00:00+07:00,2026-09-09T00:00:00+07:00,danny2,True
harian-losari.example,Makassar,2021-10-11,37,0.377,0.677,383,https://harian-losari.example/fixture/metrik/2021-10-11,,2026-09-09,2026-09-09T00:00:00+07:00,2026-09-09T00:00:00+07:00,danny2,True
harian-losari.example,Makassar,2021-10-18,35,0.39,0.491,390,https://harian-losari.example/fixture/metrik/2021-10-18,,2026-09-09,2026-09-09T00:00:00+07:00,2026-09-09T00:00:00+07:00,danny2,True
harian-losari.example,Makassar,2021-10-25,44,0.451,0.574,397,https://harian-losari.example/fixture/metrik/2021-10-25,,2026-09-09,2026-09-09T00:00:00+07:00,2026-09-09T00:00:00+07:00,danny2,True
harian-losari.example,Makassar,2021-11-01,37,0.382,0.603,404,https://harian-losari.example/fixture/metrik/2021-11-01,,2026-09-09,2026-09-09T00:00:00+07:00,2026-09-09T00:00:00+07:00,danny2,True
harian-losari.example,Makassar,2021-11-08,36,0.371,0.574,411,https://harian-losari.example/fixture/metrik/2021-11-08,,2026-09-09,2026-09-09T00:00:00+07:00,2026-09-09T00:00:00+07:00,danny2,True
harian-losari.example,Makassar,2021-11-15,33,0.431,0.606,418,https://harian-losari.example/fixture/metrik/2021-11-15,,2026-09-09,2026-09-09T00:00:00+07:00,2026-09-09T00:00:00+07:00,danny2,True
harian-losari.example,Makassar,2021-11-22,20,0.376,0.544,425,https://harian-losari.example/fixture/metrik/2021-11-22,,2026-09-09,2026-09-09T00:00:00+07:00,2026-09-09T00:00:00+07:00,danny2,True
harian-losari.example,Makassar,2021-11-29,39,0.387,0.58,432,https://harian-losari.example/fixture/metrik/2021-11-29,,2026-09-09,2026-09-09T00:00:00+07:00,2026-09-09T00:00:00+07:00,danny2,True
harian-losari.example,Makassar,2021-12-06,32,0.402,0.615,439,https://harian-losari.example/fixture/metrik/2021-12-06,,2026-09-09,2026-09-09T00:00:00+07:00,2026-09-09T00:00:00+07:00,danny2,True
harian-losari.example,Makassar,2021-12-13,36,0.389,0.55,446,https://harian-losari.example/fixture/metrik/2021-12-13,,2026-09-09,2026-09-09T00:00:00+07:00,2026-09-09T00:00:00+07:00,danny2,True
harian-losari.example,Makassar,2021-12-20,43,0.409,0.595,453,https://harian-losari.example/fixture/metrik/2021-12-20,,2026-09-09,2026-09-09T00:00:00+07:00,2026-09-09T00:00:00+07:00,danny2,True
harian-losari.example,Makassar,2021-12-27,41,0.44,0.566,460,https://harian-losari.example/fixture/metrik/2021-12-27,,2026-09-09,2026-09-09T00:00:00+07:00,2026-09-09T00:00:00+07:00,danny2,True
harian-losari.example,Makassar,2022-01-03,46,0.433,0.624,467,https://harian-losari.example/fixture/metrik/2022-01-03,,2026-09-09,2026-09-09T00:00:00+07:00,2026-09-09T00:00:00+07:00,danny2,True
harian-losari.example,Makassar,2022-01-10,24,0.468,0.657,474,https://harian-losari.example/fixture/metrik/2022-01-10,,2026-09-09,2026-09-09T00:00:00+07:00,2026-09-09T00:00:00+07:00,danny2,True
harian-losari.example,Makassar,2022-01-17,33,0.388,0.637,481,https://harian-losari.example/fixture/metrik/2022-01-17,,2026-09-09,2026-09-09T00:00:00+07:00,2026-09-09T00:00:00+07:00,danny2,True
harian-losari.example,Makassar,2022-01-24,35,0.429,0.557,488,https://harian-losari.example/fixture/metrik/2022-01-24,,2026-09-09,2026-09-09T00:00:00+07:00,2026-09-09T00:00:00+07:00,danny2,True
harian-losari.example,Makassar,2022-01-31,38,0.439,0.527,495,https://harian-losari.example/fixture/metrik/2022-01-31,,2026-09-09,2026-09-09T00:00:00+07:00,2026-09-09T00:00:00+07:00,danny2,True
harian-losari.example,Makassar,2022-02-07,40,0.412,0.574,502,https://harian-losari.example/fixture/metrik/2022-02-07,,2026-09-09,2026-09-09T00:00:00+07:00,2026-09-09T00:00:00+07:00,danny2,True
harian-losari.example,Makassar,2022-02-14,32,0.374,0.559,509,https://harian-losari.example/fixture/metrik/2022-02-14,,2026-09-09,2026-09-09T00:00:00+07:00,2026-09-09T00:00:00+07:00,danny2,True
harian-losari.example,Makassar,2022-02-21,34,0.374,0.566,516,https://harian-losari.example/fixture/metrik/2022-02-21,,2026-09-09,2026-09-09T00:00:00+07:00,2026-09-09T00:00:00+07:00,danny2,True
harian-losari.example,Makassar,2022-02-28,33,0.353,0.61,523,https://harian-losari.example/fixture/metrik/2022-02-28,,2026-09-09,2026-09-09T00:00:00+07:00,2026-09-09T00:00:00+07:00,danny2,True
harian-losari.example,Makassar,2022-03-07,42,0.416,0.505,530,https://harian-losari.example/fixture/metrik/2022-03-07,,2026-09-09,2026-09-09T00:00:00+07:00,2026-09-09T00:00:00+07:00,danny2,True
harian-losari.example,Makassar,2022-03-14,30,0.408,0.611,537,https://harian-losari.example/fixture/metrik/2022-03-14,,2026-09-09,2026-09-09T00:00:00+07:00,2026-09-09T00:00:00+07:00,danny2,True
harian-losari.example,Makassar,2022-03-21,39,0.445,0.568,544,https://harian-losari.example/fixture/metrik/2022-03-21,,2026-09-09,2026-09-09T00:00:00+07:00,2026-09-09T00:00:00+07:00,danny2,True
harian-losari.example,Makassar,2022-03-28,31,0.424,0.66,551,https://harian-losari.example/fixture/metrik/2022-03-28,,2026-09-09,2026-09-09T00:00:00+07:00,2026-09-09T00:00:00+07:00,danny2,True
harian-losari.example,Makassar,2022-04-04,25,0.387,0.555,558,https://harian-losari.example/fixture/metrik/2022-04-04,,2026-09-09,2026-09-09T00:00:00+07:00,2026-09-09T00:00:00+07:00,danny2,True
harian-losari.example,Makassar,2022-04-11,40,0.365,0.623,565,https://harian-losari.example/fixture/metrik/2022-04-11,,2026-09-09,2026-09-09T00:00:00+07:00,2026-09-09T00:00:00+07:00,danny2,True
harian-losari.example,Makassar,2022-04-18,47,0.347,0.524,572,https://harian-losari.example/fixture/metrik/2022-04-18,,2026-09-09,2026-09-09T00:00:00+07:00,2026-09-09T00:00:00+07:00,danny2,True
harian-losari.example,Makassar,2022-04-25,25,0.39,0.574,579,https://harian-losari.example/fixture/metrik/2022-04-25,,2026-09-09,2026-09-09T00:00:00+07:00,2026-09-09T00:00:00+07:00,danny2,True
harian-losari.example,Makassar,2022-05-02,44,0.407,0.514,586,https://harian-losari.example/fixture/metrik/2022-05-02,,2026-09-09,2026-09-09T00:00:00+07:00,2026-09-09T00:00:00+07:00,danny2,True
harian-losari.example,Makassar,2022-05-09,49,0.405,0.583,593,https://harian-losari.example/fixture/metrik/2022-05-09,,2026-09-09,2026-09-09T00:00:00+07:00,2026-09-09T00:00:00+07:00,danny2,True
harian-losari.example,Makassar,2022-05-16,40,0.353,0.578,600,https://harian-losari.example/fixture/metrik/2022-05-16,,2026-09-09,2026-09-09T00:00:00+07:00,2026-09-09T00:00:00+07:00,danny2,True
harian-losari.example,Makassar,2022-05-23,49,0.393,0.546,607,https://harian-losari.example/fixture/metrik/2022-05-23,,2026-09-09,2026-09-09T00:00:00+07:00,2026-09-09T00:00:00+07:00,danny2,True
harian-losari.example,Makassar,2022-05-30,28,0.371,0.602,614,https://harian-losari.example/fixture/metrik/2022-05-30,,2026-09-09,2026-09-09T00:00:00+07:00,2026-09-09T00:00:00+07:00,danny2,True
harian-losari.example,Makassar,2022-06-06,43,0.401,0.567,621,https://harian-losari.example/fixture/metrik/2022-06-06,,2026-09-09,2026-09-09T00:00:00+07:00,2026-09-09T00:00:00+07:00,danny2,True
harian-losari.example,Makassar,2022-06-13,37,0.423,0.598,628,https://harian-losari.example/fixture/metrik/2022-06-13,,2026-09-09,2026-09-09T00:00:00+07:00,2026-09-09T00:00:00+07:00,danny2,True
harian-losari.example,Makassar,2022-06-20,37,0.389,0.699,635,https://harian-losari.example/fixture/metrik/2022-06-20,,2026-09-09,2026-09-09T00:00:00+07:00,2026-09-09T00:00:00+07:00,danny2,True
harian-losari.example,Makassar,2022-06-27,37,0.479,0.615,642,https://harian-losari.example/fixture/metrik/2022-06-27,,2026-09-09,2026-09-09T00:00:00+07:00,2026-09-09T00:00:00+07:00,danny2,True
harian-losari.example,Makassar,2022-07-04,39,0.39,0.637,649,https://harian-losari.example/fixture/metrik/2022-07-04,,2026-09-09,2026-09-09T00:00:00+07:00,2026-09-09T00:00:00+07:00,danny2,True
harian-losari.example,Makassar,2022-07-11,32,0.387,0.523,656,https://harian-losari.example/fixture/metrik/2022-07-11,,2026-09-09,2026-09-09T00:00:00+07:00,2026-09-09T00:00:00+07:00,danny2,True
harian-losari.example,Makassar,2022-07-18,33,0.36,0.564,663,https://harian-losari.example/fixture/metrik/2022-07-18,,2026-09-09,2026-09-09T00:00:00+07:00,2026-09-09T00:00:00+07:00,danny2,True
harian-losari.example,Makassar,2022-07-25,38,0.401,0.62,670,https://harian-losari.example/fixture/metrik/2022-07-25,,2026-09-09,2026-09-09T00:00:00+07:00,2026-09-09T00:00:00+07:00,danny2,True
harian-losari.example,Makassar,2022-08-01,42,0.409,0.623,677,https://harian-losari.example/fixture/metrik/2022-08-01,,2026-09-09,2026-09-09T00:00:00+07:00,2026-09-09T00:00:00+07:00,danny2,True
harian-losari.example,Makassar,2022-08-08,38,0.382,0.585,684,https://harian-losari.example/fixture/metrik/2022-08-08,,2026-09-09,2026-09-09T00:00:00+07:00,2026-09-09T00:00:00+07:00,danny2,True
harian-losari.example,Makassar,2022-08-15,34,0.366,0.563,691,https://harian-losari.example/fixture/metrik/2022-08-15,,2026-09-09,2026-09-09T00:00:00+07:00,2026-09-09T00:00:00+07:00,danny2,True
harian-losari.example,Makassar,2022-08-22,47,0.433,0.589,698,https://harian-losari.example/fixture/metrik/2022-08-22,,2026-09-09,2026-09-09T00:00:00+07:00,2026-09-09T00:00:00+07:00,danny2,True
harian-losari.example,Makassar,2022-08-29,38,0.44,0.65,705,https://harian-losari.example/fixture/metrik/2022-08-29,,2026-09-09,2026-09-09T00:00:00+07:00,2026-09-09T00:00:00+07:00,danny2,True
harian-losari.example,Makassar,2022-09-05,40,0.45,0.582,712,https://harian-losari.example/fixture/metrik/2022-09-05,,2026-09-09,2026-09-09T00:00:00+07:00,2026-09-09T00:00:00+07:00,danny2,True
harian-losari.example,Makassar,2022-09-12,25,0.347,0.667,719,https://harian-losari.example/fixture/metrik/2022-09-12,,2026-09-09,2026-09-09T00:00:00+07:00,2026-09-09T00:00:00+07:00,danny2,True
harian-losari.example,Makassar,2022-09-19,32,0.359,0.449,726,https://harian-losari.example/fixture/metrik/2022-09-19,,2026-09-09,2026-09-09T00:00:00+07:00,2026-09-09T00:00:00+07:00,danny2,True
harian-losari.example,Makassar,2022-09-26,36,0.42,0.554,-727,https://harian-losari.example/fixture/metrik/2022-09-26,,2026-09-09,2026-09-09T00:00:00+07:00,2026-09-09T00:00:00+07:00,danny2,True
harian-losari.example,Makassar,2022-10-03,48,0.352,0.61,-720,https://harian-losari.example/fixture/metrik/2022-10-03,,2026-09-09,2026-09-09T00:00:00+07:00,2026-09-09T00:00:00+07:00,danny2,True
harian-losari.example,Makassar,2022-10-10,36,0.415,0.584,-713,https://harian-losari.example/fixture/metrik/2022-10-10,,2026-09-09,2026-09-09T00:00:00+07:00,2026-09-09T00:00:00+07:00,danny2,True
harian-losari.example,Makassar,2022-10-17,40,0.391,0.502,-706,https://harian-losari.example/fixture/metrik/2022-10-17,,2026-09-09,2026-09-09T00:00:00+07:00,2026-09-09T00:00:00+07:00,danny2,True
harian-losari.example,Makassar,2022-10-24,32,0.375,0.704,-699,https://harian-losari.example/fixture/metrik/2022-10-24,,2026-09-09,2026-09-09T00:00:00+07:00,2026-09-09T00:00:00+07:00,danny2,True
harian-losari.example,Makassar,2022-10-31,45,0.415,0.549,-692,https://harian-losari.example/fixture/metrik/2022-10-31,,2026-09-09,2026-09-09T00:00:00+07:00,2026-09-09T00:00:00+07:00,danny2,True
harian-losari.example,Makassar,2022-11-07,43,0.399,0.662,-685,https://harian-losari.example/fixture/metrik/2022-11-07,,2026-09-09,2026-09-09T00:00:00+07:00,2026-09-09T00:00:00+07:00,danny2,True
harian-losari.example,Makassar,2022-11-14,28,0.407,0.607,-678,https://harian-losari.example/fixture/metrik/2022-11-14,,2026-09-09,2026-09-09T00:00:00+07:00,2026-09-09T00:00:00+07:00,danny2,True
harian-losari.example,Makassar,2022-11-21,37,0.388,0.486,-671,https://harian-losari.example/fixture/metrik/2022-11-21,,2026-09-09,2026-09-09T00:00:00+07:00,2026-09-09T00:00:00+07:00,danny2,True
harian-losari.example,Makassar,2022-11-28,39,0.326,0.575,-664,https://harian-losari.example/fixture/metrik/2022-11-28,,2026-09-09,2026-09-09T00:00:00+07:00,2026-09-09T00:00:00+07:00,danny2,True
harian-losari.example,Makassar,2022-12-05,38,0.362,0.498,-657,https://harian-losari.example/fixture/metrik/2022-12-05,,2026-09-09,2026-09-09T00:00:00+07:00,2026-09-09T00:00:00+07:00,danny2,True
harian-losari.example,Makassar,2022-12-12,44,0.397,0.574,-650,https://harian-losari.example/fixture/metrik/2022-12-12,,2026-09-09,2026-09-09T00:00:00+07:00,2026-09-09T00:00:00+07:00,danny2,True
harian-losari.example,Makassar,2022-12-19,39,0.426,0.539,-643,https://harian-losari.example/fixture/metrik/2022-12-19,,2026-09-09,2026-09-09T00:00:00+07:00,2026-09-09T00:00:00+07:00,danny2,True
harian-losari.example,Makassar,2022-12-26,48,0.41,0.595,-636,https://harian-losari.example/fixture/metrik/2022-12-26,,2026-09-09,2026-09-09T00:00:00+07:00,2026-09-09T00:00:00+07:00,danny2,True
harian-losari.example,Makassar,2023-01-02,34,0.382,0.588,-629,https://harian-losari.example/fixture/metrik/2023-01-02,,2026-09-09,2026-09-09T00:00:00+07:00,2026-09-09T00:00:00+07:00,danny2,True
harian-losari.example,Makassar,2023-01-09,46,0.423,0.632,-622,https://harian-losari.example/fixture/metrik/2023-01-09,,2026-09-09,2026-09-09T00:00:00+07:00,2026-09-09T00:00:00+07:00,danny2,True
harian-losari.example,Makassar,2023-01-16,33,0.388,0.557,-615,https://harian-losari.example/fixture/metrik/2023-01-16,,2026-09-09,2026-09-09T00:00:00+07:00,2026-09-09T00:00:00+07:00,danny2,True
harian-losari.example,Makassar,2023-01-23,36,0.366,0.584,-608,https://harian-losari.example/fixture/metrik/2023-01-23,,2026-09-09,2026-09-09T00:00:00+07:00,2026-09-09T00:00:00+07:00,danny2,True
harian-losari.example,Makassar,2023-01-30,45,0.369,0.538,-601,https://harian-losari.example/fixture/metrik/2023-01-30,,2026-09-09,2026-09-09T00:00:00+07:00,2026-09-09T00:00:00+07:00,danny2,True
harian-losari.example,Makassar,2023-02-06,29,0.386,0.585,-594,https://harian-losari.example/fixture/metrik/2023-02-06,,2026-09-09,2026-09-09T00:00:00+07:00,2026-09-09T00:00:00+07:00,danny2,True
harian-losari.example,Makassar,2023-02-13,36,0.331,0.605,-587,https://harian-losari.example/fixture/metrik/2023-02-13,,2026-09-09,2026-09-09T00:00:00+07:00,2026-09-09T00:00:00+07:00,danny2,True
harian-losari.example,Makassar,2023-02-20,42,0.345,0.66,-580,https://harian-losari.example/fixture/metrik/2023-02-20,,2026-09-09,2026-09-09T00:00:00+07:00,2026-09-09T00:00:00+07:00,danny2,True
harian-losari.example,Makassar,2023-02-27,38,0.38,0.558,-573,https://harian-losari.example/fixture/metrik/2023-02-27,,2026-09-09,2026-09-09T00:00:00+07:00,2026-09-09T00:00:00+07:00,danny2,True
harian-losari.example,Makassar,2023-03-06,43,0.416,0.462,-566,https://harian-losari.example/fixture/metrik/2023-03-06,,2026-09-09,2026-09-09T00:00:00+07:00,2026-09-09T00:00:00+07:00,danny2,True
harian-losari.example,Makassar,2023-03-13,43,0.421,0.578,-559,https://harian-losari.example/fixture/metrik/2023-03-13,,2026-09-09,2026-09-09T00:00:00+07:00,2026-09-09T00:00:00+07:00,danny2,True
harian-losari.example,Makassar,2023-03-20,32,0.41,0.634,-552,https://harian-losari.example/fixture/metrik/2023-03-20,,2026-09-09,2026-09-09T00:00:00+07:00,2026-09-09T00:00:00+07:00,danny2,True
harian-losari.example,Makassar,2023-03-27,50,0.432,0.562,-545,https://harian-losari.example/fixture/metrik/2023-03-27,,2026-09-09,2026-09-09T00:00:00+07:00,2026-09-09T00:00:00+07:00,danny2,True
harian-losari.example,Makassar,2023-04-03,44,0.347,0.528,-538,https://harian-losari.example/fixture/metrik/2023-04-03,,2026-09-09,2026-09-09T00:00:00+07:00,2026-09-09T00:00:00+07:00,danny2,True
harian-losari.example,Makassar,2023-04-10,44,0.375,0.488,-531,https://harian-losari.example/fixture/metrik/2023-04-10,,2026-09-09,2026-09-09T00:00:00+07:00,2026-09-09T00:00:00+07:00,danny2,True
harian-losari.example,Makassar,2023-04-17,42,0.404,0.622,-524,https://harian-losari.example/fixture/metrik/2023-04-17,,2026-09-09,2026-09-09T00:00:00+07:00,2026-09-09T00:00:00+07:00,danny2,True
harian-losari.example,Makassar,2023-04-24,44,0.356,0.56,-517,https://harian-losari.example/fixture/metrik/2023-04-24,,2026-09-09,2026-09-09T00:00:00+07:00,2026-09-09T00:00:00+07:00,danny2,True
harian-losari.example,Makassar,2023-05-01,42,0.438,0.589,-510,https://harian-losari.example/fixture/metrik/2023-05-01,,2026-09-09,2026-09-09T00:00:00+07:00,2026-09-09T00:00:00+07:00,danny2,True
harian-losari.example,Makassar,2023-05-08,40,0.358,0.547,-503,https://harian-losari.example/fixture/metrik/2023-05-08,,2026-09-09,2026-09-09T00:00:00+07:00,2026-09-09T00:00:00+07:00,danny2,True
harian-losari.example,Makassar,2023-05-15,27,0.382,0.637,-496,https://harian-losari.example/fixture/metrik/2023-05-15,,2026-09-09,2026-09-09T00:00:00+07:00,2026-09-09T00:00:00+07:00,danny2,True
harian-losari.example,Makassar,2023-05-22,27,0.406,0.592,-489,https://harian-losari.example/fixture/metrik/2023-05-22,,2026-09-09,2026-09-09T00:00:00+07:00,2026-09-09T00:00:00+07:00,danny2,True
harian-losari.example,Makassar,2023-05-29,34,0.337,0.51,-482,https://harian-losari.example/fixture/metrik/2023-05-29,,2026-09-09,2026-09-09T00:00:00+07:00,2026-09-09T00:00:00+07:00,danny2,True
harian-losari.example,Makassar,2023-06-05,33,0.366,0.518,-475,https://harian-losari.example/fixture/metrik/2023-06-05,,2026-09-09,2026-09-09T00:00:00+07:00,2026-09-09T00:00:00+07:00,danny2,True
harian-losari.example,Makassar,2023-06-12,37,0.394,0.56,-468,https://harian-losari.example/fixture/metrik/2023-06-12,,2026-09-09,2026-09-09T00:00:00+07:00,2026-09-09T00:00:00+07:00,danny2,True
harian-losari.example,Makassar,2023-06-19,42,0.334,0.558,-461,https://harian-losari.example/fixture/metrik/2023-06-19,,2026-09-09,2026-09-09T00:00:00+07:00,2026-09-09T00:00:00+07:00,danny2,True
harian-losari.example,Makassar,2023-06-26,46,0.406,0.478,-454,https://harian-losari.example/fixture/metrik/2023-06-26,,2026-09-09,2026-09-09T00:00:00+07:00,2026-09-09T00:00:00+07:00,danny2,True
harian-losari.example,Makassar,2023-07-03,40,0.447,0.593,-447,https://harian-losari.example/fixture/metrik/2023-07-03,,2026-09-09,2026-09-09T00:00:00+07:00,2026-09-09T00:00:00+07:00,danny2,True
harian-losari.example,Makassar,2023-07-10,36,0.399,0.521,-440,https://harian-losari.example/fixture/metrik/2023-07-10,,2026-09-09,2026-09-09T00:00:00+07:00,2026-09-09T00:00:00+07:00,danny2,True
harian-losari.example,Makassar,2023-07-17,32,0.418,0.643,-433,https://harian-losari.example/fixture/metrik/2023-07-17,,2026-09-09,2026-09-09T00:00:00+07:00,2026-09-09T00:00:00+07:00,danny2,True
harian-losari.example,Makassar,2023-07-24,37,0.449,0.553,-426,https://harian-losari.example/fixture/metrik/2023-07-24,,2026-09-09,2026-09-09T00:00:00+07:00,2026-09-09T00:00:00+07:00,danny2,True
harian-losari.example,Makassar,2023-07-31,37,0.304,0.626,-419,https://harian-losari.example/fixture/metrik/2023-07-31,,2026-09-09,2026-09-09T00:00:00+07:00,2026-09-09T00:00:00+07:00,danny2,True
harian-losari.example,Makassar,2023-08-07,33,0.454,0.596,-412,https://harian-losari.example/fixture/metrik/2023-08-07,,2026-09-09,2026-09-09T00:00:00+07:00,2026-09-09T00:00:00+07:00,danny2,True
harian-losari.example,Makassar,2023-08-14,25,0.423,0.58,-405,https://harian-losari.example/fixture/metrik/2023-08-14,,2026-09-09,2026-09-09T00:00:00+07:00,2026-09-09T00:00:00+07:00,danny2,True
harian-losari.example,Makassar,2023-08-21,36,0.399,0.539,-398,https://harian-losari.example/fixture/metrik/2023-08-21,,2026-09-09,2026-09-09T00:00:00+07:00,2026-09-09T00:00:00+07:00,danny2,True
harian-losari.example,Makassar,2023-08-28,42,0.386,0.578,-391,https://harian-losari.example/fixture/metrik/2023-08-28,,2026-09-09,2026-09-09T00:00:00+07:00,2026-09-09T00:00:00+07:00,danny2,True
harian-losari.example,Makassar,2023-09-04,42,0.377,0.567,-384,https://harian-losari.example/fixture/metrik/2023-09-04,,2026-09-09,2026-09-09T00:00:00+07:00,2026-09-09T00:00:00+07:00,danny2,True
harian-losari.example,Makassar,2023-09-11,44,0.4,0.549,-377,https://harian-losari.example/fixture/metrik/2023-09-11,,2026-09-09,2026-09-09T00:00:00+07:00,2026-09-09T00:00:00+07:00,danny2,True
harian-losari.example,Makassar,2023-09-18,40,0.312,0.567,-370,https://harian-losari.example/fixture/metrik/2023-09-18,,2026-09-09,2026-09-09T00:00:00+07:00,2026-09-09T00:00:00+07:00,danny2,True
harian-losari.example,Makassar,2023-09-25,36,0.408,0.538,-363,https://harian-losari.example/fixture/metrik/2023-09-25,,2026-09-09,2026-09-09T00:00:00+07:00,2026-09-09T00:00:00+07:00,danny2,True
harian-losari.example,Makassar,2023-10-02,37,0.36,0.598,-356,https://harian-losari.example/fixture/metrik/2023-10-02,,2026-09-09,2026-09-09T00:00:00+07:00,2026-09-09T00:00:00+07:00,danny2,True
harian-losari.example,Makassar,2023-10-09,32,0.36,0.652,-349,https://harian-losari.example/fixture/metrik/2023-10-09,,2026-09-09,2026-09-09T00:00:00+07:00,2026-09-09T00:00:00+07:00,danny2,True
harian-losari.example,Makassar,2023-10-16,52,0.374,0.53,-342,https://harian-losari.example/fixture/metrik/2023-10-16,,2026-09-09,2026-09-09T00:00:00+07:00,2026-09-09T00:00:00+07:00,danny2,True
harian-losari.example,Makassar,2023-10-23,37,0.43,0.569,-335,https://harian-losari.example/fixture/metrik/2023-10-23,,2026-09-09,2026-09-09T00:00:00+07:00,2026-09-09T00:00:00+07:00,danny2,True
harian-losari.example,Makassar,2023-10-30,38,0.446,0.639,-328,https://harian-losari.example/fixture/metrik/2023-10-30,,2026-09-09,2026-09-09T00:00:00+07:00,2026-09-09T00:00:00+07:00,danny2,True
harian-losari.example,Makassar,2023-11-06,37,0.345,0.609,-321,https://harian-losari.example/fixture/metrik/2023-11-06,,2026-09-09,2026-09-09T00:00:00+07:00,2026-09-09T00:00:00+07:00,danny2,True
harian-losari.example,Makassar,2023-11-13,37,0.398,0.568,-314,https://harian-losari.example/fixture/metrik/2023-11-13,,2026-09-09,2026-09-09T00:00:00+07:00,2026-09-09T00:00:00+07:00,danny2,True
harian-losari.example,Makassar,2023-11-20,33,0.372,0.643,-307,https://harian-losari.example/fixture/metrik/2023-11-20,,2026-09-09,2026-09-09T00:00:00+07:00,2026-09-09T00:00:00+07:00,danny2,True
harian-losari.example,Makassar,2023-11-27,45,0.435,0.654,-300,https://harian-losari.example/fixture/metrik/2023-11-27,,2026-09-09,2026-09-09T00:00:00+07:00,2026-09-09T00:00:00+07:00,danny2,True
harian-losari.example,Makassar,2023-12-04,35,0.408,0.661,-293,https://harian-losari.example/fixture/metrik/2023-12-04,,2026-09-09,2026-09-09T00:00:00+07:00,2026-09-09T00:00:00+07:00,danny2,True
harian-losari.example,Makassar,2023-12-11,48,0.463,0.57,-286,https://harian-losari.example/fixture/metrik/2023-12-11,,2026-09-09,2026-09-09T00:00:00+07:00,2026-09-09T00:00:00+07:00,danny2,True
harian-losari.example,Makassar,2023-12-18,38,0.401,0.603,-279,https://harian-losari.example/fixture/metrik/2023-12-18,,2026-09-09,2026-09-09T00:00:00+07:00,2026-09-09T00:00:00+07:00,danny2,True
harian-losari.example,Makassar,2023-12-25,38,0.45,0.635,-272,https://harian-losari.example/fixture/metrik/2023-12-25,,2026-09-09,2026-09-09T00:00:00+07:00,2026-09-09T00:00:00+07:00,danny2,True
harian-losari.example,Makassar,2024-01-01,29,0.367,0.632,-265,https://harian-losari.example/fixture/metrik/2024-01-01,,2026-09-09,2026-09-09T00:00:00+07:00,2026-09-09T00:00:00+07:00,danny2,True
harian-losari.example,Makassar,2024-01-08,31,0.396,0.565,-258,https://harian-losari.example/fixture/metrik/2024-01-08,,2026-09-09,2026-09-09T00:00:00+07:00,2026-09-09T00:00:00+07:00,danny2,True
harian-losari.example,Makassar,2024-01-15,34,0.377,0.61,-251,https://harian-losari.example/fixture/metrik/2024-01-15,,2026-09-09,2026-09-09T00:00:00+07:00,2026-09-09T00:00:00+07:00,danny2,True
harian-losari.example,Makassar,2024-01-22,25,0.34,0.62,-244,https://harian-losari.example/fixture/metrik/2024-01-22,,2026-09-09,2026-09-09T00:00:00+07:00,2026-09-09T00:00:00+07:00,danny2,True
harian-losari.example,Makassar,2024-01-29,44,0.434,0.502,-237,https://harian-losari.example/fixture/metrik/2024-01-29,,2026-09-09,2026-09-09T00:00:00+07:00,2026-09-09T00:00:00+07:00,danny2,True
harian-losari.example,Makassar,2024-02-05,38,0.373,0.541,-230,https://harian-losari.example/fixture/metrik/2024-02-05,,2026-09-09,2026-09-09T00:00:00+07:00,2026-09-09T00:00:00+07:00,danny2,True
harian-losari.example,Makassar,2024-02-12,33,0.41,0.73,-223,https://harian-losari.example/fixture/metrik/2024-02-12,,2026-09-09,2026-09-09T00:00:00+07:00,2026-09-09T00:00:00+07:00,danny2,True
harian-losari.example,Makassar,2024-02-19,43,0.362,0.603,-216,https://harian-losari.example/fixture/metrik/2024-02-19,,2026-09-09,2026-09-09T00:00:00+07:00,2026-09-09T00:00:00+07:00,danny2,True
harian-losari.example,Makassar,2024-02-26,33,0.402,0.558,-209,https://harian-losari.example/fixture/metrik/2024-02-26,,2026-09-09,2026-09-09T00:00:00+07:00,2026-09-09T00:00:00+07:00,danny2,True
harian-losari.example,Makassar,2024-03-04,42,0.418,0.639,-202,https://harian-losari.example/fixture/metrik/2024-03-04,,2026-09-09,2026-09-09T00:00:00+07:00,2026-09-09T00:00:00+07:00,danny2,True
harian-losari.example,Makassar,2024-03-11,40,0.373,0.564,-195,https://harian-losari.example/fixture/metrik/2024-03-11,,2026-09-09,2026-09-09T00:00:00+07:00,2026-09-09T00:00:00+07:00,danny2,True
harian-losari.example,Makassar,2024-03-18,27,0.41,0.646,-188,https://harian-losari.example/fixture/metrik/2024-03-18,,2026-09-09,2026-09-09T00:00:00+07:00,2026-09-09T00:00:00+07:00,danny2,True
harian-losari.example,Makassar,2024-03-25,40,0.378,0.551,-181,https://harian-losari.example/fixture/metrik/2024-03-25,,2026-09-09,2026-09-09T00:00:00+07:00,2026-09-09T00:00:00+07:00,danny2,True
harian-losari.example,Makassar,2024-04-01,52,0.418,0.611,-174,https://harian-losari.example/fixture/metrik/2024-04-01,,2026-09-09,2026-09-09T00:00:00+07:00,2026-09-09T00:00:00+07:00,danny2,True
harian-losari.example,Makassar,2024-04-08,47,0.426,0.557,-167,https://harian-losari.example/fixture/metrik/2024-04-08,,2026-09-09,2026-09-09T00:00:00+07:00,2026-09-09T00:00:00+07:00,danny2,True
harian-losari.example,Makassar,2024-04-15,41,0.45,0.613,-160,https://harian-losari.example/fixture/metrik/2024-04-15,,2026-09-09,2026-09-09T00:00:00+07:00,2026-09-09T00:00:00+07:00,danny2,True
harian-losari.example,Makassar,2024-04-22,35,0.435,0.595,-153,https://harian-losari.example/fixture/metrik/2024-04-22,,2026-09-09,2026-09-09T00:00:00+07:00,2026-09-09T00:00:00+07:00,danny2,True
harian-losari.example,Makassar,2024-04-29,22,0.416,0.613,-146,https://harian-losari.example/fixture/metrik/2024-04-29,,2026-09-09,2026-09-09T00:00:00+07:00,2026-09-09T00:00:00+07:00,danny2,True
harian-losari.example,Makassar,2024-05-06,34,0.467,0.584,-139,https://harian-losari.example/fixture/metrik/2024-05-06,,2026-09-09,2026-09-09T00:00:00+07:00,2026-09-09T00:00:00+07:00,danny2,True
harian-losari.example,Makassar,2024-05-13,46,0.52,0.644,-132,https://harian-losari.example/fixture/metrik/2024-05-13,,2026-09-09,2026-09-09T00:00:00+07:00,2026-09-09T00:00:00+07:00,danny2,True
harian-losari.example,Makassar,2024-05-20,33,0.499,0.563,-125,https://harian-losari.example/fixture/metrik/2024-05-20,,2026-09-09,2026-09-09T00:00:00+07:00,2026-09-09T00:00:00+07:00,danny2,True
harian-losari.example,Makassar,2024-05-27,50,0.555,0.732,-118,https://harian-losari.example/fixture/metrik/2024-05-27,,2026-09-09,2026-09-09T00:00:00+07:00,2026-09-09T00:00:00+07:00,danny2,True
harian-losari.example,Makassar,2024-06-03,38,0.497,0.612,-111,https://harian-losari.example/fixture/metrik/2024-06-03,,2026-09-09,2026-09-09T00:00:00+07:00,2026-09-09T00:00:00+07:00,danny2,True
harian-losari.example,Makassar,2024-06-10,33,0.511,0.662,-104,https://harian-losari.example/fixture/metrik/2024-06-10,,2026-09-09,2026-09-09T00:00:00+07:00,2026-09-09T00:00:00+07:00,danny2,True
harian-losari.example,Makassar,2024-06-17,35,0.619,0.655,-97,https://harian-losari.example/fixture/metrik/2024-06-17,,2026-09-09,2026-09-09T00:00:00+07:00,2026-09-09T00:00:00+07:00,danny2,True
harian-losari.example,Makassar,2024-06-24,41,0.623,0.631,-90,https://harian-losari.example/fixture/metrik/2024-06-24,,2026-09-09,2026-09-09T00:00:00+07:00,2026-09-09T00:00:00+07:00,danny2,True
harian-losari.example,Makassar,2024-07-01,33,0.65,0.652,-83,https://harian-losari.example/fixture/metrik/2024-07-01,,2026-09-09,2026-09-09T00:00:00+07:00,2026-09-09T00:00:00+07:00,danny2,True
harian-losari.example,Makassar,2024-07-08,38,0.629,0.776,-76,https://harian-losari.example/fixture/metrik/2024-07-08,,2026-09-09,2026-09-09T00:00:00+07:00,2026-09-09T00:00:00+07:00,danny2,True
harian-losari.example,Makassar,2024-07-15,40,0.669,0.623,-69,https://harian-losari.example/fixture/metrik/2024-07-15,,2026-09-09,2026-09-09T00:00:00+07:00,2026-09-09T00:00:00+07:00,danny2,True
harian-losari.example,Makassar,2024-07-22,35,0.639,0.771,-62,https://harian-losari.example/fixture/metrik/2024-07-22,,2026-09-09,2026-09-09T00:00:00+07:00,2026-09-09T00:00:00+07:00,danny2,True
harian-losari.example,Makassar,2024-07-29,31,0.677,0.65,-55,https://harian-losari.example/fixture/metrik/2024-07-29,,2026-09-09,2026-09-09T00:00:00+07:00,2026-09-09T00:00:00+07:00,danny2,True
harian-losari.example,Makassar,2024-08-05,47,0.649,0.692,-48,https://harian-losari.example/fixture/metrik/2024-08-05,,2026-09-09,2026-09-09T00:00:00+07:00,2026-09-09T00:00:00+07:00,danny2,True
harian-losari.example,Makassar,2024-08-12,28,0.763,0.62,-41,https://harian-losari.example/fixture/metrik/2024-08-12,,2026-09-09,2026-09-09T00:00:00+07:00,2026-09-09T00:00:00+07:00,danny2,True
harian-losari.example,Makassar,2024-08-19,44,0.696,0.721,-34,https://harian-losari.example/fixture/metrik/2024-08-19,,2026-09-09,2026-09-09T00:00:00+07:00,2026-09-09T00:00:00+07:00,danny2,True
harian-losari.example,Makassar,2024-08-26,26,0.746,0.759,-27,https://harian-losari.example/fixture/metrik/2024-08-26,,2026-09-09,2026-09-09T00:00:00+07:00,2026-09-09T00:00:00+07:00,danny2,True
harian-losari.example,Makassar,2024-09-02,30,0.685,0.715,-20,https://harian-losari.example/fixture/metrik/2024-09-02,,2026-09-09,2026-09-09T00:00:00+07:00,2026-09-09T00:00:00+07:00,danny2,True
harian-losari.example,Makassar,2024-09-09,20,0.715,0.703,-13,https://harian-losari.example/fixture/metrik/2024-09-09,,2026-09-09,2026-09-09T00:00:00+07:00,2026-09-09T00:00:00+07:00,danny2,True
harian-losari.example,Makassar,2024-09-16,34,0.68,0.672,-6,https://harian-losari.example/fixture/metrik/2024-09-16,,2026-09-09,2026-09-09T00:00:00+07:00,2026-09-09T00:00:00+07:00,danny2,True
harian-losari.example,Makassar,2024-09-23,37,0.656,0.721,1,https://harian-losari.example/fixture/metrik/2024-09-23,,2026-09-09,2026-09-09T00:00:00+07:00,2026-09-09T00:00:00+07:00,danny2,True
harian-losari.example,Makassar,2024-09-30,37,0.692,0.677,8,https://harian-losari.example/fixture/metrik/2024-09-30,,2026-09-09,2026-09-09T00:00:00+07:00,2026-09-09T00:00:00+07:00,danny2,True
harian-losari.example,Makassar,2024-10-07,33,0.388,0.587,15,https://harian-losari.example/fixture/metrik/2024-10-07,,2026-09-09,2026-09-09T00:00:00+07:00,2026-09-09T00:00:00+07:00,danny2,True
harian-losari.example,Makassar,2024-10-14,33,0.436,0.532,22,https://harian-losari.example/fixture/metrik/2024-10-14,,2026-09-09,2026-09-09T00:00:00+07:00,2026-09-09T00:00:00+07:00,danny2,True
harian-losari.example,Makassar,2024-10-21,25,0.393,0.607,29,https://harian-losari.example/fixture/metrik/2024-10-21,,2026-09-09,2026-09-09T00:00:00+07:00,2026-09-09T00:00:00+07:00,danny2,True
harian-losari.example,Makassar,2024-10-28,25,0.403,0.627,36,https://harian-losari.example/fixture/metrik/2024-10-28,,2026-09-09,2026-09-09T00:00:00+07:00,2026-09-09T00:00:00+07:00,danny2,True
harian-losari.example,Makassar,2024-11-04,49,0.393,0.593,43,https://harian-losari.example/fixture/metrik/2024-11-04,,2026-09-09,2026-09-09T00:00:00+07:00,2026-09-09T00:00:00+07:00,danny2,True
harian-losari.example,Makassar,2024-11-11,34,0.402,0.621,50,https://harian-losari.example/fixture/metrik/2024-11-11,,2026-09-09,2026-09-09T00:00:00+07:00,2026-09-09T00:00:00+07:00,danny2,True
harian-losari.example,Makassar,2024-11-18,41,0.437,0.639,57,https://harian-losari.example/fixture/metrik/2024-11-18,,2026-09-09,2026-09-09T00:00:00+07:00,2026-09-09T00:00:00+07:00,danny2,True
harian-losari.example,Makassar,2024-11-25,34,0.443,0.556,64,https://harian-losari.example/fixture/metrik/2024-11-25,,2026-09-09,2026-09-09T00:00:00+07:00,2026-09-09T00:00:00+07:00,danny2,True
harian-losari.example,Makassar,2024-12-02,44,0.421,0.53,71,https://harian-losari.example/fixture/metrik/2024-12-02,,2026-09-09,2026-09-09T00:00:00+07:00,2026-09-09T00:00:00+07:00,danny2,True
harian-losari.example,Makassar,2024-12-09,33,0.393,0.676,78,https://harian-losari.example/fixture/metrik/2024-12-09,,2026-09-09,2026-09-09T00:00:00+07:00,2026-09-09T00:00:00+07:00,danny2,True
harian-losari.example,Makassar,2024-12-16,46,0.441,0.627,85,https://harian-losari.example/fixture/metrik/2024-12-16,,2026-09-09,2026-09-09T00:00:00+07:00,2026-09-09T00:00:00+07:00,danny2,True
harian-losari.example,Makassar,2024-12-23,48,0.35,0.617,92,https://harian-losari.example/fixture/metrik/2024-12-23,,2026-09-09,2026-09-09T00:00:00+07:00,2026-09-09T00:00:00+07:00,danny2,True
harian-losari.example,Makassar,2024-12-30,45,0.375,0.67,99,https://harian-losari.example/fixture/metrik/2024-12-30,,2026-09-09,2026-09-09T00:00:00+07:00,2026-09-09T00:00:00+07:00,danny2,True
harian-losari.example,Makassar,2025-01-06,39,0.39,0.646,106,https://harian-losari.example/fixture/metrik/2025-01-06,,2026-09-09,2026-09-09T00:00:00+07:00,2026-09-09T00:00:00+07:00,danny2,True
harian-losari.example,Makassar,2025-01-13,35,0.396,0.456,113,https://harian-losari.example/fixture/metrik/2025-01-13,,2026-09-09,2026-09-09T00:00:00+07:00,2026-09-09T00:00:00+07:00,danny2,True
harian-losari.example,Makassar,2025-01-20,37,0.404,0.698,120,https://harian-losari.example/fixture/metrik/2025-01-20,,2026-09-09,2026-09-09T00:00:00+07:00,2026-09-09T00:00:00+07:00,danny2,True
harian-losari.example,Makassar,2025-01-27,42,0.382,0.552,127,https://harian-losari.example/fixture/metrik/2025-01-27,,2026-09-09,2026-09-09T00:00:00+07:00,2026-09-09T00:00:00+07:00,danny2,True
harian-losari.example,Makassar,2025-02-03,39,0.349,0.579,134,https://harian-losari.example/fixture/metrik/2025-02-03,,2026-09-09,2026-09-09T00:00:00+07:00,2026-09-09T00:00:00+07:00,danny2,True
harian-losari.example,Makassar,2025-02-10,30,0.365,0.603,141,https://harian-losari.example/fixture/metrik/2025-02-10,,2026-09-09,2026-09-09T00:00:00+07:00,2026-09-09T00:00:00+07:00,danny2,True
harian-losari.example,Makassar,2025-02-17,29,0.399,0.491,148,https://harian-losari.example/fixture/metrik/2025-02-17,,2026-09-09,2026-09-09T00:00:00+07:00,2026-09-09T00:00:00+07:00,danny2,True
harian-losari.example,Makassar,2025-02-24,35,0.318,0.59,155,https://harian-losari.example/fixture/metrik/2025-02-24,,2026-09-09,2026-09-09T00:00:00+07:00,2026-09-09T00:00:00+07:00,appi,True
harian-losari.example,Makassar,2025-03-03,27,0.327,0.544,162,https://harian-losari.example/fixture/metrik/2025-03-03,,2026-09-09,2026-09-09T00:00:00+07:00,2026-09-09T00:00:00+07:00,appi,True
harian-losari.example,Makassar,2025-03-10,22,0.363,0.565,169,https://harian-losari.example/fixture/metrik/2025-03-10,,2026-09-09,2026-09-09T00:00:00+07:00,2026-09-09T00:00:00+07:00,appi,True
harian-losari.example,Makassar,2025-03-17,41,0.356,0.592,176,https://harian-losari.example/fixture/metrik/2025-03-17,,2026-09-09,2026-09-09T00:00:00+07:00,2026-09-09T00:00:00+07:00,appi,True
harian-losari.example,Makassar,2025-03-24,18,0.358,0.55,183,https://harian-losari.example/fixture/metrik/2025-03-24,,2026-09-09,2026-09-09T00:00:00+07:00,2026-09-09T00:00:00+07:00,appi,True
harian-losari.example,Makassar,2025-03-31,45,0.348,0.535,190,https://harian-losari.example/fixture/metrik/2025-03-31,,2026-09-09,2026-09-09T00:00:00+07:00,2026-09-09T00:00:00+07:00,appi,True
harian-losari.example,Makassar,2025-04-07,40,0.264,0.525,197,https://harian-losari.example/fixture/metrik/2025-04-07,,2026-09-09,2026-09-09T00:00:00+07:00,2026-09-09T00:00:00+07:00,appi,True
harian-losari.example,Makassar,2025-04-14,41,0.339,0.473,204,https://harian-losari.example/fixture/metrik/2025-04-14,,2026-09-09,2026-09-09T00:00:00+07:00,2026-09-09T00:00:00+07:00,appi,True
harian-losari.example,Makassar,2025-04-21,42,0.313,0.62,211,https://harian-losari.example/fixture/metrik/2025-04-21,,2026-09-09,2026-09-09T00:00:00+07:00,2026-09-09T00:00:00+07:00,appi,True
harian-losari.example,Makassar,2025-04-28,41,0.324,0.565,218,https://harian-losari.example/fixture/metrik/2025-04-28,,2026-09-09,2026-09-09T00:00:00+07:00,2026-09-09T00:00:00+07:00,appi,True
harian-losari.example,Makassar,2025-05-05,36,0.349,0.474,225,https://harian-losari.example/fixture/metrik/2025-05-05,,2026-09-09,2026-09-09T00:00:00+07:00,2026-09-09T00:00:00+07:00,appi,True
harian-losari.example,Makassar,2025-05-12,35,0.371,0.491,232,https://harian-losari.example/fixture/metrik/2025-05-12,,2026-09-09,2026-09-09T00:00:00+07:00,2026-09-09T00:00:00+07:00,appi,True
harian-losari.example,Makassar,2025-05-19,34,0.306,0.588,239,https://harian-losari.example/fixture/metrik/2025-05-19,,2026-09-09,2026-09-09T00:00:00+07:00,2026-09-09T00:00:00+07:00,appi,True
harian-losari.example,Makassar,2025-05-26,46,0.32,0.506,246,https://harian-losari.example/fixture/metrik/2025-05-26,,2026-09-09,2026-09-09T00:00:00+07:00,2026-09-09T00:00:00+07:00,appi,True
harian-losari.example,Makassar,2025-06-02,36,0.345,0.496,253,https://harian-losari.example/fixture/metrik/2025-06-02,,2026-09-09,2026-09-09T00:00:00+07:00,2026-09-09T00:00:00+07:00,appi,True
harian-losari.example,Makassar,2025-06-09,42,0.329,0.713,260,https://harian-losari.example/fixture/metrik/2025-06-09,,2026-09-09,2026-09-09T00:00:00+07:00,2026-09-09T00:00:00+07:00,appi,True
harian-losari.example,Makassar,2025-06-16,33,0.369,0.599,267,https://harian-losari.example/fixture/metrik/2025-06-16,,2026-09-09,2026-09-09T00:00:00+07:00,2026-09-09T00:00:00+07:00,appi,True
harian-losari.example,Makassar,2025-06-23,44,0.362,0.626,274,https://harian-losari.example/fixture/metrik/2025-06-23,,2026-09-09,2026-09-09T00:00:00+07:00,2026-09-09T00:00:00+07:00,appi,True
harian-losari.example,Makassar,2025-06-30,34,0.391,0.613,281,https://harian-losari.example/fixture/metrik/2025-06-30,,2026-09-09,2026-09-09T00:00:00+07:00,2026-09-09T00:00:00+07:00,appi,True
harian-losari.example,Makassar,2025-07-07,34,0.379,0.633,288,https://harian-losari.example/fixture/metrik/2025-07-07,,2026-09-09,2026-09-09T00:00:00+07:00,2026-09-09T00:00:00+07:00,appi,True
harian-losari.example,Makassar,2025-07-14,43,0.31,0.595,295,https://harian-losari.example/fixture/metrik/2025-07-14,,2026-09-09,2026-09-09T00:00:00+07:00,2026-09-09T00:00:00+07:00,appi,True
harian-losari.example,Makassar,2025-07-21,40,0.291,0.555,302,https://harian-losari.example/fixture/metrik/2025-07-21,,2026-09-09,2026-09-09T00:00:00+07:00,2026-09-09T00:00:00+07:00,appi,True
harian-losari.example,Makassar,2025-07-28,61,0.384,0.624,309,https://harian-losari.example/fixture/metrik/2025-07-28,,2026-09-09,2026-09-09T00:00:00+07:00,2026-09-09T00:00:00+07:00,appi,True
harian-losari.example,Makassar,2025-08-04,38,0.37,0.584,316,https://harian-losari.example/fixture/metrik/2025-08-04,,2026-09-09,2026-09-09T00:00:00+07:00,2026-09-09T00:00:00+07:00,appi,True
harian-losari.example,Makassar,2025-08-11,41,0.34,0.554,323,https://harian-losari.example/fixture/metrik/2025-08-11,,2026-09-09,2026-09-09T00:00:00+07:00,2026-09-09T00:00:00+07:00,appi,True
harian-losari.example,Makassar,2025-08-18,28,0.357,0.538,330,https://harian-losari.example/fixture/metrik/2025-08-18,,2026-09-09,2026-09-09T00:00:00+07:00,2026-09-09T00:00:00+07:00,appi,True
harian-losari.example,Makassar,2025-08-25,34,0.318,0.566,337,https://harian-losari.example/fixture/metrik/2025-08-25,,2026-09-09,2026-09-09T00:00:00+07:00,2026-09-09T00:00:00+07:00,appi,True
harian-losari.example,Makassar,2025-09-01,37,0.314,0.536,344,https://harian-losari.example/fixture/metrik/2025-09-01,,2026-09-09,2026-09-09T00:00:00+07:00,2026-09-09T00:00:00+07:00,appi,True
harian-losari.example,Makassar,2025-09-08,44,0.307,0.542,351,https://harian-losari.example/fixture/metrik/2025-09-08,,2026-09-09,2026-09-09T00:00:00+07:00,2026-09-09T00:00:00+07:00,appi,True
harian-losari.example,Makassar,2025-09-15,36,0.276,0.541,358,https://harian-losari.example/fixture/metrik/2025-09-15,,2026-09-09,2026-09-09T00:00:00+07:00,2026-09-09T00:00:00+07:00,appi,True
harian-losari.example,Makassar,2025-09-22,29,0.398,0.546,365,https://harian-losari.example/fixture/metrik/2025-09-22,,2026-09-09,2026-09-09T00:00:00+07:00,2026-09-09T00:00:00+07:00,appi,True
harian-losari.example,Makassar,2025-09-29,35,0.359,0.704,372,https://harian-losari.example/fixture/metrik/2025-09-29,,2026-09-09,2026-09-09T00:00:00+07:00,2026-09-09T00:00:00+07:00,appi,True
harian-losari.example,Makassar,2025-10-06,49,0.359,0.567,379,https://harian-losari.example/fixture/metrik/2025-10-06,,2026-09-09,2026-09-09T00:00:00+07:00,2026-09-09T00:00:00+07:00,appi,True
harian-losari.example,Makassar,2025-10-13,43,0.302,0.583,386,https://harian-losari.example/fixture/metrik/2025-10-13,,2026-09-09,2026-09-09T00:00:00+07:00,2026-09-09T00:00:00+07:00,appi,True
harian-losari.example,Makassar,2025-10-20,33,0.378,0.582,393,https://harian-losari.example/fixture/metrik/2025-10-20,,2026-09-09,2026-09-09T00:00:00+07:00,2026-09-09T00:00:00+07:00,appi,True
harian-losari.example,Makassar,2025-10-27,38,0.352,0.64,400,https://harian-losari.example/fixture/metrik/2025-10-27,,2026-09-09,2026-09-09T00:00:00+07:00,2026-09-09T00:00:00+07:00,appi,True
harian-losari.example,Makassar,2025-11-03,34,0.408,0.496,407,https://harian-losari.example/fixture/metrik/2025-11-03,,2026-09-09,2026-09-09T00:00:00+07:00,2026-09-09T00:00:00+07:00,appi,True
harian-losari.example,Makassar,2025-11-10,35,0.377,0.613,414,https://harian-losari.example/fixture/metrik/2025-11-10,,2026-09-09,2026-09-09T00:00:00+07:00,2026-09-09T00:00:00+07:00,appi,True
harian-losari.example,Makassar,2025-11-17,32,0.335,0.511,421,https://harian-losari.example/fixture/metrik/2025-11-17,,2026-09-09,2026-09-09T00:00:00+07:00,2026-09-09T00:00:00+07:00,appi,True
harian-losari.example,Makassar,2025-11-24,18,0.35,0.614,428,https://harian-losari.example/fixture/metrik/2025-11-24,,2026-09-09,2026-09-09T00:00:00+07:00,2026-09-09T00:00:00+07:00,appi,True
harian-losari.example,Makassar,2025-12-01,38,0.35,0.524,435,https://harian-losari.example/fixture/metrik/2025-12-01,,2026-09-09,2026-09-09T00:00:00+07:00,2026-09-09T00:00:00+07:00,appi,True
harian-losari.example,Makassar,2025-12-08,58,0.354,0.591,442,https://harian-losari.example/fixture/metrik/2025-12-08,,2026-09-09,2026-09-09T00:00:00+07:00,2026-09-09T00:00:00+07:00,appi,True
harian-losari.example,Makassar,2025-12-15,41,0.355,0.626,449,https://harian-losari.example/fixture/metrik/2025-12-15,,2026-09-09,2026-09-09T00:00:00+07:00,2026-09-09T00:00:00+07:00,appi,True
harian-losari.example,Makassar,2025-12-22,41,0.352,0.524,456,https://harian-losari.example/fixture/metrik/2025-12-22,,2026-09-09,2026-09-09T00:00:00+07:00,2026-09-09T00:00:00+07:00,appi,True
harian-losari.example,Makassar,2025-12-29,38,0.365,0.514,463,https://harian-losari.example/fixture/metrik/2025-12-29,,2026-09-09,2026-09-09T00:00:00+07:00,2026-09-09T00:00:00+07:00,appi,True
suara-tamalanrea.example,Makassar,2014-01-06,34,0.273,0.513,-1498,https://suara-tamalanrea.example/fixture/metrik/2014-01-06,,2026-09-09,2026-09-09T00:00:00+07:00,2026-09-09T00:00:00+07:00,ilham,True
suara-tamalanrea.example,Makassar,2014-01-13,37,0.372,0.511,-1491,https://suara-tamalanrea.example/fixture/metrik/2014-01-13,,2026-09-09,2026-09-09T00:00:00+07:00,2026-09-09T00:00:00+07:00,ilham,True
suara-tamalanrea.example,Makassar,2014-01-20,36,0.312,0.451,-1484,https://suara-tamalanrea.example/fixture/metrik/2014-01-20,,2026-09-09,2026-09-09T00:00:00+07:00,2026-09-09T00:00:00+07:00,ilham,True
suara-tamalanrea.example,Makassar,2014-01-27,22,0.319,0.586,-1477,https://suara-tamalanrea.example/fixture/metrik/2014-01-27,,2026-09-09,2026-09-09T00:00:00+07:00,2026-09-09T00:00:00+07:00,ilham,True
suara-tamalanrea.example,Makassar,2014-02-03,37,0.267,0.473,-1470,https://suara-tamalanrea.example/fixture/metrik/2014-02-03,,2026-09-09,2026-09-09T00:00:00+07:00,2026-09-09T00:00:00+07:00,ilham,True
suara-tamalanrea.example,Makassar,2014-02-10,39,0.289,0.545,-1463,https://suara-tamalanrea.example/fixture/metrik/2014-02-10,,2026-09-09,2026-09-09T00:00:00+07:00,2026-09-09T00:00:00+07:00,ilham,True
suara-tamalanrea.example,Makassar,2014-02-17,31,0.297,0.618,-1456,https://suara-tamalanrea.example/fixture/metrik/2014-02-17,,2026-09-09,2026-09-09T00:00:00+07:00,2026-09-09T00:00:00+07:00,ilham,True
suara-tamalanrea.example,Makassar,2014-02-24,27,0.348,0.472,-1449,https://suara-tamalanrea.example/fixture/metrik/2014-02-24,,2026-09-09,2026-09-09T00:00:00+07:00,2026-09-09T00:00:00+07:00,ilham,True
suara-tamalanrea.example,Makassar,2014-03-03,36,0.237,0.648,-1442,https://suara-tamalanrea.example/fixture/metrik/2014-03-03,,2026-09-09,2026-09-09T00:00:00+07:00,2026-09-09T00:00:00+07:00,ilham,True
suara-tamalanrea.example,Makassar,2014-03-10,39,0.244,0.586,-1435,https://suara-tamalanrea.example/fixture/metrik/2014-03-10,,2026-09-09,2026-09-09T00:00:00+07:00,2026-09-09T00:00:00+07:00,ilham,True
suara-tamalanrea.example,Makassar,2014-03-17,41,0.302,0.58,-1428,https://suara-tamalanrea.example/fixture/metrik/2014-03-17,,2026-09-09,2026-09-09T00:00:00+07:00,2026-09-09T00:00:00+07:00,ilham,True
suara-tamalanrea.example,Makassar,2014-03-24,25,0.278,0.54,-1421,https://suara-tamalanrea.example/fixture/metrik/2014-03-24,,2026-09-09,2026-09-09T00:00:00+07:00,2026-09-09T00:00:00+07:00,ilham,True
suara-tamalanrea.example,Makassar,2014-03-31,39,0.312,0.487,-1414,https://suara-tamalanrea.example/fixture/metrik/2014-03-31,,2026-09-09,2026-09-09T00:00:00+07:00,2026-09-09T00:00:00+07:00,ilham,True
suara-tamalanrea.example,Makassar,2014-04-07,43,0.269,0.539,-1407,https://suara-tamalanrea.example/fixture/metrik/2014-04-07,,2026-09-09,2026-09-09T00:00:00+07:00,2026-09-09T00:00:00+07:00,ilham,True
suara-tamalanrea.example,Makassar,2014-04-14,52,0.287,0.606,-1400,https://suara-tamalanrea.example/fixture/metrik/2014-04-14,,2026-09-09,2026-09-09T00:00:00+07:00,2026-09-09T00:00:00+07:00,ilham,True
suara-tamalanrea.example,Makassar,2014-04-21,31,0.266,0.497,-1393,https://suara-tamalanrea.example/fixture/metrik/2014-04-21,,2026-09-09,2026-09-09T00:00:00+07:00,2026-09-09T00:00:00+07:00,ilham,True
suara-tamalanrea.example,Makassar,2014-04-28,42,0.3,0.565,-1386,https://suara-tamalanrea.example/fixture/metrik/2014-04-28,,2026-09-09,2026-09-09T00:00:00+07:00,2026-09-09T00:00:00+07:00,ilham,True
suara-tamalanrea.example,Makassar,2014-05-05,42,0.338,0.475,-1379,https://suara-tamalanrea.example/fixture/metrik/2014-05-05,,2026-09-09,2026-09-09T00:00:00+07:00,2026-09-09T00:00:00+07:00,ilham,True
suara-tamalanrea.example,Makassar,2014-05-12,29,0.323,0.456,-1372,https://suara-tamalanrea.example/fixture/metrik/2014-05-12,,2026-09-09,2026-09-09T00:00:00+07:00,2026-09-09T00:00:00+07:00,danny1,True
suara-tamalanrea.example,Makassar,2014-05-19,33,0.329,0.548,-1365,https://suara-tamalanrea.example/fixture/metrik/2014-05-19,,2026-09-09,2026-09-09T00:00:00+07:00,2026-09-09T00:00:00+07:00,danny1,True
suara-tamalanrea.example,Makassar,2014-05-26,42,0.329,0.491,-1358,https://suara-tamalanrea.example/fixture/metrik/2014-05-26,,2026-09-09,2026-09-09T00:00:00+07:00,2026-09-09T00:00:00+07:00,danny1,True
suara-tamalanrea.example,Makassar,2014-06-02,44,0.34,0.534,-1351,https://suara-tamalanrea.example/fixture/metrik/2014-06-02,,2026-09-09,2026-09-09T00:00:00+07:00,2026-09-09T00:00:00+07:00,danny1,True
suara-tamalanrea.example,Makassar,2014-06-09,36,0.282,0.471,-1344,https://suara-tamalanrea.example/fixture/metrik/2014-06-09,,2026-09-09,2026-09-09T00:00:00+07:00,2026-09-09T00:00:00+07:00,danny1,True
suara-tamalanrea.example,Makassar,2014-06-16,33,0.344,0.605,-1337,https://suara-tamalanrea.example/fixture/metrik/2014-06-16,,2026-09-09,2026-09-09T00:00:00+07:00,2026-09-09T00:00:00+07:00,danny1,True
suara-tamalanrea.example,Makassar,2014-06-23,18,0.28,0.477,-1330,https://suara-tamalanrea.example/fixture/metrik/2014-06-23,,2026-09-09,2026-09-09T00:00:00+07:00,2026-09-09T00:00:00+07:00,danny1,True
suara-tamalanrea.example,Makassar,2014-06-30,45,0.284,0.455,-1323,https://suara-tamalanrea.example/fixture/metrik/2014-06-30,,2026-09-09,2026-09-09T00:00:00+07:00,2026-09-09T00:00:00+07:00,danny1,True
suara-tamalanrea.example,Makassar,2014-07-07,33,0.308,0.456,-1316,https://suara-tamalanrea.example/fixture/metrik/2014-07-07,,2026-09-09,2026-09-09T00:00:00+07:00,2026-09-09T00:00:00+07:00,danny1,True
suara-tamalanrea.example,Makassar,2014-07-14,33,0.37,0.487,-1309,https://suara-tamalanrea.example/fixture/metrik/2014-07-14,,2026-09-09,2026-09-09T00:00:00+07:00,2026-09-09T00:00:00+07:00,danny1,True
suara-tamalanrea.example,Makassar,2014-07-21,34,0.327,0.575,-1302,https://suara-tamalanrea.example/fixture/metrik/2014-07-21,,2026-09-09,2026-09-09T00:00:00+07:00,2026-09-09T00:00:00+07:00,danny1,True
suara-tamalanrea.example,Makassar,2014-07-28,43,0.321,0.572,-1295,https://suara-tamalanrea.example/fixture/metrik/2014-07-28,,2026-09-09,2026-09-09T00:00:00+07:00,2026-09-09T00:00:00+07:00,danny1,True
suara-tamalanrea.example,Makassar,2014-08-04,30,0.359,0.482,-1288,https://suara-tamalanrea.example/fixture/metrik/2014-08-04,,2026-09-09,2026-09-09T00:00:00+07:00,2026-09-09T00:00:00+07:00,danny1,True
suara-tamalanrea.example,Makassar,2014-08-11,48,0.357,0.547,-1281,https://suara-tamalanrea.example/fixture/metrik/2014-08-11,,2026-09-09,2026-09-09T00:00:00+07:00,2026-09-09T00:00:00+07:00,danny1,True
suara-tamalanrea.example,Makassar,2014-08-18,43,0.316,0.573,-1274,https://suara-tamalanrea.example/fixture/metrik/2014-08-18,,2026-09-09,2026-09-09T00:00:00+07:00,2026-09-09T00:00:00+07:00,danny1,True
suara-tamalanrea.example,Makassar,2014-08-25,33,0.298,0.606,-1267,https://suara-tamalanrea.example/fixture/metrik/2014-08-25,,2026-09-09,2026-09-09T00:00:00+07:00,2026-09-09T00:00:00+07:00,danny1,True
suara-tamalanrea.example,Makassar,2014-09-01,39,0.301,0.506,-1260,https://suara-tamalanrea.example/fixture/metrik/2014-09-01,,2026-09-09,2026-09-09T00:00:00+07:00,2026-09-09T00:00:00+07:00,danny1,True
suara-tamalanrea.example,Makassar,2014-09-08,35,0.383,0.552,-1253,https://suara-tamalanrea.example/fixture/metrik/2014-09-08,,2026-09-09,2026-09-09T00:00:00+07:00,2026-09-09T00:00:00+07:00,danny1,True
suara-tamalanrea.example,Makassar,2014-09-15,40,0.383,0.571,-1246,https://suara-tamalanrea.example/fixture/metrik/2014-09-15,,2026-09-09,2026-09-09T00:00:00+07:00,2026-09-09T00:00:00+07:00,danny1,True
suara-tamalanrea.example,Makassar,2014-09-22,26,0.302,0.542,-1239,https://suara-tamalanrea.example/fixture/metrik/2014-09-22,,2026-09-09,2026-09-09T00:00:00+07:00,2026-09-09T00:00:00+07:00,danny1,True
suara-tamalanrea.example,Makassar,2014-09-29,29,0.346,0.554,-1232,https://suara-tamalanrea.example/fixture/metrik/2014-09-29,,2026-09-09,2026-09-09T00:00:00+07:00,2026-09-09T00:00:00+07:00,danny1,True
suara-tamalanrea.example,Makassar,2014-10-06,40,0.315,0.424,-1225,https://suara-tamalanrea.example/fixture/metrik/2014-10-06,,2026-09-09,2026-09-09T00:00:00+07:00,2026-09-09T00:00:00+07:00,danny1,True
suara-tamalanrea.example,Makassar,2014-10-13,52,0.254,0.554,-1218,https://suara-tamalanrea.example/fixture/metrik/2014-10-13,,2026-09-09,2026-09-09T00:00:00+07:00,2026-09-09T00:00:00+07:00,danny1,True
suara-tamalanrea.example,Makassar,2014-10-20,42,0.348,0.467,-1211,https://suara-tamalanrea.example/fixture/metrik/2014-10-20,,2026-09-09,2026-09-09T00:00:00+07:00,2026-09-09T00:00:00+07:00,danny1,True
suara-tamalanrea.example,Makassar,2014-10-27,38,0.332,0.581,-1204,https://suara-tamalanrea.example/fixture/metrik/2014-10-27,,2026-09-09,2026-09-09T00:00:00+07:00,2026-09-09T00:00:00+07:00,danny1,True
suara-tamalanrea.example,Makassar,2014-11-03,36,0.33,0.445,-1197,https://suara-tamalanrea.example/fixture/metrik/2014-11-03,,2026-09-09,2026-09-09T00:00:00+07:00,2026-09-09T00:00:00+07:00,danny1,True
suara-tamalanrea.example,Makassar,2014-11-10,39,0.326,0.51,-1190,https://suara-tamalanrea.example/fixture/metrik/2014-11-10,,2026-09-09,2026-09-09T00:00:00+07:00,2026-09-09T00:00:00+07:00,danny1,True
suara-tamalanrea.example,Makassar,2014-11-17,43,0.381,0.565,-1183,https://suara-tamalanrea.example/fixture/metrik/2014-11-17,,2026-09-09,2026-09-09T00:00:00+07:00,2026-09-09T00:00:00+07:00,danny1,True
suara-tamalanrea.example,Makassar,2014-11-24,35,0.319,0.529,-1176,https://suara-tamalanrea.example/fixture/metrik/2014-11-24,,2026-09-09,2026-09-09T00:00:00+07:00,2026-09-09T00:00:00+07:00,danny1,True
suara-tamalanrea.example,Makassar,2014-12-01,47,0.345,0.435,-1169,https://suara-tamalanrea.example/fixture/metrik/2014-12-01,,2026-09-09,2026-09-09T00:00:00+07:00,2026-09-09T00:00:00+07:00,danny1,True
suara-tamalanrea.example,Makassar,2014-12-08,38,0.32,0.533,-1162,https://suara-tamalanrea.example/fixture/metrik/2014-12-08,,2026-09-09,2026-09-09T00:00:00+07:00,2026-09-09T00:00:00+07:00,danny1,True
suara-tamalanrea.example,Makassar,2014-12-15,31,0.317,0.503,-1155,https://suara-tamalanrea.example/fixture/metrik/2014-12-15,,2026-09-09,2026-09-09T00:00:00+07:00,2026-09-09T00:00:00+07:00,danny1,True
suara-tamalanrea.example,Makassar,2014-12-22,31,0.285,0.532,-1148,https://suara-tamalanrea.example/fixture/metrik/2014-12-22,,2026-09-09,2026-09-09T00:00:00+07:00,2026-09-09T00:00:00+07:00,danny1,True
suara-tamalanrea.example,Makassar,2014-12-29,38,0.288,0.572,-1141,https://suara-tamalanrea.example/fixture/metrik/2014-12-29,,2026-09-09,2026-09-09T00:00:00+07:00,2026-09-09T00:00:00+07:00,danny1,True
suara-tamalanrea.example,Makassar,2015-01-05,32,0.354,0.604,-1134,https://suara-tamalanrea.example/fixture/metrik/2015-01-05,,2026-09-09,2026-09-09T00:00:00+07:00,2026-09-09T00:00:00+07:00,danny1,True
suara-tamalanrea.example,Makassar,2015-01-12,27,0.373,0.61,-1127,https://suara-tamalanrea.example/fixture/metrik/2015-01-12,,2026-09-09,2026-09-09T00:00:00+07:00,2026-09-09T00:00:00+07:00,danny1,True
suara-tamalanrea.example,Makassar,2015-01-19,38,0.358,0.489,-1120,https://suara-tamalanrea.example/fixture/metrik/2015-01-19,,2026-09-09,2026-09-09T00:00:00+07:00,2026-09-09T00:00:00+07:00,danny1,True
suara-tamalanrea.example,Makassar,2015-01-26,39,0.365,0.491,-1113,https://suara-tamalanrea.example/fixture/metrik/2015-01-26,,2026-09-09,2026-09-09T00:00:00+07:00,2026-09-09T00:00:00+07:00,danny1,True
suara-tamalanrea.example,Makassar,2015-02-02,34,0.274,0.514,-1106,https://suara-tamalanrea.example/fixture/metrik/2015-02-02,,2026-09-09,2026-09-09T00:00:00+07:00,2026-09-09T00:00:00+07:00,danny1,True
suara-tamalanrea.example,Makassar,2015-02-09,46,0.279,0.589,-1099,https://suara-tamalanrea.example/fixture/metrik/2015-02-09,,2026-09-09,2026-09-09T00:00:00+07:00,2026-09-09T00:00:00+07:00,danny1,True
suara-tamalanrea.example,Makassar,2015-02-16,38,0.283,0.538,-1092,https://suara-tamalanrea.example/fixture/metrik/2015-02-16,,2026-09-09,2026-09-09T00:00:00+07:00,2026-09-09T00:00:00+07:00,danny1,True
suara-tamalanrea.example,Makassar,2015-02-23,31,0.281,0.488,-1085,https://suara-tamalanrea.example/fixture/metrik/2015-02-23,,2026-09-09,2026-09-09T00:00:00+07:00,2026-09-09T00:00:00+07:00,danny1,True
suara-tamalanrea.example,Makassar,2015-03-02,39,0.379,0.452,-1078,https://suara-tamalanrea.example/fixture/metrik/2015-03-02,,2026-09-09,2026-09-09T00:00:00+07:00,2026-09-09T00:00:00+07:00,danny1,True
suara-tamalanrea.example,Makassar,2015-03-09,42,0.337,0.486,-1071,https://suara-tamalanrea.example/fixture/metrik/2015-03-09,,2026-09-09,2026-09-09T00:00:00+07:00,2026-09-09T00:00:00+07:00,danny1,True
suara-tamalanrea.example,Makassar,2015-03-16,33,0.27,0.504,-1064,https://suara-tamalanrea.example/fixture/metrik/2015-03-16,,2026-09-09,2026-09-09T00:00:00+07:00,2026-09-09T00:00:00+07:00,danny1,True
suara-tamalanrea.example,Makassar,2015-03-23,24,0.277,0.451,-1057,https://suara-tamalanrea.example/fixture/metrik/2015-03-23,,2026-09-09,2026-09-09T00:00:00+07:00,2026-09-09T00:00:00+07:00,danny1,True
suara-tamalanrea.example,Makassar,2015-03-30,31,0.307,0.588,-1050,https://suara-tamalanrea.example/fixture/metrik/2015-03-30,,2026-09-09,2026-09-09T00:00:00+07:00,2026-09-09T00:00:00+07:00,danny1,True
suara-tamalanrea.example,Makassar,2015-04-06,47,0.283,0.549,-1043,https://suara-tamalanrea.example/fixture/metrik/2015-04-06,,2026-09-09,2026-09-09T00:00:00+07:00,2026-09-09T00:00:00+07:00,danny1,True
suara-tamalanrea.example,Makassar,2015-04-13,49,0.331,0.487,-1036,https://suara-tamalanrea.example/fixture/metrik/2015-04-13,,2026-09-09,2026-09-09T00:00:00+07:00,2026-09-09T00:00:00+07:00,danny1,True
suara-tamalanrea.example,Makassar,2015-04-20,37,0.285,0.528,-1029,https://suara-tamalanrea.example/fixture/metrik/2015-04-20,,2026-09-09,2026-09-09T00:00:00+07:00,2026-09-09T00:00:00+07:00,danny1,True
suara-tamalanrea.example,Makassar,2015-04-27,37,0.327,0.466,-1022,https://suara-tamalanrea.example/fixture/metrik/2015-04-27,,2026-09-09,2026-09-09T00:00:00+07:00,2026-09-09T00:00:00+07:00,danny1,True
suara-tamalanrea.example,Makassar,2015-05-04,40,0.318,0.464,-1015,https://suara-tamalanrea.example/fixture/metrik/2015-05-04,,2026-09-09,2026-09-09T00:00:00+07:00,2026-09-09T00:00:00+07:00,danny1,True
suara-tamalanrea.example,Makassar,2015-05-11,31,0.421,0.532,-1008,https://suara-tamalanrea.example/fixture/metrik/2015-05-11,,2026-09-09,2026-09-09T00:00:00+07:00,2026-09-09T00:00:00+07:00,danny1,True
suara-tamalanrea.example,Makassar,2015-05-18,43,0.309,0.537,-1001,https://suara-tamalanrea.example/fixture/metrik/2015-05-18,,2026-09-09,2026-09-09T00:00:00+07:00,2026-09-09T00:00:00+07:00,danny1,True
suara-tamalanrea.example,Makassar,2015-05-25,35,0.371,0.53,-994,https://suara-tamalanrea.example/fixture/metrik/2015-05-25,,2026-09-09,2026-09-09T00:00:00+07:00,2026-09-09T00:00:00+07:00,danny1,True
suara-tamalanrea.example,Makassar,2015-06-01,40,0.246,0.539,-987,https://suara-tamalanrea.example/fixture/metrik/2015-06-01,,2026-09-09,2026-09-09T00:00:00+07:00,2026-09-09T00:00:00+07:00,danny1,True
suara-tamalanrea.example,Makassar,2015-06-08,43,0.301,0.601,-980,https://suara-tamalanrea.example/fixture/metrik/2015-06-08,,2026-09-09,2026-09-09T00:00:00+07:00,2026-09-09T00:00:00+07:00,danny1,True
suara-tamalanrea.example,Makassar,2015-06-15,37,0.286,0.507,-973,https://suara-tamalanrea.example/fixture/metrik/2015-06-15,,2026-09-09,2026-09-09T00:00:00+07:00,2026-09-09T00:00:00+07:00,danny1,True
suara-tamalanrea.example,Makassar,2015-06-22,40,0.261,0.582,-966,https://suara-tamalanrea.example/fixture/metrik/2015-06-22,,2026-09-09,2026-09-09T00:00:00+07:00,2026-09-09T00:00:00+07:00,danny1,True
suara-tamalanrea.example,Makassar,2015-06-29,54,0.338,0.583,-959,https://suara-tamalanrea.example/fixture/metrik/2015-06-29,,2026-09-09,2026-09-09T00:00:00+07:00,2026-09-09T00:00:00+07:00,danny1,True
suara-tamalanrea.example,Makassar,2015-07-06,51,0.336,0.512,-952,https://suara-tamalanrea.example/fixture/metrik/2015-07-06,,2026-09-09,2026-09-09T00:00:00+07:00,2026-09-09T00:00:00+07:00,danny1,True
suara-tamalanrea.example,Makassar,2015-07-13,41,0.314,0.482,-945,https://suara-tamalanrea.example/fixture/metrik/2015-07-13,,2026-09-09,2026-09-09T00:00:00+07:00,2026-09-09T00:00:00+07:00,danny1,True
suara-tamalanrea.example,Makassar,2015-07-20,27,0.346,0.567,-938,https://suara-tamalanrea.example/fixture/metrik/2015-07-20,,2026-09-09,2026-09-09T00:00:00+07:00,2026-09-09T00:00:00+07:00,danny1,True
suara-tamalanrea.example,Makassar,2015-07-27,42,0.27,0.518,-931,https://suara-tamalanrea.example/fixture/metrik/2015-07-27,,2026-09-09,2026-09-09T00:00:00+07:00,2026-09-09T00:00:00+07:00,danny1,True
suara-tamalanrea.example,Makassar,2015-08-03,49,0.33,0.461,-924,https://suara-tamalanrea.example/fixture/metrik/2015-08-03,,2026-09-09,2026-09-09T00:00:00+07:00,2026-09-09T00:00:00+07:00,danny1,True
suara-tamalanrea.example,Makassar,2015-08-10,32,0.306,0.544,-917,https://suara-tamalanrea.example/fixture/metrik/2015-08-10,,2026-09-09,2026-09-09T00:00:00+07:00,2026-09-09T00:00:00+07:00,danny1,True
suara-tamalanrea.example,Makassar,2015-08-17,50,0.367,0.485,-910,https://suara-tamalanrea.example/fixture/metrik/2015-08-17,,2026-09-09,2026-09-09T00:00:00+07:00,2026-09-09T00:00:00+07:00,danny1,True
suara-tamalanrea.example,Makassar,2015-08-24,35,0.303,0.483,-903,https://suara-tamalanrea.example/fixture/metrik/2015-08-24,,2026-09-09,2026-09-09T00:00:00+07:00,2026-09-09T00:00:00+07:00,danny1,True
suara-tamalanrea.example,Makassar,2015-08-31,34,0.29,0.488,-896,https://suara-tamalanrea.example/fixture/metrik/2015-08-31,,2026-09-09,2026-09-09T00:00:00+07:00,2026-09-09T00:00:00+07:00,danny1,True
suara-tamalanrea.example,Makassar,2015-09-07,37,0.36,0.522,-889,https://suara-tamalanrea.example/fixture/metrik/2015-09-07,,2026-09-09,2026-09-09T00:00:00+07:00,2026-09-09T00:00:00+07:00,danny1,True
suara-tamalanrea.example,Makassar,2015-09-14,33,0.353,0.566,-882,https://suara-tamalanrea.example/fixture/metrik/2015-09-14,,2026-09-09,2026-09-09T00:00:00+07:00,2026-09-09T00:00:00+07:00,danny1,True
suara-tamalanrea.example,Makassar,2015-09-21,36,0.36,0.585,-875,https://suara-tamalanrea.example/fixture/metrik/2015-09-21,,2026-09-09,2026-09-09T00:00:00+07:00,2026-09-09T00:00:00+07:00,danny1,True
suara-tamalanrea.example,Makassar,2015-09-28,33,0.358,0.452,-868,https://suara-tamalanrea.example/fixture/metrik/2015-09-28,,2026-09-09,2026-09-09T00:00:00+07:00,2026-09-09T00:00:00+07:00,danny1,True
suara-tamalanrea.example,Makassar,2015-10-05,44,0.269,0.54,-861,https://suara-tamalanrea.example/fixture/metrik/2015-10-05,,2026-09-09,2026-09-09T00:00:00+07:00,2026-09-09T00:00:00+07:00,danny1,True
suara-tamalanrea.example,Makassar,2015-10-12,35,0.292,0.477,-854,https://suara-tamalanrea.example/fixture/metrik/2015-10-12,,2026-09-09,2026-09-09T00:00:00+07:00,2026-09-09T00:00:00+07:00,danny1,True
suara-tamalanrea.example,Makassar,2015-10-19,31,0.306,0.476,-847,https://suara-tamalanrea.example/fixture/metrik/2015-10-19,,2026-09-09,2026-09-09T00:00:00+07:00,2026-09-09T00:00:00+07:00,danny1,True
suara-tamalanrea.example,Makassar,2015-10-26,30,0.351,0.537,-840,https://suara-tamalanrea.example/fixture/metrik/2015-10-26,,2026-09-09,2026-09-09T00:00:00+07:00,2026-09-09T00:00:00+07:00,danny1,True
suara-tamalanrea.example,Makassar,2015-11-02,57,0.386,0.538,-833,https://suara-tamalanrea.example/fixture/metrik/2015-11-02,,2026-09-09,2026-09-09T00:00:00+07:00,2026-09-09T00:00:00+07:00,danny1,True
suara-tamalanrea.example,Makassar,2015-11-09,29,0.282,0.5,-826,https://suara-tamalanrea.example/fixture/metrik/2015-11-09,,2026-09-09,2026-09-09T00:00:00+07:00,2026-09-09T00:00:00+07:00,danny1,True
suara-tamalanrea.example,Makassar,2015-11-16,43,0.333,0.541,-819,https://suara-tamalanrea.example/fixture/metrik/2015-11-16,,2026-09-09,2026-09-09T00:00:00+07:00,2026-09-09T00:00:00+07:00,danny1,True
suara-tamalanrea.example,Makassar,2015-11-23,51,0.291,0.501,-812,https://suara-tamalanrea.example/fixture/metrik/2015-11-23,,2026-09-09,2026-09-09T00:00:00+07:00,2026-09-09T00:00:00+07:00,danny1,True
suara-tamalanrea.example,Makassar,2015-11-30,32,0.357,0.524,-805,https://suara-tamalanrea.example/fixture/metrik/2015-11-30,,2026-09-09,2026-09-09T00:00:00+07:00,2026-09-09T00:00:00+07:00,danny1,True
suara-tamalanrea.example,Makassar,2015-12-07,36,0.352,0.465,-798,https://suara-tamalanrea.example/fixture/metrik/2015-12-07,,2026-09-09,2026-09-09T00:00:00+07:00,2026-09-09T00:00:00+07:00,danny1,True
suara-tamalanrea.example,Makassar,2015-12-14,24,0.268,0.482,-791,https://suara-tamalanrea.example/fixture/metrik/2015-12-14,,2026-09-09,2026-09-09T00:00:00+07:00,2026-09-09T00:00:00+07:00,danny1,True
suara-tamalanrea.example,Makassar,2015-12-21,36,0.305,0.617,-784,https://suara-tamalanrea.example/fixture/metrik/2015-12-21,,2026-09-09,2026-09-09T00:00:00+07:00,2026-09-09T00:00:00+07:00,danny1,True
suara-tamalanrea.example,Makassar,2015-12-28,34,0.281,0.419,-777,https://suara-tamalanrea.example/fixture/metrik/2015-12-28,,2026-09-09,2026-09-09T00:00:00+07:00,2026-09-09T00:00:00+07:00,danny1,True
suara-tamalanrea.example,Makassar,2016-01-04,52,0.37,0.545,-770,https://suara-tamalanrea.example/fixture/metrik/2016-01-04,,2026-09-09,2026-09-09T00:00:00+07:00,2026-09-09T00:00:00+07:00,danny1,True
suara-tamalanrea.example,Makassar,2016-01-11,53,0.278,0.526,-763,https://suara-tamalanrea.example/fixture/metrik/2016-01-11,,2026-09-09,2026-09-09T00:00:00+07:00,2026-09-09T00:00:00+07:00,danny1,True
suara-tamalanrea.example,Makassar,2016-01-18,32,0.338,0.573,-756,https://suara-tamalanrea.example/fixture/metrik/2016-01-18,,2026-09-09,2026-09-09T00:00:00+07:00,2026-09-09T00:00:00+07:00,danny1,True
suara-tamalanrea.example,Makassar,2016-01-25,39,0.283,0.522,-749,https://suara-tamalanrea.example/fixture/metrik/2016-01-25,,2026-09-09,2026-09-09T00:00:00+07:00,2026-09-09T00:00:00+07:00,danny1,True
suara-tamalanrea.example,Makassar,2016-02-01,52,0.311,0.643,-742,https://suara-tamalanrea.example/fixture/metrik/2016-02-01,,2026-09-09,2026-09-09T00:00:00+07:00,2026-09-09T00:00:00+07:00,danny1,True
suara-tamalanrea.example,Makassar,2016-02-08,34,0.305,0.533,-735,https://suara-tamalanrea.example/fixture/metrik/2016-02-08,,2026-09-09,2026-09-09T00:00:00+07:00,2026-09-09T00:00:00+07:00,danny1,True
suara-tamalanrea.example,Makassar,2016-02-15,48,0.287,0.423,-728,https://suara-tamalanrea.example/fixture/metrik/2016-02-15,,2026-09-09,2026-09-09T00:00:00+07:00,2026-09-09T00:00:00+07:00,danny1,True
suara-tamalanrea.example,Makassar,2016-02-22,38,0.352,0.509,-721,https://suara-tamalanrea.example/fixture/metrik/2016-02-22,,2026-09-09,2026-09-09T00:00:00+07:00,2026-09-09T00:00:00+07:00,danny1,True
suara-tamalanrea.example,Makassar,2016-02-29,38,0.357,0.565,-714,https://suara-tamalanrea.example/fixture/metrik/2016-02-29,,2026-09-09,2026-09-09T00:00:00+07:00,2026-09-09T00:00:00+07:00,danny1,True
suara-tamalanrea.example,Makassar,2016-03-07,48,0.383,0.541,-707,https://suara-tamalanrea.example/fixture/metrik/2016-03-07,,2026-09-09,2026-09-09T00:00:00+07:00,2026-09-09T00:00:00+07:00,danny1,True
suara-tamalanrea.example,Makassar,2016-03-14,25,0.298,0.46,-700,https://suara-tamalanrea.example/fixture/metrik/2016-03-14,,2026-09-09,2026-09-09T00:00:00+07:00,2026-09-09T00:00:00+07:00,danny1,True
suara-tamalanrea.example,Makassar,2016-03-21,43,0.34,0.573,-693,https://suara-tamalanrea.example/fixture/metrik/2016-03-21,,2026-09-09,2026-09-09T00:00:00+07:00,2026-09-09T00:00:00+07:00,danny1,True
suara-tamalanrea.example,Makassar,2016-03-28,36,0.349,0.523,-686,https://suara-tamalanrea.example/fixture/metrik/2016-03-28,,2026-09-09,2026-09-09T00:00:00+07:00,2026-09-09T00:00:00+07:00,danny1,True
suara-tamalanrea.example,Makassar,2016-04-04,25,0.297,0.563,-679,https://suara-tamalanrea.example/fixture/metrik/2016-04-04,,2026-09-09,2026-09-09T00:00:00+07:00,2026-09-09T00:00:00+07:00,danny1,True
suara-tamalanrea.example,Makassar,2016-04-11,36,0.369,0.538,-672,https://suara-tamalanrea.example/fixture/metrik/2016-04-11,,2026-09-09,2026-09-09T00:00:00+07:00,2026-09-09T00:00:00+07:00,danny1,True
suara-tamalanrea.example,Makassar,2016-04-18,29,0.309,0.549,-665,https://suara-tamalanrea.example/fixture/metrik/2016-04-18,,2026-09-09,2026-09-09T00:00:00+07:00,2026-09-09T00:00:00+07:00,danny1,True
suara-tamalanrea.example,Makassar,2016-04-25,33,0.336,0.637,-658,https://suara-tamalanrea.example/fixture/metrik/2016-04-25,,2026-09-09,2026-09-09T00:00:00+07:00,2026-09-09T00:00:00+07:00,danny1,True
suara-tamalanrea.example,Makassar,2016-05-02,39,0.354,0.569,-651,https://suara-tamalanrea.example/fixture/metrik/2016-05-02,,2026-09-09,2026-09-09T00:00:00+07:00,2026-09-09T00:00:00+07:00,danny1,True
suara-tamalanrea.example,Makassar,2016-05-09,42,0.31,0.492,-644,https://suara-tamalanrea.example/fixture/metrik/2016-05-09,,2026-09-09,2026-09-09T00:00:00+07:00,2026-09-09T00:00:00+07:00,danny1,True
suara-tamalanrea.example,Makassar,2016-05-16,37,0.363,0.518,-637,https://suara-tamalanrea.example/fixture/metrik/2016-05-16,,2026-09-09,2026-09-09T00:00:00+07:00,2026-09-09T00:00:00+07:00,danny1,True
suara-tamalanrea.example,Makassar,2016-05-23,39,0.319,0.434,-630,https://suara-tamalanrea.example/fixture/metrik/2016-05-23,,2026-09-09,2026-09-09T00:00:00+07:00,2026-09-09T00:00:00+07:00,danny1,True
suara-tamalanrea.example,Makassar,2016-05-30,41,0.332,0.506,-623,https://suara-tamalanrea.example/fixture/metrik/2016-05-30,,2026-09-09,2026-09-09T00:00:00+07:00,2026-09-09T00:00:00+07:00,danny1,True
suara-tamalanrea.example,Makassar,2016-06-06,47,0.369,0.491,-616,https://suara-tamalanrea.example/fixture/metrik/2016-06-06,,2026-09-09,2026-09-09T00:00:00+07:00,2026-09-09T00:00:00+07:00,danny1,True
suara-tamalanrea.example,Makassar,2016-06-13,31,0.252,0.569,-609,https://suara-tamalanrea.example/fixture/metrik/2016-06-13,,2026-09-09,2026-09-09T00:00:00+07:00,2026-09-09T00:00:00+07:00,danny1,True
suara-tamalanrea.example,Makassar,2016-06-20,31,0.272,0.452,-602,https://suara-tamalanrea.example/fixture/metrik/2016-06-20,,2026-09-09,2026-09-09T00:00:00+07:00,2026-09-09T00:00:00+07:00,danny1,True
suara-tamalanrea.example,Makassar,2016-06-27,31,0.376,0.532,-595,https://suara-tamalanrea.example/fixture/metrik/2016-06-27,,2026-09-09,2026-09-09T00:00:00+07:00,2026-09-09T00:00:00+07:00,danny1,True
suara-tamalanrea.example,Makassar,2016-07-04,42,0.367,0.575,-588,https://suara-tamalanrea.example/fixture/metrik/2016-07-04,,2026-09-09,2026-09-09T00:00:00+07:00,2026-09-09T00:00:00+07:00,danny1,True
suara-tamalanrea.example,Makassar,2016-07-11,24,0.352,0.543,-581,https://suara-tamalanrea.example/fixture/metrik/2016-07-11,,2026-09-09,2026-09-09T00:00:00+07:00,2026-09-09T00:00:00+07:00,danny1,True
suara-tamalanrea.example,Makassar,2016-07-18,36,0.329,0.544,-574,https://suara-tamalanrea.example/fixture/metrik/2016-07-18,,2026-09-09,2026-09-09T00:00:00+07:00,2026-09-09T00:00:00+07:00,danny1,True
suara-tamalanrea.example,Makassar,2016-07-25,32,0.277,0.548,-567,https://suara-tamalanrea.example/fixture/metrik/2016-07-25,,2026-09-09,2026-09-09T00:00:00+07:00,2026-09-09T00:00:00+07:00,danny1,True
suara-tamalanrea.example,Makassar,2016-08-01,34,0.415,0.474,-560,https://suara-tamalanrea.example/fixture/metrik/2016-08-01,,2026-09-09,2026-09-09T00:00:00+07:00,2026-09-09T00:00:00+07:00,danny1,True
suara-tamalanrea.example,Makassar,2016-08-08,28,0.344,0.461,-553,https://suara-tamalanrea.example/fixture/metrik/2016-08-08,,2026-09-09,2026-09-09T00:00:00+07:00,2026-09-09T00:00:00+07:00,danny1,True
suara-tamalanrea.example,Makassar,2016-08-15,19,0.298,0.507,-546,https://suara-tamalanrea.example/fixture/metrik/2016-08-15,,2026-09-09,2026-09-09T00:00:00+07:00,2026-09-09T00:00:00+07:00,danny1,True
suara-tamalanrea.example,Makassar,2016-08-22,41,0.26,0.565,-539,https://suara-tamalanrea.example/fixture/metrik/2016-08-22,,2026-09-09,2026-09-09T00:00:00+07:00,2026-09-09T00:00:00+07:00,danny1,True
suara-tamalanrea.example,Makassar,2016-08-29,41,0.259,0.485,-532,https://suara-tamalanrea.example/fixture/metrik/2016-08-29,,2026-09-09,2026-09-09T00:00:00+07:00,2026-09-09T00:00:00+07:00,danny1,True
suara-tamalanrea.example,Makassar,2016-09-05,45,0.327,0.545,-525,https://suara-tamalanrea.example/fixture/metrik/2016-09-05,,2026-09-09,2026-09-09T00:00:00+07:00,2026-09-09T00:00:00+07:00,danny1,True
suara-tamalanrea.example,Makassar,2016-09-12,48,0.301,0.495,-518,https://suara-tamalanrea.example/fixture/metrik/2016-09-12,,2026-09-09,2026-09-09T00:00:00+07:00,2026-09-09T00:00:00+07:00,danny1,True
suara-tamalanrea.example,Makassar,2016-09-19,37,0.267,0.478,-511,https://suara-tamalanrea.example/fixture/metrik/2016-09-19,,2026-09-09,2026-09-09T00:00:00+07:00,2026-09-09T00:00:00+07:00,danny1,True
suara-tamalanrea.example,Makassar,2016-09-26,35,0.25,0.441,-504,https://suara-tamalanrea.example/fixture/metrik/2016-09-26,,2026-09-09,2026-09-09T00:00:00+07:00,2026-09-09T00:00:00+07:00,danny1,True
suara-tamalanrea.example,Makassar,2016-10-03,32,0.335,0.477,-497,https://suara-tamalanrea.example/fixture/metrik/2016-10-03,,2026-09-09,2026-09-09T00:00:00+07:00,2026-09-09T00:00:00+07:00,danny1,True
suara-tamalanrea.example,Makassar,2016-10-10,39,0.266,0.565,-490,https://suara-tamalanrea.example/fixture/metrik/2016-10-10,,2026-09-09,2026-09-09T00:00:00+07:00,2026-09-09T00:00:00+07:00,danny1,True
suara-tamalanrea.example,Makassar,2016-10-17,35,0.341,0.533,-483,https://suara-tamalanrea.example/fixture/metrik/2016-10-17,,2026-09-09,2026-09-09T00:00:00+07:00,2026-09-09T00:00:00+07:00,danny1,True
suara-tamalanrea.example,Makassar,2016-10-24,52,0.357,0.482,-476,https://suara-tamalanrea.example/fixture/metrik/2016-10-24,,2026-09-09,2026-09-09T00:00:00+07:00,2026-09-09T00:00:00+07:00,danny1,True
suara-tamalanrea.example,Makassar,2016-10-31,36,0.334,0.45,-469,https://suara-tamalanrea.example/fixture/metrik/2016-10-31,,2026-09-09,2026-09-09T00:00:00+07:00,2026-09-09T00:00:00+07:00,danny1,True
suara-tamalanrea.example,Makassar,2016-11-07,28,0.32,0.576,-462,https://suara-tamalanrea.example/fixture/metrik/2016-11-07,,2026-09-09,2026-09-09T00:00:00+07:00,2026-09-09T00:00:00+07:00,danny1,True
suara-tamalanrea.example,Makassar,2016-11-14,40,0.354,0.567,-455,https://suara-tamalanrea.example/fixture/metrik/2016-11-14,,2026-09-09,2026-09-09T00:00:00+07:00,2026-09-09T00:00:00+07:00,danny1,True
suara-tamalanrea.example,Makassar,2016-11-21,42,0.28,0.502,-448,https://suara-tamalanrea.example/fixture/metrik/2016-11-21,,2026-09-09,2026-09-09T00:00:00+07:00,2026-09-09T00:00:00+07:00,danny1,True
suara-tamalanrea.example,Makassar,2016-11-28,26,0.359,0.55,-441,https://suara-tamalanrea.example/fixture/metrik/2016-11-28,,2026-09-09,2026-09-09T00:00:00+07:00,2026-09-09T00:00:00+07:00,danny1,True
suara-tamalanrea.example,Makassar,2016-12-05,39,0.349,0.465,-434,https://suara-tamalanrea.example/fixture/metrik/2016-12-05,,2026-09-09,2026-09-09T00:00:00+07:00,2026-09-09T00:00:00+07:00,danny1,True
suara-tamalanrea.example,Makassar,2016-12-12,31,0.322,0.534,-427,https://suara-tamalanrea.example/fixture/metrik/2016-12-12,,2026-09-09,2026-09-09T00:00:00+07:00,2026-09-09T00:00:00+07:00,danny1,True
suara-tamalanrea.example,Makassar,2016-12-19,38,0.292,0.518,-420,https://suara-tamalanrea.example/fixture/metrik/2016-12-19,,2026-09-09,2026-09-09T00:00:00+07:00,2026-09-09T00:00:00+07:00,danny1,True
suara-tamalanrea.example,Makassar,2016-12-26,49,0.308,0.531,-413,https://suara-tamalanrea.example/fixture/metrik/2016-12-26,,2026-09-09,2026-09-09T00:00:00+07:00,2026-09-09T00:00:00+07:00,danny1,True
suara-tamalanrea.example,Makassar,2017-01-02,37,0.313,0.523,-406,https://suara-tamalanrea.example/fixture/metrik/2017-01-02,,2026-09-09,2026-09-09T00:00:00+07:00,2026-09-09T00:00:00+07:00,danny1,True
suara-tamalanrea.example,Makassar,2017-01-09,53,0.339,0.506,-399,https://suara-tamalanrea.example/fixture/metrik/2017-01-09,,2026-09-09,2026-09-09T00:00:00+07:00,2026-09-09T00:00:00+07:00,danny1,True
suara-tamalanrea.example,Makassar,2017-01-16,42,0.349,0.59,-392,https://suara-tamalanrea.example/fixture/metrik/2017-01-16,,2026-09-09,2026-09-09T00:00:00+07:00,2026-09-09T00:00:00+07:00,danny1,True
suara-tamalanrea.example,Makassar,2017-01-23,42,0.262,0.527,-385,https://suara-tamalanrea.example/fixture/metrik/2017-01-23,,2026-09-09,2026-09-09T00:00:00+07:00,2026-09-09T00:00:00+07:00,danny1,True
suara-tamalanrea.example,Makassar,2017-01-30,41,0.315,0.535,-378,https://suara-tamalanrea.example/fixture/metrik/2017-01-30,,2026-09-09,2026-09-09T00:00:00+07:00,2026-09-09T00:00:00+07:00,danny1,True
suara-tamalanrea.example,Makassar,2017-02-06,45,0.336,0.485,-371,https://suara-tamalanrea.example/fixture/metrik/2017-02-06,,2026-09-09,2026-09-09T00:00:00+07:00,2026-09-09T00:00:00+07:00,danny1,True
suara-tamalanrea.example,Makassar,2017-02-13,34,0.362,0.489,-364,https://suara-tamalanrea.example/fixture/metrik/2017-02-13,,2026-09-09,2026-09-09T00:00:00+07:00,2026-09-09T00:00:00+07:00,danny1,True
suara-tamalanrea.example,Makassar,2017-02-20,35,0.351,0.456,-357,https://suara-tamalanrea.example/fixture/metrik/2017-02-20,,2026-09-09,2026-09-09T00:00:00+07:00,2026-09-09T00:00:00+07:00,danny1,True
suara-tamalanrea.example,Makassar,2017-02-27,43,0.308,0.495,-350,https://suara-tamalanrea.example/fixture/metrik/2017-02-27,,2026-09-09,2026-09-09T00:00:00+07:00,2026-09-09T00:00:00+07:00,danny1,True
suara-tamalanrea.example,Makassar,2017-03-06,38,0.248,0.505,-343,https://suara-tamalanrea.example/fixture/metrik/2017-03-06,,2026-09-09,2026-09-09T00:00:00+07:00,2026-09-09T00:00:00+07:00,danny1,True
suara-tamalanrea.example,Makassar,2017-03-13,51,0.331,0.489,-336,https://suara-tamalanrea.example/fixture/metrik/2017-03-13,,2026-09-09,2026-09-09T00:00:00+07:00,2026-09-09T00:00:00+07:00,danny1,True
suara-tamalanrea.example,Makassar,2017-03-20,37,0.301,0.497,-329,https://suara-tamalanrea.example/fixture/metrik/2017-03-20,,2026-09-09,2026-09-09T00:00:00+07:00,2026-09-09T00:00:00+07:00,danny1,True
suara-tamalanrea.example,Makassar,2017-03-27,44,0.271,0.57,-322,https://suara-tamalanrea.example/fixture/metrik/2017-03-27,,2026-09-09,2026-09-09T00:00:00+07:00,2026-09-09T00:00:00+07:00,danny1,True
suara-tamalanrea.example,Makassar,2017-04-03,35,0.229,0.501,-315,https://suara-tamalanrea.example/fixture/metrik/2017-04-03,,2026-09-09,2026-09-09T00:00:00+07:00,2026-09-09T00:00:00+07:00,danny1,True
suara-tamalanrea.example,Makassar,2017-04-10,44,0.264,0.509,-308,https://suara-tamalanrea.example/fixture/metrik/2017-04-10,,2026-09-09,2026-09-09T00:00:00+07:00,2026-09-09T00:00:00+07:00,danny1,True
suara-tamalanrea.example,Makassar,2017-04-17,40,0.404,0.562,-301,https://suara-tamalanrea.example/fixture/metrik/2017-04-17,,2026-09-09,2026-09-09T00:00:00+07:00,2026-09-09T00:00:00+07:00,danny1,True
suara-tamalanrea.example,Makassar,2017-04-24,34,0.255,0.549,-294,https://suara-tamalanrea.example/fixture/metrik/2017-04-24,,2026-09-09,2026-09-09T00:00:00+07:00,2026-09-09T00:00:00+07:00,danny1,True
suara-tamalanrea.example,Makassar,2017-05-01,35,0.301,0.556,-287,https://suara-tamalanrea.example/fixture/metrik/2017-05-01,,2026-09-09,2026-09-09T00:00:00+07:00,2026-09-09T00:00:00+07:00,danny1,True
suara-tamalanrea.example,Makassar,2017-05-08,40,0.324,0.55,-280,https://suara-tamalanrea.example/fixture/metrik/2017-05-08,,2026-09-09,2026-09-09T00:00:00+07:00,2026-09-09T00:00:00+07:00,danny1,True
suara-tamalanrea.example,Makassar,2017-05-15,32,0.245,0.496,-273,https://suara-tamalanrea.example/fixture/metrik/2017-05-15,,2026-09-09,2026-09-09T00:00:00+07:00,2026-09-09T00:00:00+07:00,danny1,True
suara-tamalanrea.example,Makassar,2017-05-22,38,0.408,0.595,-266,https://suara-tamalanrea.example/fixture/metrik/2017-05-22,,2026-09-09,2026-09-09T00:00:00+07:00,2026-09-09T00:00:00+07:00,danny1,True
suara-tamalanrea.example,Makassar,2017-05-29,38,0.358,0.54,-259,https://suara-tamalanrea.example/fixture/metrik/2017-05-29,,2026-09-09,2026-09-09T00:00:00+07:00,2026-09-09T00:00:00+07:00,danny1,True
suara-tamalanrea.example,Makassar,2017-06-05,32,0.365,0.569,-252,https://suara-tamalanrea.example/fixture/metrik/2017-06-05,,2026-09-09,2026-09-09T00:00:00+07:00,2026-09-09T00:00:00+07:00,danny1,True
suara-tamalanrea.example,Makassar,2017-06-12,50,0.379,0.534,-245,https://suara-tamalanrea.example/fixture/metrik/2017-06-12,,2026-09-09,2026-09-09T00:00:00+07:00,2026-09-09T00:00:00+07:00,danny1,True
suara-tamalanrea.example,Makassar,2017-06-19,42,0.336,0.496,-238,https://suara-tamalanrea.example/fixture/metrik/2017-06-19,,2026-09-09,2026-09-09T00:00:00+07:00,2026-09-09T00:00:00+07:00,danny1,True
suara-tamalanrea.example,Makassar,2017-06-26,30,0.29,0.583,-231,https://suara-tamalanrea.example/fixture/metrik/2017-06-26,,2026-09-09,2026-09-09T00:00:00+07:00,2026-09-09T00:00:00+07:00,danny1,True
suara-tamalanrea.example,Makassar,2017-07-03,38,0.306,0.482,-224,https://suara-tamalanrea.example/fixture/metrik/2017-07-03,,2026-09-09,2026-09-09T00:00:00+07:00,2026-09-09T00:00:00+07:00,danny1,True
suara-tamalanrea.example,Makassar,2017-07-10,34,0.362,0.562,-217,https://suara-tamalanrea.example/fixture/metrik/2017-07-10,,2026-09-09,2026-09-09T00:00:00+07:00,2026-09-09T00:00:00+07:00,danny1,True
suara-tamalanrea.example,Makassar,2017-07-17,41,0.333,0.47,-210,https://suara-tamalanrea.example/fixture/metrik/2017-07-17,,2026-09-09,2026-09-09T00:00:00+07:00,2026-09-09T00:00:00+07:00,danny1,True
suara-tamalanrea.example,Makassar,2017-07-24,39,0.398,0.52,-203,https://suara-tamalanrea.example/fixture/metrik/2017-07-24,,2026-09-09,2026-09-09T00:00:00+07:00,2026-09-09T00:00:00+07:00,danny1,True
suara-tamalanrea.example,Makassar,2017-07-31,31,0.335,0.495,-196,https://suara-tamalanrea.example/fixture/metrik/2017-07-31,,2026-09-09,2026-09-09T00:00:00+07:00,2026-09-09T00:00:00+07:00,danny1,True
suara-tamalanrea.example,Makassar,2017-08-07,31,0.325,0.51,-189,https://suara-tamalanrea.example/fixture/metrik/2017-08-07,,2026-09-09,2026-09-09T00:00:00+07:00,2026-09-09T00:00:00+07:00,danny1,True
suara-tamalanrea.example,Makassar,2017-08-14,36,0.415,0.557,-182,https://suara-tamalanrea.example/fixture/metrik/2017-08-14,,2026-09-09,2026-09-09T00:00:00+07:00,2026-09-09T00:00:00+07:00,danny1,True
suara-tamalanrea.example,Makassar,2017-08-21,39,0.368,0.54,-175,https://suara-tamalanrea.example/fixture/metrik/2017-08-21,,2026-09-09,2026-09-09T00:00:00+07:00,2026-09-09T00:00:00+07:00,danny1,True
suara-tamalanrea.example,Makassar,2017-08-28,33,0.384,0.528,-168,https://suara-tamalanrea.example/fixture/metrik/2017-08-28,,2026-09-09,2026-09-09T00:00:00+07:00,2026-09-09T00:00:00+07:00,danny1,True
suara-tamalanrea.example,Makassar,2017-09-04,41,0.426,0.52,-161,https://suara-tamalanrea.example/fixture/metrik/2017-09-04,,2026-09-09,2026-09-09T00:00:00+07:00,2026-09-09T00:00:00+07:00,danny1,True
suara-tamalanrea.example,Makassar,2017-09-11,39,0.392,0.48,-154,https://suara-tamalanrea.example/fixture/metrik/2017-09-11,,2026-09-09,2026-09-09T00:00:00+07:00,2026-09-09T00:00:00+07:00,danny1,True
suara-tamalanrea.example,Makassar,2017-09-18,40,0.437,0.545,-147,https://suara-tamalanrea.example/fixture/metrik/2017-09-18,,2026-09-09,2026-09-09T00:00:00+07:00,2026-09-09T00:00:00+07:00,danny1,True
suara-tamalanrea.example,Makassar,2017-09-25,39,0.426,0.592,-140,https://suara-tamalanrea.example/fixture/metrik/2017-09-25,,2026-09-09,2026-09-09T00:00:00+07:00,2026-09-09T00:00:00+07:00,danny1,True
suara-tamalanrea.example,Makassar,2017-10-02,45,0.418,0.564,-133,https://suara-tamalanrea.example/fixture/metrik/2017-10-02,,2026-09-09,2026-09-09T00:00:00+07:00,2026-09-09T00:00:00+07:00,danny1,True
suara-tamalanrea.example,Makassar,2017-10-09,30,0.463,0.496,-126,https://suara-tamalanrea.example/fixture/metrik/2017-10-09,,2026-09-09,2026-09-09T00:00:00+07:00,2026-09-09T00:00:00+07:00,danny1,True
suara-tamalanrea.example,Makassar,2017-10-16,43,0.431,0.431,-119,https://suara-tamalanrea.example/fixture/metrik/2017-10-16,,2026-09-09,2026-09-09T00:00:00+07:00,2026-09-09T00:00:00+07:00,danny1,True
suara-tamalanrea.example,Makassar,2017-10-23,38,0.437,0.525,-112,https://suara-tamalanrea.example/fixture/metrik/2017-10-23,,2026-09-09,2026-09-09T00:00:00+07:00,2026-09-09T00:00:00+07:00,danny1,True
suara-tamalanrea.example,Makassar,2017-10-30,35,0.485,0.546,-105,https://suara-tamalanrea.example/fixture/metrik/2017-10-30,,2026-09-09,2026-09-09T00:00:00+07:00,2026-09-09T00:00:00+07:00,danny1,True
suara-tamalanrea.example,Makassar,2017-11-06,33,0.501,0.547,-98,https://suara-tamalanrea.example/fixture/metrik/2017-11-06,,2026-09-09,2026-09-09T00:00:00+07:00,2026-09-09T00:00:00+07:00,danny1,True
suara-tamalanrea.example,Makassar,2017-11-13,31,0.557,0.561,-91,https://suara-tamalanrea.example/fixture/metrik/2017-11-13,,2026-09-09,2026-09-09T00:00:00+07:00,2026-09-09T00:00:00+07:00,danny1,True
suara-tamalanrea.example,Makassar,2017-11-20,44,0.487,0.61,-84,https://suara-tamalanrea.example/fixture/metrik/2017-11-20,,2026-09-09,2026-09-09T00:00:00+07:00,2026-09-09T00:00:00+07:00,danny1,True
suara-tamalanrea.example,Makassar,2017-11-27,38,0.578,0.564,-77,https://suara-tamalanrea.example/fixture/metrik/2017-11-27,,2026-09-09,2026-09-09T00:00:00+07:00,2026-09-09T00:00:00+07:00,danny1,True
suara-tamalanrea.example,Makassar,2017-12-04,36,0.542,0.565,-70,https://suara-tamalanrea.example/fixture/metrik/2017-12-04,,2026-09-09,2026-09-09T00:00:00+07:00,2026-09-09T00:00:00+07:00,danny1,True
suara-tamalanrea.example,Makassar,2017-12-11,37,0.597,0.647,-63,https://suara-tamalanrea.example/fixture/metrik/2017-12-11,,2026-09-09,2026-09-09T00:00:00+07:00,2026-09-09T00:00:00+07:00,danny1,True
suara-tamalanrea.example,Makassar,2017-12-18,35,0.593,0.653,-56,https://suara-tamalanrea.example/fixture/metrik/2017-12-18,,2026-09-09,2026-09-09T00:00:00+07:00,2026-09-09T00:00:00+07:00,danny1,True
suara-tamalanrea.example,Makassar,2017-12-25,23,0.572,0.589,-49,https://suara-tamalanrea.example/fixture/metrik/2017-12-25,,2026-09-09,2026-09-09T00:00:00+07:00,2026-09-09T00:00:00+07:00,danny1,True
suara-tamalanrea.example,Makassar,2018-01-01,49,0.614,0.572,-42,https://suara-tamalanrea.example/fixture/metrik/2018-01-01,,2026-09-09,2026-09-09T00:00:00+07:00,2026-09-09T00:00:00+07:00,danny1,True
suara-tamalanrea.example,Makassar,2018-01-08,35,0.659,0.692,-35,https://suara-tamalanrea.example/fixture/metrik/2018-01-08,,2026-09-09,2026-09-09T00:00:00+07:00,2026-09-09T00:00:00+07:00,danny1,True
suara-tamalanrea.example,Makassar,2018-01-15,32,0.605,0.572,-28,https://suara-tamalanrea.example/fixture/metrik/2018-01-15,,2026-09-09,2026-09-09T00:00:00+07:00,2026-09-09T00:00:00+07:00,danny1,True
suara-tamalanrea.example,Makassar,2018-01-22,31,0.686,0.652,-21,https://suara-tamalanrea.example/fixture/metrik/2018-01-22,,2026-09-09,2026-09-09T00:00:00+07:00,2026-09-09T00:00:00+07:00,danny1,True
suara-tamalanrea.example,Makassar,2018-01-29,42,0.579,0.552,-14,https://suara-tamalanrea.example/fixture/metrik/2018-01-29,,2026-09-09,2026-09-09T00:00:00+07:00,2026-09-09T00:00:00+07:00,danny1,True
suara-tamalanrea.example,Makassar,2018-02-05,39,0.584,0.575,-7,https://suara-tamalanrea.example/fixture/metrik/2018-02-05,,2026-09-09,2026-09-09T00:00:00+07:00,2026-09-09T00:00:00+07:00,danny1,True
suara-tamalanrea.example,Makassar,2018-02-12,45,0.635,0.539,0,https://suara-tamalanrea.example/fixture/metrik/2018-02-12,,2026-09-09,2026-09-09T00:00:00+07:00,2026-09-09T00:00:00+07:00,danny1,True
suara-tamalanrea.example,Makassar,2018-02-19,31,0.625,0.651,7,https://suara-tamalanrea.example/fixture/metrik/2018-02-19,,2026-09-09,2026-09-09T00:00:00+07:00,2026-09-09T00:00:00+07:00,danny1,True
suara-tamalanrea.example,Makassar,2018-02-26,33,0.567,0.725,14,https://suara-tamalanrea.example/fixture/metrik/2018-02-26,,2026-09-09,2026-09-09T00:00:00+07:00,2026-09-09T00:00:00+07:00,danny1,True
suara-tamalanrea.example,Makassar,2018-03-05,48,0.317,0.534,21,https://suara-tamalanrea.example/fixture/metrik/2018-03-05,,2026-09-09,2026-09-09T00:00:00+07:00,2026-09-09T00:00:00+07:00,danny1,True
suara-tamalanrea.example,Makassar,2018-03-12,43,0.381,0.539,28,https://suara-tamalanrea.example/fixture/metrik/2018-03-12,,2026-09-09,2026-09-09T00:00:00+07:00,2026-09-09T00:00:00+07:00,danny1,True
suara-tamalanrea.example,Makassar,2018-03-19,34,0.327,0.532,35,https://suara-tamalanrea.example/fixture/metrik/2018-03-19,,2026-09-09,2026-09-09T00:00:00+07:00,2026-09-09T00:00:00+07:00,danny1,True
suara-tamalanrea.example,Makassar,2018-03-26,33,0.331,0.561,42,https://suara-tamalanrea.example/fixture/metrik/2018-03-26,,2026-09-09,2026-09-09T00:00:00+07:00,2026-09-09T00:00:00+07:00,danny1,True
suara-tamalanrea.example,Makassar,2018-04-02,34,0.356,0.548,49,https://suara-tamalanrea.example/fixture/metrik/2018-04-02,,2026-09-09,2026-09-09T00:00:00+07:00,2026-09-09T00:00:00+07:00,danny1,True
suara-tamalanrea.example,Makassar,2018-04-09,38,0.29,0.574,56,https://suara-tamalanrea.example/fixture/metrik/2018-04-09,,2026-09-09,2026-09-09T00:00:00+07:00,2026-09-09T00:00:00+07:00,danny1,True
suara-tamalanrea.example,Makassar,2018-04-16,40,0.315,0.398,63,https://suara-tamalanrea.example/fixture/metrik/2018-04-16,,2026-09-09,2026-09-09T00:00:00+07:00,2026-09-09T00:00:00+07:00,danny1,True
suara-tamalanrea.example,Makassar,2018-04-23,33,0.126,0.507,70,https://suara-tamalanrea.example/fixture/metrik/2018-04-23,,2026-09-09,2026-09-09T00:00:00+07:00,2026-09-09T00:00:00+07:00,danny1,True
suara-tamalanrea.example,Makassar,2018-04-30,45,0.109,0.56,77,https://suara-tamalanrea.example/fixture/metrik/2018-04-30,,2026-09-09,2026-09-09T00:00:00+07:00,2026-09-09T00:00:00+07:00,danny1,True
suara-tamalanrea.example,Makassar,2018-05-07,37,0.093,0.415,84,https://suara-tamalanrea.example/fixture/metrik/2018-05-07,,2026-09-09,2026-09-09T00:00:00+07:00,2026-09-09T00:00:00+07:00,danny1,True
suara-tamalanrea.example,Makassar,2018-05-14,39,0.113,0.597,91,https://suara-tamalanrea.example/fixture/metrik/2018-05-14,,2026-09-09,2026-09-09T00:00:00+07:00,2026-09-09T00:00:00+07:00,danny1,True
suara-tamalanrea.example,Makassar,2018-05-21,42,0.164,0.477,98,https://suara-tamalanrea.example/fixture/metrik/2018-05-21,,2026-09-09,2026-09-09T00:00:00+07:00,2026-09-09T00:00:00+07:00,danny1,True
suara-tamalanrea.example,Makassar,2018-05-28,40,0.236,0.532,105,https://suara-tamalanrea.example/fixture/metrik/2018-05-28,,2026-09-09,2026-09-09T00:00:00+07:00,2026-09-09T00:00:00+07:00,danny1,True
suara-tamalanrea.example,Makassar,2018-06-04,34,0.139,0.484,112,https://suara-tamalanrea.example/fixture/metrik/2018-06-04,,2026-09-09,2026-09-09T00:00:00+07:00,2026-09-09T00:00:00+07:00,danny1,True
suara-tamalanrea.example,Makassar,2018-06-11,40,0.129,0.586,119,https://suara-tamalanrea.example/fixture/metrik/2018-06-11,,2026-09-09,2026-09-09T00:00:00+07:00,2026-09-09T00:00:00+07:00,danny1,True
suara-tamalanrea.example,Makassar,2018-06-18,42,0.113,0.501,126,https://suara-tamalanrea.example/fixture/metrik/2018-06-18,,2026-09-09,2026-09-09T00:00:00+07:00,2026-09-09T00:00:00+07:00,danny1,True
suara-tamalanrea.example,Makassar,2018-06-25,35,0.126,0.549,133,https://suara-tamalanrea.example/fixture/metrik/2018-06-25,,2026-09-09,2026-09-09T00:00:00+07:00,2026-09-09T00:00:00+07:00,danny1,True
suara-tamalanrea.example,Makassar,2018-07-02,38,0.111,0.498,140,https://suara-tamalanrea.example/fixture/metrik/2018-07-02,,2026-09-09,2026-09-09T00:00:00+07:00,2026-09-09T00:00:00+07:00,danny1,True
suara-tamalanrea.example,Makassar,2018-07-09,47,0.167,0.53,147,https://suara-tamalanrea.example/fixture/metrik/2018-07-09,,2026-09-09,2026-09-09T00:00:00+07:00,2026-09-09T00:00:00+07:00,danny1,True
suara-tamalanrea.example,Makassar,2018-07-16,36,0.339,0.527,154,https://suara-tamalanrea.example/fixture/metrik/2018-07-16,,2026-09-09,2026-09-09T00:00:00+07:00,2026-09-09T00:00:00+07:00,danny1,True
suara-tamalanrea.example,Makassar,2018-07-23,38,0.345,0.472,161,https://suara-tamalanrea.example/fixture/metrik/2018-07-23,,2026-09-09,2026-09-09T00:00:00+07:00,2026-09-09T00:00:00+07:00,danny1,True
suara-tamalanrea.example,Makassar,2018-07-30,34,0.336,0.539,168,https://suara-tamalanrea.example/fixture/metrik/2018-07-30,,2026-09-09,2026-09-09T00:00:00+07:00,2026-09-09T00:00:00+07:00,danny1,True
suara-tamalanrea.example,Makassar,2018-08-06,38,0.302,0.5,175,https://suara-tamalanrea.example/fixture/metrik/2018-08-06,,2026-09-09,2026-09-09T00:00:00+07:00,2026-09-09T00:00:00+07:00,danny1,True
suara-tamalanrea.example,Makassar,2018-08-13,41,0.341,0.424,182,https://suara-tamalanrea.example/fixture/metrik/2018-08-13,,2026-09-09,2026-09-09T00:00:00+07:00,2026-09-09T00:00:00+07:00,danny1,True
suara-tamalanrea.example,Makassar,2018-08-20,46,0.369,0.498,189,https://suara-tamalanrea.example/fixture/metrik/2018-08-20,,2026-09-09,2026-09-09T00:00:00+07:00,2026-09-09T00:00:00+07:00,danny1,True
suara-tamalanrea.example,Makassar,2018-08-27,52,0.317,0.538,196,https://suara-tamalanrea.example/fixture/metrik/2018-08-27,,2026-09-09,2026-09-09T00:00:00+07:00,2026-09-09T00:00:00+07:00,danny1,True
suara-tamalanrea.example,Makassar,2018-09-03,16,0.331,0.497,203,https://suara-tamalanrea.example/fixture/metrik/2018-09-03,,2026-09-09,2026-09-09T00:00:00+07:00,2026-09-09T00:00:00+07:00,danny1,True
suara-tamalanrea.example,Makassar,2018-09-10,55,0.32,0.583,210,https://suara-tamalanrea.example/fixture/metrik/2018-09-10,,2026-09-09,2026-09-09T00:00:00+07:00,2026-09-09T00:00:00+07:00,danny1,True
suara-tamalanrea.example,Makassar,2018-09-17,35,0.4,0.449,217,https://suara-tamalanrea.example/fixture/metrik/2018-09-17,,2026-09-09,2026-09-09T00:00:00+07:00,2026-09-09T00:00:00+07:00,danny1,True
suara-tamalanrea.example,Makassar,2018-09-24,39,0.287,0.581,224,https://suara-tamalanrea.example/fixture/metrik/2018-09-24,,2026-09-09,2026-09-09T00:00:00+07:00,2026-09-09T00:00:00+07:00,danny1,True
suara-tamalanrea.example,Makassar,2018-10-01,41,0.365,0.499,231,https://suara-tamalanrea.example/fixture/metrik/2018-10-01,,2026-09-09,2026-09-09T00:00:00+07:00,2026-09-09T00:00:00+07:00,danny1,True
suara-tamalanrea.example,Makassar,2018-10-08,42,0.362,0.511,238,https://suara-tamalanrea.example/fixture/metrik/2018-10-08,,2026-09-09,2026-09-09T00:00:00+07:00,2026-09-09T00:00:00+07:00,danny1,True
suara-tamalanrea.example,Makassar,2018-10-15,35,0.315,0.391,245,https://suara-tamalanrea.example/fixture/metrik/2018-10-15,,2026-09-09,2026-09-09T00:00:00+07:00,2026-09-09T00:00:00+07:00,danny1,True
suara-tamalanrea.example,Makassar,2018-10-22,44,0.312,0.433,252,https://suara-tamalanrea.example/fixture/metrik/2018-10-22,,2026-09-09,2026-09-09T00:00:00+07:00,2026-09-09T00:00:00+07:00,danny1,True
suara-tamalanrea.example,Makassar,2018-10-29,40,0.327,0.551,259,https://suara-tamalanrea.example/fixture/metrik/2018-10-29,,2026-09-09,2026-09-09T00:00:00+07:00,2026-09-09T00:00:00+07:00,danny1,True
suara-tamalanrea.example,Makassar,2018-11-05,52,0.317,0.509,266,https://suara-tamalanrea.example/fixture/metrik/2018-11-05,,2026-09-09,2026-09-09T00:00:00+07:00,2026-09-09T00:00:00+07:00,danny1,True
suara-tamalanrea.example,Makassar,2018-11-12,36,0.257,0.565,273,https://suara-tamalanrea.example/fixture/metrik/2018-11-12,,2026-09-09,2026-09-09T00:00:00+07:00,2026-09-09T00:00:00+07:00,danny1,True
suara-tamalanrea.example,Makassar,2018-11-19,42,0.383,0.436,280,https://suara-tamalanrea.example/fixture/metrik/2018-11-19,,2026-09-09,2026-09-09T00:00:00+07:00,2026-09-09T00:00:00+07:00,danny1,True
suara-tamalanrea.example,Makassar,2018-11-26,53,0.321,0.48,287,https://suara-tamalanrea.example/fixture/metrik/2018-11-26,,2026-09-09,2026-09-09T00:00:00+07:00,2026-09-09T00:00:00+07:00,danny1,True
suara-tamalanrea.example,Makassar,2018-12-03,32,0.332,0.481,294,https://suara-tamalanrea.example/fixture/metrik/2018-12-03,,2026-09-09,2026-09-09T00:00:00+07:00,2026-09-09T00:00:00+07:00,danny1,True
suara-tamalanrea.example,Makassar,2018-12-10,52,0.269,0.538,301,https://suara-tamalanrea.example/fixture/metrik/2018-12-10,,2026-09-09,2026-09-09T00:00:00+07:00,2026-09-09T00:00:00+07:00,danny1,True
suara-tamalanrea.example,Makassar,2018-12-17,27,0.271,0.462,308,https://suara-tamalanrea.example/fixture/metrik/2018-12-17,,2026-09-09,2026-09-09T00:00:00+07:00,2026-09-09T00:00:00+07:00,danny1,True
suara-tamalanrea.example,Makassar,2018-12-24,38,0.329,0.59,315,https://suara-tamalanrea.example/fixture/metrik/2018-12-24,,2026-09-09,2026-09-09T00:00:00+07:00,2026-09-09T00:00:00+07:00,danny1,True
suara-tamalanrea.example,Makassar,2018-12-31,43,0.336,0.525,322,https://suara-tamalanrea.example/fixture/metrik/2018-12-31,,2026-09-09,2026-09-09T00:00:00+07:00,2026-09-09T00:00:00+07:00,danny1,True
suara-tamalanrea.example,Makassar,2019-01-07,39,0.348,0.519,329,https://suara-tamalanrea.example/fixture/metrik/2019-01-07,,2026-09-09,2026-09-09T00:00:00+07:00,2026-09-09T00:00:00+07:00,danny1,True
suara-tamalanrea.example,Makassar,2019-01-14,38,0.32,0.581,336,https://suara-tamalanrea.example/fixture/metrik/2019-01-14,,2026-09-09,2026-09-09T00:00:00+07:00,2026-09-09T00:00:00+07:00,danny1,True
suara-tamalanrea.example,Makassar,2019-01-21,46,0.335,0.54,343,https://suara-tamalanrea.example/fixture/metrik/2019-01-21,,2026-09-09,2026-09-09T00:00:00+07:00,2026-09-09T00:00:00+07:00,danny1,True
suara-tamalanrea.example,Makassar,2019-01-28,33,0.328,0.528,350,https://suara-tamalanrea.example/fixture/metrik/2019-01-28,,2026-09-09,2026-09-09T00:00:00+07:00,2026-09-09T00:00:00+07:00,danny1,True
suara-tamalanrea.example,Makassar,2019-02-04,32,0.336,0.491,357,https://suara-tamalanrea.example/fixture/metrik/2019-02-04,,2026-09-09,2026-09-09T00:00:00+07:00,2026-09-09T00:00:00+07:00,danny1,True
suara-tamalanrea.example,Makassar,2019-02-11,50,0.281,0.524,364,https://suara-tamalanrea.example/fixture/metrik/2019-02-11,,2026-09-09,2026-09-09T00:00:00+07:00,2026-09-09T00:00:00+07:00,danny1,True
suara-tamalanrea.example,Makassar,2019-02-18,39,0.344,0.568,371,https://suara-tamalanrea.example/fixture/metrik/2019-02-18,,2026-09-09,2026-09-09T00:00:00+07:00,2026-09-09T00:00:00+07:00,danny1,True
suara-tamalanrea.example,Makassar,2019-02-25,32,0.398,0.473,378,https://suara-tamalanrea.example/fixture/metrik/2019-02-25,,2026-09-09,2026-09-09T00:00:00+07:00,2026-09-09T00:00:00+07:00,danny1,True
suara-tamalanrea.example,Makassar,2019-03-04,41,0.358,0.523,385,https://suara-tamalanrea.example/fixture/metrik/2019-03-04,,2026-09-09,2026-09-09T00:00:00+07:00,2026-09-09T00:00:00+07:00,danny1,True
suara-tamalanrea.example,Makassar,2019-03-11,36,0.375,0.505,392,https://suara-tamalanrea.example/fixture/metrik/2019-03-11,,2026-09-09,2026-09-09T00:00:00+07:00,2026-09-09T00:00:00+07:00,danny1,True
suara-tamalanrea.example,Makassar,2019-03-18,37,0.34,0.501,399,https://suara-tamalanrea.example/fixture/metrik/2019-03-18,,2026-09-09,2026-09-09T00:00:00+07:00,2026-09-09T00:00:00+07:00,danny1,True
suara-tamalanrea.example,Makassar,2019-03-25,31,0.302,0.543,406,https://suara-tamalanrea.example/fixture/metrik/2019-03-25,,2026-09-09,2026-09-09T00:00:00+07:00,2026-09-09T00:00:00+07:00,danny1,True
suara-tamalanrea.example,Makassar,2019-04-01,34,0.352,0.529,413,https://suara-tamalanrea.example/fixture/metrik/2019-04-01,,2026-09-09,2026-09-09T00:00:00+07:00,2026-09-09T00:00:00+07:00,danny1,True
suara-tamalanrea.example,Makassar,2019-04-08,39,0.378,0.499,420,https://suara-tamalanrea.example/fixture/metrik/2019-04-08,,2026-09-09,2026-09-09T00:00:00+07:00,2026-09-09T00:00:00+07:00,danny1,True
suara-tamalanrea.example,Makassar,2019-04-15,32,0.345,0.583,427,https://suara-tamalanrea.example/fixture/metrik/2019-04-15,,2026-09-09,2026-09-09T00:00:00+07:00,2026-09-09T00:00:00+07:00,danny1,True
suara-tamalanrea.example,Makassar,2019-04-22,41,0.365,0.515,434,https://suara-tamalanrea.example/fixture/metrik/2019-04-22,,2026-09-09,2026-09-09T00:00:00+07:00,2026-09-09T00:00:00+07:00,danny1,True
suara-tamalanrea.example,Makassar,2019-04-29,37,0.35,0.485,441,https://suara-tamalanrea.example/fixture/metrik/2019-04-29,,2026-09-09,2026-09-09T00:00:00+07:00,2026-09-09T00:00:00+07:00,danny1,True
suara-tamalanrea.example,Makassar,2019-05-06,36,0.333,0.532,448,https://suara-tamalanrea.example/fixture/metrik/2019-05-06,,2026-09-09,2026-09-09T00:00:00+07:00,2026-09-09T00:00:00+07:00,danny1,True
suara-tamalanrea.example,Makassar,2019-05-13,35,0.118,0.475,455,https://suara-tamalanrea.example/fixture/metrik/2019-05-13,,2026-09-09,2026-09-09T00:00:00+07:00,2026-09-09T00:00:00+07:00,pj,True
suara-tamalanrea.example,Makassar,2019-05-20,39,0.071,0.535,462,https://suara-tamalanrea.example/fixture/metrik/2019-05-20,,2026-09-09,2026-09-09T00:00:00+07:00,2026-09-09T00:00:00+07:00,pj,True
suara-tamalanrea.example,Makassar,2019-05-27,44,0.039,0.554,469,https://suara-tamalanrea.example/fixture/metrik/2019-05-27,,2026-09-09,2026-09-09T00:00:00+07:00,2026-09-09T00:00:00+07:00,pj,True
suara-tamalanrea.example,Makassar,2019-06-03,35,0.112,0.601,476,https://suara-tamalanrea.example/fixture/metrik/2019-06-03,,2026-09-09,2026-09-09T00:00:00+07:00,2026-09-09T00:00:00+07:00,pj,True
suara-tamalanrea.example,Makassar,2019-06-10,48,0.082,0.623,-471,https://suara-tamalanrea.example/fixture/metrik/2019-06-10,,2026-09-09,2026-09-09T00:00:00+07:00,2026-09-09T00:00:00+07:00,pj,True
suara-tamalanrea.example,Makassar,2019-06-17,38,0.124,0.544,-464,https://suara-tamalanrea.example/fixture/metrik/2019-06-17,,2026-09-09,2026-09-09T00:00:00+07:00,2026-09-09T00:00:00+07:00,pj,True
suara-tamalanrea.example,Makassar,2019-06-24,29,0.052,0.536,-457,https://suara-tamalanrea.example/fixture/metrik/2019-06-24,,2026-09-09,2026-09-09T00:00:00+07:00,2026-09-09T00:00:00+07:00,pj,True
suara-tamalanrea.example,Makassar,2019-07-01,29,0.092,0.485,-450,https://suara-tamalanrea.example/fixture/metrik/2019-07-01,,2026-09-09,2026-09-09T00:00:00+07:00,2026-09-09T00:00:00+07:00,pj,True
suara-tamalanrea.example,Makassar,2019-07-08,45,0.041,0.578,-443,https://suara-tamalanrea.example/fixture/metrik/2019-07-08,,2026-09-09,2026-09-09T00:00:00+07:00,2026-09-09T00:00:00+07:00,pj,True
suara-tamalanrea.example,Makassar,2019-07-15,39,0.02,0.488,-436,https://suara-tamalanrea.example/fixture/metrik/2019-07-15,,2026-09-09,2026-09-09T00:00:00+07:00,2026-09-09T00:00:00+07:00,pj,True
suara-tamalanrea.example,Makassar,2019-07-22,34,0.147,0.566,-429,https://suara-tamalanrea.example/fixture/metrik/2019-07-22,,2026-09-09,2026-09-09T00:00:00+07:00,2026-09-09T00:00:00+07:00,pj,True
suara-tamalanrea.example,Makassar,2019-07-29,39,0.087,0.544,-422,https://suara-tamalanrea.example/fixture/metrik/2019-07-29,,2026-09-09,2026-09-09T00:00:00+07:00,2026-09-09T00:00:00+07:00,pj,True
suara-tamalanrea.example,Makassar,2019-08-05,32,0.043,0.526,-415,https://suara-tamalanrea.example/fixture/metrik/2019-08-05,,2026-09-09,2026-09-09T00:00:00+07:00,2026-09-09T00:00:00+07:00,pj,True
suara-tamalanrea.example,Makassar,2019-08-12,33,0.087,0.538,-408,https://suara-tamalanrea.example/fixture/metrik/2019-08-12,,2026-09-09,2026-09-09T00:00:00+07:00,2026-09-09T00:00:00+07:00,pj,True
suara-tamalanrea.example,Makassar,2019-08-19,53,0.135,0.582,-401,https://suara-tamalanrea.example/fixture/metrik/2019-08-19,,2026-09-09,2026-09-09T00:00:00+07:00,2026-09-09T00:00:00+07:00,pj,True
suara-tamalanrea.example,Makassar,2019-08-26,36,0.09,0.548,-394,https://suara-tamalanrea.example/fixture/metrik/2019-08-26,,2026-09-09,2026-09-09T00:00:00+07:00,2026-09-09T00:00:00+07:00,pj,True
suara-tamalanrea.example,Makassar,2019-09-02,32,0.061,0.594,-387,https://suara-tamalanrea.example/fixture/metrik/2019-09-02,,2026-09-09,2026-09-09T00:00:00+07:00,2026-09-09T00:00:00+07:00,pj,True
suara-tamalanrea.example,Makassar,2019-09-09,29,0.103,0.506,-380,https://suara-tamalanrea.example/fixture/metrik/2019-09-09,,2026-09-09,2026-09-09T00:00:00+07:00,2026-09-09T00:00:00+07:00,pj,True
suara-tamalanrea.example,Makassar,2019-09-16,42,0.044,0.447,-373,https://suara-tamalanrea.example/fixture/metrik/2019-09-16,,2026-09-09,2026-09-09T00:00:00+07:00,2026-09-09T00:00:00+07:00,pj,True
suara-tamalanrea.example,Makassar,2019-09-23,33,0.133,0.584,-366,https://suara-tamalanrea.example/fixture/metrik/2019-09-23,,2026-09-09,2026-09-09T00:00:00+07:00,2026-09-09T00:00:00+07:00,pj,True
suara-tamalanrea.example,Makassar,2019-09-30,38,0.097,0.474,-359,https://suara-tamalanrea.example/fixture/metrik/2019-09-30,,2026-09-09,2026-09-09T00:00:00+07:00,2026-09-09T00:00:00+07:00,pj,True
suara-tamalanrea.example,Makassar,2019-10-07,36,0.095,0.485,-352,https://suara-tamalanrea.example/fixture/metrik/2019-10-07,,2026-09-09,2026-09-09T00:00:00+07:00,2026-09-09T00:00:00+07:00,pj,True
suara-tamalanrea.example,Makassar,2019-10-14,36,0.126,0.575,-345,https://suara-tamalanrea.example/fixture/metrik/2019-10-14,,2026-09-09,2026-09-09T00:00:00+07:00,2026-09-09T00:00:00+07:00,pj,True
suara-tamalanrea.example,Makassar,2019-10-21,35,0.111,0.537,-338,https://suara-tamalanrea.example/fixture/metrik/2019-10-21,,2026-09-09,2026-09-09T00:00:00+07:00,2026-09-09T00:00:00+07:00,pj,True
suara-tamalanrea.example,Makassar,2019-10-28,29,0.1,0.511,-331,https://suara-tamalanrea.example/fixture/metrik/2019-10-28,,2026-09-09,2026-09-09T00:00:00+07:00,2026-09-09T00:00:00+07:00,pj,True
suara-tamalanrea.example,Makassar,2019-11-04,48,0.102,0.502,-324,https://suara-tamalanrea.example/fixture/metrik/2019-11-04,,2026-09-09,2026-09-09T00:00:00+07:00,2026-09-09T00:00:00+07:00,pj,True
suara-tamalanrea.example,Makassar,2019-11-11,33,0.102,0.437,-317,https://suara-tamalanrea.example/fixture/metrik/2019-11-11,,2026-09-09,2026-09-09T00:00:00+07:00,2026-09-09T00:00:00+07:00,pj,True
suara-tamalanrea.example,Makassar,2019-11-18,34,0.106,0.539,-310,https://suara-tamalanrea.example/fixture/metrik/2019-11-18,,2026-09-09,2026-09-09T00:00:00+07:00,2026-09-09T00:00:00+07:00,pj,True
suara-tamalanrea.example,Makassar,2019-11-25,47,0.081,0.55,-303,https://suara-tamalanrea.example/fixture/metrik/2019-11-25,,2026-09-09,2026-09-09T00:00:00+07:00,2026-09-09T00:00:00+07:00,pj,True
suara-tamalanrea.example,Makassar,2019-12-02,42,0.101,0.522,-296,https://suara-tamalanrea.example/fixture/metrik/2019-12-02,,2026-09-09,2026-09-09T00:00:00+07:00,2026-09-09T00:00:00+07:00,pj,True
suara-tamalanrea.example,Makassar,2019-12-09,43,0.16,0.47,-289,https://suara-tamalanrea.example/fixture/metrik/2019-12-09,,2026-09-09,2026-09-09T00:00:00+07:00,2026-09-09T00:00:00+07:00,pj,True
suara-tamalanrea.example,Makassar,2019-12-16,32,0.118,0.559,-282,https://suara-tamalanrea.example/fixture/metrik/2019-12-16,,2026-09-09,2026-09-09T00:00:00+07:00,2026-09-09T00:00:00+07:00,pj,True
suara-tamalanrea.example,Makassar,2019-12-23,37,0.115,0.503,-275,https://suara-tamalanrea.example/fixture/metrik/2019-12-23,,2026-09-09,2026-09-09T00:00:00+07:00,2026-09-09T00:00:00+07:00,pj,True
suara-tamalanrea.example,Makassar,2019-12-30,36,0.117,0.554,-268,https://suara-tamalanrea.example/fixture/metrik/2019-12-30,,2026-09-09,2026-09-09T00:00:00+07:00,2026-09-09T00:00:00+07:00,pj,True
suara-tamalanrea.example,Makassar,2020-01-06,36,0.045,0.577,-261,https://suara-tamalanrea.example/fixture/metrik/2020-01-06,,2026-09-09,2026-09-09T00:00:00+07:00,2026-09-09T00:00:00+07:00,pj,True
suara-tamalanrea.example,Makassar,2020-01-13,47,0.101,0.486,-254,https://suara-tamalanrea.example/fixture/metrik/2020-01-13,,2026-09-09,2026-09-09T00:00:00+07:00,2026-09-09T00:00:00+07:00,pj,True
suara-tamalanrea.example,Makassar,2020-01-20,34,0.088,0.54,-247,https://suara-tamalanrea.example/fixture/metrik/2020-01-20,,2026-09-09,2026-09-09T00:00:00+07:00,2026-09-09T00:00:00+07:00,pj,True
suara-tamalanrea.example,Makassar,2020-01-27,36,0.095,0.543,-240,https://suara-tamalanrea.example/fixture/metrik/2020-01-27,,2026-09-09,2026-09-09T00:00:00+07:00,2026-09-09T00:00:00+07:00,pj,True
suara-tamalanrea.example,Makassar,2020-02-03,42,0.089,0.549,-233,https://suara-tamalanrea.example/fixture/metrik/2020-02-03,,2026-09-09,2026-09-09T00:00:00+07:00,2026-09-09T00:00:00+07:00,pj,True
suara-tamalanrea.example,Makassar,2020-02-10,25,0.045,0.492,-226,https://suara-tamalanrea.example/fixture/metrik/2020-02-10,,2026-09-09,2026-09-09T00:00:00+07:00,2026-09-09T00:00:00+07:00,pj,True
suara-tamalanrea.example,Makassar,2020-02-17,43,0.106,0.53,-219,https://suara-tamalanrea.example/fixture/metrik/2020-02-17,,2026-09-09,2026-09-09T00:00:00+07:00,2026-09-09T00:00:00+07:00,pj,True
suara-tamalanrea.example,Makassar,2020-02-24,49,0.125,0.464,-212,https://suara-tamalanrea.example/fixture/metrik/2020-02-24,,2026-09-09,2026-09-09T00:00:00+07:00,2026-09-09T00:00:00+07:00,pj,True
suara-tamalanrea.example,Makassar,2020-03-02,45,0.135,0.547,-205,https://suara-tamalanrea.example/fixture/metrik/2020-03-02,,2026-09-09,2026-09-09T00:00:00+07:00,2026-09-09T00:00:00+07:00,pj,True
suara-tamalanrea.example,Makassar,2020-03-09,35,0.194,0.436,-198,https://suara-tamalanrea.example/fixture/metrik/2020-03-09,,2026-09-09,2026-09-09T00:00:00+07:00,2026-09-09T00:00:00+07:00,pj,True
suara-tamalanrea.example,Makassar,2020-03-16,45,0.142,0.533,-191,https://suara-tamalanrea.example/fixture/metrik/2020-03-16,,2026-09-09,2026-09-09T00:00:00+07:00,2026-09-09T00:00:00+07:00,pj,True
suara-tamalanrea.example,Makassar,2020-03-23,32,0.129,0.561,-184,https://suara-tamalanrea.example/fixture/metrik/2020-03-23,,2026-09-09,2026-09-09T00:00:00+07:00,2026-09-09T00:00:00+07:00,pj,True
suara-tamalanrea.example,Makassar,2020-03-30,29,0.164,0.422,-177,https://suara-tamalanrea.example/fixture/metrik/2020-03-30,,2026-09-09,2026-09-09T00:00:00+07:00,2026-09-09T00:00:00+07:00,pj,True
suara-tamalanrea.example,Makassar,2020-04-06,39,0.164,0.491,-170,https://suara-tamalanrea.example/fixture/metrik/2020-04-06,,2026-09-09,2026-09-09T00:00:00+07:00,2026-09-09T00:00:00+07:00,pj,True
suara-tamalanrea.example,Makassar,2020-04-13,34,0.119,0.486,-163,https://suara-tamalanrea.example/fixture/metrik/2020-04-13,,2026-09-09,2026-09-09T00:00:00+07:00,2026-09-09T00:00:00+07:00,pj,True
suara-tamalanrea.example,Makassar,2020-04-20,24,0.202,0.625,-156,https://suara-tamalanrea.example/fixture/metrik/2020-04-20,,2026-09-09,2026-09-09T00:00:00+07:00,2026-09-09T00:00:00+07:00,pj,True
suara-tamalanrea.example,Makassar,2020-04-27,29,0.152,0.526,-149,https://suara-tamalanrea.example/fixture/metrik/2020-04-27,,2026-09-09,2026-09-09T00:00:00+07:00,2026-09-09T00:00:00+07:00,pj,True
suara-tamalanrea.example,Makassar,2020-05-04,40,0.163,0.559,-142,https://suara-tamalanrea.example/fixture/metrik/2020-05-04,,2026-09-09,2026-09-09T00:00:00+07:00,2026-09-09T00:00:00+07:00,pj,True
suara-tamalanrea.example,Makassar,2020-05-11,34,0.23,0.515,-135,https://suara-tamalanrea.example/fixture/metrik/2020-05-11,,2026-09-09,2026-09-09T00:00:00+07:00,2026-09-09T00:00:00+07:00,pj,True
suara-tamalanrea.example,Makassar,2020-05-18,48,0.187,0.572,-128,https://suara-tamalanrea.example/fixture/metrik/2020-05-18,,2026-09-09,2026-09-09T00:00:00+07:00,2026-09-09T00:00:00+07:00,pj,True
suara-tamalanrea.example,Makassar,2020-05-25,39,0.29,0.636,-121,https://suara-tamalanrea.example/fixture/metrik/2020-05-25,,2026-09-09,2026-09-09T00:00:00+07:00,2026-09-09T00:00:00+07:00,pj,True
suara-tamalanrea.example,Makassar,2020-06-01,25,0.268,0.529,-114,https://suara-tamalanrea.example/fixture/metrik/2020-06-01,,2026-09-09,2026-09-09T00:00:00+07:00,2026-09-09T00:00:00+07:00,pj,True
suara-tamalanrea.example,Makassar,2020-06-08,40,0.267,0.644,-107,https://suara-tamalanrea.example/fixture/metrik/2020-06-08,,2026-09-09,2026-09-09T00:00:00+07:00,2026-09-09T00:00:00+07:00,pj,True
suara-tamalanrea.example,Makassar,2020-06-15,28,0.238,0.579,-100,https://suara-tamalanrea.example/fixture/metrik/2020-06-15,,2026-09-09,2026-09-09T00:00:00+07:00,2026-09-09T00:00:00+07:00,pj,True
suara-tamalanrea.example,Makassar,2020-06-22,37,0.278,0.655,-93,https://suara-tamalanrea.example/fixture/metrik/2020-06-22,,2026-09-09,2026-09-09T00:00:00+07:00,2026-09-09T00:00:00+07:00,pj,True
suara-tamalanrea.example,Makassar,2020-06-29,38,0.311,0.675,-86,https://suara-tamalanrea.example/fixture/metrik/2020-06-29,,2026-09-09,2026-09-09T00:00:00+07:00,2026-09-09T00:00:00+07:00,pj,True
suara-tamalanrea.example,Makassar,2020-07-06,41,0.285,0.585,-79,https://suara-tamalanrea.example/fixture/metrik/2020-07-06,,2026-09-09,2026-09-09T00:00:00+07:00,2026-09-09T00:00:00+07:00,pj,True
suara-tamalanrea.example,Makassar,2020-07-13,17,0.321,0.563,-72,https://suara-tamalanrea.example/fixture/metrik/2020-07-13,,2026-09-09,2026-09-09T00:00:00+07:00,2026-09-09T00:00:00+07:00,pj,True
suara-tamalanrea.example,Makassar,2020-07-20,38,0.33,0.606,-65,https://suara-tamalanrea.example/fixture/metrik/2020-07-20,,2026-09-09,2026-09-09T00:00:00+07:00,2026-09-09T00:00:00+07:00,pj,True
suara-tamalanrea.example,Makassar,2020-07-27,43,0.337,0.596,-58,https://suara-tamalanrea.example/fixture/metrik/2020-07-27,,2026-09-09,2026-09-09T00:00:00+07:00,2026-09-09T00:00:00+07:00,pj,True
suara-tamalanrea.example,Makassar,2020-08-03,40,0.374,0.664,-51,https://suara-tamalanrea.example/fixture/metrik/2020-08-03,,2026-09-09,2026-09-09T00:00:00+07:00,2026-09-09T00:00:00+07:00,pj,True
suara-tamalanrea.example,Makassar,2020-08-10,32,0.325,0.678,-44,https://suara-tamalanrea.example/fixture/metrik/2020-08-10,,2026-09-09,2026-09-09T00:00:00+07:00,2026-09-09T00:00:00+07:00,pj,True
suara-tamalanrea.example,Makassar,2020-08-17,36,0.372,0.599,-37,https://suara-tamalanrea.example/fixture/metrik/2020-08-17,,2026-09-09,2026-09-09T00:00:00+07:00,2026-09-09T00:00:00+07:00,pj,True
suara-tamalanrea.example,Makassar,2020-08-24,39,0.417,0.668,-30,https://suara-tamalanrea.example/fixture/metrik/2020-08-24,,2026-09-09,2026-09-09T00:00:00+07:00,2026-09-09T00:00:00+07:00,pj,True
suara-tamalanrea.example,Makassar,2020-08-31,37,0.456,0.699,-23,https://suara-tamalanrea.example/fixture/metrik/2020-08-31,,2026-09-09,2026-09-09T00:00:00+07:00,2026-09-09T00:00:00+07:00,pj,True
suara-tamalanrea.example,Makassar,2020-09-07,38,0.384,0.533,-16,https://suara-tamalanrea.example/fixture/metrik/2020-09-07,,2026-09-09,2026-09-09T00:00:00+07:00,2026-09-09T00:00:00+07:00,pj,True
suara-tamalanrea.example,Makassar,2020-09-14,40,0.316,0.662,-9,https://suara-tamalanrea.example/fixture/metrik/2020-09-14,,2026-09-09,2026-09-09T00:00:00+07:00,2026-09-09T00:00:00+07:00,pj,True
suara-tamalanrea.example,Makassar,2020-09-21,32,0.372,0.632,-2,https://suara-tamalanrea.example/fixture/metrik/2020-09-21,,2026-09-09,2026-09-09T00:00:00+07:00,2026-09-09T00:00:00+07:00,pj,True
suara-tamalanrea.example,Makassar,2020-09-28,33,0.404,0.699,5,https://suara-tamalanrea.example/fixture/metrik/2020-09-28,,2026-09-09,2026-09-09T00:00:00+07:00,2026-09-09T00:00:00+07:00,pj,True
suara-tamalanrea.example,Makassar,2020-10-05,36,0.336,0.527,12,https://suara-tamalanrea.example/fixture/metrik/2020-10-05,,2026-09-09,2026-09-09T00:00:00+07:00,2026-09-09T00:00:00+07:00,pj,True
suara-tamalanrea.example,Makassar,2020-10-12,43,0.086,0.525,19,https://suara-tamalanrea.example/fixture/metrik/2020-10-12,,2026-09-09,2026-09-09T00:00:00+07:00,2026-09-09T00:00:00+07:00,pj,True
suara-tamalanrea.example,Makassar,2020-10-19,57,0.083,0.581,26,https://suara-tamalanrea.example/fixture/metrik/2020-10-19,,2026-09-09,2026-09-09T00:00:00+07:00,2026-09-09T00:00:00+07:00,pj,True
suara-tamalanrea.example,Makassar,2020-10-26,36,0.095,0.53,33,https://suara-tamalanrea.example/fixture/metrik/2020-10-26,,2026-09-09,2026-09-09T00:00:00+07:00,2026-09-09T00:00:00+07:00,pj,True
suara-tamalanrea.example,Makassar,2020-11-02,32,0.061,0.605,40,https://suara-tamalanrea.example/fixture/metrik/2020-11-02,,2026-09-09,2026-09-09T00:00:00+07:00,2026-09-09T00:00:00+07:00,pj,True
suara-tamalanrea.example,Makassar,2020-11-09,33,0.065,0.536,47,https://suara-tamalanrea.example/fixture/metrik/2020-11-09,,2026-09-09,2026-09-09T00:00:00+07:00,2026-09-09T00:00:00+07:00,pj,True
suara-tamalanrea.example,Makassar,2020-11-16,37,0.062,0.411,54,https://suara-tamalanrea.example/fixture/metrik/2020-11-16,,2026-09-09,2026-09-09T00:00:00+07:00,2026-09-09T00:00:00+07:00,pj,True
suara-tamalanrea.example,Makassar,2020-11-23,29,0.069,0.587,61,https://suara-tamalanrea.example/fixture/metrik/2020-11-23,,2026-09-09,2026-09-09T00:00:00+07:00,2026-09-09T00:00:00+07:00,pj,True
suara-tamalanrea.example,Makassar,2020-11-30,38,0.092,0.56,68,https://suara-tamalanrea.example/fixture/metrik/2020-11-30,,2026-09-09,2026-09-09T00:00:00+07:00,2026-09-09T00:00:00+07:00,pj,True
suara-tamalanrea.example,Makassar,2020-12-07,31,0.188,0.575,75,https://suara-tamalanrea.example/fixture/metrik/2020-12-07,,2026-09-09,2026-09-09T00:00:00+07:00,2026-09-09T00:00:00+07:00,pj,True
suara-tamalanrea.example,Makassar,2020-12-14,43,0.044,0.527,82,https://suara-tamalanrea.example/fixture/metrik/2020-12-14,,2026-09-09,2026-09-09T00:00:00+07:00,2026-09-09T00:00:00+07:00,pj,True
suara-tamalanrea.example,Makassar,2020-12-21,40,0.119,0.53,89,https://suara-tamalanrea.example/fixture/metrik/2020-12-21,,2026-09-09,2026-09-09T00:00:00+07:00,2026-09-09T00:00:00+07:00,pj,True
suara-tamalanrea.example,Makassar,2020-12-28,53,0.106,0.497,96,https://suara-tamalanrea.example/fixture/metrik/2020-12-28,,2026-09-09,2026-09-09T00:00:00+07:00,2026-09-09T00:00:00+07:00,pj,True
suara-tamalanrea.example,Makassar,2021-01-04,50,0.132,0.479,103,https://suara-tamalanrea.example/fixture/metrik/2021-01-04,,2026-09-09,2026-09-09T00:00:00+07:00,2026-09-09T00:00:00+07:00,pj,True
suara-tamalanrea.example,Makassar,2021-01-11,35,0.067,0.59,110,https://suara-tamalanrea.example/fixture/metrik/2021-01-11,,2026-09-09,2026-09-09T00:00:00+07:00,2026-09-09T00:00:00+07:00,pj,True
suara-tamalanrea.example,Makassar,2021-01-18,28,0.133,0.494,117,https://suara-tamalanrea.example/fixture/metrik/2021-01-18,,2026-09-09,2026-09-09T00:00:00+07:00,2026-09-09T00:00:00+07:00,pj,True
suara-tamalanrea.example,Makassar,2021-01-25,53,0.089,0.55,124,https://suara-tamalanrea.example/fixture/metrik/2021-01-25,,2026-09-09,2026-09-09T00:00:00+07:00,2026-09-09T00:00:00+07:00,pj,True
suara-tamalanrea.example,Makassar,2021-02-01,33,0.085,0.57,131,https://suara-tamalanrea.example/fixture/metrik/2021-02-01,,2026-09-09,2026-09-09T00:00:00+07:00,2026-09-09T00:00:00+07:00,pj,True
suara-tamalanrea.example,Makassar,2021-02-08,40,0.069,0.573,138,https://suara-tamalanrea.example/fixture/metrik/2021-02-08,,2026-09-09,2026-09-09T00:00:00+07:00,2026-09-09T00:00:00+07:00,pj,True
suara-tamalanrea.example,Makassar,2021-02-15,34,0.113,0.595,145,https://suara-tamalanrea.example/fixture/metrik/2021-02-15,,2026-09-09,2026-09-09T00:00:00+07:00,2026-09-09T00:00:00+07:00,pj,True
suara-tamalanrea.example,Makassar,2021-02-22,46,0.084,0.588,152,https://suara-tamalanrea.example/fixture/metrik/2021-02-22,,2026-09-09,2026-09-09T00:00:00+07:00,2026-09-09T00:00:00+07:00,pj,True
suara-tamalanrea.example,Makassar,2021-03-01,32,0.292,0.524,159,https://suara-tamalanrea.example/fixture/metrik/2021-03-01,,2026-09-09,2026-09-09T00:00:00+07:00,2026-09-09T00:00:00+07:00,danny2,True
suara-tamalanrea.example,Makassar,2021-03-08,46,0.349,0.533,166,https://suara-tamalanrea.example/fixture/metrik/2021-03-08,,2026-09-09,2026-09-09T00:00:00+07:00,2026-09-09T00:00:00+07:00,danny2,True
suara-tamalanrea.example,Makassar,2021-03-15,37,0.304,0.484,173,https://suara-tamalanrea.example/fixture/metrik/2021-03-15,,2026-09-09,2026-09-09T00:00:00+07:00,2026-09-09T00:00:00+07:00,danny2,True
suara-tamalanrea.example,Makassar,2021-03-22,45,0.319,0.601,180,https://suara-tamalanrea.example/fixture/metrik/2021-03-22,,2026-09-09,2026-09-09T00:00:00+07:00,2026-09-09T00:00:00+07:00,danny2,True
suara-tamalanrea.example,Makassar,2021-03-29,29,0.336,0.421,187,https://suara-tamalanrea.example/fixture/metrik/2021-03-29,,2026-09-09,2026-09-09T00:00:00+07:00,2026-09-09T00:00:00+07:00,danny2,True
suara-tamalanrea.example,Makassar,2021-04-05,36,0.317,0.528,194,https://suara-tamalanrea.example/fixture/metrik/2021-04-05,,2026-09-09,2026-09-09T00:00:00+07:00,2026-09-09T00:00:00+07:00,danny2,True
suara-tamalanrea.example,Makassar,2021-04-12,34,0.328,0.517,201,https://suara-tamalanrea.example/fixture/metrik/2021-04-12,,2026-09-09,2026-09-09T00:00:00+07:00,2026-09-09T00:00:00+07:00,danny2,True
suara-tamalanrea.example,Makassar,2021-04-19,45,0.377,0.482,208,https://suara-tamalanrea.example/fixture/metrik/2021-04-19,,2026-09-09,2026-09-09T00:00:00+07:00,2026-09-09T00:00:00+07:00,danny2,True
suara-tamalanrea.example,Makassar,2021-04-26,29,0.367,0.523,215,https://suara-tamalanrea.example/fixture/metrik/2021-04-26,,2026-09-09,2026-09-09T00:00:00+07:00,2026-09-09T00:00:00+07:00,danny2,True
suara-tamalanrea.example,Makassar,2021-05-03,49,0.369,0.544,222,https://suara-tamalanrea.example/fixture/metrik/2021-05-03,,2026-09-09,2026-09-09T00:00:00+07:00,2026-09-09T00:00:00+07:00,danny2,True
suara-tamalanrea.example,Makassar,2021-05-10,39,0.395,0.488,229,https://suara-tamalanrea.example/fixture/metrik/2021-05-10,,2026-09-09,2026-09-09T00:00:00+07:00,2026-09-09T00:00:00+07:00,danny2,True
suara-tamalanrea.example,Makassar,2021-05-17,39,0.399,0.574,236,https://suara-tamalanrea.example/fixture/metrik/2021-05-17,,2026-09-09,2026-09-09T00:00:00+07:00,2026-09-09T00:00:00+07:00,danny2,True
suara-tamalanrea.example,Makassar,2021-05-24,49,0.377,0.507,243,https://suara-tamalanrea.example/fixture/metrik/2021-05-24,,2026-09-09,2026-09-09T00:00:00+07:00,2026-09-09T00:00:00+07:00,danny2,True
suara-tamalanrea.example,Makassar,2021-05-31,30,0.348,0.495,250,https://suara-tamalanrea.example/fixture/metrik/2021-05-31,,2026-09-09,2026-09-09T00:00:00+07:00,2026-09-09T00:00:00+07:00,danny2,True
suara-tamalanrea.example,Makassar,2021-06-07,28,0.33,0.525,257,https://suara-tamalanrea.example/fixture/metrik/2021-06-07,,2026-09-09,2026-09-09T00:00:00+07:00,2026-09-09T00:00:00+07:00,danny2,True
suara-tamalanrea.example,Makassar,2021-06-14,44,0.312,0.507,264,https://suara-tamalanrea.example/fixture/metrik/2021-06-14,,2026-09-09,2026-09-09T00:00:00+07:00,2026-09-09T00:00:00+07:00,danny2,True
suara-tamalanrea.example,Makassar,2021-06-21,33,0.373,0.511,271,https://suara-tamalanrea.example/fixture/metrik/2021-06-21,,2026-09-09,2026-09-09T00:00:00+07:00,2026-09-09T00:00:00+07:00,danny2,True
suara-tamalanrea.example,Makassar,2021-06-28,41,0.323,0.5,278,https://suara-tamalanrea.example/fixture/metrik/2021-06-28,,2026-09-09,2026-09-09T00:00:00+07:00,2026-09-09T00:00:00+07:00,danny2,True
suara-tamalanrea.example,Makassar,2021-07-05,39,0.283,0.481,285,https://suara-tamalanrea.example/fixture/metrik/2021-07-05,,2026-09-09,2026-09-09T00:00:00+07:00,2026-09-09T00:00:00+07:00,danny2,True
suara-tamalanrea.example,Makassar,2021-07-12,34,0.409,0.591,292,https://suara-tamalanrea.example/fixture/metrik/2021-07-12,,2026-09-09,2026-09-09T00:00:00+07:00,2026-09-09T00:00:00+07:00,danny2,True
suara-tamalanrea.example,Makassar,2021-07-19,41,0.286,0.499,299,https://suara-tamalanrea.example/fixture/metrik/2021-07-19,,2026-09-09,2026-09-09T00:00:00+07:00,2026-09-09T00:00:00+07:00,danny2,True
suara-tamalanrea.example,Makassar,2021-07-26,36,0.363,0.537,306,https://suara-tamalanrea.example/fixture/metrik/2021-07-26,,2026-09-09,2026-09-09T00:00:00+07:00,2026-09-09T00:00:00+07:00,danny2,True
suara-tamalanrea.example,Makassar,2021-08-02,32,0.361,0.553,313,https://suara-tamalanrea.example/fixture/metrik/2021-08-02,,2026-09-09,2026-09-09T00:00:00+07:00,2026-09-09T00:00:00+07:00,danny2,True
suara-tamalanrea.example,Makassar,2021-08-09,54,0.3,0.497,320,https://suara-tamalanrea.example/fixture/metrik/2021-08-09,,2026-09-09,2026-09-09T00:00:00+07:00,2026-09-09T00:00:00+07:00,danny2,True
suara-tamalanrea.example,Makassar,2021-08-16,26,0.355,0.491,327,https://suara-tamalanrea.example/fixture/metrik/2021-08-16,,2026-09-09,2026-09-09T00:00:00+07:00,2026-09-09T00:00:00+07:00,danny2,True
suara-tamalanrea.example,Makassar,2021-08-23,43,0.377,0.538,334,https://suara-tamalanrea.example/fixture/metrik/2021-08-23,,2026-09-09,2026-09-09T00:00:00+07:00,2026-09-09T00:00:00+07:00,danny2,True
suara-tamalanrea.example,Makassar,2021-08-30,44,0.353,0.441,341,https://suara-tamalanrea.example/fixture/metrik/2021-08-30,,2026-09-09,2026-09-09T00:00:00+07:00,2026-09-09T00:00:00+07:00,danny2,True
suara-tamalanrea.example,Makassar,2021-09-06,33,0.314,0.539,348,https://suara-tamalanrea.example/fixture/metrik/2021-09-06,,2026-09-09,2026-09-09T00:00:00+07:00,2026-09-09T00:00:00+07:00,danny2,True
suara-tamalanrea.example,Makassar,2021-09-13,41,0.295,0.46,355,https://suara-tamalanrea.example/fixture/metrik/2021-09-13,,2026-09-09,2026-09-09T00:00:00+07:00,2026-09-09T00:00:00+07:00,danny2,True
suara-tamalanrea.example,Makassar,2021-09-20,41,0.377,0.468,362,https://suara-tamalanrea.example/fixture/metrik/2021-09-20,,2026-09-09,2026-09-09T00:00:00+07:00,2026-09-09T00:00:00+07:00,danny2,True
suara-tamalanrea.example,Makassar,2021-09-27,42,0.29,0.513,369,https://suara-tamalanrea.example/fixture/metrik/2021-09-27,,2026-09-09,2026-09-09T00:00:00+07:00,2026-09-09T00:00:00+07:00,danny2,True
suara-tamalanrea.example,Makassar,2021-10-04,48,0.369,0.569,376,https://suara-tamalanrea.example/fixture/metrik/2021-10-04,,2026-09-09,2026-09-09T00:00:00+07:00,2026-09-09T00:00:00+07:00,danny2,True
suara-tamalanrea.example,Makassar,2021-10-11,47,0.345,0.488,383,https://suara-tamalanrea.example/fixture/metrik/2021-10-11,,2026-09-09,2026-09-09T00:00:00+07:00,2026-09-09T00:00:00+07:00,danny2,True
suara-tamalanrea.example,Makassar,2021-10-18,44,0.378,0.57,390,https://suara-tamalanrea.example/fixture/metrik/2021-10-18,,2026-09-09,2026-09-09T00:00:00+07:00,2026-09-09T00:00:00+07:00,danny2,True
suara-tamalanrea.example,Makassar,2021-10-25,36,0.343,0.592,397,https://suara-tamalanrea.example/fixture/metrik/2021-10-25,,2026-09-09,2026-09-09T00:00:00+07:00,2026-09-09T00:00:00+07:00,danny2,True
suara-tamalanrea.example,Makassar,2021-11-01,46,0.329,0.489,404,https://suara-tamalanrea.example/fixture/metrik/2021-11-01,,2026-09-09,2026-09-09T00:00:00+07:00,2026-09-09T00:00:00+07:00,danny2,True
suara-tamalanrea.example,Makassar,2021-11-08,50,0.342,0.577,411,https://suara-tamalanrea.example/fixture/metrik/2021-11-08,,2026-09-09,2026-09-09T00:00:00+07:00,2026-09-09T00:00:00+07:00,danny2,True
suara-tamalanrea.example,Makassar,2021-11-15,41,0.377,0.523,418,https://suara-tamalanrea.example/fixture/metrik/2021-11-15,,2026-09-09,2026-09-09T00:00:00+07:00,2026-09-09T00:00:00+07:00,danny2,True
suara-tamalanrea.example,Makassar,2021-11-22,36,0.334,0.544,425,https://suara-tamalanrea.example/fixture/metrik/2021-11-22,,2026-09-09,2026-09-09T00:00:00+07:00,2026-09-09T00:00:00+07:00,danny2,True
suara-tamalanrea.example,Makassar,2021-11-29,33,0.281,0.54,432,https://suara-tamalanrea.example/fixture/metrik/2021-11-29,,2026-09-09,2026-09-09T00:00:00+07:00,2026-09-09T00:00:00+07:00,danny2,True
suara-tamalanrea.example,Makassar,2021-12-06,42,0.328,0.567,439,https://suara-tamalanrea.example/fixture/metrik/2021-12-06,,2026-09-09,2026-09-09T00:00:00+07:00,2026-09-09T00:00:00+07:00,danny2,True
suara-tamalanrea.example,Makassar,2021-12-13,46,0.362,0.533,446,https://suara-tamalanrea.example/fixture/metrik/2021-12-13,,2026-09-09,2026-09-09T00:00:00+07:00,2026-09-09T00:00:00+07:00,danny2,True
suara-tamalanrea.example,Makassar,2021-12-20,35,0.379,0.584,453,https://suara-tamalanrea.example/fixture/metrik/2021-12-20,,2026-09-09,2026-09-09T00:00:00+07:00,2026-09-09T00:00:00+07:00,danny2,True
suara-tamalanrea.example,Makassar,2021-12-27,40,0.368,0.473,460,https://suara-tamalanrea.example/fixture/metrik/2021-12-27,,2026-09-09,2026-09-09T00:00:00+07:00,2026-09-09T00:00:00+07:00,danny2,True
suara-tamalanrea.example,Makassar,2022-01-03,29,0.356,0.489,467,https://suara-tamalanrea.example/fixture/metrik/2022-01-03,,2026-09-09,2026-09-09T00:00:00+07:00,2026-09-09T00:00:00+07:00,danny2,True
suara-tamalanrea.example,Makassar,2022-01-10,23,0.334,0.509,474,https://suara-tamalanrea.example/fixture/metrik/2022-01-10,,2026-09-09,2026-09-09T00:00:00+07:00,2026-09-09T00:00:00+07:00,danny2,True
suara-tamalanrea.example,Makassar,2022-01-17,36,0.362,0.539,481,https://suara-tamalanrea.example/fixture/metrik/2022-01-17,,2026-09-09,2026-09-09T00:00:00+07:00,2026-09-09T00:00:00+07:00,danny2,True
suara-tamalanrea.example,Makassar,2022-01-24,32,0.334,0.503,488,https://suara-tamalanrea.example/fixture/metrik/2022-01-24,,2026-09-09,2026-09-09T00:00:00+07:00,2026-09-09T00:00:00+07:00,danny2,True
suara-tamalanrea.example,Makassar,2022-01-31,43,0.33,0.579,495,https://suara-tamalanrea.example/fixture/metrik/2022-01-31,,2026-09-09,2026-09-09T00:00:00+07:00,2026-09-09T00:00:00+07:00,danny2,True
suara-tamalanrea.example,Makassar,2022-02-07,37,0.344,0.536,502,https://suara-tamalanrea.example/fixture/metrik/2022-02-07,,2026-09-09,2026-09-09T00:00:00+07:00,2026-09-09T00:00:00+07:00,danny2,True
suara-tamalanrea.example,Makassar,2022-02-14,22,0.341,0.555,509,https://suara-tamalanrea.example/fixture/metrik/2022-02-14,,2026-09-09,2026-09-09T00:00:00+07:00,2026-09-09T00:00:00+07:00,danny2,True
suara-tamalanrea.example,Makassar,2022-02-21,45,0.352,0.512,516,https://suara-tamalanrea.example/fixture/metrik/2022-02-21,,2026-09-09,2026-09-09T00:00:00+07:00,2026-09-09T00:00:00+07:00,danny2,True
suara-tamalanrea.example,Makassar,2022-02-28,46,0.363,0.534,523,https://suara-tamalanrea.example/fixture/metrik/2022-02-28,,2026-09-09,2026-09-09T00:00:00+07:00,2026-09-09T00:00:00+07:00,danny2,True
suara-tamalanrea.example,Makassar,2022-03-07,35,0.352,0.405,530,https://suara-tamalanrea.example/fixture/metrik/2022-03-07,,2026-09-09,2026-09-09T00:00:00+07:00,2026-09-09T00:00:00+07:00,danny2,True
suara-tamalanrea.example,Makassar,2022-03-14,39,0.335,0.546,537,https://suara-tamalanrea.example/fixture/metrik/2022-03-14,,2026-09-09,2026-09-09T00:00:00+07:00,2026-09-09T00:00:00+07:00,danny2,True
suara-tamalanrea.example,Makassar,2022-03-21,40,0.376,0.484,544,https://suara-tamalanrea.example/fixture/metrik/2022-03-21,,2026-09-09,2026-09-09T00:00:00+07:00,2026-09-09T00:00:00+07:00,danny2,True
suara-tamalanrea.example,Makassar,2022-03-28,37,0.374,0.546,551,https://suara-tamalanrea.example/fixture/metrik/2022-03-28,,2026-09-09,2026-09-09T00:00:00+07:00,2026-09-09T00:00:00+07:00,danny2,True
suara-tamalanrea.example,Makassar,2022-04-04,42,0.399,0.539,558,https://suara-tamalanrea.example/fixture/metrik/2022-04-04,,2026-09-09,2026-09-09T00:00:00+07:00,2026-09-09T00:00:00+07:00,danny2,True
suara-tamalanrea.example,Makassar,2022-04-11,47,0.328,0.545,565,https://suara-tamalanrea.example/fixture/metrik/2022-04-11,,2026-09-09,2026-09-09T00:00:00+07:00,2026-09-09T00:00:00+07:00,danny2,True
suara-tamalanrea.example,Makassar,2022-04-18,28,0.344,0.428,572,https://suara-tamalanrea.example/fixture/metrik/2022-04-18,,2026-09-09,2026-09-09T00:00:00+07:00,2026-09-09T00:00:00+07:00,danny2,True
suara-tamalanrea.example,Makassar,2022-04-25,40,0.324,0.507,579,https://suara-tamalanrea.example/fixture/metrik/2022-04-25,,2026-09-09,2026-09-09T00:00:00+07:00,2026-09-09T00:00:00+07:00,danny2,True
suara-tamalanrea.example,Makassar,2022-05-02,45,0.302,0.57,586,https://suara-tamalanrea.example/fixture/metrik/2022-05-02,,2026-09-09,2026-09-09T00:00:00+07:00,2026-09-09T00:00:00+07:00,danny2,True
suara-tamalanrea.example,Makassar,2022-05-09,30,0.377,0.498,593,https://suara-tamalanrea.example/fixture/metrik/2022-05-09,,2026-09-09,2026-09-09T00:00:00+07:00,2026-09-09T00:00:00+07:00,danny2,True
suara-tamalanrea.example,Makassar,2022-05-16,35,0.328,0.55,600,https://suara-tamalanrea.example/fixture/metrik/2022-05-16,,2026-09-09,2026-09-09T00:00:00+07:00,2026-09-09T00:00:00+07:00,danny2,True
suara-tamalanrea.example,Makassar,2022-05-23,48,0.319,0.503,607,https://suara-tamalanrea.example/fixture/metrik/2022-05-23,,2026-09-09,2026-09-09T00:00:00+07:00,2026-09-09T00:00:00+07:00,danny2,True
suara-tamalanrea.example,Makassar,2022-05-30,36,0.329,0.467,614,https://suara-tamalanrea.example/fixture/metrik/2022-05-30,,2026-09-09,2026-09-09T00:00:00+07:00,2026-09-09T00:00:00+07:00,danny2,True
suara-tamalanrea.example,Makassar,2022-06-06,51,0.32,0.508,621,https://suara-tamalanrea.example/fixture/metrik/2022-06-06,,2026-09-09,2026-09-09T00:00:00+07:00,2026-09-09T00:00:00+07:00,danny2,True
suara-tamalanrea.example,Makassar,2022-06-13,38,0.375,0.617,628,https://suara-tamalanrea.example/fixture/metrik/2022-06-13,,2026-09-09,2026-09-09T00:00:00+07:00,2026-09-09T00:00:00+07:00,danny2,True
suara-tamalanrea.example,Makassar,2022-06-20,40,0.364,0.373,635,https://suara-tamalanrea.example/fixture/metrik/2022-06-20,,2026-09-09,2026-09-09T00:00:00+07:00,2026-09-09T00:00:00+07:00,danny2,True
suara-tamalanrea.example,Makassar,2022-06-27,25,0.398,0.501,642,https://suara-tamalanrea.example/fixture/metrik/2022-06-27,,2026-09-09,2026-09-09T00:00:00+07:00,2026-09-09T00:00:00+07:00,danny2,True
suara-tamalanrea.example,Makassar,2022-07-04,29,0.341,0.505,649,https://suara-tamalanrea.example/fixture/metrik/2022-07-04,,2026-09-09,2026-09-09T00:00:00+07:00,2026-09-09T00:00:00+07:00,danny2,True
suara-tamalanrea.example,Makassar,2022-07-11,38,0.336,0.549,656,https://suara-tamalanrea.example/fixture/metrik/2022-07-11,,2026-09-09,2026-09-09T00:00:00+07:00,2026-09-09T00:00:00+07:00,danny2,True
suara-tamalanrea.example,Makassar,2022-07-18,32,0.323,0.561,663,https://suara-tamalanrea.example/fixture/metrik/2022-07-18,,2026-09-09,2026-09-09T00:00:00+07:00,2026-09-09T00:00:00+07:00,danny2,True
suara-tamalanrea.example,Makassar,2022-07-25,32,0.337,0.452,670,https://suara-tamalanrea.example/fixture/metrik/2022-07-25,,2026-09-09,2026-09-09T00:00:00+07:00,2026-09-09T00:00:00+07:00,danny2,True
suara-tamalanrea.example,Makassar,2022-08-01,44,0.366,0.562,677,https://suara-tamalanrea.example/fixture/metrik/2022-08-01,,2026-09-09,2026-09-09T00:00:00+07:00,2026-09-09T00:00:00+07:00,danny2,True
suara-tamalanrea.example,Makassar,2022-08-08,40,0.374,0.49,684,https://suara-tamalanrea.example/fixture/metrik/2022-08-08,,2026-09-09,2026-09-09T00:00:00+07:00,2026-09-09T00:00:00+07:00,danny2,True
suara-tamalanrea.example,Makassar,2022-08-15,36,0.34,0.548,691,https://suara-tamalanrea.example/fixture/metrik/2022-08-15,,2026-09-09,2026-09-09T00:00:00+07:00,2026-09-09T00:00:00+07:00,danny2,True
suara-tamalanrea.example,Makassar,2022-08-22,38,0.337,0.496,698,https://suara-tamalanrea.example/fixture/metrik/2022-08-22,,2026-09-09,2026-09-09T00:00:00+07:00,2026-09-09T00:00:00+07:00,danny2,True
suara-tamalanrea.example,Makassar,2022-08-29,36,0.378,0.551,705,https://suara-tamalanrea.example/fixture/metrik/2022-08-29,,2026-09-09,2026-09-09T00:00:00+07:00,2026-09-09T00:00:00+07:00,danny2,True
suara-tamalanrea.example,Makassar,2022-09-05,32,0.326,0.555,712,https://suara-tamalanrea.example/fixture/metrik/2022-09-05,,2026-09-09,2026-09-09T00:00:00+07:00,2026-09-09T00:00:00+07:00,danny2,True
suara-tamalanrea.example,Makassar,2022-09-12,44,0.352,0.518,719,https://suara-tamalanrea.example/fixture/metrik/2022-09-12,,2026-09-09,2026-09-09T00:00:00+07:00,2026-09-09T00:00:00+07:00,danny2,True
suara-tamalanrea.example,Makassar,2022-09-19,40,0.374,0.53,726,https://suara-tamalanrea.example/fixture/metrik/2022-09-19,,2026-09-09,2026-09-09T00:00:00+07:00,2026-09-09T00:00:00+07:00,danny2,True
suara-tamalanrea.example,Makassar,2022-09-26,40,0.368,0.506,-727,https://suara-tamalanrea.example/fixture/metrik/2022-09-26,,2026-09-09,2026-09-09T00:00:00+07:00,2026-09-09T00:00:00+07:00,danny2,True
suara-tamalanrea.example,Makassar,2022-10-03,29,0.424,0.545,-720,https://suara-tamalanrea.example/fixture/metrik/2022-10-03,,2026-09-09,2026-09-09T00:00:00+07:00,2026-09-09T00:00:00+07:00,danny2,True
suara-tamalanrea.example,Makassar,2022-10-10,50,0.352,0.53,-713,https://suara-tamalanrea.example/fixture/metrik/2022-10-10,,2026-09-09,2026-09-09T00:00:00+07:00,2026-09-09T00:00:00+07:00,danny2,True
suara-tamalanrea.example,Makassar,2022-10-17,42,0.308,0.489,-706,https://suara-tamalanrea.example/fixture/metrik/2022-10-17,,2026-09-09,2026-09-09T00:00:00+07:00,2026-09-09T00:00:00+07:00,danny2,True
suara-tamalanrea.example,Makassar,2022-10-24,35,0.344,0.473,-699,https://suara-tamalanrea.example/fixture/metrik/2022-10-24,,2026-09-09,2026-09-09T00:00:00+07:00,2026-09-09T00:00:00+07:00,danny2,True
suara-tamalanrea.example,Makassar,2022-10-31,39,0.347,0.553,-692,https://suara-tamalanrea.example/fixture/metrik/2022-10-31,,2026-09-09,2026-09-09T00:00:00+07:00,2026-09-09T00:00:00+07:00,danny2,True
suara-tamalanrea.example,Makassar,2022-11-07,35,0.303,0.56,-685,https://suara-tamalanrea.example/fixture/metrik/2022-11-07,,2026-09-09,2026-09-09T00:00:00+07:00,2026-09-09T00:00:00+07:00,danny2,True
suara-tamalanrea.example,Makassar,2022-11-14,33,0.369,0.585,-678,https://suara-tamalanrea.example/fixture/metrik/2022-11-14,,2026-09-09,2026-09-09T00:00:00+07:00,2026-09-09T00:00:00+07:00,danny2,True
suara-tamalanrea.example,Makassar,2022-11-21,27,0.294,0.574,-671,https://suara-tamalanrea.example/fixture/metrik/2022-11-21,,2026-09-09,2026-09-09T00:00:00+07:00,2026-09-09T00:00:00+07:00,danny2,True
suara-tamalanrea.example,Makassar,2022-11-28,45,0.375,0.457,-664,https://suara-tamalanrea.example/fixture/metrik/2022-11-28,,2026-09-09,2026-09-09T00:00:00+07:00,2026-09-09T00:00:00+07:00,danny2,True
suara-tamalanrea.example,Makassar,2022-12-05,47,0.329,0.506,-657,https://suara-tamalanrea.example/fixture/metrik/2022-12-05,,2026-09-09,2026-09-09T00:00:00+07:00,2026-09-09T00:00:00+07:00,danny2,True
suara-tamalanrea.example,Makassar,2022-12-12,33,0.342,0.427,-650,https://suara-tamalanrea.example/fixture/metrik/2022-12-12,,2026-09-09,2026-09-09T00:00:00+07:00,2026-09-09T00:00:00+07:00,danny2,True
suara-tamalanrea.example,Makassar,2022-12-19,45,0.343,0.562,-643,https://suara-tamalanrea.example/fixture/metrik/2022-12-19,,2026-09-09,2026-09-09T00:00:00+07:00,2026-09-09T00:00:00+07:00,danny2,True
suara-tamalanrea.example,Makassar,2022-12-26,35,0.411,0.501,-636,https://suara-tamalanrea.example/fixture/metrik/2022-12-26,,2026-09-09,2026-09-09T00:00:00+07:00,2026-09-09T00:00:00+07:00,danny2,True
suara-tamalanrea.example,Makassar,2023-01-02,33,0.319,0.492,-629,https://suara-tamalanrea.example/fixture/metrik/2023-01-02,,2026-09-09,2026-09-09T00:00:00+07:00,2026-09-09T00:00:00+07:00,danny2,True
suara-tamalanrea.example,Makassar,2023-01-09,32,0.304,0.533,-622,https://suara-tamalanrea.example/fixture/metrik/2023-01-09,,2026-09-09,2026-09-09T00:00:00+07:00,2026-09-09T00:00:00+07:00,danny2,True
suara-tamalanrea.example,Makassar,2023-01-16,32,0.411,0.535,-615,https://suara-tamalanrea.example/fixture/metrik/2023-01-16,,2026-09-09,2026-09-09T00:00:00+07:00,2026-09-09T00:00:00+07:00,danny2,True
suara-tamalanrea.example,Makassar,2023-01-23,39,0.363,0.569,-608,https://suara-tamalanrea.example/fixture/metrik/2023-01-23,,2026-09-09,2026-09-09T00:00:00+07:00,2026-09-09T00:00:00+07:00,danny2,True
suara-tamalanrea.example,Makassar,2023-01-30,34,0.302,0.52,-601,https://suara-tamalanrea.example/fixture/metrik/2023-01-30,,2026-09-09,2026-09-09T00:00:00+07:00,2026-09-09T00:00:00+07:00,danny2,True
suara-tamalanrea.example,Makassar,2023-02-06,38,0.349,0.588,-594,https://suara-tamalanrea.example/fixture/metrik/2023-02-06,,2026-09-09,2026-09-09T00:00:00+07:00,2026-09-09T00:00:00+07:00,danny2,True
suara-tamalanrea.example,Makassar,2023-02-13,44,0.336,0.479,-587,https://suara-tamalanrea.example/fixture/metrik/2023-02-13,,2026-09-09,2026-09-09T00:00:00+07:00,2026-09-09T00:00:00+07:00,danny2,True
suara-tamalanrea.example,Makassar,2023-02-20,31,0.363,0.555,-580,https://suara-tamalanrea.example/fixture/metrik/2023-02-20,,2026-09-09,2026-09-09T00:00:00+07:00,2026-09-09T00:00:00+07:00,danny2,True
suara-tamalanrea.example,Makassar,2023-02-27,40,0.426,0.489,-573,https://suara-tamalanrea.example/fixture/metrik/2023-02-27,,2026-09-09,2026-09-09T00:00:00+07:00,2026-09-09T00:00:00+07:00,danny2,True
suara-tamalanrea.example,Makassar,2023-03-06,38,0.321,0.511,-566,https://suara-tamalanrea.example/fixture/metrik/2023-03-06,,2026-09-09,2026-09-09T00:00:00+07:00,2026-09-09T00:00:00+07:00,danny2,True
suara-tamalanrea.example,Makassar,2023-03-13,31,0.367,0.56,-559,https://suara-tamalanrea.example/fixture/metrik/2023-03-13,,2026-09-09,2026-09-09T00:00:00+07:00,2026-09-09T00:00:00+07:00,danny2,True
suara-tamalanrea.example,Makassar,2023-03-20,45,0.331,0.506,-552,https://suara-tamalanrea.example/fixture/metrik/2023-03-20,,2026-09-09,2026-09-09T00:00:00+07:00,2026-09-09T00:00:00+07:00,danny2,True
suara-tamalanrea.example,Makassar,2023-03-27,46,0.334,0.523,-545,https://suara-tamalanrea.example/fixture/metrik/2023-03-27,,2026-09-09,2026-09-09T00:00:00+07:00,2026-09-09T00:00:00+07:00,danny2,True
suara-tamalanrea.example,Makassar,2023-04-03,38,0.355,0.523,-538,https://suara-tamalanrea.example/fixture/metrik/2023-04-03,,2026-09-09,2026-09-09T00:00:00+07:00,2026-09-09T00:00:00+07:00,danny2,True
suara-tamalanrea.example,Makassar,2023-04-10,39,0.304,0.515,-531,https://suara-tamalanrea.example/fixture/metrik/2023-04-10,,2026-09-09,2026-09-09T00:00:00+07:00,2026-09-09T00:00:00+07:00,danny2,True
suara-tamalanrea.example,Makassar,2023-04-17,28,0.385,0.521,-524,https://suara-tamalanrea.example/fixture/metrik/2023-04-17,,2026-09-09,2026-09-09T00:00:00+07:00,2026-09-09T00:00:00+07:00,danny2,True
suara-tamalanrea.example,Makassar,2023-04-24,37,0.364,0.588,-517,https://suara-tamalanrea.example/fixture/metrik/2023-04-24,,2026-09-09,2026-09-09T00:00:00+07:00,2026-09-09T00:00:00+07:00,danny2,True
suara-tamalanrea.example,Makassar,2023-05-01,44,0.313,0.544,-510,https://suara-tamalanrea.example/fixture/metrik/2023-05-01,,2026-09-09,2026-09-09T00:00:00+07:00,2026-09-09T00:00:00+07:00,danny2,True
suara-tamalanrea.example,Makassar,2023-05-08,51,0.304,0.504,-503,https://suara-tamalanrea.example/fixture/metrik/2023-05-08,,2026-09-09,2026-09-09T00:00:00+07:00,2026-09-09T00:00:00+07:00,danny2,True
suara-tamalanrea.example,Makassar,2023-05-15,43,0.286,0.51,-496,https://suara-tamalanrea.example/fixture/metrik/2023-05-15,,2026-09-09,2026-09-09T00:00:00+07:00,2026-09-09T00:00:00+07:00,danny2,True
suara-tamalanrea.example,Makassar,2023-05-22,43,0.358,0.588,-489,https://suara-tamalanrea.example/fixture/metrik/2023-05-22,,2026-09-09,2026-09-09T00:00:00+07:00,2026-09-09T00:00:00+07:00,danny2,True
suara-tamalanrea.example,Makassar,2023-05-29,34,0.346,0.544,-482,https://suara-tamalanrea.example/fixture/metrik/2023-05-29,,2026-09-09,2026-09-09T00:00:00+07:00,2026-09-09T00:00:00+07:00,danny2,True
suara-tamalanrea.example,Makassar,2023-06-05,43,0.384,0.429,-475,https://suara-tamalanrea.example/fixture/metrik/2023-06-05,,2026-09-09,2026-09-09T00:00:00+07:00,2026-09-09T00:00:00+07:00,danny2,True
suara-tamalanrea.example,Makassar,2023-06-12,31,0.296,0.486,-468,https://suara-tamalanrea.example/fixture/metrik/2023-06-12,,2026-09-09,2026-09-09T00:00:00+07:00,2026-09-09T00:00:00+07:00,danny2,True
suara-tamalanrea.example,Makassar,2023-06-19,44,0.34,0.409,-461,https://suara-tamalanrea.example/fixture/metrik/2023-06-19,,2026-09-09,2026-09-09T00:00:00+07:00,2026-09-09T00:00:00+07:00,danny2,True
suara-tamalanrea.example,Makassar,2023-06-26,40,0.337,0.508,-454,https://suara-tamalanrea.example/fixture/metrik/2023-06-26,,2026-09-09,2026-09-09T00:00:00+07:00,2026-09-09T00:00:00+07:00,danny2,True
suara-tamalanrea.example,Makassar,2023-07-03,33,0.341,0.507,-447,https://suara-tamalanrea.example/fixture/metrik/2023-07-03,,2026-09-09,2026-09-09T00:00:00+07:00,2026-09-09T00:00:00+07:00,danny2,True
suara-tamalanrea.example,Makassar,2023-07-10,45,0.37,0.577,-440,https://suara-tamalanrea.example/fixture/metrik/2023-07-10,,2026-09-09,2026-09-09T00:00:00+07:00,2026-09-09T00:00:00+07:00,danny2,True
suara-tamalanrea.example,Makassar,2023-07-17,31,0.344,0.539,-433,https://suara-tamalanrea.example/fixture/metrik/2023-07-17,,2026-09-09,2026-09-09T00:00:00+07:00,2026-09-09T00:00:00+07:00,danny2,True
suara-tamalanrea.example,Makassar,2023-07-24,32,0.295,0.53,-426,https://suara-tamalanrea.example/fixture/metrik/2023-07-24,,2026-09-09,2026-09-09T00:00:00+07:00,2026-09-09T00:00:00+07:00,danny2,True
suara-tamalanrea.example,Makassar,2023-07-31,24,0.343,0.597,-419,https://suara-tamalanrea.example/fixture/metrik/2023-07-31,,2026-09-09,2026-09-09T00:00:00+07:00,2026-09-09T00:00:00+07:00,danny2,True
suara-tamalanrea.example,Makassar,2023-08-07,38,0.344,0.611,-412,https://suara-tamalanrea.example/fixture/metrik/2023-08-07,,2026-09-09,2026-09-09T00:00:00+07:00,2026-09-09T00:00:00+07:00,danny2,True
suara-tamalanrea.example,Makassar,2023-08-14,38,0.379,0.539,-405,https://suara-tamalanrea.example/fixture/metrik/2023-08-14,,2026-09-09,2026-09-09T00:00:00+07:00,2026-09-09T00:00:00+07:00,danny2,True
suara-tamalanrea.example,Makassar,2023-08-21,30,0.322,0.473,-398,https://suara-tamalanrea.example/fixture/metrik/2023-08-21,,2026-09-09,2026-09-09T00:00:00+07:00,2026-09-09T00:00:00+07:00,danny2,True
suara-tamalanrea.example,Makassar,2023-08-28,44,0.353,0.526,-391,https://suara-tamalanrea.example/fixture/metrik/2023-08-28,,2026-09-09,2026-09-09T00:00:00+07:00,2026-09-09T00:00:00+07:00,danny2,True
suara-tamalanrea.example,Makassar,2023-09-04,30,0.379,0.566,-384,https://suara-tamalanrea.example/fixture/metrik/2023-09-04,,2026-09-09,2026-09-09T00:00:00+07:00,2026-09-09T00:00:00+07:00,danny2,True
suara-tamalanrea.example,Makassar,2023-09-11,42,0.362,0.385,-377,https://suara-tamalanrea.example/fixture/metrik/2023-09-11,,2026-09-09,2026-09-09T00:00:00+07:00,2026-09-09T00:00:00+07:00,danny2,True
suara-tamalanrea.example,Makassar,2023-09-18,42,0.315,0.408,-370,https://suara-tamalanrea.example/fixture/metrik/2023-09-18,,2026-09-09,2026-09-09T00:00:00+07:00,2026-09-09T00:00:00+07:00,danny2,True
suara-tamalanrea.example,Makassar,2023-09-25,36,0.365,0.579,-363,https://suara-tamalanrea.example/fixture/metrik/2023-09-25,,2026-09-09,2026-09-09T00:00:00+07:00,2026-09-09T00:00:00+07:00,danny2,True
suara-tamalanrea.example,Makassar,2023-10-02,34,0.279,0.538,-356,https://suara-tamalanrea.example/fixture/metrik/2023-10-02,,2026-09-09,2026-09-09T00:00:00+07:00,2026-09-09T00:00:00+07:00,danny2,True
suara-tamalanrea.example,Makassar,2023-10-09,35,0.355,0.476,-349,https://suara-tamalanrea.example/fixture/metrik/2023-10-09,,2026-09-09,2026-09-09T00:00:00+07:00,2026-09-09T00:00:00+07:00,danny2,True
suara-tamalanrea.example,Makassar,2023-10-16,34,0.289,0.564,-342,https://suara-tamalanrea.example/fixture/metrik/2023-10-16,,2026-09-09,2026-09-09T00:00:00+07:00,2026-09-09T00:00:00+07:00,danny2,True
suara-tamalanrea.example,Makassar,2023-10-23,40,0.364,0.608,-335,https://suara-tamalanrea.example/fixture/metrik/2023-10-23,,2026-09-09,2026-09-09T00:00:00+07:00,2026-09-09T00:00:00+07:00,danny2,True
suara-tamalanrea.example,Makassar,2023-10-30,23,0.34,0.524,-328,https://suara-tamalanrea.example/fixture/metrik/2023-10-30,,2026-09-09,2026-09-09T00:00:00+07:00,2026-09-09T00:00:00+07:00,danny2,True
suara-tamalanrea.example,Makassar,2023-11-06,41,0.341,0.435,-321,https://suara-tamalanrea.example/fixture/metrik/2023-11-06,,2026-09-09,2026-09-09T00:00:00+07:00,2026-09-09T00:00:00+07:00,danny2,True
suara-tamalanrea.example,Makassar,2023-11-13,37,0.336,0.604,-314,https://suara-tamalanrea.example/fixture/metrik/2023-11-13,,2026-09-09,2026-09-09T00:00:00+07:00,2026-09-09T00:00:00+07:00,danny2,True
suara-tamalanrea.example,Makassar,2023-11-20,35,0.415,0.464,-307,https://suara-tamalanrea.example/fixture/metrik/2023-11-20,,2026-09-09,2026-09-09T00:00:00+07:00,2026-09-09T00:00:00+07:00,danny2,True
suara-tamalanrea.example,Makassar,2023-11-27,52,0.318,0.48,-300,https://suara-tamalanrea.example/fixture/metrik/2023-11-27,,2026-09-09,2026-09-09T00:00:00+07:00,2026-09-09T00:00:00+07:00,danny2,True
suara-tamalanrea.example,Makassar,2023-12-04,41,0.342,0.499,-293,https://suara-tamalanrea.example/fixture/metrik/2023-12-04,,2026-09-09,2026-09-09T00:00:00+07:00,2026-09-09T00:00:00+07:00,danny2,True
suara-tamalanrea.example,Makassar,2023-12-11,37,0.353,0.543,-286,https://suara-tamalanrea.example/fixture/metrik/2023-12-11,,2026-09-09,2026-09-09T00:00:00+07:00,2026-09-09T00:00:00+07:00,danny2,True
suara-tamalanrea.example,Makassar,2023-12-18,38,0.288,0.514,-279,https://suara-tamalanrea.example/fixture/metrik/2023-12-18,,2026-09-09,2026-09-09T00:00:00+07:00,2026-09-09T00:00:00+07:00,danny2,True
suara-tamalanrea.example,Makassar,2023-12-25,50,0.286,0.624,-272,https://suara-tamalanrea.example/fixture/metrik/2023-12-25,,2026-09-09,2026-09-09T00:00:00+07:00,2026-09-09T00:00:00+07:00,danny2,True
suara-tamalanrea.example,Makassar,2024-01-01,41,0.372,0.496,-265,https://suara-tamalanrea.example/fixture/metrik/2024-01-01,,2026-09-09,2026-09-09T00:00:00+07:00,2026-09-09T00:00:00+07:00,danny2,True
suara-tamalanrea.example,Makassar,2024-01-08,40,0.32,0.572,-258,https://suara-tamalanrea.example/fixture/metrik/2024-01-08,,2026-09-09,2026-09-09T00:00:00+07:00,2026-09-09T00:00:00+07:00,danny2,True
suara-tamalanrea.example,Makassar,2024-01-15,38,0.388,0.493,-251,https://suara-tamalanrea.example/fixture/metrik/2024-01-15,,2026-09-09,2026-09-09T00:00:00+07:00,2026-09-09T00:00:00+07:00,danny2,True
suara-tamalanrea.example,Makassar,2024-01-22,40,0.366,0.436,-244,https://suara-tamalanrea.example/fixture/metrik/2024-01-22,,2026-09-09,2026-09-09T00:00:00+07:00,2026-09-09T00:00:00+07:00,danny2,True
suara-tamalanrea.example,Makassar,2024-01-29,34,0.33,0.585,-237,https://suara-tamalanrea.example/fixture/metrik/2024-01-29,,2026-09-09,2026-09-09T00:00:00+07:00,2026-09-09T00:00:00+07:00,danny2,True
suara-tamalanrea.example,Makassar,2024-02-05,48,0.348,0.532,-230,https://suara-tamalanrea.example/fixture/metrik/2024-02-05,,2026-09-09,2026-09-09T00:00:00+07:00,2026-09-09T00:00:00+07:00,danny2,True
suara-tamalanrea.example,Makassar,2024-02-12,28,0.348,0.562,-223,https://suara-tamalanrea.example/fixture/metrik/2024-02-12,,2026-09-09,2026-09-09T00:00:00+07:00,2026-09-09T00:00:00+07:00,danny2,True
suara-tamalanrea.example,Makassar,2024-02-19,39,0.378,0.468,-216,https://suara-tamalanrea.example/fixture/metrik/2024-02-19,,2026-09-09,2026-09-09T00:00:00+07:00,2026-09-09T00:00:00+07:00,danny2,True
suara-tamalanrea.example,Makassar,2024-02-26,39,0.379,0.482,-209,https://suara-tamalanrea.example/fixture/metrik/2024-02-26,,2026-09-09,2026-09-09T00:00:00+07:00,2026-09-09T00:00:00+07:00,danny2,True
suara-tamalanrea.example,Makassar,2024-03-04,45,0.338,0.552,-202,https://suara-tamalanrea.example/fixture/metrik/2024-03-04,,2026-09-09,2026-09-09T00:00:00+07:00,2026-09-09T00:00:00+07:00,danny2,True
suara-tamalanrea.example,Makassar,2024-03-11,37,0.358,0.627,-195,https://suara-tamalanrea.example/fixture/metrik/2024-03-11,,2026-09-09,2026-09-09T00:00:00+07:00,2026-09-09T00:00:00+07:00,danny2,True
suara-tamalanrea.example,Makassar,2024-03-18,38,0.343,0.517,-188,https://suara-tamalanrea.example/fixture/metrik/2024-03-18,,2026-09-09,2026-09-09T00:00:00+07:00,2026-09-09T00:00:00+07:00,danny2,True
suara-tamalanrea.example,Makassar,2024-03-25,39,0.375,0.444,-181,https://suara-tamalanrea.example/fixture/metrik/2024-03-25,,2026-09-09,2026-09-09T00:00:00+07:00,2026-09-09T00:00:00+07:00,danny2,True
suara-tamalanrea.example,Makassar,2024-04-01,41,0.391,0.518,-174,https://suara-tamalanrea.example/fixture/metrik/2024-04-01,,2026-09-09,2026-09-09T00:00:00+07:00,2026-09-09T00:00:00+07:00,danny2,True
suara-tamalanrea.example,Makassar,2024-04-08,44,0.333,0.423,-167,https://suara-tamalanrea.example/fixture/metrik/2024-04-08,,2026-09-09,2026-09-09T00:00:00+07:00,2026-09-09T00:00:00+07:00,danny2,True
suara-tamalanrea.example,Makassar,2024-04-15,35,0.381,0.587,-160,https://suara-tamalanrea.example/fixture/metrik/2024-04-15,,2026-09-09,2026-09-09T00:00:00+07:00,2026-09-09T00:00:00+07:00,danny2,True
suara-tamalanrea.example,Makassar,2024-04-22,39,0.397,0.586,-153,https://suara-tamalanrea.example/fixture/metrik/2024-04-22,,2026-09-09,2026-09-09T00:00:00+07:00,2026-09-09T00:00:00+07:00,danny2,True
suara-tamalanrea.example,Makassar,2024-04-29,33,0.475,0.593,-146,https://suara-tamalanrea.example/fixture/metrik/2024-04-29,,2026-09-09,2026-09-09T00:00:00+07:00,2026-09-09T00:00:00+07:00,danny2,True
suara-tamalanrea.example,Makassar,2024-05-06,32,0.444,0.53,-139,https://suara-tamalanrea.example/fixture/metrik/2024-05-06,,2026-09-09,2026-09-09T00:00:00+07:00,2026-09-09T00:00:00+07:00,danny2,True
suara-tamalanrea.example,Makassar,2024-05-13,36,0.43,0.548,-132,https://suara-tamalanrea.example/fixture/metrik/2024-05-13,,2026-09-09,2026-09-09T00:00:00+07:00,2026-09-09T00:00:00+07:00,danny2,True
suara-tamalanrea.example,Makassar,2024-05-20,36,0.463,0.58,-125,https://suara-tamalanrea.example/fixture/metrik/2024-05-20,,2026-09-09,2026-09-09T00:00:00+07:00,2026-09-09T00:00:00+07:00,danny2,True
suara-tamalanrea.example,Makassar,2024-05-27,35,0.429,0.532,-118,https://suara-tamalanrea.example/fixture/metrik/2024-05-27,,2026-09-09,2026-09-09T00:00:00+07:00,2026-09-09T00:00:00+07:00,danny2,True
suara-tamalanrea.example,Makassar,2024-06-03,39,0.539,0.544,-111,https://suara-tamalanrea.example/fixture/metrik/2024-06-03,,2026-09-09,2026-09-09T00:00:00+07:00,2026-09-09T00:00:00+07:00,danny2,True
suara-tamalanrea.example,Makassar,2024-06-10,30,0.497,0.571,-104,https://suara-tamalanrea.example/fixture/metrik/2024-06-10,,2026-09-09,2026-09-09T00:00:00+07:00,2026-09-09T00:00:00+07:00,danny2,True
suara-tamalanrea.example,Makassar,2024-06-17,35,0.55,0.543,-97,https://suara-tamalanrea.example/fixture/metrik/2024-06-17,,2026-09-09,2026-09-09T00:00:00+07:00,2026-09-09T00:00:00+07:00,danny2,True
suara-tamalanrea.example,Makassar,2024-06-24,34,0.599,0.46,-90,https://suara-tamalanrea.example/fixture/metrik/2024-06-24,,2026-09-09,2026-09-09T00:00:00+07:00,2026-09-09T00:00:00+07:00,danny2,True
suara-tamalanrea.example,Makassar,2024-07-01,39,0.579,0.64,-83,https://suara-tamalanrea.example/fixture/metrik/2024-07-01,,2026-09-09,2026-09-09T00:00:00+07:00,2026-09-09T00:00:00+07:00,danny2,True
suara-tamalanrea.example,Makassar,2024-07-08,30,0.567,0.574,-76,https://suara-tamalanrea.example/fixture/metrik/2024-07-08,,2026-09-09,2026-09-09T00:00:00+07:00,2026-09-09T00:00:00+07:00,danny2,True
suara-tamalanrea.example,Makassar,2024-07-15,49,0.572,0.596,-69,https://suara-tamalanrea.example/fixture/metrik/2024-07-15,,2026-09-09,2026-09-09T00:00:00+07:00,2026-09-09T00:00:00+07:00,danny2,True
suara-tamalanrea.example,Makassar,2024-07-22,28,0.628,0.57,-62,https://suara-tamalanrea.example/fixture/metrik/2024-07-22,,2026-09-09,2026-09-09T00:00:00+07:00,2026-09-09T00:00:00+07:00,danny2,True
suara-tamalanrea.example,Makassar,2024-07-29,28,0.557,0.613,-55,https://suara-tamalanrea.example/fixture/metrik/2024-07-29,,2026-09-09,2026-09-09T00:00:00+07:00,2026-09-09T00:00:00+07:00,danny2,True
suara-tamalanrea.example,Makassar,2024-08-05,40,0.691,0.614,-48,https://suara-tamalanrea.example/fixture/metrik/2024-08-05,,2026-09-09,2026-09-09T00:00:00+07:00,2026-09-09T00:00:00+07:00,danny2,True
suara-tamalanrea.example,Makassar,2024-08-12,33,0.598,0.582,-41,https://suara-tamalanrea.example/fixture/metrik/2024-08-12,,2026-09-09,2026-09-09T00:00:00+07:00,2026-09-09T00:00:00+07:00,danny2,True
suara-tamalanrea.example,Makassar,2024-08-19,32,0.626,0.609,-34,https://suara-tamalanrea.example/fixture/metrik/2024-08-19,,2026-09-09,2026-09-09T00:00:00+07:00,2026-09-09T00:00:00+07:00,danny2,True
suara-tamalanrea.example,Makassar,2024-08-26,37,0.636,0.651,-27,https://suara-tamalanrea.example/fixture/metrik/2024-08-26,,2026-09-09,2026-09-09T00:00:00+07:00,2026-09-09T00:00:00+07:00,danny2,True
suara-tamalanrea.example,Makassar,2024-09-02,28,0.687,0.652,-20,https://suara-tamalanrea.example/fixture/metrik/2024-09-02,,2026-09-09,2026-09-09T00:00:00+07:00,2026-09-09T00:00:00+07:00,danny2,True
suara-tamalanrea.example,Makassar,2024-09-09,49,0.635,0.587,-13,https://suara-tamalanrea.example/fixture/metrik/2024-09-09,,2026-09-09,2026-09-09T00:00:00+07:00,2026-09-09T00:00:00+07:00,danny2,True
suara-tamalanrea.example,Makassar,2024-09-16,41,0.65,0.65,-6,https://suara-tamalanrea.example/fixture/metrik/2024-09-16,,2026-09-09,2026-09-09T00:00:00+07:00,2026-09-09T00:00:00+07:00,danny2,True
suara-tamalanrea.example,Makassar,2024-09-23,45,0.601,0.578,1,https://suara-tamalanrea.example/fixture/metrik/2024-09-23,,2026-09-09,2026-09-09T00:00:00+07:00,2026-09-09T00:00:00+07:00,danny2,True
suara-tamalanrea.example,Makassar,2024-09-30,42,0.609,0.647,8,https://suara-tamalanrea.example/fixture/metrik/2024-09-30,,2026-09-09,2026-09-09T00:00:00+07:00,2026-09-09T00:00:00+07:00,danny2,True
suara-tamalanrea.example,Makassar,2024-10-07,26,0.305,0.662,15,https://suara-tamalanrea.example/fixture/metrik/2024-10-07,,2026-09-09,2026-09-09T00:00:00+07:00,2026-09-09T00:00:00+07:00,danny2,True
suara-tamalanrea.example,Makassar,2024-10-14,25,0.308,0.573,22,https://suara-tamalanrea.example/fixture/metrik/2024-10-14,,2026-09-09,2026-09-09T00:00:00+07:00,2026-09-09T00:00:00+07:00,danny2,True
suara-tamalanrea.example,Makassar,2024-10-21,37,0.386,0.563,29,https://suara-tamalanrea.example/fixture/metrik/2024-10-21,,2026-09-09,2026-09-09T00:00:00+07:00,2026-09-09T00:00:00+07:00,danny2,True
suara-tamalanrea.example,Makassar,2024-10-28,20,0.314,0.555,36,https://suara-tamalanrea.example/fixture/metrik/2024-10-28,,2026-09-09,2026-09-09T00:00:00+07:00,2026-09-09T00:00:00+07:00,danny2,True
suara-tamalanrea.example,Makassar,2024-11-04,44,0.379,0.459,43,https://suara-tamalanrea.example/fixture/metrik/2024-11-04,,2026-09-09,2026-09-09T00:00:00+07:00,2026-09-09T00:00:00+07:00,danny2,True
suara-tamalanrea.example,Makassar,2024-11-11,43,0.365,0.434,50,https://suara-tamalanrea.example/fixture/metrik/2024-11-11,,2026-09-09,2026-09-09T00:00:00+07:00,2026-09-09T00:00:00+07:00,danny2,True
suara-tamalanrea.example,Makassar,2024-11-18,46,0.327,0.478,57,https://suara-tamalanrea.example/fixture/metrik/2024-11-18,,2026-09-09,2026-09-09T00:00:00+07:00,2026-09-09T00:00:00+07:00,danny2,True
suara-tamalanrea.example,Makassar,2024-11-25,44,0.322,0.584,64,https://suara-tamalanrea.example/fixture/metrik/2024-11-25,,2026-09-09,2026-09-09T00:00:00+07:00,2026-09-09T00:00:00+07:00,danny2,True
suara-tamalanrea.example,Makassar,2024-12-02,34,0.344,0.419,71,https://suara-tamalanrea.example/fixture/metrik/2024-12-02,,2026-09-09,2026-09-09T00:00:00+07:00,2026-09-09T00:00:00+07:00,danny2,True
suara-tamalanrea.example,Makassar,2024-12-09,33,0.358,0.496,78,https://suara-tamalanrea.example/fixture/metrik/2024-12-09,,2026-09-09,2026-09-09T00:00:00+07:00,2026-09-09T00:00:00+07:00,danny2,True
suara-tamalanrea.example,Makassar,2024-12-16,30,0.347,0.52,85,https://suara-tamalanrea.example/fixture/metrik/2024-12-16,,2026-09-09,2026-09-09T00:00:00+07:00,2026-09-09T00:00:00+07:00,danny2,True
suara-tamalanrea.example,Makassar,2024-12-23,17,0.356,0.558,92,https://suara-tamalanrea.example/fixture/metrik/2024-12-23,,2026-09-09,2026-09-09T00:00:00+07:00,2026-09-09T00:00:00+07:00,danny2,True
suara-tamalanrea.example,Makassar,2024-12-30,39,0.308,0.473,99,https://suara-tamalanrea.example/fixture/metrik/2024-12-30,,2026-09-09,2026-09-09T00:00:00+07:00,2026-09-09T00:00:00+07:00,danny2,True
suara-tamalanrea.example,Makassar,2025-01-06,40,0.308,0.5,106,https://suara-tamalanrea.example/fixture/metrik/2025-01-06,,2026-09-09,2026-09-09T00:00:00+07:00,2026-09-09T00:00:00+07:00,danny2,True
suara-tamalanrea.example,Makassar,2025-01-13,37,0.25,0.484,113,https://suara-tamalanrea.example/fixture/metrik/2025-01-13,,2026-09-09,2026-09-09T00:00:00+07:00,2026-09-09T00:00:00+07:00,danny2,True
suara-tamalanrea.example,Makassar,2025-01-20,35,0.304,0.615,120,https://suara-tamalanrea.example/fixture/metrik/2025-01-20,,2026-09-09,2026-09-09T00:00:00+07:00,2026-09-09T00:00:00+07:00,danny2,True
suara-tamalanrea.example,Makassar,2025-01-27,45,0.404,0.583,127,https://suara-tamalanrea.example/fixture/metrik/2025-01-27,,2026-09-09,2026-09-09T00:00:00+07:00,2026-09-09T00:00:00+07:00,danny2,True
suara-tamalanrea.example,Makassar,2025-02-03,34,0.321,0.45,134,https://suara-tamalanrea.example/fixture/metrik/2025-02-03,,2026-09-09,2026-09-09T00:00:00+07:00,2026-09-09T00:00:00+07:00,danny2,True
suara-tamalanrea.example,Makassar,2025-02-10,46,0.337,0.537,141,https://suara-tamalanrea.example/fixture/metrik/2025-02-10,,2026-09-09,2026-09-09T00:00:00+07:00,2026-09-09T00:00:00+07:00,danny2,True
suara-tamalanrea.example,Makassar,2025-02-17,36,0.382,0.555,148,https://suara-tamalanrea.example/fixture/metrik/2025-02-17,,2026-09-09,2026-09-09T00:00:00+07:00,2026-09-09T00:00:00+07:00,danny2,True
suara-tamalanrea.example,Makassar,2025-02-24,27,0.309,0.463,155,https://suara-tamalanrea.example/fixture/metrik/2025-02-24,,2026-09-09,2026-09-09T00:00:00+07:00,2026-09-09T00:00:00+07:00,appi,True
suara-tamalanrea.example,Makassar,2025-03-03,42,0.317,0.574,162,https://suara-tamalanrea.example/fixture/metrik/2025-03-03,,2026-09-09,2026-09-09T00:00:00+07:00,2026-09-09T00:00:00+07:00,appi,True
suara-tamalanrea.example,Makassar,2025-03-10,45,0.249,0.513,169,https://suara-tamalanrea.example/fixture/metrik/2025-03-10,,2026-09-09,2026-09-09T00:00:00+07:00,2026-09-09T00:00:00+07:00,appi,True
suara-tamalanrea.example,Makassar,2025-03-17,29,0.258,0.583,176,https://suara-tamalanrea.example/fixture/metrik/2025-03-17,,2026-09-09,2026-09-09T00:00:00+07:00,2026-09-09T00:00:00+07:00,appi,True
suara-tamalanrea.example,Makassar,2025-03-24,38,0.354,0.561,183,https://suara-tamalanrea.example/fixture/metrik/2025-03-24,,2026-09-09,2026-09-09T00:00:00+07:00,2026-09-09T00:00:00+07:00,appi,True
suara-tamalanrea.example,Makassar,2025-03-31,39,0.358,0.517,190,https://suara-tamalanrea.example/fixture/metrik/2025-03-31,,2026-09-09,2026-09-09T00:00:00+07:00,2026-09-09T00:00:00+07:00,appi,True
suara-tamalanrea.example,Makassar,2025-04-07,45,0.266,0.476,197,https://suara-tamalanrea.example/fixture/metrik/2025-04-07,,2026-09-09,2026-09-09T00:00:00+07:00,2026-09-09T00:00:00+07:00,appi,True
suara-tamalanrea.example,Makassar,2025-04-14,46,0.302,0.496,204,https://suara-tamalanrea.example/fixture/metrik/2025-04-14,,2026-09-09,2026-09-09T00:00:00+07:00,2026-09-09T00:00:00+07:00,appi,True
suara-tamalanrea.example,Makassar,2025-04-21,30,0.324,0.553,211,https://suara-tamalanrea.example/fixture/metrik/2025-04-21,,2026-09-09,2026-09-09T00:00:00+07:00,2026-09-09T00:00:00+07:00,appi,True
suara-tamalanrea.example,Makassar,2025-04-28,24,0.25,0.593,218,https://suara-tamalanrea.example/fixture/metrik/2025-04-28,,2026-09-09,2026-09-09T00:00:00+07:00,2026-09-09T00:00:00+07:00,appi,True
suara-tamalanrea.example,Makassar,2025-05-05,49,0.251,0.588,225,https://suara-tamalanrea.example/fixture/metrik/2025-05-05,,2026-09-09,2026-09-09T00:00:00+07:00,2026-09-09T00:00:00+07:00,appi,True
suara-tamalanrea.example,Makassar,2025-05-12,30,0.31,0.57,232,https://suara-tamalanrea.example/fixture/metrik/2025-05-12,,2026-09-09,2026-09-09T00:00:00+07:00,2026-09-09T00:00:00+07:00,appi,True
suara-tamalanrea.example,Makassar,2025-05-19,46,0.239,0.54,239,https://suara-tamalanrea.example/fixture/metrik/2025-05-19,,2026-09-09,2026-09-09T00:00:00+07:00,2026-09-09T00:00:00+07:00,appi,True
suara-tamalanrea.example,Makassar,2025-05-26,31,0.309,0.515,246,https://suara-tamalanrea.example/fixture/metrik/2025-05-26,,2026-09-09,2026-09-09T00:00:00+07:00,2026-09-09T00:00:00+07:00,appi,True
suara-tamalanrea.example,Makassar,2025-06-02,34,0.316,0.541,253,https://suara-tamalanrea.example/fixture/metrik/2025-06-02,,2026-09-09,2026-09-09T00:00:00+07:00,2026-09-09T00:00:00+07:00,appi,True
suara-tamalanrea.example,Makassar,2025-06-09,55,0.313,0.512,260,https://suara-tamalanrea.example/fixture/metrik/2025-06-09,,2026-09-09,2026-09-09T00:00:00+07:00,2026-09-09T00:00:00+07:00,appi,True
suara-tamalanrea.example,Makassar,2025-06-16,37,0.301,0.515,267,https://suara-tamalanrea.example/fixture/metrik/2025-06-16,,2026-09-09,2026-09-09T00:00:00+07:00,2026-09-09T00:00:00+07:00,appi,True
suara-tamalanrea.example,Makassar,2025-06-23,27,0.339,0.437,274,https://suara-tamalanrea.example/fixture/metrik/2025-06-23,,2026-09-09,2026-09-09T00:00:00+07:00,2026-09-09T00:00:00+07:00,appi,True
suara-tamalanrea.example,Makassar,2025-06-30,30,0.339,0.427,281,https://suara-tamalanrea.example/fixture/metrik/2025-06-30,,2026-09-09,2026-09-09T00:00:00+07:00,2026-09-09T00:00:00+07:00,appi,True
suara-tamalanrea.example,Makassar,2025-07-07,34,0.337,0.567,288,https://suara-tamalanrea.example/fixture/metrik/2025-07-07,,2026-09-09,2026-09-09T00:00:00+07:00,2026-09-09T00:00:00+07:00,appi,True
suara-tamalanrea.example,Makassar,2025-07-14,32,0.309,0.525,295,https://suara-tamalanrea.example/fixture/metrik/2025-07-14,,2026-09-09,2026-09-09T00:00:00+07:00,2026-09-09T00:00:00+07:00,appi,True
suara-tamalanrea.example,Makassar,2025-07-21,38,0.237,0.526,302,https://suara-tamalanrea.example/fixture/metrik/2025-07-21,,2026-09-09,2026-09-09T00:00:00+07:00,2026-09-09T00:00:00+07:00,appi,True
suara-tamalanrea.example,Makassar,2025-07-28,38,0.355,0.606,309,https://suara-tamalanrea.example/fixture/metrik/2025-07-28,,2026-09-09,2026-09-09T00:00:00+07:00,2026-09-09T00:00:00+07:00,appi,True
suara-tamalanrea.example,Makassar,2025-08-04,46,0.326,0.521,316,https://suara-tamalanrea.example/fixture/metrik/2025-08-04,,2026-09-09,2026-09-09T00:00:00+07:00,2026-09-09T00:00:00+07:00,appi,True
suara-tamalanrea.example,Makassar,2025-08-11,40,0.381,0.583,323,https://suara-tamalanrea.example/fixture/metrik/2025-08-11,,2026-09-09,2026-09-09T00:00:00+07:00,2026-09-09T00:00:00+07:00,appi,True
suara-tamalanrea.example,Makassar,2025-08-18,42,0.342,0.461,330,https://suara-tamalanrea.example/fixture/metrik/2025-08-18,,2026-09-09,2026-09-09T00:00:00+07:00,2026-09-09T00:00:00+07:00,appi,True
suara-tamalanrea.example,Makassar,2025-08-25,31,0.289,0.551,337,https://suara-tamalanrea.example/fixture/metrik/2025-08-25,,2026-09-09,2026-09-09T00:00:00+07:00,2026-09-09T00:00:00+07:00,appi,True
suara-tamalanrea.example,Makassar,2025-09-01,22,0.249,0.596,344,https://suara-tamalanrea.example/fixture/metrik/2025-09-01,,2026-09-09,2026-09-09T00:00:00+07:00,2026-09-09T00:00:00+07:00,appi,True
suara-tamalanrea.example,Makassar,2025-09-08,30,0.325,0.524,351,https://suara-tamalanrea.example/fixture/metrik/2025-09-08,,2026-09-09,2026-09-09T00:00:00+07:00,2026-09-09T00:00:00+07:00,appi,True
suara-tamalanrea.example,Makassar,2025-09-15,36,0.371,0.61,358,https://suara-tamalanrea.example/fixture/metrik/2025-09-15,,2026-09-09,2026-09-09T00:00:00+07:00,2026-09-09T00:00:00+07:00,appi,True
suara-tamalanrea.example,Makassar,2025-09-22,36,0.329,0.571,365,https://suara-tamalanrea.example/fixture/metrik/2025-09-22,,2026-09-09,2026-09-09T00:00:00+07:00,2026-09-09T00:00:00+07:00,appi,True
suara-tamalanrea.example,Makassar,2025-09-29,39,0.325,0.631,372,https://suara-tamalanrea.example/fixture/metrik/2025-09-29,,2026-09-09,2026-09-09T00:00:00+07:00,2026-09-09T00:00:00+07:00,appi,True
suara-tamalanrea.example,Makassar,2025-10-06,40,0.259,0.454,379,https://suara-tamalanrea.example/fixture/metrik/2025-10-06,,2026-09-09,2026-09-09T00:00:00+07:00,2026-09-09T00:00:00+07:00,appi,True
suara-tamalanrea.example,Makassar,2025-10-13,34,0.308,0.504,386,https://suara-tamalanrea.example/fixture/metrik/2025-10-13,,2026-09-09,2026-09-09T00:00:00+07:00,2026-09-09T00:00:00+07:00,appi,True
suara-tamalanrea.example,Makassar,2025-10-20,40,0.269,0.525,393,https://suara-tamalanrea.example/fixture/metrik/2025-10-20,,2026-09-09,2026-09-09T00:00:00+07:00,2026-09-09T00:00:00+07:00,appi,True
suara-tamalanrea.example,Makassar,2025-10-27,38,0.304,0.472,400,https://suara-tamalanrea.example/fixture/metrik/2025-10-27,,2026-09-09,2026-09-09T00:00:00+07:00,2026-09-09T00:00:00+07:00,appi,True
suara-tamalanrea.example,Makassar,2025-11-03,34,0.323,0.525,407,https://suara-tamalanrea.example/fixture/metrik/2025-11-03,,2026-09-09,2026-09-09T00:00:00+07:00,2026-09-09T00:00:00+07:00,appi,True
suara-tamalanrea.example,Makassar,2025-11-10,39,0.358,0.584,414,https://suara-tamalanrea.example/fixture/metrik/2025-11-10,,2026-09-09,2026-09-09T00:00:00+07:00,2026-09-09T00:00:00+07:00,appi,True
suara-tamalanrea.example,Makassar,2025-11-17,35,0.32,0.483,421,https://suara-tamalanrea.example/fixture/metrik/2025-11-17,,2026-09-09,2026-09-09T00:00:00+07:00,2026-09-09T00:00:00+07:00,appi,True
suara-tamalanrea.example,Makassar,2025-11-24,33,0.339,0.506,428,https://suara-tamalanrea.example/fixture/metrik/2025-11-24,,2026-09-09,2026-09-09T00:00:00+07:00,2026-09-09T00:00:00+07:00,appi,True
suara-tamalanrea.example,Makassar,2025-12-01,34,0.302,0.465,435,https://suara-tamalanrea.example/fixture/metrik/2025-12-01,,2026-09-09,2026-09-09T00:00:00+07:00,2026-09-09T00:00:00+07:00,appi,True
suara-tamalanrea.example,Makassar,2025-12-08,41,0.283,0.486,442,https://suara-tamalanrea.example/fixture/metrik/2025-12-08,,2026-09-09,2026-09-09T00:00:00+07:00,2026-09-09T00:00:00+07:00,appi,True
suara-tamalanrea.example,Makassar,2025-12-15,37,0.249,0.506,449,https://suara-tamalanrea.example/fixture/metrik/2025-12-15,,2026-09-09,2026-09-09T00:00:00+07:00,2026-09-09T00:00:00+07:00,appi,True
suara-tamalanrea.example,Makassar,2025-12-22,38,0.337,0.518,456,https://suara-tamalanrea.example/fixture/metrik/2025-12-22,,2026-09-09,2026-09-09T00:00:00+07:00,2026-09-09T00:00:00+07:00,appi,True
suara-tamalanrea.example,Makassar,2025-12-29,43,0.315,0.498,463,https://suara-tamalanrea.example/fixture/metrik/2025-12-29,,2026-09-09,2026-09-09T00:00:00+07:00,2026-09-09T00:00:00+07:00,appi,True
sulsel-kini.example,Makassar,2014-01-06,29,0.3,0.369,-1498,https://sulsel-kini.example/fixture/metrik/2014-01-06,,2026-09-09,2026-09-09T00:00:00+07:00,2026-09-09T00:00:00+07:00,ilham,True
sulsel-kini.example,Makassar,2014-01-13,51,0.237,0.343,-1491,https://sulsel-kini.example/fixture/metrik/2014-01-13,,2026-09-09,2026-09-09T00:00:00+07:00,2026-09-09T00:00:00+07:00,ilham,True
sulsel-kini.example,Makassar,2014-01-20,35,0.237,0.283,-1484,https://sulsel-kini.example/fixture/metrik/2014-01-20,,2026-09-09,2026-09-09T00:00:00+07:00,2026-09-09T00:00:00+07:00,ilham,True
sulsel-kini.example,Makassar,2014-01-27,42,0.236,0.379,-1477,https://sulsel-kini.example/fixture/metrik/2014-01-27,,2026-09-09,2026-09-09T00:00:00+07:00,2026-09-09T00:00:00+07:00,ilham,True
sulsel-kini.example,Makassar,2014-02-03,26,0.201,0.418,-1470,https://sulsel-kini.example/fixture/metrik/2014-02-03,,2026-09-09,2026-09-09T00:00:00+07:00,2026-09-09T00:00:00+07:00,ilham,True
sulsel-kini.example,Makassar,2014-02-10,30,0.224,0.336,-1463,https://sulsel-kini.example/fixture/metrik/2014-02-10,,2026-09-09,2026-09-09T00:00:00+07:00,2026-09-09T00:00:00+07:00,ilham,True
sulsel-kini.example,Makassar,2014-02-17,30,0.216,0.42,-1456,https://sulsel-kini.example/fixture/metrik/2014-02-17,,2026-09-09,2026-09-09T00:00:00+07:00,2026-09-09T00:00:00+07:00,ilham,True
sulsel-kini.example,Makassar,2014-02-24,53,0.19,0.32,-1449,https://sulsel-kini.example/fixture/metrik/2014-02-24,,2026-09-09,2026-09-09T00:00:00+07:00,2026-09-09T00:00:00+07:00,ilham,True
sulsel-kini.example,Makassar,2014-03-03,41,0.286,0.281,-1442,https://sulsel-kini.example/fixture/metrik/2014-03-03,,2026-09-09,2026-09-09T00:00:00+07:00,2026-09-09T00:00:00+07:00,ilham,True
sulsel-kini.example,Makassar,2014-03-10,37,0.262,0.455,-1435,https://sulsel-kini.example/fixture/metrik/2014-03-10,,2026-09-09,2026-09-09T00:00:00+07:00,2026-09-09T00:00:00+07:00,ilham,True
sulsel-kini.example,Makassar,2014-03-17,39,0.218,0.398,-1428,https://sulsel-kini.example/fixture/metrik/2014-03-17,,2026-09-09,2026-09-09T00:00:00+07:00,2026-09-09T00:00:00+07:00,ilham,True
sulsel-kini.example,Makassar,2014-03-24,33,0.257,0.355,-1421,https://sulsel-kini.example/fixture/metrik/2014-03-24,,2026-09-09,2026-09-09T00:00:00+07:00,2026-09-09T00:00:00+07:00,ilham,True
sulsel-kini.example,Makassar,2014-03-31,35,0.18,0.282,-1414,https://sulsel-kini.example/fixture/metrik/2014-03-31,,2026-09-09,2026-09-09T00:00:00+07:00,2026-09-09T00:00:00+07:00,ilham,True
sulsel-kini.example,Makassar,2014-04-07,31,0.201,0.369,-1407,https://sulsel-kini.example/fixture/metrik/2014-04-07,,2026-09-09,2026-09-09T00:00:00+07:00,2026-09-09T00:00:00+07:00,ilham,True
sulsel-kini.example,Makassar,2014-04-14,25,0.298,0.346,-1400,https://sulsel-kini.example/fixture/metrik/2014-04-14,,2026-09-09,2026-09-09T00:00:00+07:00,2026-09-09T00:00:00+07:00,ilham,True
sulsel-kini.example,Makassar,2014-04-21,41,0.248,0.392,-1393,https://sulsel-kini.example/fixture/metrik/2014-04-21,,2026-09-09,2026-09-09T00:00:00+07:00,2026-09-09T00:00:00+07:00,ilham,True
sulsel-kini.example,Makassar,2014-04-28,43,0.179,0.421,-1386,https://sulsel-kini.example/fixture/metrik/2014-04-28,,2026-09-09,2026-09-09T00:00:00+07:00,2026-09-09T00:00:00+07:00,ilham,True
sulsel-kini.example,Makassar,2014-05-05,31,0.266,0.425,-1379,https://sulsel-kini.example/fixture/metrik/2014-05-05,,2026-09-09,2026-09-09T00:00:00+07:00,2026-09-09T00:00:00+07:00,ilham,True
sulsel-kini.example,Makassar,2014-05-12,41,0.202,0.353,-1372,https://sulsel-kini.example/fixture/metrik/2014-05-12,,2026-09-09,2026-09-09T00:00:00+07:00,2026-09-09T00:00:00+07:00,danny1,True
sulsel-kini.example,Makassar,2014-05-19,34,0.266,0.28,-1365,https://sulsel-kini.example/fixture/metrik/2014-05-19,,2026-09-09,2026-09-09T00:00:00+07:00,2026-09-09T00:00:00+07:00,danny1,True
sulsel-kini.example,Makassar,2014-05-26,33,0.263,0.351,-1358,https://sulsel-kini.example/fixture/metrik/2014-05-26,,2026-09-09,2026-09-09T00:00:00+07:00,2026-09-09T00:00:00+07:00,danny1,True
sulsel-kini.example,Makassar,2014-06-02,36,0.291,0.338,-1351,https://sulsel-kini.example/fixture/metrik/2014-06-02,,2026-09-09,2026-09-09T00:00:00+07:00,2026-09-09T00:00:00+07:00,danny1,True
sulsel-kini.example,Makassar,2014-06-09,35,0.206,0.346,-1344,https://sulsel-kini.example/fixture/metrik/2014-06-09,,2026-09-09,2026-09-09T00:00:00+07:00,2026-09-09T00:00:00+07:00,danny1,True
sulsel-kini.example,Makassar,2014-06-16,34,0.329,0.367,-1337,https://sulsel-kini.example/fixture/metrik/2014-06-16,,2026-09-09,2026-09-09T00:00:00+07:00,2026-09-09T00:00:00+07:00,danny1,True
sulsel-kini.example,Makassar,2014-06-23,36,0.321,0.353,-1330,https://sulsel-kini.example/fixture/metrik/2014-06-23,,2026-09-09,2026-09-09T00:00:00+07:00,2026-09-09T00:00:00+07:00,danny1,True
sulsel-kini.example,Makassar,2014-06-30,27,0.222,0.374,-1323,https://sulsel-kini.example/fixture/metrik/2014-06-30,,2026-09-09,2026-09-09T00:00:00+07:00,2026-09-09T00:00:00+07:00,danny1,True
sulsel-kini.example,Makassar,2014-07-07,47,0.307,0.378,-1316,https://sulsel-kini.example/fixture/metrik/2014-07-07,,2026-09-09,2026-09-09T00:00:00+07:00,2026-09-09T00:00:00+07:00,danny1,True
sulsel-kini.example,Makassar,2014-07-14,43,0.262,0.375,-1309,https://sulsel-kini.example/fixture/metrik/2014-07-14,,2026-09-09,2026-09-09T00:00:00+07:00,2026-09-09T00:00:00+07:00,danny1,True
sulsel-kini.example,Makassar,2014-07-21,22,0.24,0.347,-1302,https://sulsel-kini.example/fixture/metrik/2014-07-21,,2026-09-09,2026-09-09T00:00:00+07:00,2026-09-09T00:00:00+07:00,danny1,True
sulsel-kini.example,Makassar,2014-07-28,37,0.254,0.369,-1295,https://sulsel-kini.example/fixture/metrik/2014-07-28,,2026-09-09,2026-09-09T00:00:00+07:00,2026-09-09T00:00:00+07:00,danny1,True
sulsel-kini.example,Makassar,2014-08-04,41,0.279,0.374,-1288,https://sulsel-kini.example/fixture/metrik/2014-08-04,,2026-09-09,2026-09-09T00:00:00+07:00,2026-09-09T00:00:00+07:00,danny1,True
sulsel-kini.example,Makassar,2014-08-11,38,0.317,0.318,-1281,https://sulsel-kini.example/fixture/metrik/2014-08-11,,2026-09-09,2026-09-09T00:00:00+07:00,2026-09-09T00:00:00+07:00,danny1,True
sulsel-kini.example,Makassar,2014-08-18,22,0.244,0.353,-1274,https://sulsel-kini.example/fixture/metrik/2014-08-18,,2026-09-09,2026-09-09T00:00:00+07:00,2026-09-09T00:00:00+07:00,danny1,True
sulsel-kini.example,Makassar,2014-08-25,43,0.26,0.327,-1267,https://sulsel-kini.example/fixture/metrik/2014-08-25,,2026-09-09,2026-09-09T00:00:00+07:00,2026-09-09T00:00:00+07:00,danny1,True
sulsel-kini.example,Makassar,2014-09-01,39,0.255,0.314,-1260,https://sulsel-kini.example/fixture/metrik/2014-09-01,,2026-09-09,2026-09-09T00:00:00+07:00,2026-09-09T00:00:00+07:00,danny1,True
sulsel-kini.example,Makassar,2014-09-08,28,0.251,0.399,-1253,https://sulsel-kini.example/fixture/metrik/2014-09-08,,2026-09-09,2026-09-09T00:00:00+07:00,2026-09-09T00:00:00+07:00,danny1,True
sulsel-kini.example,Makassar,2014-09-15,42,0.233,0.328,-1246,https://sulsel-kini.example/fixture/metrik/2014-09-15,,2026-09-09,2026-09-09T00:00:00+07:00,2026-09-09T00:00:00+07:00,danny1,True
sulsel-kini.example,Makassar,2014-09-22,41,0.226,0.385,-1239,https://sulsel-kini.example/fixture/metrik/2014-09-22,,2026-09-09,2026-09-09T00:00:00+07:00,2026-09-09T00:00:00+07:00,danny1,True
sulsel-kini.example,Makassar,2014-09-29,37,0.216,0.267,-1232,https://sulsel-kini.example/fixture/metrik/2014-09-29,,2026-09-09,2026-09-09T00:00:00+07:00,2026-09-09T00:00:00+07:00,danny1,True
sulsel-kini.example,Makassar,2014-10-06,31,0.301,0.485,-1225,https://sulsel-kini.example/fixture/metrik/2014-10-06,,2026-09-09,2026-09-09T00:00:00+07:00,2026-09-09T00:00:00+07:00,danny1,True
sulsel-kini.example,Makassar,2014-10-13,38,0.271,0.325,-1218,https://sulsel-kini.example/fixture/metrik/2014-10-13,,2026-09-09,2026-09-09T00:00:00+07:00,2026-09-09T00:00:00+07:00,danny1,True
sulsel-kini.example,Makassar,2014-10-20,40,0.273,0.369,-1211,https://sulsel-kini.example/fixture/metrik/2014-10-20,,2026-09-09,2026-09-09T00:00:00+07:00,2026-09-09T00:00:00+07:00,danny1,True
sulsel-kini.example,Makassar,2014-10-27,34,0.263,0.312,-1204,https://sulsel-kini.example/fixture/metrik/2014-10-27,,2026-09-09,2026-09-09T00:00:00+07:00,2026-09-09T00:00:00+07:00,danny1,True
sulsel-kini.example,Makassar,2014-11-03,37,0.242,0.352,-1197,https://sulsel-kini.example/fixture/metrik/2014-11-03,,2026-09-09,2026-09-09T00:00:00+07:00,2026-09-09T00:00:00+07:00,danny1,True
sulsel-kini.example,Makassar,2014-11-10,43,0.272,0.335,-1190,https://sulsel-kini.example/fixture/metrik/2014-11-10,,2026-09-09,2026-09-09T00:00:00+07:00,2026-09-09T00:00:00+07:00,danny1,True
sulsel-kini.example,Makassar,2014-11-17,26,0.249,0.394,-1183,https://sulsel-kini.example/fixture/metrik/2014-11-17,,2026-09-09,2026-09-09T00:00:00+07:00,2026-09-09T00:00:00+07:00,danny1,True
sulsel-kini.example,Makassar,2014-11-24,24,0.289,0.426,-1176,https://sulsel-kini.example/fixture/metrik/2014-11-24,,2026-09-09,2026-09-09T00:00:00+07:00,2026-09-09T00:00:00+07:00,danny1,True
sulsel-kini.example,Makassar,2014-12-01,57,0.211,0.464,-1169,https://sulsel-kini.example/fixture/metrik/2014-12-01,,2026-09-09,2026-09-09T00:00:00+07:00,2026-09-09T00:00:00+07:00,danny1,True
sulsel-kini.example,Makassar,2014-12-08,38,0.255,0.284,-1162,https://sulsel-kini.example/fixture/metrik/2014-12-08,,2026-09-09,2026-09-09T00:00:00+07:00,2026-09-09T00:00:00+07:00,danny1,True
sulsel-kini.example,Makassar,2014-12-15,31,0.246,0.368,-1155,https://sulsel-kini.example/fixture/metrik/2014-12-15,,2026-09-09,2026-09-09T00:00:00+07:00,2026-09-09T00:00:00+07:00,danny1,True
sulsel-kini.example,Makassar,2014-12-22,32,0.301,0.397,-1148,https://sulsel-kini.example/fixture/metrik/2014-12-22,,2026-09-09,2026-09-09T00:00:00+07:00,2026-09-09T00:00:00+07:00,danny1,True
sulsel-kini.example,Makassar,2014-12-29,30,0.238,0.318,-1141,https://sulsel-kini.example/fixture/metrik/2014-12-29,,2026-09-09,2026-09-09T00:00:00+07:00,2026-09-09T00:00:00+07:00,danny1,True
sulsel-kini.example,Makassar,2015-01-05,51,0.21,0.436,-1134,https://sulsel-kini.example/fixture/metrik/2015-01-05,,2026-09-09,2026-09-09T00:00:00+07:00,2026-09-09T00:00:00+07:00,danny1,True
sulsel-kini.example,Makassar,2015-01-12,43,0.252,0.428,-1127,https://sulsel-kini.example/fixture/metrik/2015-01-12,,2026-09-09,2026-09-09T00:00:00+07:00,2026-09-09T00:00:00+07:00,danny1,True
sulsel-kini.example,Makassar,2015-01-19,41,0.291,0.4,-1120,https://sulsel-kini.example/fixture/metrik/2015-01-19,,2026-09-09,2026-09-09T00:00:00+07:00,2026-09-09T00:00:00+07:00,danny1,True
sulsel-kini.example,Makassar,2015-01-26,31,0.225,0.39,-1113,https://sulsel-kini.example/fixture/metrik/2015-01-26,,2026-09-09,2026-09-09T00:00:00+07:00,2026-09-09T00:00:00+07:00,danny1,True
sulsel-kini.example,Makassar,2015-02-02,54,0.236,0.373,-1106,https://sulsel-kini.example/fixture/metrik/2015-02-02,,2026-09-09,2026-09-09T00:00:00+07:00,2026-09-09T00:00:00+07:00,danny1,True
sulsel-kini.example,Makassar,2015-02-09,40,0.242,0.48,-1099,https://sulsel-kini.example/fixture/metrik/2015-02-09,,2026-09-09,2026-09-09T00:00:00+07:00,2026-09-09T00:00:00+07:00,danny1,True
sulsel-kini.example,Makassar,2015-02-16,49,0.236,0.335,-1092,https://sulsel-kini.example/fixture/metrik/2015-02-16,,2026-09-09,2026-09-09T00:00:00+07:00,2026-09-09T00:00:00+07:00,danny1,True
sulsel-kini.example,Makassar,2015-02-23,33,0.238,0.384,-1085,https://sulsel-kini.example/fixture/metrik/2015-02-23,,2026-09-09,2026-09-09T00:00:00+07:00,2026-09-09T00:00:00+07:00,danny1,True
sulsel-kini.example,Makassar,2015-03-02,40,0.249,0.357,-1078,https://sulsel-kini.example/fixture/metrik/2015-03-02,,2026-09-09,2026-09-09T00:00:00+07:00,2026-09-09T00:00:00+07:00,danny1,True
sulsel-kini.example,Makassar,2015-03-09,25,0.275,0.338,-1071,https://sulsel-kini.example/fixture/metrik/2015-03-09,,2026-09-09,2026-09-09T00:00:00+07:00,2026-09-09T00:00:00+07:00,danny1,True
sulsel-kini.example,Makassar,2015-03-16,40,0.234,0.384,-1064,https://sulsel-kini.example/fixture/metrik/2015-03-16,,2026-09-09,2026-09-09T00:00:00+07:00,2026-09-09T00:00:00+07:00,danny1,True
sulsel-kini.example,Makassar,2015-03-23,53,0.219,0.329,-1057,https://sulsel-kini.example/fixture/metrik/2015-03-23,,2026-09-09,2026-09-09T00:00:00+07:00,2026-09-09T00:00:00+07:00,danny1,True
sulsel-kini.example,Makassar,2015-03-30,27,0.264,0.387,-1050,https://sulsel-kini.example/fixture/metrik/2015-03-30,,2026-09-09,2026-09-09T00:00:00+07:00,2026-09-09T00:00:00+07:00,danny1,True
sulsel-kini.example,Makassar,2015-04-06,27,0.292,0.359,-1043,https://sulsel-kini.example/fixture/metrik/2015-04-06,,2026-09-09,2026-09-09T00:00:00+07:00,2026-09-09T00:00:00+07:00,danny1,True
sulsel-kini.example,Makassar,2015-04-13,38,0.203,0.335,-1036,https://sulsel-kini.example/fixture/metrik/2015-04-13,,2026-09-09,2026-09-09T00:00:00+07:00,2026-09-09T00:00:00+07:00,danny1,True
sulsel-kini.example,Makassar,2015-04-20,43,0.222,0.359,-1029,https://sulsel-kini.example/fixture/metrik/2015-04-20,,2026-09-09,2026-09-09T00:00:00+07:00,2026-09-09T00:00:00+07:00,danny1,True
sulsel-kini.example,Makassar,2015-04-27,48,0.224,0.322,-1022,https://sulsel-kini.example/fixture/metrik/2015-04-27,,2026-09-09,2026-09-09T00:00:00+07:00,2026-09-09T00:00:00+07:00,danny1,True
sulsel-kini.example,Makassar,2015-05-04,35,0.239,0.379,-1015,https://sulsel-kini.example/fixture/metrik/2015-05-04,,2026-09-09,2026-09-09T00:00:00+07:00,2026-09-09T00:00:00+07:00,danny1,True
sulsel-kini.example,Makassar,2015-05-11,35,0.22,0.384,-1008,https://sulsel-kini.example/fixture/metrik/2015-05-11,,2026-09-09,2026-09-09T00:00:00+07:00,2026-09-09T00:00:00+07:00,danny1,True
sulsel-kini.example,Makassar,2015-05-18,42,0.259,0.372,-1001,https://sulsel-kini.example/fixture/metrik/2015-05-18,,2026-09-09,2026-09-09T00:00:00+07:00,2026-09-09T00:00:00+07:00,danny1,True
sulsel-kini.example,Makassar,2015-05-25,40,0.261,0.414,-994,https://sulsel-kini.example/fixture/metrik/2015-05-25,,2026-09-09,2026-09-09T00:00:00+07:00,2026-09-09T00:00:00+07:00,danny1,True
sulsel-kini.example,Makassar,2015-06-01,25,0.238,0.376,-987,https://sulsel-kini.example/fixture/metrik/2015-06-01,,2026-09-09,2026-09-09T00:00:00+07:00,2026-09-09T00:00:00+07:00,danny1,True
sulsel-kini.example,Makassar,2015-06-08,31,0.318,0.361,-980,https://sulsel-kini.example/fixture/metrik/2015-06-08,,2026-09-09,2026-09-09T00:00:00+07:00,2026-09-09T00:00:00+07:00,danny1,True
sulsel-kini.example,Makassar,2015-06-15,34,0.282,0.437,-973,https://sulsel-kini.example/fixture/metrik/2015-06-15,,2026-09-09,2026-09-09T00:00:00+07:00,2026-09-09T00:00:00+07:00,danny1,True
sulsel-kini.example,Makassar,2015-06-22,38,0.226,0.441,-966,https://sulsel-kini.example/fixture/metrik/2015-06-22,,2026-09-09,2026-09-09T00:00:00+07:00,2026-09-09T00:00:00+07:00,danny1,True
sulsel-kini.example,Makassar,2015-06-29,35,0.271,0.403,-959,https://sulsel-kini.example/fixture/metrik/2015-06-29,,2026-09-09,2026-09-09T00:00:00+07:00,2026-09-09T00:00:00+07:00,danny1,True
sulsel-kini.example,Makassar,2015-07-06,33,0.243,0.438,-952,https://sulsel-kini.example/fixture/metrik/2015-07-06,,2026-09-09,2026-09-09T00:00:00+07:00,2026-09-09T00:00:00+07:00,danny1,True
sulsel-kini.example,Makassar,2015-07-13,35,0.256,0.41,-945,https://sulsel-kini.example/fixture/metrik/2015-07-13,,2026-09-09,2026-09-09T00:00:00+07:00,2026-09-09T00:00:00+07:00,danny1,True
sulsel-kini.example,Makassar,2015-07-20,41,0.312,0.361,-938,https://sulsel-kini.example/fixture/metrik/2015-07-20,,2026-09-09,2026-09-09T00:00:00+07:00,2026-09-09T00:00:00+07:00,danny1,True
sulsel-kini.example,Makassar,2015-07-27,43,0.291,0.27,-931,https://sulsel-kini.example/fixture/metrik/2015-07-27,,2026-09-09,2026-09-09T00:00:00+07:00,2026-09-09T00:00:00+07:00,danny1,True
sulsel-kini.example,Makassar,2015-08-03,48,0.319,0.421,-924,https://sulsel-kini.example/fixture/metrik/2015-08-03,,2026-09-09,2026-09-09T00:00:00+07:00,2026-09-09T00:00:00+07:00,danny1,True
sulsel-kini.example,Makassar,2015-08-10,34,0.297,0.284,-917,https://sulsel-kini.example/fixture/metrik/2015-08-10,,2026-09-09,2026-09-09T00:00:00+07:00,2026-09-09T00:00:00+07:00,danny1,True
sulsel-kini.example,Makassar,2015-08-17,40,0.26,0.378,-910,https://sulsel-kini.example/fixture/metrik/2015-08-17,,2026-09-09,2026-09-09T00:00:00+07:00,2026-09-09T00:00:00+07:00,danny1,True
sulsel-kini.example,Makassar,2015-08-24,25,0.236,0.313,-903,https://sulsel-kini.example/fixture/metrik/2015-08-24,,2026-09-09,2026-09-09T00:00:00+07:00,2026-09-09T00:00:00+07:00,danny1,True
sulsel-kini.example,Makassar,2015-08-31,31,0.307,0.387,-896,https://sulsel-kini.example/fixture/metrik/2015-08-31,,2026-09-09,2026-09-09T00:00:00+07:00,2026-09-09T00:00:00+07:00,danny1,True
sulsel-kini.example,Makassar,2015-09-07,37,0.256,0.388,-889,https://sulsel-kini.example/fixture/metrik/2015-09-07,,2026-09-09,2026-09-09T00:00:00+07:00,2026-09-09T00:00:00+07:00,danny1,True
sulsel-kini.example,Makassar,2015-09-14,23,0.281,0.385,-882,https://sulsel-kini.example/fixture/metrik/2015-09-14,,2026-09-09,2026-09-09T00:00:00+07:00,2026-09-09T00:00:00+07:00,danny1,True
sulsel-kini.example,Makassar,2015-09-21,39,0.246,0.449,-875,https://sulsel-kini.example/fixture/metrik/2015-09-21,,2026-09-09,2026-09-09T00:00:00+07:00,2026-09-09T00:00:00+07:00,danny1,True
sulsel-kini.example,Makassar,2015-09-28,36,0.241,0.443,-868,https://sulsel-kini.example/fixture/metrik/2015-09-28,,2026-09-09,2026-09-09T00:00:00+07:00,2026-09-09T00:00:00+07:00,danny1,True
sulsel-kini.example,Makassar,2015-10-05,38,0.293,0.308,-861,https://sulsel-kini.example/fixture/metrik/2015-10-05,,2026-09-09,2026-09-09T00:00:00+07:00,2026-09-09T00:00:00+07:00,danny1,True
sulsel-kini.example,Makassar,2015-10-12,41,0.252,0.457,-854,https://sulsel-kini.example/fixture/metrik/2015-10-12,,2026-09-09,2026-09-09T00:00:00+07:00,2026-09-09T00:00:00+07:00,danny1,True
sulsel-kini.example,Makassar,2015-10-19,42,0.252,0.36,-847,https://sulsel-kini.example/fixture/metrik/2015-10-19,,2026-09-09,2026-09-09T00:00:00+07:00,2026-09-09T00:00:00+07:00,danny1,True
sulsel-kini.example,Makassar,2015-10-26,38,0.273,0.282,-840,https://sulsel-kini.example/fixture/metrik/2015-10-26,,2026-09-09,2026-09-09T00:00:00+07:00,2026-09-09T00:00:00+07:00,danny1,True
sulsel-kini.example,Makassar,2015-11-02,55,0.283,0.291,-833,https://sulsel-kini.example/fixture/metrik/2015-11-02,,2026-09-09,2026-09-09T00:00:00+07:00,2026-09-09T00:00:00+07:00,danny1,True
sulsel-kini.example,Makassar,2015-11-09,24,0.301,0.337,-826,https://sulsel-kini.example/fixture/metrik/2015-11-09,,2026-09-09,2026-09-09T00:00:00+07:00,2026-09-09T00:00:00+07:00,danny1,True
sulsel-kini.example,Makassar,2015-11-16,31,0.277,0.37,-819,https://sulsel-kini.example/fixture/metrik/2015-11-16,,2026-09-09,2026-09-09T00:00:00+07:00,2026-09-09T00:00:00+07:00,danny1,True
sulsel-kini.example,Makassar,2015-11-23,33,0.206,0.33,-812,https://sulsel-kini.example/fixture/metrik/2015-11-23,,2026-09-09,2026-09-09T00:00:00+07:00,2026-09-09T00:00:00+07:00,danny1,True
sulsel-kini.example,Makassar,2015-11-30,37,0.282,0.381,-805,https://sulsel-kini.example/fixture/metrik/2015-11-30,,2026-09-09,2026-09-09T00:00:00+07:00,2026-09-09T00:00:00+07:00,danny1,True
sulsel-kini.example,Makassar,2015-12-07,39,0.273,0.407,-798,https://sulsel-kini.example/fixture/metrik/2015-12-07,,2026-09-09,2026-09-09T00:00:00+07:00,2026-09-09T00:00:00+07:00,danny1,True
sulsel-kini.example,Makassar,2015-12-14,46,0.256,0.335,-791,https://sulsel-kini.example/fixture/metrik/2015-12-14,,2026-09-09,2026-09-09T00:00:00+07:00,2026-09-09T00:00:00+07:00,danny1,True
sulsel-kini.example,Makassar,2015-12-21,43,0.24,0.284,-784,https://sulsel-kini.example/fixture/metrik/2015-12-21,,2026-09-09,2026-09-09T00:00:00+07:00,2026-09-09T00:00:00+07:00,danny1,True
sulsel-kini.example,Makassar,2015-12-28,39,0.278,0.404,-777,https://sulsel-kini.example/fixture/metrik/2015-12-28,,2026-09-09,2026-09-09T00:00:00+07:00,2026-09-09T00:00:00+07:00,danny1,True
sulsel-kini.example,Makassar,2016-01-04,37,0.265,0.4,-770,https://sulsel-kini.example/fixture/metrik/2016-01-04,,2026-09-09,2026-09-09T00:00:00+07:00,2026-09-09T00:00:00+07:00,danny1,True
sulsel-kini.example,Makassar,2016-01-11,37,0.314,0.435,-763,https://sulsel-kini.example/fixture/metrik/2016-01-11,,2026-09-09,2026-09-09T00:00:00+07:00,2026-09-09T00:00:00+07:00,danny1,True
sulsel-kini.example,Makassar,2016-01-18,31,0.249,0.353,-756,https://sulsel-kini.example/fixture/metrik/2016-01-18,,2026-09-09,2026-09-09T00:00:00+07:00,2026-09-09T00:00:00+07:00,danny1,True
sulsel-kini.example,Makassar,2016-01-25,24,0.276,0.308,-749,https://sulsel-kini.example/fixture/metrik/2016-01-25,,2026-09-09,2026-09-09T00:00:00+07:00,2026-09-09T00:00:00+07:00,danny1,True
sulsel-kini.example,Makassar,2016-02-01,38,0.231,0.313,-742,https://sulsel-kini.example/fixture/metrik/2016-02-01,,2026-09-09,2026-09-09T00:00:00+07:00,2026-09-09T00:00:00+07:00,danny1,True
sulsel-kini.example,Makassar,2016-02-08,36,0.229,0.371,-735,https://sulsel-kini.example/fixture/metrik/2016-02-08,,2026-09-09,2026-09-09T00:00:00+07:00,2026-09-09T00:00:00+07:00,danny1,True
sulsel-kini.example,Makassar,2016-02-15,39,0.243,0.371,-728,https://sulsel-kini.example/fixture/metrik/2016-02-15,,2026-09-09,2026-09-09T00:00:00+07:00,2026-09-09T00:00:00+07:00,danny1,True
sulsel-kini.example,Makassar,2016-02-22,33,0.287,0.374,-721,https://sulsel-kini.example/fixture/metrik/2016-02-22,,2026-09-09,2026-09-09T00:00:00+07:00,2026-09-09T00:00:00+07:00,danny1,True
sulsel-kini.example,Makassar,2016-02-29,36,0.215,0.401,-714,https://sulsel-kini.example/fixture/metrik/2016-02-29,,2026-09-09,2026-09-09T00:00:00+07:00,2026-09-09T00:00:00+07:00,danny1,True
sulsel-kini.example,Makassar,2016-03-07,34,0.28,0.401,-707,https://sulsel-kini.example/fixture/metrik/2016-03-07,,2026-09-09,2026-09-09T00:00:00+07:00,2026-09-09T00:00:00+07:00,danny1,True
sulsel-kini.example,Makassar,2016-03-14,60,0.219,0.323,-700,https://sulsel-kini.example/fixture/metrik/2016-03-14,,2026-09-09,2026-09-09T00:00:00+07:00,2026-09-09T00:00:00+07:00,danny1,True
sulsel-kini.example,Makassar,2016-03-21,36,0.269,0.441,-693,https://sulsel-kini.example/fixture/metrik/2016-03-21,,2026-09-09,2026-09-09T00:00:00+07:00,2026-09-09T00:00:00+07:00,danny1,True
sulsel-kini.example,Makassar,2016-03-28,40,0.233,0.265,-686,https://sulsel-kini.example/fixture/metrik/2016-03-28,,2026-09-09,2026-09-09T00:00:00+07:00,2026-09-09T00:00:00+07:00,danny1,True
sulsel-kini.example,Makassar,2016-04-04,33,0.286,0.378,-679,https://sulsel-kini.example/fixture/metrik/2016-04-04,,2026-09-09,2026-09-09T00:00:00+07:00,2026-09-09T00:00:00+07:00,danny1,True
sulsel-kini.example,Makassar,2016-04-11,25,0.28,0.342,-672,https://sulsel-kini.example/fixture/metrik/2016-04-11,,2026-09-09,2026-09-09T00:00:00+07:00,2026-09-09T00:00:00+07:00,danny1,True
sulsel-kini.example,Makassar,2016-04-18,41,0.256,0.385,-665,https://sulsel-kini.example/fixture/metrik/2016-04-18,,2026-09-09,2026-09-09T00:00:00+07:00,2026-09-09T00:00:00+07:00,danny1,True
sulsel-kini.example,Makassar,2016-04-25,34,0.301,0.424,-658,https://sulsel-kini.example/fixture/metrik/2016-04-25,,2026-09-09,2026-09-09T00:00:00+07:00,2026-09-09T00:00:00+07:00,danny1,True
sulsel-kini.example,Makassar,2016-05-02,26,0.234,0.396,-651,https://sulsel-kini.example/fixture/metrik/2016-05-02,,2026-09-09,2026-09-09T00:00:00+07:00,2026-09-09T00:00:00+07:00,danny1,True
sulsel-kini.example,Makassar,2016-05-09,39,0.328,0.287,-644,https://sulsel-kini.example/fixture/metrik/2016-05-09,,2026-09-09,2026-09-09T00:00:00+07:00,2026-09-09T00:00:00+07:00,danny1,True
sulsel-kini.example,Makassar,2016-05-16,35,0.297,0.392,-637,https://sulsel-kini.example/fixture/metrik/2016-05-16,,2026-09-09,2026-09-09T00:00:00+07:00,2026-09-09T00:00:00+07:00,danny1,True
sulsel-kini.example,Makassar,2016-05-23,44,0.291,0.37,-630,https://sulsel-kini.example/fixture/metrik/2016-05-23,,2026-09-09,2026-09-09T00:00:00+07:00,2026-09-09T00:00:00+07:00,danny1,True
sulsel-kini.example,Makassar,2016-05-30,28,0.258,0.379,-623,https://sulsel-kini.example/fixture/metrik/2016-05-30,,2026-09-09,2026-09-09T00:00:00+07:00,2026-09-09T00:00:00+07:00,danny1,True
sulsel-kini.example,Makassar,2016-06-06,36,0.264,0.413,-616,https://sulsel-kini.example/fixture/metrik/2016-06-06,,2026-09-09,2026-09-09T00:00:00+07:00,2026-09-09T00:00:00+07:00,danny1,True
sulsel-kini.example,Makassar,2016-06-13,46,0.293,0.372,-609,https://sulsel-kini.example/fixture/metrik/2016-06-13,,2026-09-09,2026-09-09T00:00:00+07:00,2026-09-09T00:00:00+07:00,danny1,True
sulsel-kini.example,Makassar,2016-06-20,39,0.299,0.354,-602,https://sulsel-kini.example/fixture/metrik/2016-06-20,,2026-09-09,2026-09-09T00:00:00+07:00,2026-09-09T00:00:00+07:00,danny1,True
sulsel-kini.example,Makassar,2016-06-27,26,0.287,0.323,-595,https://sulsel-kini.example/fixture/metrik/2016-06-27,,2026-09-09,2026-09-09T00:00:00+07:00,2026-09-09T00:00:00+07:00,danny1,True
sulsel-kini.example,Makassar,2016-07-04,35,0.236,0.36,-588,https://sulsel-kini.example/fixture/metrik/2016-07-04,,2026-09-09,2026-09-09T00:00:00+07:00,2026-09-09T00:00:00+07:00,danny1,True
sulsel-kini.example,Makassar,2016-07-11,42,0.251,0.319,-581,https://sulsel-kini.example/fixture/metrik/2016-07-11,,2026-09-09,2026-09-09T00:00:00+07:00,2026-09-09T00:00:00+07:00,danny1,True
sulsel-kini.example,Makassar,2016-07-18,35,0.234,0.322,-574,https://sulsel-kini.example/fixture/metrik/2016-07-18,,2026-09-09,2026-09-09T00:00:00+07:00,2026-09-09T00:00:00+07:00,danny1,True
sulsel-kini.example,Makassar,2016-07-25,36,0.208,0.522,-567,https://sulsel-kini.example/fixture/metrik/2016-07-25,,2026-09-09,2026-09-09T00:00:00+07:00,2026-09-09T00:00:00+07:00,danny1,True
sulsel-kini.example,Makassar,2016-08-01,37,0.265,0.299,-560,https://sulsel-kini.example/fixture/metrik/2016-08-01,,2026-09-09,2026-09-09T00:00:00+07:00,2026-09-09T00:00:00+07:00,danny1,True
sulsel-kini.example,Makassar,2016-08-08,43,0.303,0.432,-553,https://sulsel-kini.example/fixture/metrik/2016-08-08,,2026-09-09,2026-09-09T00:00:00+07:00,2026-09-09T00:00:00+07:00,danny1,True
sulsel-kini.example,Makassar,2016-08-15,28,0.297,0.371,-546,https://sulsel-kini.example/fixture/metrik/2016-08-15,,2026-09-09,2026-09-09T00:00:00+07:00,2026-09-09T00:00:00+07:00,danny1,True
sulsel-kini.example,Makassar,2016-08-22,39,0.191,0.395,-539,https://sulsel-kini.example/fixture/metrik/2016-08-22,,2026-09-09,2026-09-09T00:00:00+07:00,2026-09-09T00:00:00+07:00,danny1,True
sulsel-kini.example,Makassar,2016-08-29,43,0.273,0.313,-532,https://sulsel-kini.example/fixture/metrik/2016-08-29,,2026-09-09,2026-09-09T00:00:00+07:00,2026-09-09T00:00:00+07:00,danny1,True
sulsel-kini.example,Makassar,2016-09-05,37,0.22,0.352,-525,https://sulsel-kini.example/fixture/metrik/2016-09-05,,2026-09-09,2026-09-09T00:00:00+07:00,2026-09-09T00:00:00+07:00,danny1,True
sulsel-kini.example,Makassar,2016-09-12,38,0.257,0.332,-518,https://sulsel-kini.example/fixture/metrik/2016-09-12,,2026-09-09,2026-09-09T00:00:00+07:00,2026-09-09T00:00:00+07:00,danny1,True
sulsel-kini.example,Makassar,2016-09-19,26,0.292,0.324,-511,https://sulsel-kini.example/fixture/metrik/2016-09-19,,2026-09-09,2026-09-09T00:00:00+07:00,2026-09-09T00:00:00+07:00,danny1,True
sulsel-kini.example,Makassar,2016-09-26,40,0.285,0.335,-504,https://sulsel-kini.example/fixture/metrik/2016-09-26,,2026-09-09,2026-09-09T00:00:00+07:00,2026-09-09T00:00:00+07:00,danny1,True
sulsel-kini.example,Makassar,2016-10-03,33,0.224,0.337,-497,https://sulsel-kini.example/fixture/metrik/2016-10-03,,2026-09-09,2026-09-09T00:00:00+07:00,2026-09-09T00:00:00+07:00,danny1,True
sulsel-kini.example,Makassar,2016-10-10,49,0.258,0.43,-490,https://sulsel-kini.example/fixture/metrik/2016-10-10,,2026-09-09,2026-09-09T00:00:00+07:00,2026-09-09T00:00:00+07:00,danny1,True
sulsel-kini.example,Makassar,2016-10-17,39,0.233,0.33,-483,https://sulsel-kini.example/fixture/metrik/2016-10-17,,2026-09-09,2026-09-09T00:00:00+07:00,2026-09-09T00:00:00+07:00,danny1,True
sulsel-kini.example,Makassar,2016-10-24,43,0.264,0.349,-476,https://sulsel-kini.example/fixture/metrik/2016-10-24,,2026-09-09,2026-09-09T00:00:00+07:00,2026-09-09T00:00:00+07:00,danny1,True
sulsel-kini.example,Makassar,2016-10-31,44,0.233,0.4,-469,https://sulsel-kini.example/fixture/metrik/2016-10-31,,2026-09-09,2026-09-09T00:00:00+07:00,2026-09-09T00:00:00+07:00,danny1,True
sulsel-kini.example,Makassar,2016-11-07,30,0.261,0.301,-462,https://sulsel-kini.example/fixture/metrik/2016-11-07,,2026-09-09,2026-09-09T00:00:00+07:00,2026-09-09T00:00:00+07:00,danny1,True
sulsel-kini.example,Makassar,2016-11-14,42,0.233,0.448,-455,https://sulsel-kini.example/fixture/metrik/2016-11-14,,2026-09-09,2026-09-09T00:00:00+07:00,2026-09-09T00:00:00+07:00,danny1,True
sulsel-kini.example,Makassar,2016-11-21,45,0.253,0.292,-448,https://sulsel-kini.example/fixture/metrik/2016-11-21,,2026-09-09,2026-09-09T00:00:00+07:00,2026-09-09T00:00:00+07:00,danny1,True
sulsel-kini.example,Makassar,2016-11-28,37,0.202,0.32,-441,https://sulsel-kini.example/fixture/metrik/2016-11-28,,2026-09-09,2026-09-09T00:00:00+07:00,2026-09-09T00:00:00+07:00,danny1,True
sulsel-kini.example,Makassar,2016-12-05,33,0.213,0.329,-434,https://sulsel-kini.example/fixture/metrik/2016-12-05,,2026-09-09,2026-09-09T00:00:00+07:00,2026-09-09T00:00:00+07:00,danny1,True
sulsel-kini.example,Makassar,2016-12-12,48,0.279,0.474,-427,https://sulsel-kini.example/fixture/metrik/2016-12-12,,2026-09-09,2026-09-09T00:00:00+07:00,2026-09-09T00:00:00+07:00,danny1,True
sulsel-kini.example,Makassar,2016-12-19,29,0.148,0.33,-420,https://sulsel-kini.example/fixture/metrik/2016-12-19,,2026-09-09,2026-09-09T00:00:00+07:00,2026-09-09T00:00:00+07:00,danny1,True
sulsel-kini.example,Makassar,2016-12-26,41,0.247,0.405,-413,https://sulsel-kini.example/fixture/metrik/2016-12-26,,2026-09-09,2026-09-09T00:00:00+07:00,2026-09-09T00:00:00+07:00,danny1,True
sulsel-kini.example,Makassar,2017-01-02,35,0.3,0.411,-406,https://sulsel-kini.example/fixture/metrik/2017-01-02,,2026-09-09,2026-09-09T00:00:00+07:00,2026-09-09T00:00:00+07:00,danny1,True
sulsel-kini.example,Makassar,2017-01-09,34,0.279,0.329,-399,https://sulsel-kini.example/fixture/metrik/2017-01-09,,2026-09-09,2026-09-09T00:00:00+07:00,2026-09-09T00:00:00+07:00,danny1,True
sulsel-kini.example,Makassar,2017-01-16,31,0.27,0.439,-392,https://sulsel-kini.example/fixture/metrik/2017-01-16,,2026-09-09,2026-09-09T00:00:00+07:00,2026-09-09T00:00:00+07:00,danny1,True
sulsel-kini.example,Makassar,2017-01-23,32,0.282,0.347,-385,https://sulsel-kini.example/fixture/metrik/2017-01-23,,2026-09-09,2026-09-09T00:00:00+07:00,2026-09-09T00:00:00+07:00,danny1,True
sulsel-kini.example,Makassar,2017-01-30,39,0.248,0.389,-378,https://sulsel-kini.example/fixture/metrik/2017-01-30,,2026-09-09,2026-09-09T00:00:00+07:00,2026-09-09T00:00:00+07:00,danny1,True
sulsel-kini.example,Makassar,2017-02-06,47,0.261,0.417,-371,https://sulsel-kini.example/fixture/metrik/2017-02-06,,2026-09-09,2026-09-09T00:00:00+07:00,2026-09-09T00:00:00+07:00,danny1,True
sulsel-kini.example,Makassar,2017-02-13,29,0.265,0.394,-364,https://sulsel-kini.example/fixture/metrik/2017-02-13,,2026-09-09,2026-09-09T00:00:00+07:00,2026-09-09T00:00:00+07:00,danny1,True
sulsel-kini.example,Makassar,2017-02-20,36,0.271,0.26,-357,https://sulsel-kini.example/fixture/metrik/2017-02-20,,2026-09-09,2026-09-09T00:00:00+07:00,2026-09-09T00:00:00+07:00,danny1,True
sulsel-kini.example,Makassar,2017-02-27,40,0.3,0.4,-350,https://sulsel-kini.example/fixture/metrik/2017-02-27,,2026-09-09,2026-09-09T00:00:00+07:00,2026-09-09T00:00:00+07:00,danny1,True
sulsel-kini.example,Makassar,2017-03-06,45,0.239,0.375,-343,https://sulsel-kini.example/fixture/metrik/2017-03-06,,2026-09-09,2026-09-09T00:00:00+07:00,2026-09-09T00:00:00+07:00,danny1,True
sulsel-kini.example,Makassar,2017-03-13,31,0.264,0.322,-336,https://sulsel-kini.example/fixture/metrik/2017-03-13,,2026-09-09,2026-09-09T00:00:00+07:00,2026-09-09T00:00:00+07:00,danny1,True
sulsel-kini.example,Makassar,2017-03-20,33,0.291,0.348,-329,https://sulsel-kini.example/fixture/metrik/2017-03-20,,2026-09-09,2026-09-09T00:00:00+07:00,2026-09-09T00:00:00+07:00,danny1,True
sulsel-kini.example,Makassar,2017-03-27,33,0.249,0.42,-322,https://sulsel-kini.example/fixture/metrik/2017-03-27,,2026-09-09,2026-09-09T00:00:00+07:00,2026-09-09T00:00:00+07:00,danny1,True
sulsel-kini.example,Makassar,2017-04-03,40,0.279,0.441,-315,https://sulsel-kini.example/fixture/metrik/2017-04-03,,2026-09-09,2026-09-09T00:00:00+07:00,2026-09-09T00:00:00+07:00,danny1,True
sulsel-kini.example,Makassar,2017-04-10,29,0.277,0.328,-308,https://sulsel-kini.example/fixture/metrik/2017-04-10,,2026-09-09,2026-09-09T00:00:00+07:00,2026-09-09T00:00:00+07:00,danny1,True
sulsel-kini.example,Makassar,2017-04-17,40,0.233,0.34,-301,https://sulsel-kini.example/fixture/metrik/2017-04-17,,2026-09-09,2026-09-09T00:00:00+07:00,2026-09-09T00:00:00+07:00,danny1,True
sulsel-kini.example,Makassar,2017-04-24,30,0.259,0.301,-294,https://sulsel-kini.example/fixture/metrik/2017-04-24,,2026-09-09,2026-09-09T00:00:00+07:00,2026-09-09T00:00:00+07:00,danny1,True
sulsel-kini.example,Makassar,2017-05-01,30,0.229,0.374,-287,https://sulsel-kini.example/fixture/metrik/2017-05-01,,2026-09-09,2026-09-09T00:00:00+07:00,2026-09-09T00:00:00+07:00,danny1,True
sulsel-kini.example,Makassar,2017-05-08,37,0.243,0.395,-280,https://sulsel-kini.example/fixture/metrik/2017-05-08,,2026-09-09,2026-09-09T00:00:00+07:00,2026-09-09T00:00:00+07:00,danny1,True
sulsel-kini.example,Makassar,2017-05-15,33,0.24,0.27,-273,https://sulsel-kini.example/fixture/metrik/2017-05-15,,2026-09-09,2026-09-09T00:00:00+07:00,2026-09-09T00:00:00+07:00,danny1,True
sulsel-kini.example,Makassar,2017-05-22,34,0.245,0.304,-266,https://sulsel-kini.example/fixture/metrik/2017-05-22,,2026-09-09,2026-09-09T00:00:00+07:00,2026-09-09T00:00:00+07:00,danny1,True
sulsel-kini.example,Makassar,2017-05-29,26,0.236,0.313,-259,https://sulsel-kini.example/fixture/metrik/2017-05-29,,2026-09-09,2026-09-09T00:00:00+07:00,2026-09-09T00:00:00+07:00,danny1,True
sulsel-kini.example,Makassar,2017-06-05,29,0.277,0.322,-252,https://sulsel-kini.example/fixture/metrik/2017-06-05,,2026-09-09,2026-09-09T00:00:00+07:00,2026-09-09T00:00:00+07:00,danny1,True
sulsel-kini.example,Makassar,2017-06-12,30,0.273,0.34,-245,https://sulsel-kini.example/fixture/metrik/2017-06-12,,2026-09-09,2026-09-09T00:00:00+07:00,2026-09-09T00:00:00+07:00,danny1,True
sulsel-kini.example,Makassar,2017-06-19,39,0.216,0.401,-238,https://sulsel-kini.example/fixture/metrik/2017-06-19,,2026-09-09,2026-09-09T00:00:00+07:00,2026-09-09T00:00:00+07:00,danny1,True
sulsel-kini.example,Makassar,2017-06-26,41,0.27,0.386,-231,https://sulsel-kini.example/fixture/metrik/2017-06-26,,2026-09-09,2026-09-09T00:00:00+07:00,2026-09-09T00:00:00+07:00,danny1,True
sulsel-kini.example,Makassar,2017-07-03,52,0.243,0.466,-224,https://sulsel-kini.example/fixture/metrik/2017-07-03,,2026-09-09,2026-09-09T00:00:00+07:00,2026-09-09T00:00:00+07:00,danny1,True
sulsel-kini.example,Makassar,2017-07-10,39,0.29,0.448,-217,https://sulsel-kini.example/fixture/metrik/2017-07-10,,2026-09-09,2026-09-09T00:00:00+07:00,2026-09-09T00:00:00+07:00,danny1,True
sulsel-kini.example,Makassar,2017-07-17,42,0.235,0.402,-210,https://sulsel-kini.example/fixture/metrik/2017-07-17,,2026-09-09,2026-09-09T00:00:00+07:00,2026-09-09T00:00:00+07:00,danny1,True
sulsel-kini.example,Makassar,2017-07-24,41,0.282,0.398,-203,https://sulsel-kini.example/fixture/metrik/2017-07-24,,2026-09-09,2026-09-09T00:00:00+07:00,2026-09-09T00:00:00+07:00,danny1,True
sulsel-kini.example,Makassar,2017-07-31,35,0.312,0.399,-196,https://sulsel-kini.example/fixture/metrik/2017-07-31,,2026-09-09,2026-09-09T00:00:00+07:00,2026-09-09T00:00:00+07:00,danny1,True
sulsel-kini.example,Makassar,2017-08-07,21,0.316,0.38,-189,https://sulsel-kini.example/fixture/metrik/2017-08-07,,2026-09-09,2026-09-09T00:00:00+07:00,2026-09-09T00:00:00+07:00,danny1,True
sulsel-kini.example,Makassar,2017-08-14,32,0.277,0.368,-182,https://sulsel-kini.example/fixture/metrik/2017-08-14,,2026-09-09,2026-09-09T00:00:00+07:00,2026-09-09T00:00:00+07:00,danny1,True
sulsel-kini.example,Makassar,2017-08-21,30,0.244,0.328,-175,https://sulsel-kini.example/fixture/metrik/2017-08-21,,2026-09-09,2026-09-09T00:00:00+07:00,2026-09-09T00:00:00+07:00,danny1,True
sulsel-kini.example,Makassar,2017-08-28,28,0.258,0.378,-168,https://sulsel-kini.example/fixture/metrik/2017-08-28,,2026-09-09,2026-09-09T00:00:00+07:00,2026-09-09T00:00:00+07:00,danny1,True
sulsel-kini.example,Makassar,2017-09-04,39,0.315,0.39,-161,https://sulsel-kini.example/fixture/metrik/2017-09-04,,2026-09-09,2026-09-09T00:00:00+07:00,2026-09-09T00:00:00+07:00,danny1,True
sulsel-kini.example,Makassar,2017-09-11,44,0.282,0.288,-154,https://sulsel-kini.example/fixture/metrik/2017-09-11,,2026-09-09,2026-09-09T00:00:00+07:00,2026-09-09T00:00:00+07:00,danny1,True
sulsel-kini.example,Makassar,2017-09-18,40,0.31,0.342,-147,https://sulsel-kini.example/fixture/metrik/2017-09-18,,2026-09-09,2026-09-09T00:00:00+07:00,2026-09-09T00:00:00+07:00,danny1,True
sulsel-kini.example,Makassar,2017-09-25,42,0.354,0.36,-140,https://sulsel-kini.example/fixture/metrik/2017-09-25,,2026-09-09,2026-09-09T00:00:00+07:00,2026-09-09T00:00:00+07:00,danny1,True
sulsel-kini.example,Makassar,2017-10-02,39,0.326,0.364,-133,https://sulsel-kini.example/fixture/metrik/2017-10-02,,2026-09-09,2026-09-09T00:00:00+07:00,2026-09-09T00:00:00+07:00,danny1,True
sulsel-kini.example,Makassar,2017-10-09,37,0.317,0.363,-126,https://sulsel-kini.example/fixture/metrik/2017-10-09,,2026-09-09,2026-09-09T00:00:00+07:00,2026-09-09T00:00:00+07:00,danny1,True
sulsel-kini.example,Makassar,2017-10-16,38,0.341,0.254,-119,https://sulsel-kini.example/fixture/metrik/2017-10-16,,2026-09-09,2026-09-09T00:00:00+07:00,2026-09-09T00:00:00+07:00,danny1,True
sulsel-kini.example,Makassar,2017-10-23,53,0.433,0.31,-112,https://sulsel-kini.example/fixture/metrik/2017-10-23,,2026-09-09,2026-09-09T00:00:00+07:00,2026-09-09T00:00:00+07:00,danny1,True
sulsel-kini.example,Makassar,2017-10-30,49,0.384,0.425,-105,https://sulsel-kini.example/fixture/metrik/2017-10-30,,2026-09-09,2026-09-09T00:00:00+07:00,2026-09-09T00:00:00+07:00,danny1,True
sulsel-kini.example,Makassar,2017-11-06,47,0.417,0.29,-98,https://sulsel-kini.example/fixture/metrik/2017-11-06,,2026-09-09,2026-09-09T00:00:00+07:00,2026-09-09T00:00:00+07:00,danny1,True
sulsel-kini.example,Makassar,2017-11-13,41,0.405,0.321,-91,https://sulsel-kini.example/fixture/metrik/2017-11-13,,2026-09-09,2026-09-09T00:00:00+07:00,2026-09-09T00:00:00+07:00,danny1,True
sulsel-kini.example,Makassar,2017-11-20,63,0.378,0.342,-84,https://sulsel-kini.example/fixture/metrik/2017-11-20,,2026-09-09,2026-09-09T00:00:00+07:00,2026-09-09T00:00:00+07:00,danny1,True
sulsel-kini.example,Makassar,2017-11-27,29,0.418,0.41,-77,https://sulsel-kini.example/fixture/metrik/2017-11-27,,2026-09-09,2026-09-09T00:00:00+07:00,2026-09-09T00:00:00+07:00,danny1,True
sulsel-kini.example,Makassar,2017-12-04,30,0.484,0.464,-70,https://sulsel-kini.example/fixture/metrik/2017-12-04,,2026-09-09,2026-09-09T00:00:00+07:00,2026-09-09T00:00:00+07:00,danny1,True
sulsel-kini.example,Makassar,2017-12-11,45,0.435,0.384,-63,https://sulsel-kini.example/fixture/metrik/2017-12-11,,2026-09-09,2026-09-09T00:00:00+07:00,2026-09-09T00:00:00+07:00,danny1,True
sulsel-kini.example,Makassar,2017-12-18,23,0.473,0.37,-56,https://sulsel-kini.example/fixture/metrik/2017-12-18,,2026-09-09,2026-09-09T00:00:00+07:00,2026-09-09T00:00:00+07:00,danny1,True
sulsel-kini.example,Makassar,2017-12-25,42,0.486,0.299,-49,https://sulsel-kini.example/fixture/metrik/2017-12-25,,2026-09-09,2026-09-09T00:00:00+07:00,2026-09-09T00:00:00+07:00,danny1,True
sulsel-kini.example,Makassar,2018-01-01,30,0.492,0.289,-42,https://sulsel-kini.example/fixture/metrik/2018-01-01,,2026-09-09,2026-09-09T00:00:00+07:00,2026-09-09T00:00:00+07:00,danny1,True
sulsel-kini.example,Makassar,2018-01-08,27,0.511,0.401,-35,https://sulsel-kini.example/fixture/metrik/2018-01-08,,2026-09-09,2026-09-09T00:00:00+07:00,2026-09-09T00:00:00+07:00,danny1,True
sulsel-kini.example,Makassar,2018-01-15,34,0.508,0.369,-28,https://sulsel-kini.example/fixture/metrik/2018-01-15,,2026-09-09,2026-09-09T00:00:00+07:00,2026-09-09T00:00:00+07:00,danny1,True
sulsel-kini.example,Makassar,2018-01-22,47,0.54,0.409,-21,https://sulsel-kini.example/fixture/metrik/2018-01-22,,2026-09-09,2026-09-09T00:00:00+07:00,2026-09-09T00:00:00+07:00,danny1,True
sulsel-kini.example,Makassar,2018-01-29,35,0.439,0.372,-14,https://sulsel-kini.example/fixture/metrik/2018-01-29,,2026-09-09,2026-09-09T00:00:00+07:00,2026-09-09T00:00:00+07:00,danny1,True
sulsel-kini.example,Makassar,2018-02-05,41,0.464,0.341,-7,https://sulsel-kini.example/fixture/metrik/2018-02-05,,2026-09-09,2026-09-09T00:00:00+07:00,2026-09-09T00:00:00+07:00,danny1,True
sulsel-kini.example,Makassar,2018-02-12,39,0.464,0.398,0,https://sulsel-kini.example/fixture/metrik/2018-02-12,,2026-09-09,2026-09-09T00:00:00+07:00,2026-09-09T00:00:00+07:00,danny1,True
sulsel-kini.example,Makassar,2018-02-19,38,0.431,0.384,7,https://sulsel-kini.example/fixture/metrik/2018-02-19,,2026-09-09,2026-09-09T00:00:00+07:00,2026-09-09T00:00:00+07:00,danny1,True
sulsel-kini.example,Makassar,2018-02-26,45,0.426,0.369,14,https://sulsel-kini.example/fixture/metrik/2018-02-26,,2026-09-09,2026-09-09T00:00:00+07:00,2026-09-09T00:00:00+07:00,danny1,True
sulsel-kini.example,Makassar,2018-03-05,35,0.233,0.367,21,https://sulsel-kini.example/fixture/metrik/2018-03-05,,2026-09-09,2026-09-09T00:00:00+07:00,2026-09-09T00:00:00+07:00,danny1,True
sulsel-kini.example,Makassar,2018-03-12,47,0.232,0.43,28,https://sulsel-kini.example/fixture/metrik/2018-03-12,,2026-09-09,2026-09-09T00:00:00+07:00,2026-09-09T00:00:00+07:00,danny1,True
sulsel-kini.example,Makassar,2018-03-19,38,0.266,0.401,35,https://sulsel-kini.example/fixture/metrik/2018-03-19,,2026-09-09,2026-09-09T00:00:00+07:00,2026-09-09T00:00:00+07:00,danny1,True
sulsel-kini.example,Makassar,2018-03-26,40,0.239,0.459,42,https://sulsel-kini.example/fixture/metrik/2018-03-26,,2026-09-09,2026-09-09T00:00:00+07:00,2026-09-09T00:00:00+07:00,danny1,True
sulsel-kini.example,Makassar,2018-04-02,33,0.282,0.405,49,https://sulsel-kini.example/fixture/metrik/2018-04-02,,2026-09-09,2026-09-09T00:00:00+07:00,2026-09-09T00:00:00+07:00,danny1,True
sulsel-kini.example,Makassar,2018-04-09,37,0.32,0.389,56,https://sulsel-kini.example/fixture/metrik/2018-04-09,,2026-09-09,2026-09-09T00:00:00+07:00,2026-09-09T00:00:00+07:00,danny1,True
sulsel-kini.example,Makassar,2018-04-16,23,0.324,0.365,63,https://sulsel-kini.example/fixture/metrik/2018-04-16,,2026-09-09,2026-09-09T00:00:00+07:00,2026-09-09T00:00:00+07:00,danny1,True
sulsel-kini.example,Makassar,2018-04-23,27,0.14,0.415,70,https://sulsel-kini.example/fixture/metrik/2018-04-23,,2026-09-09,2026-09-09T00:00:00+07:00,2026-09-09T00:00:00+07:00,danny1,True
sulsel-kini.example,Makassar,2018-04-30,37,0.071,0.364,77,https://sulsel-kini.example/fixture/metrik/2018-04-30,,2026-09-09,2026-09-09T00:00:00+07:00,2026-09-09T00:00:00+07:00,danny1,True
sulsel-kini.example,Makassar,2018-05-07,31,0.076,0.377,84,https://sulsel-kini.example/fixture/metrik/2018-05-07,,2026-09-09,2026-09-09T00:00:00+07:00,2026-09-09T00:00:00+07:00,danny1,True
sulsel-kini.example,Makassar,2018-05-14,40,0.111,0.439,91,https://sulsel-kini.example/fixture/metrik/2018-05-14,,2026-09-09,2026-09-09T00:00:00+07:00,2026-09-09T00:00:00+07:00,danny1,True
sulsel-kini.example,Makassar,2018-05-21,33,0.105,0.226,98,https://sulsel-kini.example/fixture/metrik/2018-05-21,,2026-09-09,2026-09-09T00:00:00+07:00,2026-09-09T00:00:00+07:00,danny1,True
sulsel-kini.example,Makassar,2018-05-28,45,0.206,0.417,105,https://sulsel-kini.example/fixture/metrik/2018-05-28,,2026-09-09,2026-09-09T00:00:00+07:00,2026-09-09T00:00:00+07:00,danny1,True
sulsel-kini.example,Makassar,2018-06-04,42,0.024,0.384,112,https://sulsel-kini.example/fixture/metrik/2018-06-04,,2026-09-09,2026-09-09T00:00:00+07:00,2026-09-09T00:00:00+07:00,danny1,True
sulsel-kini.example,Makassar,2018-06-11,39,0.104,0.441,119,https://sulsel-kini.example/fixture/metrik/2018-06-11,,2026-09-09,2026-09-09T00:00:00+07:00,2026-09-09T00:00:00+07:00,danny1,True
sulsel-kini.example,Makassar,2018-06-18,31,0.036,0.413,126,https://sulsel-kini.example/fixture/metrik/2018-06-18,,2026-09-09,2026-09-09T00:00:00+07:00,2026-09-09T00:00:00+07:00,danny1,True
sulsel-kini.example,Makassar,2018-06-25,28,0.144,0.323,133,https://sulsel-kini.example/fixture/metrik/2018-06-25,,2026-09-09,2026-09-09T00:00:00+07:00,2026-09-09T00:00:00+07:00,danny1,True
sulsel-kini.example,Makassar,2018-07-02,32,0.125,0.309,140,https://sulsel-kini.example/fixture/metrik/2018-07-02,,2026-09-09,2026-09-09T00:00:00+07:00,2026-09-09T00:00:00+07:00,danny1,True
sulsel-kini.example,Makassar,2018-07-09,26,0.127,0.293,147,https://sulsel-kini.example/fixture/metrik/2018-07-09,,2026-09-09,2026-09-09T00:00:00+07:00,2026-09-09T00:00:00+07:00,danny1,True
sulsel-kini.example,Makassar,2018-07-16,33,0.314,0.37,154,https://sulsel-kini.example/fixture/metrik/2018-07-16,,2026-09-09,2026-09-09T00:00:00+07:00,2026-09-09T00:00:00+07:00,danny1,True
sulsel-kini.example,Makassar,2018-07-23,35,0.275,0.283,161,https://sulsel-kini.example/fixture/metrik/2018-07-23,,2026-09-09,2026-09-09T00:00:00+07:00,2026-09-09T00:00:00+07:00,danny1,True
sulsel-kini.example,Makassar,2018-07-30,26,0.276,0.39,168,https://sulsel-kini.example/fixture/metrik/2018-07-30,,2026-09-09,2026-09-09T00:00:00+07:00,2026-09-09T00:00:00+07:00,danny1,True
sulsel-kini.example,Makassar,2018-08-06,32,0.308,0.285,175,https://sulsel-kini.example/fixture/metrik/2018-08-06,,2026-09-09,2026-09-09T00:00:00+07:00,2026-09-09T00:00:00+07:00,danny1,True
sulsel-kini.example,Makassar,2018-08-13,56,0.228,0.357,182,https://sulsel-kini.example/fixture/metrik/2018-08-13,,2026-09-09,2026-09-09T00:00:00+07:00,2026-09-09T00:00:00+07:00,danny1,True
sulsel-kini.example,Makassar,2018-08-20,36,0.264,0.292,189,https://sulsel-kini.example/fixture/metrik/2018-08-20,,2026-09-09,2026-09-09T00:00:00+07:00,2026-09-09T00:00:00+07:00,danny1,True
sulsel-kini.example,Makassar,2018-08-27,46,0.238,0.32,196,https://sulsel-kini.example/fixture/metrik/2018-08-27,,2026-09-09,2026-09-09T00:00:00+07:00,2026-09-09T00:00:00+07:00,danny1,True
sulsel-kini.example,Makassar,2018-09-03,32,0.256,0.335,203,https://sulsel-kini.example/fixture/metrik/2018-09-03,,2026-09-09,2026-09-09T00:00:00+07:00,2026-09-09T00:00:00+07:00,danny1,True
sulsel-kini.example,Makassar,2018-09-10,42,0.274,0.411,210,https://sulsel-kini.example/fixture/metrik/2018-09-10,,2026-09-09,2026-09-09T00:00:00+07:00,2026-09-09T00:00:00+07:00,danny1,True
sulsel-kini.example,Makassar,2018-09-17,52,0.219,0.343,217,https://sulsel-kini.example/fixture/metrik/2018-09-17,,2026-09-09,2026-09-09T00:00:00+07:00,2026-09-09T00:00:00+07:00,danny1,True
sulsel-kini.example,Makassar,2018-09-24,36,0.278,0.407,224,https://sulsel-kini.example/fixture/metrik/2018-09-24,,2026-09-09,2026-09-09T00:00:00+07:00,2026-09-09T00:00:00+07:00,danny1,True
sulsel-kini.example,Makassar,2018-10-01,35,0.211,0.241,231,https://sulsel-kini.example/fixture/metrik/2018-10-01,,2026-09-09,2026-09-09T00:00:00+07:00,2026-09-09T00:00:00+07:00,danny1,True
sulsel-kini.example,Makassar,2018-10-08,35,0.239,0.354,238,https://sulsel-kini.example/fixture/metrik/2018-10-08,,2026-09-09,2026-09-09T00:00:00+07:00,2026-09-09T00:00:00+07:00,danny1,True
sulsel-kini.example,Makassar,2018-10-15,36,0.256,0.459,245,https://sulsel-kini.example/fixture/metrik/2018-10-15,,2026-09-09,2026-09-09T00:00:00+07:00,2026-09-09T00:00:00+07:00,danny1,True
sulsel-kini.example,Makassar,2018-10-22,26,0.228,0.414,252,https://sulsel-kini.example/fixture/metrik/2018-10-22,,2026-09-09,2026-09-09T00:00:00+07:00,2026-09-09T00:00:00+07:00,danny1,True
sulsel-kini.example,Makassar,2018-10-29,35,0.187,0.348,259,https://sulsel-kini.example/fixture/metrik/2018-10-29,,2026-09-09,2026-09-09T00:00:00+07:00,2026-09-09T00:00:00+07:00,danny1,True
sulsel-kini.example,Makassar,2018-11-05,36,0.243,0.392,266,https://sulsel-kini.example/fixture/metrik/2018-11-05,,2026-09-09,2026-09-09T00:00:00+07:00,2026-09-09T00:00:00+07:00,danny1,True
sulsel-kini.example,Makassar,2018-11-12,37,0.316,0.363,273,https://sulsel-kini.example/fixture/metrik/2018-11-12,,2026-09-09,2026-09-09T00:00:00+07:00,2026-09-09T00:00:00+07:00,danny1,True
sulsel-kini.example,Makassar,2018-11-19,33,0.261,0.406,280,https://sulsel-kini.example/fixture/metrik/2018-11-19,,2026-09-09,2026-09-09T00:00:00+07:00,2026-09-09T00:00:00+07:00,danny1,True
sulsel-kini.example,Makassar,2018-11-26,49,0.243,0.492,287,https://sulsel-kini.example/fixture/metrik/2018-11-26,,2026-09-09,2026-09-09T00:00:00+07:00,2026-09-09T00:00:00+07:00,danny1,True
sulsel-kini.example,Makassar,2018-12-03,30,0.251,0.269,294,https://sulsel-kini.example/fixture/metrik/2018-12-03,,2026-09-09,2026-09-09T00:00:00+07:00,2026-09-09T00:00:00+07:00,danny1,True
sulsel-kini.example,Makassar,2018-12-10,34,0.331,0.297,301,https://sulsel-kini.example/fixture/metrik/2018-12-10,,2026-09-09,2026-09-09T00:00:00+07:00,2026-09-09T00:00:00+07:00,danny1,True
sulsel-kini.example,Makassar,2018-12-17,38,0.226,0.298,308,https://sulsel-kini.example/fixture/metrik/2018-12-17,,2026-09-09,2026-09-09T00:00:00+07:00,2026-09-09T00:00:00+07:00,danny1,True
sulsel-kini.example,Makassar,2018-12-24,28,0.232,0.298,315,https://sulsel-kini.example/fixture/metrik/2018-12-24,,2026-09-09,2026-09-09T00:00:00+07:00,2026-09-09T00:00:00+07:00,danny1,True
sulsel-kini.example,Makassar,2018-12-31,34,0.249,0.377,322,https://sulsel-kini.example/fixture/metrik/2018-12-31,,2026-09-09,2026-09-09T00:00:00+07:00,2026-09-09T00:00:00+07:00,danny1,True
sulsel-kini.example,Makassar,2019-01-07,30,0.248,0.331,329,https://sulsel-kini.example/fixture/metrik/2019-01-07,,2026-09-09,2026-09-09T00:00:00+07:00,2026-09-09T00:00:00+07:00,danny1,True
sulsel-kini.example,Makassar,2019-01-14,38,0.296,0.323,336,https://sulsel-kini.example/fixture/metrik/2019-01-14,,2026-09-09,2026-09-09T00:00:00+07:00,2026-09-09T00:00:00+07:00,danny1,True
sulsel-kini.example,Makassar,2019-01-21,35,0.228,0.355,343,https://sulsel-kini.example/fixture/metrik/2019-01-21,,2026-09-09,2026-09-09T00:00:00+07:00,2026-09-09T00:00:00+07:00,danny1,True
sulsel-kini.example,Makassar,2019-01-28,39,0.22,0.305,350,https://sulsel-kini.example/fixture/metrik/2019-01-28,,2026-09-09,2026-09-09T00:00:00+07:00,2026-09-09T00:00:00+07:00,danny1,True
sulsel-kini.example,Makassar,2019-02-04,31,0.303,0.347,357,https://sulsel-kini.example/fixture/metrik/2019-02-04,,2026-09-09,2026-09-09T00:00:00+07:00,2026-09-09T00:00:00+07:00,danny1,True
sulsel-kini.example,Makassar,2019-02-11,25,0.302,0.323,364,https://sulsel-kini.example/fixture/metrik/2019-02-11,,2026-09-09,2026-09-09T00:00:00+07:00,2026-09-09T00:00:00+07:00,danny1,True
sulsel-kini.example,Makassar,2019-02-18,49,0.216,0.401,371,https://sulsel-kini.example/fixture/metrik/2019-02-18,,2026-09-09,2026-09-09T00:00:00+07:00,2026-09-09T00:00:00+07:00,danny1,True
sulsel-kini.example,Makassar,2019-02-25,31,0.269,0.398,378,https://sulsel-kini.example/fixture/metrik/2019-02-25,,2026-09-09,2026-09-09T00:00:00+07:00,2026-09-09T00:00:00+07:00,danny1,True
sulsel-kini.example,Makassar,2019-03-04,41,0.34,0.314,385,https://sulsel-kini.example/fixture/metrik/2019-03-04,,2026-09-09,2026-09-09T00:00:00+07:00,2026-09-09T00:00:00+07:00,danny1,True
sulsel-kini.example,Makassar,2019-03-11,38,0.233,0.353,392,https://sulsel-kini.example/fixture/metrik/2019-03-11,,2026-09-09,2026-09-09T00:00:00+07:00,2026-09-09T00:00:00+07:00,danny1,True
sulsel-kini.example,Makassar,2019-03-18,36,0.301,0.389,399,https://sulsel-kini.example/fixture/metrik/2019-03-18,,2026-09-09,2026-09-09T00:00:00+07:00,2026-09-09T00:00:00+07:00,danny1,True
sulsel-kini.example,Makassar,2019-03-25,34,0.242,0.388,406,https://sulsel-kini.example/fixture/metrik/2019-03-25,,2026-09-09,2026-09-09T00:00:00+07:00,2026-09-09T00:00:00+07:00,danny1,True
sulsel-kini.example,Makassar,2019-04-01,40,0.252,0.313,413,https://sulsel-kini.example/fixture/metrik/2019-04-01,,2026-09-09,2026-09-09T00:00:00+07:00,2026-09-09T00:00:00+07:00,danny1,True
sulsel-kini.example,Makassar,2019-04-08,30,0.341,0.36,420,https://sulsel-kini.example/fixture/metrik/2019-04-08,,2026-09-09,2026-09-09T00:00:00+07:00,2026-09-09T00:00:00+07:00,danny1,True
sulsel-kini.example,Makassar,2019-04-15,45,0.245,0.337,427,https://sulsel-kini.example/fixture/metrik/2019-04-15,,2026-09-09,2026-09-09T00:00:00+07:00,2026-09-09T00:00:00+07:00,danny1,True
sulsel-kini.example,Makassar,2019-04-22,23,0.283,0.366,434,https://sulsel-kini.example/fixture/metrik/2019-04-22,,2026-09-09,2026-09-09T00:00:00+07:00,2026-09-09T00:00:00+07:00,danny1,True
sulsel-kini.example,Makassar,2019-04-29,34,0.269,0.299,441,https://sulsel-kini.example/fixture/metrik/2019-04-29,,2026-09-09,2026-09-09T00:00:00+07:00,2026-09-09T00:00:00+07:00,danny1,True
sulsel-kini.example,Makassar,2019-05-06,40,0.292,0.4,448,https://sulsel-kini.example/fixture/metrik/2019-05-06,,2026-09-09,2026-09-09T00:00:00+07:00,2026-09-09T00:00:00+07:00,danny1,True
sulsel-kini.example,Makassar,2019-05-13,39,0.11,0.461,455,https://sulsel-kini.example/fixture/metrik/2019-05-13,,2026-09-09,2026-09-09T00:00:00+07:00,2026-09-09T00:00:00+07:00,pj,True
sulsel-kini.example,Makassar,2019-05-20,31,0.024,0.379,462,https://sulsel-kini.example/fixture/metrik/2019-05-20,,2026-09-09,2026-09-09T00:00:00+07:00,2026-09-09T00:00:00+07:00,pj,True
sulsel-kini.example,Makassar,2019-05-27,38,0.02,0.288,469,https://sulsel-kini.example/fixture/metrik/2019-05-27,,2026-09-09,2026-09-09T00:00:00+07:00,2026-09-09T00:00:00+07:00,pj,True
sulsel-kini.example,Makassar,2019-06-03,24,0.116,0.392,476,https://sulsel-kini.example/fixture/metrik/2019-06-03,,2026-09-09,2026-09-09T00:00:00+07:00,2026-09-09T00:00:00+07:00,pj,True
sulsel-kini.example,Makassar,2019-06-10,46,0.05,0.286,-471,https://sulsel-kini.example/fixture/metrik/2019-06-10,,2026-09-09,2026-09-09T00:00:00+07:00,2026-09-09T00:00:00+07:00,pj,True
sulsel-kini.example,Makassar,2019-06-17,38,0.092,0.349,-464,https://sulsel-kini.example/fixture/metrik/2019-06-17,,2026-09-09,2026-09-09T00:00:00+07:00,2026-09-09T00:00:00+07:00,pj,True
sulsel-kini.example,Makassar,2019-06-24,34,0.073,0.421,-457,https://sulsel-kini.example/fixture/metrik/2019-06-24,,2026-09-09,2026-09-09T00:00:00+07:00,2026-09-09T00:00:00+07:00,pj,True
sulsel-kini.example,Makassar,2019-07-01,29,0.076,0.392,-450,https://sulsel-kini.example/fixture/metrik/2019-07-01,,2026-09-09,2026-09-09T00:00:00+07:00,2026-09-09T00:00:00+07:00,pj,True
sulsel-kini.example,Makassar,2019-07-08,45,0.103,0.306,-443,https://sulsel-kini.example/fixture/metrik/2019-07-08,,2026-09-09,2026-09-09T00:00:00+07:00,2026-09-09T00:00:00+07:00,pj,True
sulsel-kini.example,Makassar,2019-07-15,49,0.043,0.338,-436,https://sulsel-kini.example/fixture/metrik/2019-07-15,,2026-09-09,2026-09-09T00:00:00+07:00,2026-09-09T00:00:00+07:00,pj,True
sulsel-kini.example,Makassar,2019-07-22,39,0.126,0.387,-429,https://sulsel-kini.example/fixture/metrik/2019-07-22,,2026-09-09,2026-09-09T00:00:00+07:00,2026-09-09T00:00:00+07:00,pj,True
sulsel-kini.example,Makassar,2019-07-29,43,0.06,0.339,-422,https://sulsel-kini.example/fixture/metrik/2019-07-29,,2026-09-09,2026-09-09T00:00:00+07:00,2026-09-09T00:00:00+07:00,pj,True
sulsel-kini.example,Makassar,2019-08-05,32,0.09,0.386,-415,https://sulsel-kini.example/fixture/metrik/2019-08-05,,2026-09-09,2026-09-09T00:00:00+07:00,2026-09-09T00:00:00+07:00,pj,True
sulsel-kini.example,Makassar,2019-08-12,41,0.07,0.369,-408,https://sulsel-kini.example/fixture/metrik/2019-08-12,,2026-09-09,2026-09-09T00:00:00+07:00,2026-09-09T00:00:00+07:00,pj,True
sulsel-kini.example,Makassar,2019-08-19,39,0.083,0.305,-401,https://sulsel-kini.example/fixture/metrik/2019-08-19,,2026-09-09,2026-09-09T00:00:00+07:00,2026-09-09T00:00:00+07:00,pj,True
sulsel-kini.example,Makassar,2019-08-26,34,0.021,0.373,-394,https://sulsel-kini.example/fixture/metrik/2019-08-26,,2026-09-09,2026-09-09T00:00:00+07:00,2026-09-09T00:00:00+07:00,pj,True
sulsel-kini.example,Makassar,2019-09-02,36,0.109,0.327,-387,https://sulsel-kini.example/fixture/metrik/2019-09-02,,2026-09-09,2026-09-09T00:00:00+07:00,2026-09-09T00:00:00+07:00,pj,True
sulsel-kini.example,Makassar,2019-09-09,28,0.071,0.417,-380,https://sulsel-kini.example/fixture/metrik/2019-09-09,,2026-09-09,2026-09-09T00:00:00+07:00,2026-09-09T00:00:00+07:00,pj,True
sulsel-kini.example,Makassar,2019-09-16,40,0.061,0.383,-373,https://sulsel-kini.example/fixture/metrik/2019-09-16,,2026-09-09,2026-09-09T00:00:00+07:00,2026-09-09T00:00:00+07:00,pj,True
sulsel-kini.example,Makassar,2019-09-23,43,0.056,0.443,-366,https://sulsel-kini.example/fixture/metrik/2019-09-23,,2026-09-09,2026-09-09T00:00:00+07:00,2026-09-09T00:00:00+07:00,pj,True
sulsel-kini.example,Makassar,2019-09-30,31,0.092,0.418,-359,https://sulsel-kini.example/fixture/metrik/2019-09-30,,2026-09-09,2026-09-09T00:00:00+07:00,2026-09-09T00:00:00+07:00,pj,True
sulsel-kini.example,Makassar,2019-10-07,21,0.12,0.304,-352,https://sulsel-kini.example/fixture/metrik/2019-10-07,,2026-09-09,2026-09-09T00:00:00+07:00,2026-09-09T00:00:00+07:00,pj,True
sulsel-kini.example,Makassar,2019-10-14,32,0.081,0.258,-345,https://sulsel-kini.example/fixture/metrik/2019-10-14,,2026-09-09,2026-09-09T00:00:00+07:00,2026-09-09T00:00:00+07:00,pj,True
sulsel-kini.example,Makassar,2019-10-21,40,0.108,0.309,-338,https://sulsel-kini.example/fixture/metrik/2019-10-21,,2026-09-09,2026-09-09T00:00:00+07:00,2026-09-09T00:00:00+07:00,pj,True
sulsel-kini.example,Makassar,2019-10-28,42,0.06,0.35,-331,https://sulsel-kini.example/fixture/metrik/2019-10-28,,2026-09-09,2026-09-09T00:00:00+07:00,2026-09-09T00:00:00+07:00,pj,True
sulsel-kini.example,Makassar,2019-11-04,39,0.163,0.443,-324,https://sulsel-kini.example/fixture/metrik/2019-11-04,,2026-09-09,2026-09-09T00:00:00+07:00,2026-09-09T00:00:00+07:00,pj,True
sulsel-kini.example,Makassar,2019-11-11,37,0.047,0.322,-317,https://sulsel-kini.example/fixture/metrik/2019-11-11,,2026-09-09,2026-09-09T00:00:00+07:00,2026-09-09T00:00:00+07:00,pj,True
sulsel-kini.example,Makassar,2019-11-18,42,0.073,0.326,-310,https://sulsel-kini.example/fixture/metrik/2019-11-18,,2026-09-09,2026-09-09T00:00:00+07:00,2026-09-09T00:00:00+07:00,pj,True
sulsel-kini.example,Makassar,2019-11-25,46,0.067,0.378,-303,https://sulsel-kini.example/fixture/metrik/2019-11-25,,2026-09-09,2026-09-09T00:00:00+07:00,2026-09-09T00:00:00+07:00,pj,True
sulsel-kini.example,Makassar,2019-12-02,48,0.135,0.438,-296,https://sulsel-kini.example/fixture/metrik/2019-12-02,,2026-09-09,2026-09-09T00:00:00+07:00,2026-09-09T00:00:00+07:00,pj,True
sulsel-kini.example,Makassar,2019-12-09,27,0.079,0.342,-289,https://sulsel-kini.example/fixture/metrik/2019-12-09,,2026-09-09,2026-09-09T00:00:00+07:00,2026-09-09T00:00:00+07:00,pj,True
sulsel-kini.example,Makassar,2019-12-16,32,0.124,0.412,-282,https://sulsel-kini.example/fixture/metrik/2019-12-16,,2026-09-09,2026-09-09T00:00:00+07:00,2026-09-09T00:00:00+07:00,pj,True
sulsel-kini.example,Makassar,2019-12-23,27,0.116,0.334,-275,https://sulsel-kini.example/fixture/metrik/2019-12-23,,2026-09-09,2026-09-09T00:00:00+07:00,2026-09-09T00:00:00+07:00,pj,True
sulsel-kini.example,Makassar,2019-12-30,23,0.051,0.3,-268,https://sulsel-kini.example/fixture/metrik/2019-12-30,,2026-09-09,2026-09-09T00:00:00+07:00,2026-09-09T00:00:00+07:00,pj,True
sulsel-kini.example,Makassar,2020-01-06,35,0.058,0.418,-261,https://sulsel-kini.example/fixture/metrik/2020-01-06,,2026-09-09,2026-09-09T00:00:00+07:00,2026-09-09T00:00:00+07:00,pj,True
sulsel-kini.example,Makassar,2020-01-13,40,0.095,0.397,-254,https://sulsel-kini.example/fixture/metrik/2020-01-13,,2026-09-09,2026-09-09T00:00:00+07:00,2026-09-09T00:00:00+07:00,pj,True
sulsel-kini.example,Makassar,2020-01-20,35,0.022,0.349,-247,https://sulsel-kini.example/fixture/metrik/2020-01-20,,2026-09-09,2026-09-09T00:00:00+07:00,2026-09-09T00:00:00+07:00,pj,True
sulsel-kini.example,Makassar,2020-01-27,27,0.081,0.399,-240,https://sulsel-kini.example/fixture/metrik/2020-01-27,,2026-09-09,2026-09-09T00:00:00+07:00,2026-09-09T00:00:00+07:00,pj,True
sulsel-kini.example,Makassar,2020-02-03,40,0.082,0.327,-233,https://sulsel-kini.example/fixture/metrik/2020-02-03,,2026-09-09,2026-09-09T00:00:00+07:00,2026-09-09T00:00:00+07:00,pj,True
sulsel-kini.example,Makassar,2020-02-10,35,0.02,0.402,-226,https://sulsel-kini.example/fixture/metrik/2020-02-10,,2026-09-09,2026-09-09T00:00:00+07:00,2026-09-09T00:00:00+07:00,pj,True
sulsel-kini.example,Makassar,2020-02-17,44,0.1,0.347,-219,https://sulsel-kini.example/fixture/metrik/2020-02-17,,2026-09-09,2026-09-09T00:00:00+07:00,2026-09-09T00:00:00+07:00,pj,True
sulsel-kini.example,Makassar,2020-02-24,40,0.108,0.356,-212,https://sulsel-kini.example/fixture/metrik/2020-02-24,,2026-09-09,2026-09-09T00:00:00+07:00,2026-09-09T00:00:00+07:00,pj,True
sulsel-kini.example,Makassar,2020-03-02,50,0.103,0.376,-205,https://sulsel-kini.example/fixture/metrik/2020-03-02,,2026-09-09,2026-09-09T00:00:00+07:00,2026-09-09T00:00:00+07:00,pj,True
sulsel-kini.example,Makassar,2020-03-09,28,0.062,0.385,-198,https://sulsel-kini.example/fixture/metrik/2020-03-09,,2026-09-09,2026-09-09T00:00:00+07:00,2026-09-09T00:00:00+07:00,pj,True
sulsel-kini.example,Makassar,2020-03-16,42,0.103,0.428,-191,https://sulsel-kini.example/fixture/metrik/2020-03-16,,2026-09-09,2026-09-09T00:00:00+07:00,2026-09-09T00:00:00+07:00,pj,True
sulsel-kini.example,Makassar,2020-03-23,53,0.085,0.38,-184,https://sulsel-kini.example/fixture/metrik/2020-03-23,,2026-09-09,2026-09-09T00:00:00+07:00,2026-09-09T00:00:00+07:00,pj,True
sulsel-kini.example,Makassar,2020-03-30,32,0.086,0.407,-177,https://sulsel-kini.example/fixture/metrik/2020-03-30,,2026-09-09,2026-09-09T00:00:00+07:00,2026-09-09T00:00:00+07:00,pj,True
sulsel-kini.example,Makassar,2020-04-06,42,0.127,0.378,-170,https://sulsel-kini.example/fixture/metrik/2020-04-06,,2026-09-09,2026-09-09T00:00:00+07:00,2026-09-09T00:00:00+07:00,pj,True
sulsel-kini.example,Makassar,2020-04-13,38,0.083,0.361,-163,https://sulsel-kini.example/fixture/metrik/2020-04-13,,2026-09-09,2026-09-09T00:00:00+07:00,2026-09-09T00:00:00+07:00,pj,True
sulsel-kini.example,Makassar,2020-04-20,23,0.133,0.331,-156,https://sulsel-kini.example/fixture/metrik/2020-04-20,,2026-09-09,2026-09-09T00:00:00+07:00,2026-09-09T00:00:00+07:00,pj,True
sulsel-kini.example,Makassar,2020-04-27,44,0.106,0.387,-149,https://sulsel-kini.example/fixture/metrik/2020-04-27,,2026-09-09,2026-09-09T00:00:00+07:00,2026-09-09T00:00:00+07:00,pj,True
sulsel-kini.example,Makassar,2020-05-04,31,0.199,0.372,-142,https://sulsel-kini.example/fixture/metrik/2020-05-04,,2026-09-09,2026-09-09T00:00:00+07:00,2026-09-09T00:00:00+07:00,pj,True
sulsel-kini.example,Makassar,2020-05-11,44,0.162,0.407,-135,https://sulsel-kini.example/fixture/metrik/2020-05-11,,2026-09-09,2026-09-09T00:00:00+07:00,2026-09-09T00:00:00+07:00,pj,True
sulsel-kini.example,Makassar,2020-05-18,49,0.166,0.356,-128,https://sulsel-kini.example/fixture/metrik/2020-05-18,,2026-09-09,2026-09-09T00:00:00+07:00,2026-09-09T00:00:00+07:00,pj,True
sulsel-kini.example,Makassar,2020-05-25,50,0.192,0.343,-121,https://sulsel-kini.example/fixture/metrik/2020-05-25,,2026-09-09,2026-09-09T00:00:00+07:00,2026-09-09T00:00:00+07:00,pj,True
sulsel-kini.example,Makassar,2020-06-01,38,0.16,0.388,-114,https://sulsel-kini.example/fixture/metrik/2020-06-01,,2026-09-09,2026-09-09T00:00:00+07:00,2026-09-09T00:00:00+07:00,pj,True
sulsel-kini.example,Makassar,2020-06-08,49,0.226,0.438,-107,https://sulsel-kini.example/fixture/metrik/2020-06-08,,2026-09-09,2026-09-09T00:00:00+07:00,2026-09-09T00:00:00+07:00,pj,True
sulsel-kini.example,Makassar,2020-06-15,47,0.238,0.372,-100,https://sulsel-kini.example/fixture/metrik/2020-06-15,,2026-09-09,2026-09-09T00:00:00+07:00,2026-09-09T00:00:00+07:00,pj,True
sulsel-kini.example,Makassar,2020-06-22,45,0.281,0.433,-93,https://sulsel-kini.example/fixture/metrik/2020-06-22,,2026-09-09,2026-09-09T00:00:00+07:00,2026-09-09T00:00:00+07:00,pj,True
sulsel-kini.example,Makassar,2020-06-29,59,0.206,0.36,-86,https://sulsel-kini.example/fixture/metrik/2020-06-29,,2026-09-09,2026-09-09T00:00:00+07:00,2026-09-09T00:00:00+07:00,pj,True
sulsel-kini.example,Makassar,2020-07-06,50,0.288,0.359,-79,https://sulsel-kini.example/fixture/metrik/2020-07-06,,2026-09-09,2026-09-09T00:00:00+07:00,2026-09-09T00:00:00+07:00,pj,True
sulsel-kini.example,Makassar,2020-07-13,29,0.255,0.346,-72,https://sulsel-kini.example/fixture/metrik/2020-07-13,,2026-09-09,2026-09-09T00:00:00+07:00,2026-09-09T00:00:00+07:00,pj,True
sulsel-kini.example,Makassar,2020-07-20,39,0.285,0.329,-65,https://sulsel-kini.example/fixture/metrik/2020-07-20,,2026-09-09,2026-09-09T00:00:00+07:00,2026-09-09T00:00:00+07:00,pj,True
sulsel-kini.example,Makassar,2020-07-27,44,0.336,0.348,-58,https://sulsel-kini.example/fixture/metrik/2020-07-27,,2026-09-09,2026-09-09T00:00:00+07:00,2026-09-09T00:00:00+07:00,pj,True
sulsel-kini.example,Makassar,2020-08-03,40,0.259,0.435,-51,https://sulsel-kini.example/fixture/metrik/2020-08-03,,2026-09-09,2026-09-09T00:00:00+07:00,2026-09-09T00:00:00+07:00,pj,True
sulsel-kini.example,Makassar,2020-08-10,38,0.331,0.218,-44,https://sulsel-kini.example/fixture/metrik/2020-08-10,,2026-09-09,2026-09-09T00:00:00+07:00,2026-09-09T00:00:00+07:00,pj,True
sulsel-kini.example,Makassar,2020-08-17,38,0.304,0.346,-37,https://sulsel-kini.example/fixture/metrik/2020-08-17,,2026-09-09,2026-09-09T00:00:00+07:00,2026-09-09T00:00:00+07:00,pj,True
sulsel-kini.example,Makassar,2020-08-24,44,0.301,0.27,-30,https://sulsel-kini.example/fixture/metrik/2020-08-24,,2026-09-09,2026-09-09T00:00:00+07:00,2026-09-09T00:00:00+07:00,pj,True
sulsel-kini.example,Makassar,2020-08-31,35,0.291,0.319,-23,https://sulsel-kini.example/fixture/metrik/2020-08-31,,2026-09-09,2026-09-09T00:00:00+07:00,2026-09-09T00:00:00+07:00,pj,True
sulsel-kini.example,Makassar,2020-09-07,41,0.304,0.4,-16,https://sulsel-kini.example/fixture/metrik/2020-09-07,,2026-09-09,2026-09-09T00:00:00+07:00,2026-09-09T00:00:00+07:00,pj,True
sulsel-kini.example,Makassar,2020-09-14,42,0.299,0.355,-9,https://sulsel-kini.example/fixture/metrik/2020-09-14,,2026-09-09,2026-09-09T00:00:00+07:00,2026-09-09T00:00:00+07:00,pj,True
sulsel-kini.example,Makassar,2020-09-21,48,0.278,0.217,-2,https://sulsel-kini.example/fixture/metrik/2020-09-21,,2026-09-09,2026-09-09T00:00:00+07:00,2026-09-09T00:00:00+07:00,pj,True
sulsel-kini.example,Makassar,2020-09-28,39,0.303,0.303,5,https://sulsel-kini.example/fixture/metrik/2020-09-28,,2026-09-09,2026-09-09T00:00:00+07:00,2026-09-09T00:00:00+07:00,pj,True
sulsel-kini.example,Makassar,2020-10-05,33,0.295,0.349,12,https://sulsel-kini.example/fixture/metrik/2020-10-05,,2026-09-09,2026-09-09T00:00:00+07:00,2026-09-09T00:00:00+07:00,pj,True
sulsel-kini.example,Makassar,2020-10-12,37,0.105,0.316,19,https://sulsel-kini.example/fixture/metrik/2020-10-12,,2026-09-09,2026-09-09T00:00:00+07:00,2026-09-09T00:00:00+07:00,pj,True
sulsel-kini.example,Makassar,2020-10-19,42,0.083,0.274,26,https://sulsel-kini.example/fixture/metrik/2020-10-19,,2026-09-09,2026-09-09T00:00:00+07:00,2026-09-09T00:00:00+07:00,pj,True
sulsel-kini.example,Makassar,2020-10-26,37,0.09,0.412,33,https://sulsel-kini.example/fixture/metrik/2020-10-26,,2026-09-09,2026-09-09T00:00:00+07:00,2026-09-09T00:00:00+07:00,pj,True
sulsel-kini.example,Makassar,2020-11-02,42,0.096,0.363,40,https://sulsel-kini.example/fixture/metrik/2020-11-02,,2026-09-09,2026-09-09T00:00:00+07:00,2026-09-09T00:00:00+07:00,pj,True
sulsel-kini.example,Makassar,2020-11-09,34,0.036,0.34,47,https://sulsel-kini.example/fixture/metrik/2020-11-09,,2026-09-09,2026-09-09T00:00:00+07:00,2026-09-09T00:00:00+07:00,pj,True
sulsel-kini.example,Makassar,2020-11-16,38,0.073,0.409,54,https://sulsel-kini.example/fixture/metrik/2020-11-16,,2026-09-09,2026-09-09T00:00:00+07:00,2026-09-09T00:00:00+07:00,pj,True
sulsel-kini.example,Makassar,2020-11-23,52,0.076,0.384,61,https://sulsel-kini.example/fixture/metrik/2020-11-23,,2026-09-09,2026-09-09T00:00:00+07:00,2026-09-09T00:00:00+07:00,pj,True
sulsel-kini.example,Makassar,2020-11-30,25,0.079,0.415,68,https://sulsel-kini.example/fixture/metrik/2020-11-30,,2026-09-09,2026-09-09T00:00:00+07:00,2026-09-09T00:00:00+07:00,pj,True
sulsel-kini.example,Makassar,2020-12-07,28,0.07,0.333,75,https://sulsel-kini.example/fixture/metrik/2020-12-07,,2026-09-09,2026-09-09T00:00:00+07:00,2026-09-09T00:00:00+07:00,pj,True
sulsel-kini.example,Makassar,2020-12-14,39,0.093,0.278,82,https://sulsel-kini.example/fixture/metrik/2020-12-14,,2026-09-09,2026-09-09T00:00:00+07:00,2026-09-09T00:00:00+07:00,pj,True
sulsel-kini.example,Makassar,2020-12-21,24,0.137,0.323,89,https://sulsel-kini.example/fixture/metrik/2020-12-21,,2026-09-09,2026-09-09T00:00:00+07:00,2026-09-09T00:00:00+07:00,pj,True
sulsel-kini.example,Makassar,2020-12-28,37,0.073,0.353,96,https://sulsel-kini.example/fixture/metrik/2020-12-28,,2026-09-09,2026-09-09T00:00:00+07:00,2026-09-09T00:00:00+07:00,pj,True
sulsel-kini.example,Makassar,2021-01-04,40,0.162,0.378,103,https://sulsel-kini.example/fixture/metrik/2021-01-04,,2026-09-09,2026-09-09T00:00:00+07:00,2026-09-09T00:00:00+07:00,pj,True
sulsel-kini.example,Makassar,2021-01-11,50,0.036,0.324,110,https://sulsel-kini.example/fixture/metrik/2021-01-11,,2026-09-09,2026-09-09T00:00:00+07:00,2026-09-09T00:00:00+07:00,pj,True
sulsel-kini.example,Makassar,2021-01-18,39,0.08,0.378,117,https://sulsel-kini.example/fixture/metrik/2021-01-18,,2026-09-09,2026-09-09T00:00:00+07:00,2026-09-09T00:00:00+07:00,pj,True
sulsel-kini.example,Makassar,2021-01-25,37,0.065,0.321,124,https://sulsel-kini.example/fixture/metrik/2021-01-25,,2026-09-09,2026-09-09T00:00:00+07:00,2026-09-09T00:00:00+07:00,pj,True
sulsel-kini.example,Makassar,2021-02-01,36,0.03,0.437,131,https://sulsel-kini.example/fixture/metrik/2021-02-01,,2026-09-09,2026-09-09T00:00:00+07:00,2026-09-09T00:00:00+07:00,pj,True
sulsel-kini.example,Makassar,2021-02-08,28,0.082,0.417,138,https://sulsel-kini.example/fixture/metrik/2021-02-08,,2026-09-09,2026-09-09T00:00:00+07:00,2026-09-09T00:00:00+07:00,pj,True
sulsel-kini.example,Makassar,2021-02-15,20,0.122,0.399,145,https://sulsel-kini.example/fixture/metrik/2021-02-15,,2026-09-09,2026-09-09T00:00:00+07:00,2026-09-09T00:00:00+07:00,pj,True
sulsel-kini.example,Makassar,2021-02-22,40,0.052,0.369,152,https://sulsel-kini.example/fixture/metrik/2021-02-22,,2026-09-09,2026-09-09T00:00:00+07:00,2026-09-09T00:00:00+07:00,pj,True
sulsel-kini.example,Makassar,2021-03-01,36,0.239,0.317,159,https://sulsel-kini.example/fixture/metrik/2021-03-01,,2026-09-09,2026-09-09T00:00:00+07:00,2026-09-09T00:00:00+07:00,danny2,True
sulsel-kini.example,Makassar,2021-03-08,50,0.3,0.323,166,https://sulsel-kini.example/fixture/metrik/2021-03-08,,2026-09-09,2026-09-09T00:00:00+07:00,2026-09-09T00:00:00+07:00,danny2,True
sulsel-kini.example,Makassar,2021-03-15,35,0.314,0.349,173,https://sulsel-kini.example/fixture/metrik/2021-03-15,,2026-09-09,2026-09-09T00:00:00+07:00,2026-09-09T00:00:00+07:00,danny2,True
sulsel-kini.example,Makassar,2021-03-22,38,0.258,0.34,180,https://sulsel-kini.example/fixture/metrik/2021-03-22,,2026-09-09,2026-09-09T00:00:00+07:00,2026-09-09T00:00:00+07:00,danny2,True
sulsel-kini.example,Makassar,2021-03-29,29,0.278,0.434,187,https://sulsel-kini.example/fixture/metrik/2021-03-29,,2026-09-09,2026-09-09T00:00:00+07:00,2026-09-09T00:00:00+07:00,danny2,True
sulsel-kini.example,Makassar,2021-04-05,35,0.296,0.356,194,https://sulsel-kini.example/fixture/metrik/2021-04-05,,2026-09-09,2026-09-09T00:00:00+07:00,2026-09-09T00:00:00+07:00,danny2,True
sulsel-kini.example,Makassar,2021-04-12,36,0.259,0.3,201,https://sulsel-kini.example/fixture/metrik/2021-04-12,,2026-09-09,2026-09-09T00:00:00+07:00,2026-09-09T00:00:00+07:00,danny2,True
sulsel-kini.example,Makassar,2021-04-19,31,0.316,0.388,208,https://sulsel-kini.example/fixture/metrik/2021-04-19,,2026-09-09,2026-09-09T00:00:00+07:00,2026-09-09T00:00:00+07:00,danny2,True
sulsel-kini.example,Makassar,2021-04-26,32,0.323,0.397,215,https://sulsel-kini.example/fixture/metrik/2021-04-26,,2026-09-09,2026-09-09T00:00:00+07:00,2026-09-09T00:00:00+07:00,danny2,True
sulsel-kini.example,Makassar,2021-05-03,36,0.246,0.279,222,https://sulsel-kini.example/fixture/metrik/2021-05-03,,2026-09-09,2026-09-09T00:00:00+07:00,2026-09-09T00:00:00+07:00,danny2,True
sulsel-kini.example,Makassar,2021-05-10,36,0.283,0.366,229,https://sulsel-kini.example/fixture/metrik/2021-05-10,,2026-09-09,2026-09-09T00:00:00+07:00,2026-09-09T00:00:00+07:00,danny2,True
sulsel-kini.example,Makassar,2021-05-17,43,0.299,0.321,236,https://sulsel-kini.example/fixture/metrik/2021-05-17,,2026-09-09,2026-09-09T00:00:00+07:00,2026-09-09T00:00:00+07:00,danny2,True
sulsel-kini.example,Makassar,2021-05-24,50,0.243,0.295,243,https://sulsel-kini.example/fixture/metrik/2021-05-24,,2026-09-09,2026-09-09T00:00:00+07:00,2026-09-09T00:00:00+07:00,danny2,True
sulsel-kini.example,Makassar,2021-05-31,31,0.354,0.488,250,https://sulsel-kini.example/fixture/metrik/2021-05-31,,2026-09-09,2026-09-09T00:00:00+07:00,2026-09-09T00:00:00+07:00,danny2,True
sulsel-kini.example,Makassar,2021-06-07,43,0.269,0.28,257,https://sulsel-kini.example/fixture/metrik/2021-06-07,,2026-09-09,2026-09-09T00:00:00+07:00,2026-09-09T00:00:00+07:00,danny2,True
sulsel-kini.example,Makassar,2021-06-14,43,0.317,0.344,264,https://sulsel-kini.example/fixture/metrik/2021-06-14,,2026-09-09,2026-09-09T00:00:00+07:00,2026-09-09T00:00:00+07:00,danny2,True
sulsel-kini.example,Makassar,2021-06-21,31,0.323,0.28,271,https://sulsel-kini.example/fixture/metrik/2021-06-21,,2026-09-09,2026-09-09T00:00:00+07:00,2026-09-09T00:00:00+07:00,danny2,True
sulsel-kini.example,Makassar,2021-06-28,51,0.264,0.38,278,https://sulsel-kini.example/fixture/metrik/2021-06-28,,2026-09-09,2026-09-09T00:00:00+07:00,2026-09-09T00:00:00+07:00,danny2,True
sulsel-kini.example,Makassar,2021-07-05,50,0.294,0.287,285,https://sulsel-kini.example/fixture/metrik/2021-07-05,,2026-09-09,2026-09-09T00:00:00+07:00,2026-09-09T00:00:00+07:00,danny2,True
sulsel-kini.example,Makassar,2021-07-12,32,0.287,0.398,292,https://sulsel-kini.example/fixture/metrik/2021-07-12,,2026-09-09,2026-09-09T00:00:00+07:00,2026-09-09T00:00:00+07:00,danny2,True
sulsel-kini.example,Makassar,2021-07-19,41,0.287,0.319,299,https://sulsel-kini.example/fixture/metrik/2021-07-19,,2026-09-09,2026-09-09T00:00:00+07:00,2026-09-09T00:00:00+07:00,danny2,True
sulsel-kini.example,Makassar,2021-07-26,40,0.304,0.357,306,https://sulsel-kini.example/fixture/metrik/2021-07-26,,2026-09-09,2026-09-09T00:00:00+07:00,2026-09-09T00:00:00+07:00,danny2,True
sulsel-kini.example,Makassar,2021-08-02,34,0.234,0.275,313,https://sulsel-kini.example/fixture/metrik/2021-08-02,,2026-09-09,2026-09-09T00:00:00+07:00,2026-09-09T00:00:00+07:00,danny2,True
sulsel-kini.example,Makassar,2021-08-09,36,0.297,0.425,320,https://sulsel-kini.example/fixture/metrik/2021-08-09,,2026-09-09,2026-09-09T00:00:00+07:00,2026-09-09T00:00:00+07:00,danny2,True
sulsel-kini.example,Makassar,2021-08-16,44,0.267,0.318,327,https://sulsel-kini.example/fixture/metrik/2021-08-16,,2026-09-09,2026-09-09T00:00:00+07:00,2026-09-09T00:00:00+07:00,danny2,True
sulsel-kini.example,Makassar,2021-08-23,44,0.283,0.377,334,https://sulsel-kini.example/fixture/metrik/2021-08-23,,2026-09-09,2026-09-09T00:00:00+07:00,2026-09-09T00:00:00+07:00,danny2,True
sulsel-kini.example,Makassar,2021-08-30,40,0.248,0.305,341,https://sulsel-kini.example/fixture/metrik/2021-08-30,,2026-09-09,2026-09-09T00:00:00+07:00,2026-09-09T00:00:00+07:00,danny2,True
sulsel-kini.example,Makassar,2021-09-06,33,0.256,0.29,348,https://sulsel-kini.example/fixture/metrik/2021-09-06,,2026-09-09,2026-09-09T00:00:00+07:00,2026-09-09T00:00:00+07:00,danny2,True
sulsel-kini.example,Makassar,2021-09-13,34,0.224,0.406,355,https://sulsel-kini.example/fixture/metrik/2021-09-13,,2026-09-09,2026-09-09T00:00:00+07:00,2026-09-09T00:00:00+07:00,danny2,True
sulsel-kini.example,Makassar,2021-09-20,44,0.285,0.363,362,https://sulsel-kini.example/fixture/metrik/2021-09-20,,2026-09-09,2026-09-09T00:00:00+07:00,2026-09-09T00:00:00+07:00,danny2,True
sulsel-kini.example,Makassar,2021-09-27,52,0.287,0.32,369,https://sulsel-kini.example/fixture/metrik/2021-09-27,,2026-09-09,2026-09-09T00:00:00+07:00,2026-09-09T00:00:00+07:00,danny2,True
sulsel-kini.example,Makassar,2021-10-04,35,0.312,0.403,376,https://sulsel-kini.example/fixture/metrik/2021-10-04,,2026-09-09,2026-09-09T00:00:00+07:00,2026-09-09T00:00:00+07:00,danny2,True
sulsel-kini.example,Makassar,2021-10-11,46,0.315,0.335,383,https://sulsel-kini.example/fixture/metrik/2021-10-11,,2026-09-09,2026-09-09T00:00:00+07:00,2026-09-09T00:00:00+07:00,danny2,True
sulsel-kini.example,Makassar,2021-10-18,41,0.227,0.428,390,https://sulsel-kini.example/fixture/metrik/2021-10-18,,2026-09-09,2026-09-09T00:00:00+07:00,2026-09-09T00:00:00+07:00,danny2,True
sulsel-kini.example,Makassar,2021-10-25,42,0.255,0.341,397,https://sulsel-kini.example/fixture/metrik/2021-10-25,,2026-09-09,2026-09-09T00:00:00+07:00,2026-09-09T00:00:00+07:00,danny2,True
sulsel-kini.example,Makassar,2021-11-01,40,0.286,0.36,404,https://sulsel-kini.example/fixture/metrik/2021-11-01,,2026-09-09,2026-09-09T00:00:00+07:00,2026-09-09T00:00:00+07:00,danny2,True
sulsel-kini.example,Makassar,2021-11-08,40,0.253,0.281,411,https://sulsel-kini.example/fixture/metrik/2021-11-08,,2026-09-09,2026-09-09T00:00:00+07:00,2026-09-09T00:00:00+07:00,danny2,True
sulsel-kini.example,Makassar,2021-11-15,39,0.302,0.284,418,https://sulsel-kini.example/fixture/metrik/2021-11-15,,2026-09-09,2026-09-09T00:00:00+07:00,2026-09-09T00:00:00+07:00,danny2,True
sulsel-kini.example,Makassar,2021-11-22,35,0.225,0.296,425,https://sulsel-kini.example/fixture/metrik/2021-11-22,,2026-09-09,2026-09-09T00:00:00+07:00,2026-09-09T00:00:00+07:00,danny2,True
sulsel-kini.example,Makassar,2021-11-29,39,0.316,0.353,432,https://sulsel-kini.example/fixture/metrik/2021-11-29,,2026-09-09,2026-09-09T00:00:00+07:00,2026-09-09T00:00:00+07:00,danny2,True
sulsel-kini.example,Makassar,2021-12-06,29,0.338,0.351,439,https://sulsel-kini.example/fixture/metrik/2021-12-06,,2026-09-09,2026-09-09T00:00:00+07:00,2026-09-09T00:00:00+07:00,danny2,True
sulsel-kini.example,Makassar,2021-12-13,36,0.301,0.344,446,https://sulsel-kini.example/fixture/metrik/2021-12-13,,2026-09-09,2026-09-09T00:00:00+07:00,2026-09-09T00:00:00+07:00,danny2,True
sulsel-kini.example,Makassar,2021-12-20,26,0.321,0.275,453,https://sulsel-kini.example/fixture/metrik/2021-12-20,,2026-09-09,2026-09-09T00:00:00+07:00,2026-09-09T00:00:00+07:00,danny2,True
sulsel-kini.example,Makassar,2021-12-27,36,0.206,0.349,460,https://sulsel-kini.example/fixture/metrik/2021-12-27,,2026-09-09,2026-09-09T00:00:00+07:00,2026-09-09T00:00:00+07:00,danny2,True
sulsel-kini.example,Makassar,2022-01-03,38,0.29,0.365,467,https://sulsel-kini.example/fixture/metrik/2022-01-03,,2026-09-09,2026-09-09T00:00:00+07:00,2026-09-09T00:00:00+07:00,danny2,True
sulsel-kini.example,Makassar,2022-01-10,29,0.239,0.397,474,https://sulsel-kini.example/fixture/metrik/2022-01-10,,2026-09-09,2026-09-09T00:00:00+07:00,2026-09-09T00:00:00+07:00,danny2,True
sulsel-kini.example,Makassar,2022-01-17,25,0.287,0.346,481,https://sulsel-kini.example/fixture/metrik/2022-01-17,,2026-09-09,2026-09-09T00:00:00+07:00,2026-09-09T00:00:00+07:00,danny2,True
sulsel-kini.example,Makassar,2022-01-24,44,0.303,0.391,488,https://sulsel-kini.example/fixture/metrik/2022-01-24,,2026-09-09,2026-09-09T00:00:00+07:00,2026-09-09T00:00:00+07:00,danny2,True
sulsel-kini.example,Makassar,2022-01-31,38,0.273,0.392,495,https://sulsel-kini.example/fixture/metrik/2022-01-31,,2026-09-09,2026-09-09T00:00:00+07:00,2026-09-09T00:00:00+07:00,danny2,True
sulsel-kini.example,Makassar,2022-02-07,42,0.278,0.324,502,https://sulsel-kini.example/fixture/metrik/2022-02-07,,2026-09-09,2026-09-09T00:00:00+07:00,2026-09-09T00:00:00+07:00,danny2,True
sulsel-kini.example,Makassar,2022-02-14,36,0.282,0.312,509,https://sulsel-kini.example/fixture/metrik/2022-02-14,,2026-09-09,2026-09-09T00:00:00+07:00,2026-09-09T00:00:00+07:00,danny2,True
sulsel-kini.example,Makassar,2022-02-21,37,0.309,0.345,516,https://sulsel-kini.example/fixture/metrik/2022-02-21,,2026-09-09,2026-09-09T00:00:00+07:00,2026-09-09T00:00:00+07:00,danny2,True
sulsel-kini.example,Makassar,2022-02-28,35,0.272,0.324,523,https://sulsel-kini.example/fixture/metrik/2022-02-28,,2026-09-09,2026-09-09T00:00:00+07:00,2026-09-09T00:00:00+07:00,danny2,True
sulsel-kini.example,Makassar,2022-03-07,38,0.269,0.344,530,https://sulsel-kini.example/fixture/metrik/2022-03-07,,2026-09-09,2026-09-09T00:00:00+07:00,2026-09-09T00:00:00+07:00,danny2,True
sulsel-kini.example,Makassar,2022-03-14,38,0.29,0.405,537,https://sulsel-kini.example/fixture/metrik/2022-03-14,,2026-09-09,2026-09-09T00:00:00+07:00,2026-09-09T00:00:00+07:00,danny2,True
sulsel-kini.example,Makassar,2022-03-21,29,0.3,0.273,544,https://sulsel-kini.example/fixture/metrik/2022-03-21,,2026-09-09,2026-09-09T00:00:00+07:00,2026-09-09T00:00:00+07:00,danny2,True
sulsel-kini.example,Makassar,2022-03-28,40,0.315,0.328,551,https://sulsel-kini.example/fixture/metrik/2022-03-28,,2026-09-09,2026-09-09T00:00:00+07:00,2026-09-09T00:00:00+07:00,danny2,True
sulsel-kini.example,Makassar,2022-04-04,48,0.301,0.349,558,https://sulsel-kini.example/fixture/metrik/2022-04-04,,2026-09-09,2026-09-09T00:00:00+07:00,2026-09-09T00:00:00+07:00,danny2,True
sulsel-kini.example,Makassar,2022-04-11,30,0.282,0.443,565,https://sulsel-kini.example/fixture/metrik/2022-04-11,,2026-09-09,2026-09-09T00:00:00+07:00,2026-09-09T00:00:00+07:00,danny2,True
sulsel-kini.example,Makassar,2022-04-18,41,0.243,0.322,572,https://sulsel-kini.example/fixture/metrik/2022-04-18,,2026-09-09,2026-09-09T00:00:00+07:00,2026-09-09T00:00:00+07:00,danny2,True
sulsel-kini.example,Makassar,2022-04-25,48,0.315,0.311,579,https://sulsel-kini.example/fixture/metrik/2022-04-25,,2026-09-09,2026-09-09T00:00:00+07:00,2026-09-09T00:00:00+07:00,danny2,True
sulsel-kini.example,Makassar,2022-05-02,36,0.279,0.334,586,https://sulsel-kini.example/fixture/metrik/2022-05-02,,2026-09-09,2026-09-09T00:00:00+07:00,2026-09-09T00:00:00+07:00,danny2,True
sulsel-kini.example,Makassar,2022-05-09,41,0.26,0.309,593,https://sulsel-kini.example/fixture/metrik/2022-05-09,,2026-09-09,2026-09-09T00:00:00+07:00,2026-09-09T00:00:00+07:00,danny2,True
sulsel-kini.example,Makassar,2022-05-16,44,0.25,0.418,600,https://sulsel-kini.example/fixture/metrik/2022-05-16,,2026-09-09,2026-09-09T00:00:00+07:00,2026-09-09T00:00:00+07:00,danny2,True
sulsel-kini.example,Makassar,2022-05-23,31,0.309,0.337,607,https://sulsel-kini.example/fixture/metrik/2022-05-23,,2026-09-09,2026-09-09T00:00:00+07:00,2026-09-09T00:00:00+07:00,danny2,True
sulsel-kini.example,Makassar,2022-05-30,40,0.209,0.293,614,https://sulsel-kini.example/fixture/metrik/2022-05-30,,2026-09-09,2026-09-09T00:00:00+07:00,2026-09-09T00:00:00+07:00,danny2,True
sulsel-kini.example,Makassar,2022-06-06,35,0.273,0.341,621,https://sulsel-kini.example/fixture/metrik/2022-06-06,,2026-09-09,2026-09-09T00:00:00+07:00,2026-09-09T00:00:00+07:00,danny2,True
sulsel-kini.example,Makassar,2022-06-13,22,0.271,0.319,628,https://sulsel-kini.example/fixture/metrik/2022-06-13,,2026-09-09,2026-09-09T00:00:00+07:00,2026-09-09T00:00:00+07:00,danny2,True
sulsel-kini.example,Makassar,2022-06-20,33,0.272,0.438,635,https://sulsel-kini.example/fixture/metrik/2022-06-20,,2026-09-09,2026-09-09T00:00:00+07:00,2026-09-09T00:00:00+07:00,danny2,True
sulsel-kini.example,Makassar,2022-06-27,35,0.22,0.295,642,https://sulsel-kini.example/fixture/metrik/2022-06-27,,2026-09-09,2026-09-09T00:00:00+07:00,2026-09-09T00:00:00+07:00,danny2,True
sulsel-kini.example,Makassar,2022-07-04,41,0.271,0.399,649,https://sulsel-kini.example/fixture/metrik/2022-07-04,,2026-09-09,2026-09-09T00:00:00+07:00,2026-09-09T00:00:00+07:00,danny2,True
sulsel-kini.example,Makassar,2022-07-11,43,0.202,0.293,656,https://sulsel-kini.example/fixture/metrik/2022-07-11,,2026-09-09,2026-09-09T00:00:00+07:00,2026-09-09T00:00:00+07:00,danny2,True
sulsel-kini.example,Makassar,2022-07-18,38,0.313,0.401,663,https://sulsel-kini.example/fixture/metrik/2022-07-18,,2026-09-09,2026-09-09T00:00:00+07:00,2026-09-09T00:00:00+07:00,danny2,True
sulsel-kini.example,Makassar,2022-07-25,48,0.293,0.299,670,https://sulsel-kini.example/fixture/metrik/2022-07-25,,2026-09-09,2026-09-09T00:00:00+07:00,2026-09-09T00:00:00+07:00,danny2,True
sulsel-kini.example,Makassar,2022-08-01,36,0.26,0.303,677,https://sulsel-kini.example/fixture/metrik/2022-08-01,,2026-09-09,2026-09-09T00:00:00+07:00,2026-09-09T00:00:00+07:00,danny2,True
sulsel-kini.example,Makassar,2022-08-08,32,0.29,0.301,684,https://sulsel-kini.example/fixture/metrik/2022-08-08,,2026-09-09,2026-09-09T00:00:00+07:00,2026-09-09T00:00:00+07:00,danny2,True
sulsel-kini.example,Makassar,2022-08-15,33,0.254,0.238,691,https://sulsel-kini.example/fixture/metrik/2022-08-15,,2026-09-09,2026-09-09T00:00:00+07:00,2026-09-09T00:00:00+07:00,danny2,True
sulsel-kini.example,Makassar,2022-08-22,37,0.205,0.355,698,https://sulsel-kini.example/fixture/metrik/2022-08-22,,2026-09-09,2026-09-09T00:00:00+07:00,2026-09-09T00:00:00+07:00,danny2,True
sulsel-kini.example,Makassar,2022-08-29,32,0.284,0.362,705,https://sulsel-kini.example/fixture/metrik/2022-08-29,,2026-09-09,2026-09-09T00:00:00+07:00,2026-09-09T00:00:00+07:00,danny2,True
sulsel-kini.example,Makassar,2022-09-05,37,0.296,0.339,712,https://sulsel-kini.example/fixture/metrik/2022-09-05,,2026-09-09,2026-09-09T00:00:00+07:00,2026-09-09T00:00:00+07:00,danny2,True
sulsel-kini.example,Makassar,2022-09-12,45,0.287,0.405,719,https://sulsel-kini.example/fixture/metrik/2022-09-12,,2026-09-09,2026-09-09T00:00:00+07:00,2026-09-09T00:00:00+07:00,danny2,True
sulsel-kini.example,Makassar,2022-09-19,50,0.301,0.341,726,https://sulsel-kini.example/fixture/metrik/2022-09-19,,2026-09-09,2026-09-09T00:00:00+07:00,2026-09-09T00:00:00+07:00,danny2,True
sulsel-kini.example,Makassar,2022-09-26,42,0.315,0.315,-727,https://sulsel-kini.example/fixture/metrik/2022-09-26,,2026-09-09,2026-09-09T00:00:00+07:00,2026-09-09T00:00:00+07:00,danny2,True
sulsel-kini.example,Makassar,2022-10-03,52,0.261,0.371,-720,https://sulsel-kini.example/fixture/metrik/2022-10-03,,2026-09-09,2026-09-09T00:00:00+07:00,2026-09-09T00:00:00+07:00,danny2,True
sulsel-kini.example,Makassar,2022-10-10,31,0.289,0.373,-713,https://sulsel-kini.example/fixture/metrik/2022-10-10,,2026-09-09,2026-09-09T00:00:00+07:00,2026-09-09T00:00:00+07:00,danny2,True
sulsel-kini.example,Makassar,2022-10-17,33,0.234,0.328,-706,https://sulsel-kini.example/fixture/metrik/2022-10-17,,2026-09-09,2026-09-09T00:00:00+07:00,2026-09-09T00:00:00+07:00,danny2,True
sulsel-kini.example,Makassar,2022-10-24,40,0.346,0.406,-699,https://sulsel-kini.example/fixture/metrik/2022-10-24,,2026-09-09,2026-09-09T00:00:00+07:00,2026-09-09T00:00:00+07:00,danny2,True
sulsel-kini.example,Makassar,2022-10-31,33,0.29,0.282,-692,https://sulsel-kini.example/fixture/metrik/2022-10-31,,2026-09-09,2026-09-09T00:00:00+07:00,2026-09-09T00:00:00+07:00,danny2,True
sulsel-kini.example,Makassar,2022-11-07,29,0.318,0.354,-685,https://sulsel-kini.example/fixture/metrik/2022-11-07,,2026-09-09,2026-09-09T00:00:00+07:00,2026-09-09T00:00:00+07:00,danny2,True
sulsel-kini.example,Makassar,2022-11-14,40,0.281,0.363,-678,https://sulsel-kini.example/fixture/metrik/2022-11-14,,2026-09-09,2026-09-09T00:00:00+07:00,2026-09-09T00:00:00+07:00,danny2,True
sulsel-kini.example,Makassar,2022-11-21,32,0.241,0.371,-671,https://sulsel-kini.example/fixture/metrik/2022-11-21,,2026-09-09,2026-09-09T00:00:00+07:00,2026-09-09T00:00:00+07:00,danny2,True
sulsel-kini.example,Makassar,2022-11-28,41,0.258,0.335,-664,https://sulsel-kini.example/fixture/metrik/2022-11-28,,2026-09-09,2026-09-09T00:00:00+07:00,2026-09-09T00:00:00+07:00,danny2,True
sulsel-kini.example,Makassar,2022-12-05,48,0.263,0.333,-657,https://sulsel-kini.example/fixture/metrik/2022-12-05,,2026-09-09,2026-09-09T00:00:00+07:00,2026-09-09T00:00:00+07:00,danny2,True
sulsel-kini.example,Makassar,2022-12-12,32,0.277,0.372,-650,https://sulsel-kini.example/fixture/metrik/2022-12-12,,2026-09-09,2026-09-09T00:00:00+07:00,2026-09-09T00:00:00+07:00,danny2,True
sulsel-kini.example,Makassar,2022-12-19,31,0.299,0.506,-643,https://sulsel-kini.example/fixture/metrik/2022-12-19,,2026-09-09,2026-09-09T00:00:00+07:00,2026-09-09T00:00:00+07:00,danny2,True
sulsel-kini.example,Makassar,2022-12-26,30,0.284,0.428,-636,https://sulsel-kini.example/fixture/metrik/2022-12-26,,2026-09-09,2026-09-09T00:00:00+07:00,2026-09-09T00:00:00+07:00,danny2,True
sulsel-kini.example,Makassar,2023-01-02,47,0.225,0.315,-629,https://sulsel-kini.example/fixture/metrik/2023-01-02,,2026-09-09,2026-09-09T00:00:00+07:00,2026-09-09T00:00:00+07:00,danny2,True
sulsel-kini.example,Makassar,2023-01-09,43,0.233,0.424,-622,https://sulsel-kini.example/fixture/metrik/2023-01-09,,2026-09-09,2026-09-09T00:00:00+07:00,2026-09-09T00:00:00+07:00,danny2,True
sulsel-kini.example,Makassar,2023-01-16,34,0.332,0.426,-615,https://sulsel-kini.example/fixture/metrik/2023-01-16,,2026-09-09,2026-09-09T00:00:00+07:00,2026-09-09T00:00:00+07:00,danny2,True
sulsel-kini.example,Makassar,2023-01-23,37,0.287,0.292,-608,https://sulsel-kini.example/fixture/metrik/2023-01-23,,2026-09-09,2026-09-09T00:00:00+07:00,2026-09-09T00:00:00+07:00,danny2,True
sulsel-kini.example,Makassar,2023-01-30,36,0.287,0.432,-601,https://sulsel-kini.example/fixture/metrik/2023-01-30,,2026-09-09,2026-09-09T00:00:00+07:00,2026-09-09T00:00:00+07:00,danny2,True
sulsel-kini.example,Makassar,2023-02-06,36,0.253,0.33,-594,https://sulsel-kini.example/fixture/metrik/2023-02-06,,2026-09-09,2026-09-09T00:00:00+07:00,2026-09-09T00:00:00+07:00,danny2,True
sulsel-kini.example,Makassar,2023-02-13,28,0.269,0.3,-587,https://sulsel-kini.example/fixture/metrik/2023-02-13,,2026-09-09,2026-09-09T00:00:00+07:00,2026-09-09T00:00:00+07:00,danny2,True
sulsel-kini.example,Makassar,2023-02-20,32,0.243,0.375,-580,https://sulsel-kini.example/fixture/metrik/2023-02-20,,2026-09-09,2026-09-09T00:00:00+07:00,2026-09-09T00:00:00+07:00,danny2,True
sulsel-kini.example,Makassar,2023-02-27,38,0.279,0.37,-573,https://sulsel-kini.example/fixture/metrik/2023-02-27,,2026-09-09,2026-09-09T00:00:00+07:00,2026-09-09T00:00:00+07:00,danny2,True
sulsel-kini.example,Makassar,2023-03-06,39,0.332,0.328,-566,https://sulsel-kini.example/fixture/metrik/2023-03-06,,2026-09-09,2026-09-09T00:00:00+07:00,2026-09-09T00:00:00+07:00,danny2,True
sulsel-kini.example,Makassar,2023-03-13,38,0.273,0.371,-559,https://sulsel-kini.example/fixture/metrik/2023-03-13,,2026-09-09,2026-09-09T00:00:00+07:00,2026-09-09T00:00:00+07:00,danny2,True
sulsel-kini.example,Makassar,2023-03-20,48,0.266,0.445,-552,https://sulsel-kini.example/fixture/metrik/2023-03-20,,2026-09-09,2026-09-09T00:00:00+07:00,2026-09-09T00:00:00+07:00,danny2,True
sulsel-kini.example,Makassar,2023-03-27,37,0.302,0.342,-545,https://sulsel-kini.example/fixture/metrik/2023-03-27,,2026-09-09,2026-09-09T00:00:00+07:00,2026-09-09T00:00:00+07:00,danny2,True
sulsel-kini.example,Makassar,2023-04-03,47,0.326,0.342,-538,https://sulsel-kini.example/fixture/metrik/2023-04-03,,2026-09-09,2026-09-09T00:00:00+07:00,2026-09-09T00:00:00+07:00,danny2,True
sulsel-kini.example,Makassar,2023-04-10,35,0.301,0.365,-531,https://sulsel-kini.example/fixture/metrik/2023-04-10,,2026-09-09,2026-09-09T00:00:00+07:00,2026-09-09T00:00:00+07:00,danny2,True
sulsel-kini.example,Makassar,2023-04-17,43,0.322,0.426,-524,https://sulsel-kini.example/fixture/metrik/2023-04-17,,2026-09-09,2026-09-09T00:00:00+07:00,2026-09-09T00:00:00+07:00,danny2,True
sulsel-kini.example,Makassar,2023-04-24,36,0.297,0.382,-517,https://sulsel-kini.example/fixture/metrik/2023-04-24,,2026-09-09,2026-09-09T00:00:00+07:00,2026-09-09T00:00:00+07:00,danny2,True
sulsel-kini.example,Makassar,2023-05-01,37,0.263,0.386,-510,https://sulsel-kini.example/fixture/metrik/2023-05-01,,2026-09-09,2026-09-09T00:00:00+07:00,2026-09-09T00:00:00+07:00,danny2,True
sulsel-kini.example,Makassar,2023-05-08,43,0.238,0.4,-503,https://sulsel-kini.example/fixture/metrik/2023-05-08,,2026-09-09,2026-09-09T00:00:00+07:00,2026-09-09T00:00:00+07:00,danny2,True
sulsel-kini.example,Makassar,2023-05-15,39,0.368,0.339,-496,https://sulsel-kini.example/fixture/metrik/2023-05-15,,2026-09-09,2026-09-09T00:00:00+07:00,2026-09-09T00:00:00+07:00,danny2,True
sulsel-kini.example,Makassar,2023-05-22,50,0.271,0.405,-489,https://sulsel-kini.example/fixture/metrik/2023-05-22,,2026-09-09,2026-09-09T00:00:00+07:00,2026-09-09T00:00:00+07:00,danny2,True
sulsel-kini.example,Makassar,2023-05-29,39,0.27,0.367,-482,https://sulsel-kini.example/fixture/metrik/2023-05-29,,2026-09-09,2026-09-09T00:00:00+07:00,2026-09-09T00:00:00+07:00,danny2,True
sulsel-kini.example,Makassar,2023-06-05,40,0.27,0.383,-475,https://sulsel-kini.example/fixture/metrik/2023-06-05,,2026-09-09,2026-09-09T00:00:00+07:00,2026-09-09T00:00:00+07:00,danny2,True
sulsel-kini.example,Makassar,2023-06-12,40,0.241,0.389,-468,https://sulsel-kini.example/fixture/metrik/2023-06-12,,2026-09-09,2026-09-09T00:00:00+07:00,2026-09-09T00:00:00+07:00,danny2,True
sulsel-kini.example,Makassar,2023-06-19,32,0.25,0.399,-461,https://sulsel-kini.example/fixture/metrik/2023-06-19,,2026-09-09,2026-09-09T00:00:00+07:00,2026-09-09T00:00:00+07:00,danny2,True
sulsel-kini.example,Makassar,2023-06-26,23,0.306,0.34,-454,https://sulsel-kini.example/fixture/metrik/2023-06-26,,2026-09-09,2026-09-09T00:00:00+07:00,2026-09-09T00:00:00+07:00,danny2,True
sulsel-kini.example,Makassar,2023-07-03,35,0.303,0.481,-447,https://sulsel-kini.example/fixture/metrik/2023-07-03,,2026-09-09,2026-09-09T00:00:00+07:00,2026-09-09T00:00:00+07:00,danny2,True
sulsel-kini.example,Makassar,2023-07-10,46,0.284,0.284,-440,https://sulsel-kini.example/fixture/metrik/2023-07-10,,2026-09-09,2026-09-09T00:00:00+07:00,2026-09-09T00:00:00+07:00,danny2,True
sulsel-kini.example,Makassar,2023-07-17,41,0.224,0.378,-433,https://sulsel-kini.example/fixture/metrik/2023-07-17,,2026-09-09,2026-09-09T00:00:00+07:00,2026-09-09T00:00:00+07:00,danny2,True
sulsel-kini.example,Makassar,2023-07-24,22,0.315,0.429,-426,https://sulsel-kini.example/fixture/metrik/2023-07-24,,2026-09-09,2026-09-09T00:00:00+07:00,2026-09-09T00:00:00+07:00,danny2,True
sulsel-kini.example,Makassar,2023-07-31,37,0.263,0.37,-419,https://sulsel-kini.example/fixture/metrik/2023-07-31,,2026-09-09,2026-09-09T00:00:00+07:00,2026-09-09T00:00:00+07:00,danny2,True
sulsel-kini.example,Makassar,2023-08-07,26,0.25,0.375,-412,https://sulsel-kini.example/fixture/metrik/2023-08-07,,2026-09-09,2026-09-09T00:00:00+07:00,2026-09-09T00:00:00+07:00,danny2,True
sulsel-kini.example,Makassar,2023-08-14,41,0.292,0.38,-405,https://sulsel-kini.example/fixture/metrik/2023-08-14,,2026-09-09,2026-09-09T00:00:00+07:00,2026-09-09T00:00:00+07:00,danny2,True
sulsel-kini.example,Makassar,2023-08-21,50,0.306,0.33,-398,https://sulsel-kini.example/fixture/metrik/2023-08-21,,2026-09-09,2026-09-09T00:00:00+07:00,2026-09-09T00:00:00+07:00,danny2,True
sulsel-kini.example,Makassar,2023-08-28,43,0.3,0.281,-391,https://sulsel-kini.example/fixture/metrik/2023-08-28,,2026-09-09,2026-09-09T00:00:00+07:00,2026-09-09T00:00:00+07:00,danny2,True
sulsel-kini.example,Makassar,2023-09-04,32,0.299,0.416,-384,https://sulsel-kini.example/fixture/metrik/2023-09-04,,2026-09-09,2026-09-09T00:00:00+07:00,2026-09-09T00:00:00+07:00,danny2,True
sulsel-kini.example,Makassar,2023-09-11,38,0.26,0.298,-377,https://sulsel-kini.example/fixture/metrik/2023-09-11,,2026-09-09,2026-09-09T00:00:00+07:00,2026-09-09T00:00:00+07:00,danny2,True
sulsel-kini.example,Makassar,2023-09-18,38,0.255,0.376,-370,https://sulsel-kini.example/fixture/metrik/2023-09-18,,2026-09-09,2026-09-09T00:00:00+07:00,2026-09-09T00:00:00+07:00,danny2,True
sulsel-kini.example,Makassar,2023-09-25,36,0.247,0.365,-363,https://sulsel-kini.example/fixture/metrik/2023-09-25,,2026-09-09,2026-09-09T00:00:00+07:00,2026-09-09T00:00:00+07:00,danny2,True
sulsel-kini.example,Makassar,2023-10-02,38,0.305,0.324,-356,https://sulsel-kini.example/fixture/metrik/2023-10-02,,2026-09-09,2026-09-09T00:00:00+07:00,2026-09-09T00:00:00+07:00,danny2,True
sulsel-kini.example,Makassar,2023-10-09,33,0.321,0.333,-349,https://sulsel-kini.example/fixture/metrik/2023-10-09,,2026-09-09,2026-09-09T00:00:00+07:00,2026-09-09T00:00:00+07:00,danny2,True
sulsel-kini.example,Makassar,2023-10-16,44,0.329,0.331,-342,https://sulsel-kini.example/fixture/metrik/2023-10-16,,2026-09-09,2026-09-09T00:00:00+07:00,2026-09-09T00:00:00+07:00,danny2,True
sulsel-kini.example,Makassar,2023-10-23,31,0.266,0.294,-335,https://sulsel-kini.example/fixture/metrik/2023-10-23,,2026-09-09,2026-09-09T00:00:00+07:00,2026-09-09T00:00:00+07:00,danny2,True
sulsel-kini.example,Makassar,2023-10-30,56,0.284,0.391,-328,https://sulsel-kini.example/fixture/metrik/2023-10-30,,2026-09-09,2026-09-09T00:00:00+07:00,2026-09-09T00:00:00+07:00,danny2,True
sulsel-kini.example,Makassar,2023-11-06,32,0.26,0.286,-321,https://sulsel-kini.example/fixture/metrik/2023-11-06,,2026-09-09,2026-09-09T00:00:00+07:00,2026-09-09T00:00:00+07:00,danny2,True
sulsel-kini.example,Makassar,2023-11-13,35,0.253,0.331,-314,https://sulsel-kini.example/fixture/metrik/2023-11-13,,2026-09-09,2026-09-09T00:00:00+07:00,2026-09-09T00:00:00+07:00,danny2,True
sulsel-kini.example,Makassar,2023-11-20,28,0.278,0.352,-307,https://sulsel-kini.example/fixture/metrik/2023-11-20,,2026-09-09,2026-09-09T00:00:00+07:00,2026-09-09T00:00:00+07:00,danny2,True
sulsel-kini.example,Makassar,2023-11-27,38,0.243,0.394,-300,https://sulsel-kini.example/fixture/metrik/2023-11-27,,2026-09-09,2026-09-09T00:00:00+07:00,2026-09-09T00:00:00+07:00,danny2,True
sulsel-kini.example,Makassar,2023-12-04,31,0.272,0.401,-293,https://sulsel-kini.example/fixture/metrik/2023-12-04,,2026-09-09,2026-09-09T00:00:00+07:00,2026-09-09T00:00:00+07:00,danny2,True
sulsel-kini.example,Makassar,2023-12-11,42,0.276,0.35,-286,https://sulsel-kini.example/fixture/metrik/2023-12-11,,2026-09-09,2026-09-09T00:00:00+07:00,2026-09-09T00:00:00+07:00,danny2,True
sulsel-kini.example,Makassar,2023-12-18,47,0.281,0.356,-279,https://sulsel-kini.example/fixture/metrik/2023-12-18,,2026-09-09,2026-09-09T00:00:00+07:00,2026-09-09T00:00:00+07:00,danny2,True
sulsel-kini.example,Makassar,2023-12-25,33,0.293,0.438,-272,https://sulsel-kini.example/fixture/metrik/2023-12-25,,2026-09-09,2026-09-09T00:00:00+07:00,2026-09-09T00:00:00+07:00,danny2,True
sulsel-kini.example,Makassar,2024-01-01,35,0.236,0.441,-265,https://sulsel-kini.example/fixture/metrik/2024-01-01,,2026-09-09,2026-09-09T00:00:00+07:00,2026-09-09T00:00:00+07:00,danny2,True
sulsel-kini.example,Makassar,2024-01-08,40,0.271,0.341,-258,https://sulsel-kini.example/fixture/metrik/2024-01-08,,2026-09-09,2026-09-09T00:00:00+07:00,2026-09-09T00:00:00+07:00,danny2,True
sulsel-kini.example,Makassar,2024-01-15,39,0.3,0.423,-251,https://sulsel-kini.example/fixture/metrik/2024-01-15,,2026-09-09,2026-09-09T00:00:00+07:00,2026-09-09T00:00:00+07:00,danny2,True
sulsel-kini.example,Makassar,2024-01-22,24,0.274,0.373,-244,https://sulsel-kini.example/fixture/metrik/2024-01-22,,2026-09-09,2026-09-09T00:00:00+07:00,2026-09-09T00:00:00+07:00,danny2,True
sulsel-kini.example,Makassar,2024-01-29,43,0.359,0.265,-237,https://sulsel-kini.example/fixture/metrik/2024-01-29,,2026-09-09,2026-09-09T00:00:00+07:00,2026-09-09T00:00:00+07:00,danny2,True
sulsel-kini.example,Makassar,2024-02-05,21,0.31,0.35,-230,https://sulsel-kini.example/fixture/metrik/2024-02-05,,2026-09-09,2026-09-09T00:00:00+07:00,2026-09-09T00:00:00+07:00,danny2,True
sulsel-kini.example,Makassar,2024-02-12,35,0.236,0.411,-223,https://sulsel-kini.example/fixture/metrik/2024-02-12,,2026-09-09,2026-09-09T00:00:00+07:00,2026-09-09T00:00:00+07:00,danny2,True
sulsel-kini.example,Makassar,2024-02-19,34,0.299,0.418,-216,https://sulsel-kini.example/fixture/metrik/2024-02-19,,2026-09-09,2026-09-09T00:00:00+07:00,2026-09-09T00:00:00+07:00,danny2,True
sulsel-kini.example,Makassar,2024-02-26,36,0.238,0.334,-209,https://sulsel-kini.example/fixture/metrik/2024-02-26,,2026-09-09,2026-09-09T00:00:00+07:00,2026-09-09T00:00:00+07:00,danny2,True
sulsel-kini.example,Makassar,2024-03-04,44,0.246,0.205,-202,https://sulsel-kini.example/fixture/metrik/2024-03-04,,2026-09-09,2026-09-09T00:00:00+07:00,2026-09-09T00:00:00+07:00,danny2,True
sulsel-kini.example,Makassar,2024-03-11,34,0.327,0.434,-195,https://sulsel-kini.example/fixture/metrik/2024-03-11,,2026-09-09,2026-09-09T00:00:00+07:00,2026-09-09T00:00:00+07:00,danny2,True
sulsel-kini.example,Makassar,2024-03-18,30,0.315,0.435,-188,https://sulsel-kini.example/fixture/metrik/2024-03-18,,2026-09-09,2026-09-09T00:00:00+07:00,2026-09-09T00:00:00+07:00,danny2,True
sulsel-kini.example,Makassar,2024-03-25,42,0.352,0.471,-181,https://sulsel-kini.example/fixture/metrik/2024-03-25,,2026-09-09,2026-09-09T00:00:00+07:00,2026-09-09T00:00:00+07:00,danny2,True
sulsel-kini.example,Makassar,2024-04-01,38,0.249,0.449,-174,https://sulsel-kini.example/fixture/metrik/2024-04-01,,2026-09-09,2026-09-09T00:00:00+07:00,2026-09-09T00:00:00+07:00,danny2,True
sulsel-kini.example,Makassar,2024-04-08,34,0.32,0.45,-167,https://sulsel-kini.example/fixture/metrik/2024-04-08,,2026-09-09,2026-09-09T00:00:00+07:00,2026-09-09T00:00:00+07:00,danny2,True
sulsel-kini.example,Makassar,2024-04-15,28,0.255,0.331,-160,https://sulsel-kini.example/fixture/metrik/2024-04-15,,2026-09-09,2026-09-09T00:00:00+07:00,2026-09-09T00:00:00+07:00,danny2,True
sulsel-kini.example,Makassar,2024-04-22,32,0.35,0.397,-153,https://sulsel-kini.example/fixture/metrik/2024-04-22,,2026-09-09,2026-09-09T00:00:00+07:00,2026-09-09T00:00:00+07:00,danny2,True
sulsel-kini.example,Makassar,2024-04-29,40,0.337,0.354,-146,https://sulsel-kini.example/fixture/metrik/2024-04-29,,2026-09-09,2026-09-09T00:00:00+07:00,2026-09-09T00:00:00+07:00,danny2,True
sulsel-kini.example,Makassar,2024-05-06,36,0.284,0.315,-139,https://sulsel-kini.example/fixture/metrik/2024-05-06,,2026-09-09,2026-09-09T00:00:00+07:00,2026-09-09T00:00:00+07:00,danny2,True
sulsel-kini.example,Makassar,2024-05-13,44,0.301,0.319,-132,https://sulsel-kini.example/fixture/metrik/2024-05-13,,2026-09-09,2026-09-09T00:00:00+07:00,2026-09-09T00:00:00+07:00,danny2,True
sulsel-kini.example,Makassar,2024-05-20,45,0.349,0.362,-125,https://sulsel-kini.example/fixture/metrik/2024-05-20,,2026-09-09,2026-09-09T00:00:00+07:00,2026-09-09T00:00:00+07:00,danny2,True
sulsel-kini.example,Makassar,2024-05-27,46,0.383,0.36,-118,https://sulsel-kini.example/fixture/metrik/2024-05-27,,2026-09-09,2026-09-09T00:00:00+07:00,2026-09-09T00:00:00+07:00,danny2,True
sulsel-kini.example,Makassar,2024-06-03,40,0.42,0.304,-111,https://sulsel-kini.example/fixture/metrik/2024-06-03,,2026-09-09,2026-09-09T00:00:00+07:00,2026-09-09T00:00:00+07:00,danny2,True
sulsel-kini.example,Makassar,2024-06-10,37,0.423,0.403,-104,https://sulsel-kini.example/fixture/metrik/2024-06-10,,2026-09-09,2026-09-09T00:00:00+07:00,2026-09-09T00:00:00+07:00,danny2,True
sulsel-kini.example,Makassar,2024-06-17,39,0.401,0.271,-97,https://sulsel-kini.example/fixture/metrik/2024-06-17,,2026-09-09,2026-09-09T00:00:00+07:00,2026-09-09T00:00:00+07:00,danny2,True
sulsel-kini.example,Makassar,2024-06-24,32,0.464,0.362,-90,https://sulsel-kini.example/fixture/metrik/2024-06-24,,2026-09-09,2026-09-09T00:00:00+07:00,2026-09-09T00:00:00+07:00,danny2,True
sulsel-kini.example,Makassar,2024-07-01,49,0.422,0.37,-83,https://sulsel-kini.example/fixture/metrik/2024-07-01,,2026-09-09,2026-09-09T00:00:00+07:00,2026-09-09T00:00:00+07:00,danny2,True
sulsel-kini.example,Makassar,2024-07-08,44,0.487,0.391,-76,https://sulsel-kini.example/fixture/metrik/2024-07-08,,2026-09-09,2026-09-09T00:00:00+07:00,2026-09-09T00:00:00+07:00,danny2,True
sulsel-kini.example,Makassar,2024-07-15,36,0.477,0.358,-69,https://sulsel-kini.example/fixture/metrik/2024-07-15,,2026-09-09,2026-09-09T00:00:00+07:00,2026-09-09T00:00:00+07:00,danny2,True
sulsel-kini.example,Makassar,2024-07-22,30,0.536,0.425,-62,https://sulsel-kini.example/fixture/metrik/2024-07-22,,2026-09-09,2026-09-09T00:00:00+07:00,2026-09-09T00:00:00+07:00,danny2,True
sulsel-kini.example,Makassar,2024-07-29,33,0.509,0.371,-55,https://sulsel-kini.example/fixture/metrik/2024-07-29,,2026-09-09,2026-09-09T00:00:00+07:00,2026-09-09T00:00:00+07:00,danny2,True
sulsel-kini.example,Makassar,2024-08-05,32,0.463,0.328,-48,https://sulsel-kini.example/fixture/metrik/2024-08-05,,2026-09-09,2026-09-09T00:00:00+07:00,2026-09-09T00:00:00+07:00,danny2,True
sulsel-kini.example,Makassar,2024-08-12,39,0.446,0.291,-41,https://sulsel-kini.example/fixture/metrik/2024-08-12,,2026-09-09,2026-09-09T00:00:00+07:00,2026-09-09T00:00:00+07:00,danny2,True
sulsel-kini.example,Makassar,2024-08-19,37,0.5,0.343,-34,https://sulsel-kini.example/fixture/metrik/2024-08-19,,2026-09-09,2026-09-09T00:00:00+07:00,2026-09-09T00:00:00+07:00,danny2,True
sulsel-kini.example,Makassar,2024-08-26,43,0.508,0.433,-27,https://sulsel-kini.example/fixture/metrik/2024-08-26,,2026-09-09,2026-09-09T00:00:00+07:00,2026-09-09T00:00:00+07:00,danny2,True
sulsel-kini.example,Makassar,2024-09-02,45,0.441,0.37,-20,https://sulsel-kini.example/fixture/metrik/2024-09-02,,2026-09-09,2026-09-09T00:00:00+07:00,2026-09-09T00:00:00+07:00,danny2,True
sulsel-kini.example,Makassar,2024-09-09,31,0.57,0.376,-13,https://sulsel-kini.example/fixture/metrik/2024-09-09,,2026-09-09,2026-09-09T00:00:00+07:00,2026-09-09T00:00:00+07:00,danny2,True
sulsel-kini.example,Makassar,2024-09-16,25,0.526,0.391,-6,https://sulsel-kini.example/fixture/metrik/2024-09-16,,2026-09-09,2026-09-09T00:00:00+07:00,2026-09-09T00:00:00+07:00,danny2,True
sulsel-kini.example,Makassar,2024-09-23,41,0.438,0.395,1,https://sulsel-kini.example/fixture/metrik/2024-09-23,,2026-09-09,2026-09-09T00:00:00+07:00,2026-09-09T00:00:00+07:00,danny2,True
sulsel-kini.example,Makassar,2024-09-30,34,0.508,0.385,8,https://sulsel-kini.example/fixture/metrik/2024-09-30,,2026-09-09,2026-09-09T00:00:00+07:00,2026-09-09T00:00:00+07:00,danny2,True
sulsel-kini.example,Makassar,2024-10-07,43,0.299,0.356,15,https://sulsel-kini.example/fixture/metrik/2024-10-07,,2026-09-09,2026-09-09T00:00:00+07:00,2026-09-09T00:00:00+07:00,danny2,True
sulsel-kini.example,Makassar,2024-10-14,55,0.382,0.397,22,https://sulsel-kini.example/fixture/metrik/2024-10-14,,2026-09-09,2026-09-09T00:00:00+07:00,2026-09-09T00:00:00+07:00,danny2,True
sulsel-kini.example,Makassar,2024-10-21,43,0.172,0.256,29,https://sulsel-kini.example/fixture/metrik/2024-10-21,,2026-09-09,2026-09-09T00:00:00+07:00,2026-09-09T00:00:00+07:00,danny2,True
sulsel-kini.example,Makassar,2024-10-28,32,0.314,0.285,36,https://sulsel-kini.example/fixture/metrik/2024-10-28,,2026-09-09,2026-09-09T00:00:00+07:00,2026-09-09T00:00:00+07:00,danny2,True
sulsel-kini.example,Makassar,2024-11-04,32,0.278,0.403,43,https://sulsel-kini.example/fixture/metrik/2024-11-04,,2026-09-09,2026-09-09T00:00:00+07:00,2026-09-09T00:00:00+07:00,danny2,True
sulsel-kini.example,Makassar,2024-11-11,38,0.306,0.411,50,https://sulsel-kini.example/fixture/metrik/2024-11-11,,2026-09-09,2026-09-09T00:00:00+07:00,2026-09-09T00:00:00+07:00,danny2,True
sulsel-kini.example,Makassar,2024-11-18,29,0.308,0.332,57,https://sulsel-kini.example/fixture/metrik/2024-11-18,,2026-09-09,2026-09-09T00:00:00+07:00,2026-09-09T00:00:00+07:00,danny2,True
sulsel-kini.example,Makassar,2024-11-25,40,0.265,0.373,64,https://sulsel-kini.example/fixture/metrik/2024-11-25,,2026-09-09,2026-09-09T00:00:00+07:00,2026-09-09T00:00:00+07:00,danny2,True
sulsel-kini.example,Makassar,2024-12-02,46,0.305,0.336,71,https://sulsel-kini.example/fixture/metrik/2024-12-02,,2026-09-09,2026-09-09T00:00:00+07:00,2026-09-09T00:00:00+07:00,danny2,True
sulsel-kini.example,Makassar,2024-12-09,47,0.209,0.362,78,https://sulsel-kini.example/fixture/metrik/2024-12-09,,2026-09-09,2026-09-09T00:00:00+07:00,2026-09-09T00:00:00+07:00,danny2,True
sulsel-kini.example,Makassar,2024-12-16,37,0.275,0.309,85,https://sulsel-kini.example/fixture/metrik/2024-12-16,,2026-09-09,2026-09-09T00:00:00+07:00,2026-09-09T00:00:00+07:00,danny2,True
sulsel-kini.example,Makassar,2024-12-23,28,0.259,0.372,92,https://sulsel-kini.example/fixture/metrik/2024-12-23,,2026-09-09,2026-09-09T00:00:00+07:00,2026-09-09T00:00:00+07:00,danny2,True
sulsel-kini.example,Makassar,2024-12-30,39,0.209,0.331,99,https://sulsel-kini.example/fixture/metrik/2024-12-30,,2026-09-09,2026-09-09T00:00:00+07:00,2026-09-09T00:00:00+07:00,danny2,True
sulsel-kini.example,Makassar,2025-01-06,46,0.273,0.342,106,https://sulsel-kini.example/fixture/metrik/2025-01-06,,2026-09-09,2026-09-09T00:00:00+07:00,2026-09-09T00:00:00+07:00,danny2,True
sulsel-kini.example,Makassar,2025-01-13,37,0.294,0.352,113,https://sulsel-kini.example/fixture/metrik/2025-01-13,,2026-09-09,2026-09-09T00:00:00+07:00,2026-09-09T00:00:00+07:00,danny2,True
sulsel-kini.example,Makassar,2025-01-20,38,0.336,0.44,120,https://sulsel-kini.example/fixture/metrik/2025-01-20,,2026-09-09,2026-09-09T00:00:00+07:00,2026-09-09T00:00:00+07:00,danny2,True
sulsel-kini.example,Makassar,2025-01-27,45,0.291,0.378,127,https://sulsel-kini.example/fixture/metrik/2025-01-27,,2026-09-09,2026-09-09T00:00:00+07:00,2026-09-09T00:00:00+07:00,danny2,True
sulsel-kini.example,Makassar,2025-02-03,43,0.241,0.409,134,https://sulsel-kini.example/fixture/metrik/2025-02-03,,2026-09-09,2026-09-09T00:00:00+07:00,2026-09-09T00:00:00+07:00,danny2,True
sulsel-kini.example,Makassar,2025-02-10,44,0.287,0.387,141,https://sulsel-kini.example/fixture/metrik/2025-02-10,,2026-09-09,2026-09-09T00:00:00+07:00,2026-09-09T00:00:00+07:00,danny2,True
sulsel-kini.example,Makassar,2025-02-17,45,0.23,0.392,148,https://sulsel-kini.example/fixture/metrik/2025-02-17,,2026-09-09,2026-09-09T00:00:00+07:00,2026-09-09T00:00:00+07:00,danny2,True
sulsel-kini.example,Makassar,2025-02-24,40,0.238,0.416,155,https://sulsel-kini.example/fixture/metrik/2025-02-24,,2026-09-09,2026-09-09T00:00:00+07:00,2026-09-09T00:00:00+07:00,appi,True
sulsel-kini.example,Makassar,2025-03-03,34,0.185,0.399,162,https://sulsel-kini.example/fixture/metrik/2025-03-03,,2026-09-09,2026-09-09T00:00:00+07:00,2026-09-09T00:00:00+07:00,appi,True
sulsel-kini.example,Makassar,2025-03-10,32,0.279,0.299,169,https://sulsel-kini.example/fixture/metrik/2025-03-10,,2026-09-09,2026-09-09T00:00:00+07:00,2026-09-09T00:00:00+07:00,appi,True
sulsel-kini.example,Makassar,2025-03-17,29,0.296,0.353,176,https://sulsel-kini.example/fixture/metrik/2025-03-17,,2026-09-09,2026-09-09T00:00:00+07:00,2026-09-09T00:00:00+07:00,appi,True
sulsel-kini.example,Makassar,2025-03-24,30,0.248,0.399,183,https://sulsel-kini.example/fixture/metrik/2025-03-24,,2026-09-09,2026-09-09T00:00:00+07:00,2026-09-09T00:00:00+07:00,appi,True
sulsel-kini.example,Makassar,2025-03-31,45,0.241,0.415,190,https://sulsel-kini.example/fixture/metrik/2025-03-31,,2026-09-09,2026-09-09T00:00:00+07:00,2026-09-09T00:00:00+07:00,appi,True
sulsel-kini.example,Makassar,2025-04-07,36,0.275,0.333,197,https://sulsel-kini.example/fixture/metrik/2025-04-07,,2026-09-09,2026-09-09T00:00:00+07:00,2026-09-09T00:00:00+07:00,appi,True
sulsel-kini.example,Makassar,2025-04-14,27,0.191,0.34,204,https://sulsel-kini.example/fixture/metrik/2025-04-14,,2026-09-09,2026-09-09T00:00:00+07:00,2026-09-09T00:00:00+07:00,appi,True
sulsel-kini.example,Makassar,2025-04-21,34,0.272,0.362,211,https://sulsel-kini.example/fixture/metrik/2025-04-21,,2026-09-09,2026-09-09T00:00:00+07:00,2026-09-09T00:00:00+07:00,appi,True
sulsel-kini.example,Makassar,2025-04-28,43,0.2,0.403,218,https://sulsel-kini.example/fixture/metrik/2025-04-28,,2026-09-09,2026-09-09T00:00:00+07:00,2026-09-09T00:00:00+07:00,appi,True
sulsel-kini.example,Makassar,2025-05-05,34,0.282,0.371,225,https://sulsel-kini.example/fixture/metrik/2025-05-05,,2026-09-09,2026-09-09T00:00:00+07:00,2026-09-09T00:00:00+07:00,appi,True
sulsel-kini.example,Makassar,2025-05-12,36,0.273,0.319,232,https://sulsel-kini.example/fixture/metrik/2025-05-12,,2026-09-09,2026-09-09T00:00:00+07:00,2026-09-09T00:00:00+07:00,appi,True
sulsel-kini.example,Makassar,2025-05-19,41,0.199,0.359,239,https://sulsel-kini.example/fixture/metrik/2025-05-19,,2026-09-09,2026-09-09T00:00:00+07:00,2026-09-09T00:00:00+07:00,appi,True
sulsel-kini.example,Makassar,2025-05-26,32,0.197,0.404,246,https://sulsel-kini.example/fixture/metrik/2025-05-26,,2026-09-09,2026-09-09T00:00:00+07:00,2026-09-09T00:00:00+07:00,appi,True
sulsel-kini.example,Makassar,2025-06-02,25,0.211,0.412,253,https://sulsel-kini.example/fixture/metrik/2025-06-02,,2026-09-09,2026-09-09T00:00:00+07:00,2026-09-09T00:00:00+07:00,appi,True
sulsel-kini.example,Makassar,2025-06-09,24,0.239,0.332,260,https://sulsel-kini.example/fixture/metrik/2025-06-09,,2026-09-09,2026-09-09T00:00:00+07:00,2026-09-09T00:00:00+07:00,appi,True
sulsel-kini.example,Makassar,2025-06-16,38,0.209,0.29,267,https://sulsel-kini.example/fixture/metrik/2025-06-16,,2026-09-09,2026-09-09T00:00:00+07:00,2026-09-09T00:00:00+07:00,appi,True
sulsel-kini.example,Makassar,2025-06-23,27,0.283,0.374,274,https://sulsel-kini.example/fixture/metrik/2025-06-23,,2026-09-09,2026-09-09T00:00:00+07:00,2026-09-09T00:00:00+07:00,appi,True
sulsel-kini.example,Makassar,2025-06-30,27,0.247,0.371,281,https://sulsel-kini.example/fixture/metrik/2025-06-30,,2026-09-09,2026-09-09T00:00:00+07:00,2026-09-09T00:00:00+07:00,appi,True
sulsel-kini.example,Makassar,2025-07-07,33,0.314,0.329,288,https://sulsel-kini.example/fixture/metrik/2025-07-07,,2026-09-09,2026-09-09T00:00:00+07:00,2026-09-09T00:00:00+07:00,appi,True
sulsel-kini.example,Makassar,2025-07-14,27,0.252,0.337,295,https://sulsel-kini.example/fixture/metrik/2025-07-14,,2026-09-09,2026-09-09T00:00:00+07:00,2026-09-09T00:00:00+07:00,appi,True
sulsel-kini.example,Makassar,2025-07-21,37,0.243,0.287,302,https://sulsel-kini.example/fixture/metrik/2025-07-21,,2026-09-09,2026-09-09T00:00:00+07:00,2026-09-09T00:00:00+07:00,appi,True
sulsel-kini.example,Makassar,2025-07-28,23,0.273,0.4,309,https://sulsel-kini.example/fixture/metrik/2025-07-28,,2026-09-09,2026-09-09T00:00:00+07:00,2026-09-09T00:00:00+07:00,appi,True
sulsel-kini.example,Makassar,2025-08-04,41,0.303,0.387,316,https://sulsel-kini.example/fixture/metrik/2025-08-04,,2026-09-09,2026-09-09T00:00:00+07:00,2026-09-09T00:00:00+07:00,appi,True
sulsel-kini.example,Makassar,2025-08-11,35,0.283,0.33,323,https://sulsel-kini.example/fixture/metrik/2025-08-11,,2026-09-09,2026-09-09T00:00:00+07:00,2026-09-09T00:00:00+07:00,appi,True
sulsel-kini.example,Makassar,2025-08-18,27,0.26,0.436,330,https://sulsel-kini.example/fixture/metrik/2025-08-18,,2026-09-09,2026-09-09T00:00:00+07:00,2026-09-09T00:00:00+07:00,appi,True
sulsel-kini.example,Makassar,2025-08-25,45,0.245,0.418,337,https://sulsel-kini.example/fixture/metrik/2025-08-25,,2026-09-09,2026-09-09T00:00:00+07:00,2026-09-09T00:00:00+07:00,appi,True
sulsel-kini.example,Makassar,2025-09-01,36,0.224,0.427,344,https://sulsel-kini.example/fixture/metrik/2025-09-01,,2026-09-09,2026-09-09T00:00:00+07:00,2026-09-09T00:00:00+07:00,appi,True
sulsel-kini.example,Makassar,2025-09-08,56,0.275,0.288,351,https://sulsel-kini.example/fixture/metrik/2025-09-08,,2026-09-09,2026-09-09T00:00:00+07:00,2026-09-09T00:00:00+07:00,appi,True
sulsel-kini.example,Makassar,2025-09-15,35,0.258,0.345,358,https://sulsel-kini.example/fixture/metrik/2025-09-15,,2026-09-09,2026-09-09T00:00:00+07:00,2026-09-09T00:00:00+07:00,appi,True
sulsel-kini.example,Makassar,2025-09-22,25,0.186,0.309,365,https://sulsel-kini.example/fixture/metrik/2025-09-22,,2026-09-09,2026-09-09T00:00:00+07:00,2026-09-09T00:00:00+07:00,appi,True
sulsel-kini.example,Makassar,2025-09-29,31,0.181,0.33,372,https://sulsel-kini.example/fixture/metrik/2025-09-29,,2026-09-09,2026-09-09T00:00:00+07:00,2026-09-09T00:00:00+07:00,appi,True
sulsel-kini.example,Makassar,2025-10-06,45,0.265,0.398,379,https://sulsel-kini.example/fixture/metrik/2025-10-06,,2026-09-09,2026-09-09T00:00:00+07:00,2026-09-09T00:00:00+07:00,appi,True
sulsel-kini.example,Makassar,2025-10-13,30,0.219,0.284,386,https://sulsel-kini.example/fixture/metrik/2025-10-13,,2026-09-09,2026-09-09T00:00:00+07:00,2026-09-09T00:00:00+07:00,appi,True
sulsel-kini.example,Makassar,2025-10-20,34,0.299,0.398,393,https://sulsel-kini.example/fixture/metrik/2025-10-20,,2026-09-09,2026-09-09T00:00:00+07:00,2026-09-09T00:00:00+07:00,appi,True
sulsel-kini.example,Makassar,2025-10-27,53,0.181,0.359,400,https://sulsel-kini.example/fixture/metrik/2025-10-27,,2026-09-09,2026-09-09T00:00:00+07:00,2026-09-09T00:00:00+07:00,appi,True
sulsel-kini.example,Makassar,2025-11-03,30,0.264,0.357,407,https://sulsel-kini.example/fixture/metrik/2025-11-03,,2026-09-09,2026-09-09T00:00:00+07:00,2026-09-09T00:00:00+07:00,appi,True
sulsel-kini.example,Makassar,2025-11-10,46,0.187,0.378,414,https://sulsel-kini.example/fixture/metrik/2025-11-10,,2026-09-09,2026-09-09T00:00:00+07:00,2026-09-09T00:00:00+07:00,appi,True
sulsel-kini.example,Makassar,2025-11-17,42,0.235,0.32,421,https://sulsel-kini.example/fixture/metrik/2025-11-17,,2026-09-09,2026-09-09T00:00:00+07:00,2026-09-09T00:00:00+07:00,appi,True
sulsel-kini.example,Makassar,2025-11-24,38,0.201,0.295,428,https://sulsel-kini.example/fixture/metrik/2025-11-24,,2026-09-09,2026-09-09T00:00:00+07:00,2026-09-09T00:00:00+07:00,appi,True
sulsel-kini.example,Makassar,2025-12-01,38,0.249,0.366,435,https://sulsel-kini.example/fixture/metrik/2025-12-01,,2026-09-09,2026-09-09T00:00:00+07:00,2026-09-09T00:00:00+07:00,appi,True
sulsel-kini.example,Makassar,2025-12-08,32,0.185,0.325,442,https://sulsel-kini.example/fixture/metrik/2025-12-08,,2026-09-09,2026-09-09T00:00:00+07:00,2026-09-09T00:00:00+07:00,appi,True
sulsel-kini.example,Makassar,2025-12-15,32,0.248,0.272,449,https://sulsel-kini.example/fixture/metrik/2025-12-15,,2026-09-09,2026-09-09T00:00:00+07:00,2026-09-09T00:00:00+07:00,appi,True
sulsel-kini.example,Makassar,2025-12-22,40,0.271,0.322,456,https://sulsel-kini.example/fixture/metrik/2025-12-22,,2026-09-09,2026-09-09T00:00:00+07:00,2026-09-09T00:00:00+07:00,appi,True
sulsel-kini.example,Makassar,2025-12-29,41,0.207,0.384,463,https://sulsel-kini.example/fixture/metrik/2025-12-29,,2026-09-09,2026-09-09T00:00:00+07:00,2026-09-09T00:00:00+07:00,appi,True
kabar-pelabuhan.example,Makassar,2014-01-06,22,0.082,0.268,-1498,https://kabar-pelabuhan.example/fixture/metrik/2014-01-06,,2026-09-09,2026-09-09T00:00:00+07:00,2026-09-09T00:00:00+07:00,ilham,True
kabar-pelabuhan.example,Makassar,2014-01-13,16,0.146,0.264,-1491,https://kabar-pelabuhan.example/fixture/metrik/2014-01-13,,2026-09-09,2026-09-09T00:00:00+07:00,2026-09-09T00:00:00+07:00,ilham,True
kabar-pelabuhan.example,Makassar,2014-01-20,27,0.13,0.204,-1484,https://kabar-pelabuhan.example/fixture/metrik/2014-01-20,,2026-09-09,2026-09-09T00:00:00+07:00,2026-09-09T00:00:00+07:00,ilham,True
kabar-pelabuhan.example,Makassar,2014-01-27,22,0.172,0.175,-1477,https://kabar-pelabuhan.example/fixture/metrik/2014-01-27,,2026-09-09,2026-09-09T00:00:00+07:00,2026-09-09T00:00:00+07:00,ilham,True
kabar-pelabuhan.example,Makassar,2014-02-03,22,0.171,0.113,-1470,https://kabar-pelabuhan.example/fixture/metrik/2014-02-03,,2026-09-09,2026-09-09T00:00:00+07:00,2026-09-09T00:00:00+07:00,ilham,True
kabar-pelabuhan.example,Makassar,2014-02-10,23,0.174,0.179,-1463,https://kabar-pelabuhan.example/fixture/metrik/2014-02-10,,2026-09-09,2026-09-09T00:00:00+07:00,2026-09-09T00:00:00+07:00,ilham,True
kabar-pelabuhan.example,Makassar,2014-02-17,23,0.185,0.16,-1456,https://kabar-pelabuhan.example/fixture/metrik/2014-02-17,,2026-09-09,2026-09-09T00:00:00+07:00,2026-09-09T00:00:00+07:00,ilham,True
kabar-pelabuhan.example,Makassar,2014-02-24,22,0.156,0.116,-1449,https://kabar-pelabuhan.example/fixture/metrik/2014-02-24,,2026-09-09,2026-09-09T00:00:00+07:00,2026-09-09T00:00:00+07:00,ilham,True
kabar-pelabuhan.example,Makassar,2014-03-03,26,0.141,0.195,-1442,https://kabar-pelabuhan.example/fixture/metrik/2014-03-03,,2026-09-09,2026-09-09T00:00:00+07:00,2026-09-09T00:00:00+07:00,ilham,True
kabar-pelabuhan.example,Makassar,2014-03-10,26,0.114,0.177,-1435,https://kabar-pelabuhan.example/fixture/metrik/2014-03-10,,2026-09-09,2026-09-09T00:00:00+07:00,2026-09-09T00:00:00+07:00,ilham,True
kabar-pelabuhan.example,Makassar,2014-03-17,34,0.087,0.185,-1428,https://kabar-pelabuhan.example/fixture/metrik/2014-03-17,,2026-09-09,2026-09-09T00:00:00+07:00,2026-09-09T00:00:00+07:00,ilham,True
kabar-pelabuhan.example,Makassar,2014-03-24,30,0.117,0.156,-1421,https://kabar-pelabuhan.example/fixture/metrik/2014-03-24,,2026-09-09,2026-09-09T00:00:00+07:00,2026-09-09T00:00:00+07:00,ilham,True
kabar-pelabuhan.example,Makassar,2014-03-31,17,0.118,0.153,-1414,https://kabar-pelabuhan.example/fixture/metrik/2014-03-31,,2026-09-09,2026-09-09T00:00:00+07:00,2026-09-09T00:00:00+07:00,ilham,True
kabar-pelabuhan.example,Makassar,2014-04-07,14,0.064,0.138,-1407,https://kabar-pelabuhan.example/fixture/metrik/2014-04-07,,2026-09-09,2026-09-09T00:00:00+07:00,2026-09-09T00:00:00+07:00,ilham,True
kabar-pelabuhan.example,Makassar,2014-04-14,30,0.085,0.181,-1400,https://kabar-pelabuhan.example/fixture/metrik/2014-04-14,,2026-09-09,2026-09-09T00:00:00+07:00,2026-09-09T00:00:00+07:00,ilham,True
kabar-pelabuhan.example,Makassar,2014-04-21,15,0.095,0.139,-1393,https://kabar-pelabuhan.example/fixture/metrik/2014-04-21,,2026-09-09,2026-09-09T00:00:00+07:00,2026-09-09T00:00:00+07:00,ilham,True
kabar-pelabuhan.example,Makassar,2014-04-28,17,0.105,0.227,-1386,https://kabar-pelabuhan.example/fixture/metrik/2014-04-28,,2026-09-09,2026-09-09T00:00:00+07:00,2026-09-09T00:00:00+07:00,ilham,True
kabar-pelabuhan.example,Makassar,2014-05-05,21,0.182,0.157,-1379,https://kabar-pelabuhan.example/fixture/metrik/2014-05-05,,2026-09-09,2026-09-09T00:00:00+07:00,2026-09-09T00:00:00+07:00,ilham,True
kabar-pelabuhan.example,Makassar,2014-05-12,9,0.199,0.123,-1372,https://kabar-pelabuhan.example/fixture/metrik/2014-05-12,,2026-09-09,2026-09-09T00:00:00+07:00,2026-09-09T00:00:00+07:00,danny1,True
kabar-pelabuhan.example,Makassar,2014-05-19,35,0.132,0.24,-1365,https://kabar-pelabuhan.example/fixture/metrik/2014-05-19,,2026-09-09,2026-09-09T00:00:00+07:00,2026-09-09T00:00:00+07:00,danny1,True
kabar-pelabuhan.example,Makassar,2014-05-26,28,0.113,0.164,-1358,https://kabar-pelabuhan.example/fixture/metrik/2014-05-26,,2026-09-09,2026-09-09T00:00:00+07:00,2026-09-09T00:00:00+07:00,danny1,True
kabar-pelabuhan.example,Makassar,2014-06-02,24,0.164,0.11,-1351,https://kabar-pelabuhan.example/fixture/metrik/2014-06-02,,2026-09-09,2026-09-09T00:00:00+07:00,2026-09-09T00:00:00+07:00,danny1,True
kabar-pelabuhan.example,Makassar,2014-06-09,27,0.153,0.272,-1344,https://kabar-pelabuhan.example/fixture/metrik/2014-06-09,,2026-09-09,2026-09-09T00:00:00+07:00,2026-09-09T00:00:00+07:00,danny1,True
kabar-pelabuhan.example,Makassar,2014-06-16,25,0.158,0.162,-1337,https://kabar-pelabuhan.example/fixture/metrik/2014-06-16,,2026-09-09,2026-09-09T00:00:00+07:00,2026-09-09T00:00:00+07:00,danny1,True
kabar-pelabuhan.example,Makassar,2014-06-23,21,0.166,0.188,-1330,https://kabar-pelabuhan.example/fixture/metrik/2014-06-23,,2026-09-09,2026-09-09T00:00:00+07:00,2026-09-09T00:00:00+07:00,danny1,True
kabar-pelabuhan.example,Makassar,2014-06-30,20,0.119,0.178,-1323,https://kabar-pelabuhan.example/fixture/metrik/2014-06-30,,2026-09-09,2026-09-09T00:00:00+07:00,2026-09-09T00:00:00+07:00,danny1,True
kabar-pelabuhan.example,Makassar,2014-07-07,27,0.132,0.194,-1316,https://kabar-pelabuhan.example/fixture/metrik/2014-07-07,,2026-09-09,2026-09-09T00:00:00+07:00,2026-09-09T00:00:00+07:00,danny1,True
kabar-pelabuhan.example,Makassar,2014-07-14,32,0.124,0.09,-1309,https://kabar-pelabuhan.example/fixture/metrik/2014-07-14,,2026-09-09,2026-09-09T00:00:00+07:00,2026-09-09T00:00:00+07:00,danny1,True
kabar-pelabuhan.example,Makassar,2014-07-21,21,0.107,0.168,-1302,https://kabar-pelabuhan.example/fixture/metrik/2014-07-21,,2026-09-09,2026-09-09T00:00:00+07:00,2026-09-09T00:00:00+07:00,danny1,True
kabar-pelabuhan.example,Makassar,2014-07-28,31,0.143,0.132,-1295,https://kabar-pelabuhan.example/fixture/metrik/2014-07-28,,2026-09-09,2026-09-09T00:00:00+07:00,2026-09-09T00:00:00+07:00,danny1,True
kabar-pelabuhan.example,Makassar,2014-08-04,18,0.127,0.131,-1288,https://kabar-pelabuhan.example/fixture/metrik/2014-08-04,,2026-09-09,2026-09-09T00:00:00+07:00,2026-09-09T00:00:00+07:00,danny1,True
kabar-pelabuhan.example,Makassar,2014-08-11,30,0.113,0.164,-1281,https://kabar-pelabuhan.example/fixture/metrik/2014-08-11,,2026-09-09,2026-09-09T00:00:00+07:00,2026-09-09T00:00:00+07:00,danny1,True
kabar-pelabuhan.example,Makassar,2014-08-18,13,0.145,0.133,-1274,https://kabar-pelabuhan.example/fixture/metrik/2014-08-18,,2026-09-09,2026-09-09T00:00:00+07:00,2026-09-09T00:00:00+07:00,danny1,True
kabar-pelabuhan.example,Makassar,2014-08-25,26,0.189,0.101,-1267,https://kabar-pelabuhan.example/fixture/metrik/2014-08-25,,2026-09-09,2026-09-09T00:00:00+07:00,2026-09-09T00:00:00+07:00,danny1,True
kabar-pelabuhan.example,Makassar,2014-09-01,11,0.13,0.144,-1260,https://kabar-pelabuhan.example/fixture/metrik/2014-09-01,,2026-09-09,2026-09-09T00:00:00+07:00,2026-09-09T00:00:00+07:00,danny1,True
kabar-pelabuhan.example,Makassar,2014-09-08,22,0.145,0.135,-1253,https://kabar-pelabuhan.example/fixture/metrik/2014-09-08,,2026-09-09,2026-09-09T00:00:00+07:00,2026-09-09T00:00:00+07:00,danny1,True
kabar-pelabuhan.example,Makassar,2014-09-15,24,0.145,0.118,-1246,https://kabar-pelabuhan.example/fixture/metrik/2014-09-15,,2026-09-09,2026-09-09T00:00:00+07:00,2026-09-09T00:00:00+07:00,danny1,True
kabar-pelabuhan.example,Makassar,2014-09-22,33,0.148,0.191,-1239,https://kabar-pelabuhan.example/fixture/metrik/2014-09-22,,2026-09-09,2026-09-09T00:00:00+07:00,2026-09-09T00:00:00+07:00,danny1,True
kabar-pelabuhan.example,Makassar,2014-09-29,28,0.127,0.21,-1232,https://kabar-pelabuhan.example/fixture/metrik/2014-09-29,,2026-09-09,2026-09-09T00:00:00+07:00,2026-09-09T00:00:00+07:00,danny1,True
kabar-pelabuhan.example,Makassar,2014-10-06,20,0.178,0.152,-1225,https://kabar-pelabuhan.example/fixture/metrik/2014-10-06,,2026-09-09,2026-09-09T00:00:00+07:00,2026-09-09T00:00:00+07:00,danny1,True
kabar-pelabuhan.example,Makassar,2014-10-13,17,0.196,0.236,-1218,https://kabar-pelabuhan.example/fixture/metrik/2014-10-13,,2026-09-09,2026-09-09T00:00:00+07:00,2026-09-09T00:00:00+07:00,danny1,True
kabar-pelabuhan.example,Makassar,2014-10-20,26,0.168,0.148,-1211,https://kabar-pelabuhan.example/fixture/metrik/2014-10-20,,2026-09-09,2026-09-09T00:00:00+07:00,2026-09-09T00:00:00+07:00,danny1,True
kabar-pelabuhan.example,Makassar,2014-10-27,20,0.097,0.166,-1204,https://kabar-pelabuhan.example/fixture/metrik/2014-10-27,,2026-09-09,2026-09-09T00:00:00+07:00,2026-09-09T00:00:00+07:00,danny1,True
kabar-pelabuhan.example,Makassar,2014-11-03,3,0.167,0.112,-1197,https://kabar-pelabuhan.example/fixture/metrik/2014-11-03,,2026-09-09,2026-09-09T00:00:00+07:00,2026-09-09T00:00:00+07:00,danny1,True
kabar-pelabuhan.example,Makassar,2014-11-10,16,0.116,0.126,-1190,https://kabar-pelabuhan.example/fixture/metrik/2014-11-10,,2026-09-09,2026-09-09T00:00:00+07:00,2026-09-09T00:00:00+07:00,danny1,True
kabar-pelabuhan.example,Makassar,2014-11-17,28,0.127,0.266,-1183,https://kabar-pelabuhan.example/fixture/metrik/2014-11-17,,2026-09-09,2026-09-09T00:00:00+07:00,2026-09-09T00:00:00+07:00,danny1,True
kabar-pelabuhan.example,Makassar,2014-11-24,27,0.142,0.17,-1176,https://kabar-pelabuhan.example/fixture/metrik/2014-11-24,,2026-09-09,2026-09-09T00:00:00+07:00,2026-09-09T00:00:00+07:00,danny1,True
kabar-pelabuhan.example,Makassar,2014-12-01,11,0.059,0.153,-1169,https://kabar-pelabuhan.example/fixture/metrik/2014-12-01,,2026-09-09,2026-09-09T00:00:00+07:00,2026-09-09T00:00:00+07:00,danny1,True
kabar-pelabuhan.example,Makassar,2014-12-08,25,0.17,0.206,-1162,https://kabar-pelabuhan.example/fixture/metrik/2014-12-08,,2026-09-09,2026-09-09T00:00:00+07:00,2026-09-09T00:00:00+07:00,danny1,True
kabar-pelabuhan.example,Makassar,2014-12-15,33,0.098,0.113,-1155,https://kabar-pelabuhan.example/fixture/metrik/2014-12-15,,2026-09-09,2026-09-09T00:00:00+07:00,2026-09-09T00:00:00+07:00,danny1,True
kabar-pelabuhan.example,Makassar,2014-12-22,21,0.134,0.13,-1148,https://kabar-pelabuhan.example/fixture/metrik/2014-12-22,,2026-09-09,2026-09-09T00:00:00+07:00,2026-09-09T00:00:00+07:00,danny1,True
kabar-pelabuhan.example,Makassar,2014-12-29,33,0.149,0.182,-1141,https://kabar-pelabuhan.example/fixture/metrik/2014-12-29,,2026-09-09,2026-09-09T00:00:00+07:00,2026-09-09T00:00:00+07:00,danny1,True
kabar-pelabuhan.example,Makassar,2015-01-05,25,0.111,0.166,-1134,https://kabar-pelabuhan.example/fixture/metrik/2015-01-05,,2026-09-09,2026-09-09T00:00:00+07:00,2026-09-09T00:00:00+07:00,danny1,True
kabar-pelabuhan.example,Makassar,2015-01-12,3,0.148,0.122,-1127,https://kabar-pelabuhan.example/fixture/metrik/2015-01-12,,2026-09-09,2026-09-09T00:00:00+07:00,2026-09-09T00:00:00+07:00,danny1,True
kabar-pelabuhan.example,Makassar,2015-01-19,24,0.193,0.168,-1120,https://kabar-pelabuhan.example/fixture/metrik/2015-01-19,,2026-09-09,2026-09-09T00:00:00+07:00,2026-09-09T00:00:00+07:00,danny1,True
kabar-pelabuhan.example,Makassar,2015-01-26,22,0.201,0.188,-1113,https://kabar-pelabuhan.example/fixture/metrik/2015-01-26,,2026-09-09,2026-09-09T00:00:00+07:00,2026-09-09T00:00:00+07:00,danny1,True
kabar-pelabuhan.example,Makassar,2015-02-02,16,0.197,0.123,-1106,https://kabar-pelabuhan.example/fixture/metrik/2015-02-02,,2026-09-09,2026-09-09T00:00:00+07:00,2026-09-09T00:00:00+07:00,danny1,True
kabar-pelabuhan.example,Makassar,2015-02-09,22,0.101,0.122,-1099,https://kabar-pelabuhan.example/fixture/metrik/2015-02-09,,2026-09-09,2026-09-09T00:00:00+07:00,2026-09-09T00:00:00+07:00,danny1,True
kabar-pelabuhan.example,Makassar,2015-02-16,40,0.128,0.18,-1092,https://kabar-pelabuhan.example/fixture/metrik/2015-02-16,,2026-09-09,2026-09-09T00:00:00+07:00,2026-09-09T00:00:00+07:00,danny1,True
kabar-pelabuhan.example,Makassar,2015-02-23,22,0.145,0.143,-1085,https://kabar-pelabuhan.example/fixture/metrik/2015-02-23,,2026-09-09,2026-09-09T00:00:00+07:00,2026-09-09T00:00:00+07:00,danny1,True
kabar-pelabuhan.example,Makassar,2015-03-02,22,0.144,0.159,-1078,https://kabar-pelabuhan.example/fixture/metrik/2015-03-02,,2026-09-09,2026-09-09T00:00:00+07:00,2026-09-09T00:00:00+07:00,danny1,True
kabar-pelabuhan.example,Makassar,2015-03-09,29,0.256,0.178,-1071,https://kabar-pelabuhan.example/fixture/metrik/2015-03-09,,2026-09-09,2026-09-09T00:00:00+07:00,2026-09-09T00:00:00+07:00,danny1,True
kabar-pelabuhan.example,Makassar,2015-03-16,25,0.147,0.189,-1064,https://kabar-pelabuhan.example/fixture/metrik/2015-03-16,,2026-09-09,2026-09-09T00:00:00+07:00,2026-09-09T00:00:00+07:00,danny1,True
kabar-pelabuhan.example,Makassar,2015-03-23,10,0.189,0.268,-1057,https://kabar-pelabuhan.example/fixture/metrik/2015-03-23,,2026-09-09,2026-09-09T00:00:00+07:00,2026-09-09T00:00:00+07:00,danny1,True
kabar-pelabuhan.example,Makassar,2015-03-30,29,0.124,0.161,-1050,https://kabar-pelabuhan.example/fixture/metrik/2015-03-30,,2026-09-09,2026-09-09T00:00:00+07:00,2026-09-09T00:00:00+07:00,danny1,True
kabar-pelabuhan.example,Makassar,2015-04-06,17,0.119,0.215,-1043,https://kabar-pelabuhan.example/fixture/metrik/2015-04-06,,2026-09-09,2026-09-09T00:00:00+07:00,2026-09-09T00:00:00+07:00,danny1,True
kabar-pelabuhan.example,Makassar,2015-04-13,26,0.154,0.223,-1036,https://kabar-pelabuhan.example/fixture/metrik/2015-04-13,,2026-09-09,2026-09-09T00:00:00+07:00,2026-09-09T00:00:00+07:00,danny1,True
kabar-pelabuhan.example,Makassar,2015-04-20,26,0.185,0.108,-1029,https://kabar-pelabuhan.example/fixture/metrik/2015-04-20,,2026-09-09,2026-09-09T00:00:00+07:00,2026-09-09T00:00:00+07:00,danny1,True
kabar-pelabuhan.example,Makassar,2015-04-27,20,0.137,0.109,-1022,https://kabar-pelabuhan.example/fixture/metrik/2015-04-27,,2026-09-09,2026-09-09T00:00:00+07:00,2026-09-09T00:00:00+07:00,danny1,True
kabar-pelabuhan.example,Makassar,2015-05-04,27,0.145,0.158,-1015,https://kabar-pelabuhan.example/fixture/metrik/2015-05-04,,2026-09-09,2026-09-09T00:00:00+07:00,2026-09-09T00:00:00+07:00,danny1,True
kabar-pelabuhan.example,Makassar,2015-05-11,23,0.13,0.181,-1008,https://kabar-pelabuhan.example/fixture/metrik/2015-05-11,,2026-09-09,2026-09-09T00:00:00+07:00,2026-09-09T00:00:00+07:00,danny1,True
kabar-pelabuhan.example,Makassar,2015-05-18,31,0.148,0.12,-1001,https://kabar-pelabuhan.example/fixture/metrik/2015-05-18,,2026-09-09,2026-09-09T00:00:00+07:00,2026-09-09T00:00:00+07:00,danny1,True
kabar-pelabuhan.example,Makassar,2015-05-25,26,0.221,0.239,-994,https://kabar-pelabuhan.example/fixture/metrik/2015-05-25,,2026-09-09,2026-09-09T00:00:00+07:00,2026-09-09T00:00:00+07:00,danny1,True
kabar-pelabuhan.example,Makassar,2015-06-01,31,0.158,0.205,-987,https://kabar-pelabuhan.example/fixture/metrik/2015-06-01,,2026-09-09,2026-09-09T00:00:00+07:00,2026-09-09T00:00:00+07:00,danny1,True
kabar-pelabuhan.example,Makassar,2015-06-08,21,0.172,0.099,-980,https://kabar-pelabuhan.example/fixture/metrik/2015-06-08,,2026-09-09,2026-09-09T00:00:00+07:00,2026-09-09T00:00:00+07:00,danny1,True
kabar-pelabuhan.example,Makassar,2015-06-15,16,0.125,0.065,-973,https://kabar-pelabuhan.example/fixture/metrik/2015-06-15,,2026-09-09,2026-09-09T00:00:00+07:00,2026-09-09T00:00:00+07:00,danny1,True
kabar-pelabuhan.example,Makassar,2015-06-22,21,0.206,0.277,-966,https://kabar-pelabuhan.example/fixture/metrik/2015-06-22,,2026-09-09,2026-09-09T00:00:00+07:00,2026-09-09T00:00:00+07:00,danny1,True
kabar-pelabuhan.example,Makassar,2015-06-29,35,0.161,0.201,-959,https://kabar-pelabuhan.example/fixture/metrik/2015-06-29,,2026-09-09,2026-09-09T00:00:00+07:00,2026-09-09T00:00:00+07:00,danny1,True
kabar-pelabuhan.example,Makassar,2015-07-06,23,0.172,0.091,-952,https://kabar-pelabuhan.example/fixture/metrik/2015-07-06,,2026-09-09,2026-09-09T00:00:00+07:00,2026-09-09T00:00:00+07:00,danny1,True
kabar-pelabuhan.example,Makassar,2015-07-13,26,0.125,0.249,-945,https://kabar-pelabuhan.example/fixture/metrik/2015-07-13,,2026-09-09,2026-09-09T00:00:00+07:00,2026-09-09T00:00:00+07:00,danny1,True
kabar-pelabuhan.example,Makassar,2015-07-20,22,0.135,0.169,-938,https://kabar-pelabuhan.example/fixture/metrik/2015-07-20,,2026-09-09,2026-09-09T00:00:00+07:00,2026-09-09T00:00:00+07:00,danny1,True
kabar-pelabuhan.example,Makassar,2015-07-27,10,0.144,0.199,-931,https://kabar-pelabuhan.example/fixture/metrik/2015-07-27,,2026-09-09,2026-09-09T00:00:00+07:00,2026-09-09T00:00:00+07:00,danny1,True
kabar-pelabuhan.example,Makassar,2015-08-03,23,0.204,0.151,-924,https://kabar-pelabuhan.example/fixture/metrik/2015-08-03,,2026-09-09,2026-09-09T00:00:00+07:00,2026-09-09T00:00:00+07:00,danny1,True
kabar-pelabuhan.example,Makassar,2015-08-10,24,0.158,0.242,-917,https://kabar-pelabuhan.example/fixture/metrik/2015-08-10,,2026-09-09,2026-09-09T00:00:00+07:00,2026-09-09T00:00:00+07:00,danny1,True
kabar-pelabuhan.example,Makassar,2015-08-17,16,0.136,0.141,-910,https://kabar-pelabuhan.example/fixture/metrik/2015-08-17,,2026-09-09,2026-09-09T00:00:00+07:00,2026-09-09T00:00:00+07:00,danny1,True
kabar-pelabuhan.example,Makassar,2015-08-24,19,0.145,0.195,-903,https://kabar-pelabuhan.example/fixture/metrik/2015-08-24,,2026-09-09,2026-09-09T00:00:00+07:00,2026-09-09T00:00:00+07:00,danny1,True
kabar-pelabuhan.example,Makassar,2015-08-31,38,0.134,0.153,-896,https://kabar-pelabuhan.example/fixture/metrik/2015-08-31,,2026-09-09,2026-09-09T00:00:00+07:00,2026-09-09T00:00:00+07:00,danny1,True
kabar-pelabuhan.example,Makassar,2015-09-07,8,0.171,0.136,-889,https://kabar-pelabuhan.example/fixture/metrik/2015-09-07,,2026-09-09,2026-09-09T00:00:00+07:00,2026-09-09T00:00:00+07:00,danny1,True
kabar-pelabuhan.example,Makassar,2015-09-14,19,0.139,0.149,-882,https://kabar-pelabuhan.example/fixture/metrik/2015-09-14,,2026-09-09,2026-09-09T00:00:00+07:00,2026-09-09T00:00:00+07:00,danny1,True
kabar-pelabuhan.example,Makassar,2015-09-21,21,0.154,0.163,-875,https://kabar-pelabuhan.example/fixture/metrik/2015-09-21,,2026-09-09,2026-09-09T00:00:00+07:00,2026-09-09T00:00:00+07:00,danny1,True
kabar-pelabuhan.example,Makassar,2015-09-28,24,0.136,0.204,-868,https://kabar-pelabuhan.example/fixture/metrik/2015-09-28,,2026-09-09,2026-09-09T00:00:00+07:00,2026-09-09T00:00:00+07:00,danny1,True
kabar-pelabuhan.example,Makassar,2015-10-05,23,0.139,0.154,-861,https://kabar-pelabuhan.example/fixture/metrik/2015-10-05,,2026-09-09,2026-09-09T00:00:00+07:00,2026-09-09T00:00:00+07:00,danny1,True
kabar-pelabuhan.example,Makassar,2015-10-12,30,0.18,0.091,-854,https://kabar-pelabuhan.example/fixture/metrik/2015-10-12,,2026-09-09,2026-09-09T00:00:00+07:00,2026-09-09T00:00:00+07:00,danny1,True
kabar-pelabuhan.example,Makassar,2015-10-19,24,0.106,0.208,-847,https://kabar-pelabuhan.example/fixture/metrik/2015-10-19,,2026-09-09,2026-09-09T00:00:00+07:00,2026-09-09T00:00:00+07:00,danny1,True
kabar-pelabuhan.example,Makassar,2015-10-26,24,0.148,0.171,-840,https://kabar-pelabuhan.example/fixture/metrik/2015-10-26,,2026-09-09,2026-09-09T00:00:00+07:00,2026-09-09T00:00:00+07:00,danny1,True
kabar-pelabuhan.example,Makassar,2015-11-02,15,0.199,0.186,-833,https://kabar-pelabuhan.example/fixture/metrik/2015-11-02,,2026-09-09,2026-09-09T00:00:00+07:00,2026-09-09T00:00:00+07:00,danny1,True
kabar-pelabuhan.example,Makassar,2015-11-09,21,0.145,0.25,-826,https://kabar-pelabuhan.example/fixture/metrik/2015-11-09,,2026-09-09,2026-09-09T00:00:00+07:00,2026-09-09T00:00:00+07:00,danny1,True
kabar-pelabuhan.example,Makassar,2015-11-16,28,0.164,0.224,-819,https://kabar-pelabuhan.example/fixture/metrik/2015-11-16,,2026-09-09,2026-09-09T00:00:00+07:00,2026-09-09T00:00:00+07:00,danny1,True
kabar-pelabuhan.example,Makassar,2015-11-23,18,0.117,0.185,-812,https://kabar-pelabuhan.example/fixture/metrik/2015-11-23,,2026-09-09,2026-09-09T00:00:00+07:00,2026-09-09T00:00:00+07:00,danny1,True
kabar-pelabuhan.example,Makassar,2015-11-30,28,0.203,0.174,-805,https://kabar-pelabuhan.example/fixture/metrik/2015-11-30,,2026-09-09,2026-09-09T00:00:00+07:00,2026-09-09T00:00:00+07:00,danny1,True
kabar-pelabuhan.example,Makassar,2015-12-07,19,0.153,0.248,-798,https://kabar-pelabuhan.example/fixture/metrik/2015-12-07,,2026-09-09,2026-09-09T00:00:00+07:00,2026-09-09T00:00:00+07:00,danny1,True
kabar-pelabuhan.example,Makassar,2015-12-14,18,0.139,0.047,-791,https://kabar-pelabuhan.example/fixture/metrik/2015-12-14,,2026-09-09,2026-09-09T00:00:00+07:00,2026-09-09T00:00:00+07:00,danny1,True
kabar-pelabuhan.example,Makassar,2015-12-21,21,0.194,0.145,-784,https://kabar-pelabuhan.example/fixture/metrik/2015-12-21,,2026-09-09,2026-09-09T00:00:00+07:00,2026-09-09T00:00:00+07:00,danny1,True
kabar-pelabuhan.example,Makassar,2015-12-28,22,0.122,0.276,-777,https://kabar-pelabuhan.example/fixture/metrik/2015-12-28,,2026-09-09,2026-09-09T00:00:00+07:00,2026-09-09T00:00:00+07:00,danny1,True
kabar-pelabuhan.example,Makassar,2016-01-04,16,0.119,0.288,-770,https://kabar-pelabuhan.example/fixture/metrik/2016-01-04,,2026-09-09,2026-09-09T00:00:00+07:00,2026-09-09T00:00:00+07:00,danny1,True
kabar-pelabuhan.example,Makassar,2016-01-11,21,0.119,0.236,-763,https://kabar-pelabuhan.example/fixture/metrik/2016-01-11,,2026-09-09,2026-09-09T00:00:00+07:00,2026-09-09T00:00:00+07:00,danny1,True
kabar-pelabuhan.example,Makassar,2016-01-18,36,0.141,0.133,-756,https://kabar-pelabuhan.example/fixture/metrik/2016-01-18,,2026-09-09,2026-09-09T00:00:00+07:00,2026-09-09T00:00:00+07:00,danny1,True
kabar-pelabuhan.example,Makassar,2016-01-25,12,0.155,0.174,-749,https://kabar-pelabuhan.example/fixture/metrik/2016-01-25,,2026-09-09,2026-09-09T00:00:00+07:00,2026-09-09T00:00:00+07:00,danny1,True
kabar-pelabuhan.example,Makassar,2016-02-01,13,0.165,0.175,-742,https://kabar-pelabuhan.example/fixture/metrik/2016-02-01,,2026-09-09,2026-09-09T00:00:00+07:00,2026-09-09T00:00:00+07:00,danny1,True
kabar-pelabuhan.example,Makassar,2016-02-08,15,0.172,0.156,-735,https://kabar-pelabuhan.example/fixture/metrik/2016-02-08,,2026-09-09,2026-09-09T00:00:00+07:00,2026-09-09T00:00:00+07:00,danny1,True
kabar-pelabuhan.example,Makassar,2016-02-15,16,0.113,0.219,-728,https://kabar-pelabuhan.example/fixture/metrik/2016-02-15,,2026-09-09,2026-09-09T00:00:00+07:00,2026-09-09T00:00:00+07:00,danny1,True
kabar-pelabuhan.example,Makassar,2016-02-22,22,0.155,0.273,-721,https://kabar-pelabuhan.example/fixture/metrik/2016-02-22,,2026-09-09,2026-09-09T00:00:00+07:00,2026-09-09T00:00:00+07:00,danny1,True
kabar-pelabuhan.example,Makassar,2016-02-29,36,0.18,0.205,-714,https://kabar-pelabuhan.example/fixture/metrik/2016-02-29,,2026-09-09,2026-09-09T00:00:00+07:00,2026-09-09T00:00:00+07:00,danny1,True
kabar-pelabuhan.example,Makassar,2016-03-07,12,0.135,0.168,-707,https://kabar-pelabuhan.example/fixture/metrik/2016-03-07,,2026-09-09,2026-09-09T00:00:00+07:00,2026-09-09T00:00:00+07:00,danny1,True
kabar-pelabuhan.example,Makassar,2016-03-14,22,0.127,0.088,-700,https://kabar-pelabuhan.example/fixture/metrik/2016-03-14,,2026-09-09,2026-09-09T00:00:00+07:00,2026-09-09T00:00:00+07:00,danny1,True
kabar-pelabuhan.example,Makassar,2016-03-21,28,0.141,0.156,-693,https://kabar-pelabuhan.example/fixture/metrik/2016-03-21,,2026-09-09,2026-09-09T00:00:00+07:00,2026-09-09T00:00:00+07:00,danny1,True
kabar-pelabuhan.example,Makassar,2016-03-28,17,0.134,0.199,-686,https://kabar-pelabuhan.example/fixture/metrik/2016-03-28,,2026-09-09,2026-09-09T00:00:00+07:00,2026-09-09T00:00:00+07:00,danny1,True
kabar-pelabuhan.example,Makassar,2016-04-04,32,0.097,0.177,-679,https://kabar-pelabuhan.example/fixture/metrik/2016-04-04,,2026-09-09,2026-09-09T00:00:00+07:00,2026-09-09T00:00:00+07:00,danny1,True
kabar-pelabuhan.example,Makassar,2016-04-11,16,0.137,0.172,-672,https://kabar-pelabuhan.example/fixture/metrik/2016-04-11,,2026-09-09,2026-09-09T00:00:00+07:00,2026-09-09T00:00:00+07:00,danny1,True
kabar-pelabuhan.example,Makassar,2016-04-18,20,0.195,0.152,-665,https://kabar-pelabuhan.example/fixture/metrik/2016-04-18,,2026-09-09,2026-09-09T00:00:00+07:00,2026-09-09T00:00:00+07:00,danny1,True
kabar-pelabuhan.example,Makassar,2016-04-25,17,0.177,0.202,-658,https://kabar-pelabuhan.example/fixture/metrik/2016-04-25,,2026-09-09,2026-09-09T00:00:00+07:00,2026-09-09T00:00:00+07:00,danny1,True
kabar-pelabuhan.example,Makassar,2016-05-02,22,0.134,0.144,-651,https://kabar-pelabuhan.example/fixture/metrik/2016-05-02,,2026-09-09,2026-09-09T00:00:00+07:00,2026-09-09T00:00:00+07:00,danny1,True
kabar-pelabuhan.example,Makassar,2016-05-09,22,0.131,0.154,-644,https://kabar-pelabuhan.example/fixture/metrik/2016-05-09,,2026-09-09,2026-09-09T00:00:00+07:00,2026-09-09T00:00:00+07:00,danny1,True
kabar-pelabuhan.example,Makassar,2016-05-16,29,0.177,0.191,-637,https://kabar-pelabuhan.example/fixture/metrik/2016-05-16,,2026-09-09,2026-09-09T00:00:00+07:00,2026-09-09T00:00:00+07:00,danny1,True
kabar-pelabuhan.example,Makassar,2016-05-23,27,0.13,0.214,-630,https://kabar-pelabuhan.example/fixture/metrik/2016-05-23,,2026-09-09,2026-09-09T00:00:00+07:00,2026-09-09T00:00:00+07:00,danny1,True
kabar-pelabuhan.example,Makassar,2016-05-30,15,0.133,0.277,-623,https://kabar-pelabuhan.example/fixture/metrik/2016-05-30,,2026-09-09,2026-09-09T00:00:00+07:00,2026-09-09T00:00:00+07:00,danny1,True
kabar-pelabuhan.example,Makassar,2016-06-06,18,0.129,0.174,-616,https://kabar-pelabuhan.example/fixture/metrik/2016-06-06,,2026-09-09,2026-09-09T00:00:00+07:00,2026-09-09T00:00:00+07:00,danny1,True
kabar-pelabuhan.example,Makassar,2016-06-13,24,0.179,0.205,-609,https://kabar-pelabuhan.example/fixture/metrik/2016-06-13,,2026-09-09,2026-09-09T00:00:00+07:00,2026-09-09T00:00:00+07:00,danny1,True
kabar-pelabuhan.example,Makassar,2016-06-20,30,0.127,0.265,-602,https://kabar-pelabuhan.example/fixture/metrik/2016-06-20,,2026-09-09,2026-09-09T00:00:00+07:00,2026-09-09T00:00:00+07:00,danny1,True
kabar-pelabuhan.example,Makassar,2016-06-27,17,0.159,0.187,-595,https://kabar-pelabuhan.example/fixture/metrik/2016-06-27,,2026-09-09,2026-09-09T00:00:00+07:00,2026-09-09T00:00:00+07:00,danny1,True
kabar-pelabuhan.example,Makassar,2016-07-04,11,0.191,0.208,-588,https://kabar-pelabuhan.example/fixture/metrik/2016-07-04,,2026-09-09,2026-09-09T00:00:00+07:00,2026-09-09T00:00:00+07:00,danny1,True
kabar-pelabuhan.example,Makassar,2016-07-11,23,0.182,0.201,-581,https://kabar-pelabuhan.example/fixture/metrik/2016-07-11,,2026-09-09,2026-09-09T00:00:00+07:00,2026-09-09T00:00:00+07:00,danny1,True
kabar-pelabuhan.example,Makassar,2016-07-18,26,0.176,0.175,-574,https://kabar-pelabuhan.example/fixture/metrik/2016-07-18,,2026-09-09,2026-09-09T00:00:00+07:00,2026-09-09T00:00:00+07:00,danny1,True
kabar-pelabuhan.example,Makassar,2016-07-25,12,0.13,0.175,-567,https://kabar-pelabuhan.example/fixture/metrik/2016-07-25,,2026-09-09,2026-09-09T00:00:00+07:00,2026-09-09T00:00:00+07:00,danny1,True
kabar-pelabuhan.example,Makassar,2016-08-01,29,0.143,0.187,-560,https://kabar-pelabuhan.example/fixture/metrik/2016-08-01,,2026-09-09,2026-09-09T00:00:00+07:00,2026-09-09T00:00:00+07:00,danny1,True
kabar-pelabuhan.example,Makassar,2016-08-08,18,0.123,0.124,-553,https://kabar-pelabuhan.example/fixture/metrik/2016-08-08,,2026-09-09,2026-09-09T00:00:00+07:00,2026-09-09T00:00:00+07:00,danny1,True
kabar-pelabuhan.example,Makassar,2016-08-15,27,0.151,0.129,-546,https://kabar-pelabuhan.example/fixture/metrik/2016-08-15,,2026-09-09,2026-09-09T00:00:00+07:00,2026-09-09T00:00:00+07:00,danny1,True
kabar-pelabuhan.example,Makassar,2016-08-22,27,0.164,0.19,-539,https://kabar-pelabuhan.example/fixture/metrik/2016-08-22,,2026-09-09,2026-09-09T00:00:00+07:00,2026-09-09T00:00:00+07:00,danny1,True
kabar-pelabuhan.example,Makassar,2016-08-29,32,0.176,0.157,-532,https://kabar-pelabuhan.example/fixture/metrik/2016-08-29,,2026-09-09,2026-09-09T00:00:00+07:00,2026-09-09T00:00:00+07:00,danny1,True
kabar-pelabuhan.example,Makassar,2016-09-05,22,0.159,0.173,-525,https://kabar-pelabuhan.example/fixture/metrik/2016-09-05,,2026-09-09,2026-09-09T00:00:00+07:00,2026-09-09T00:00:00+07:00,danny1,True
kabar-pelabuhan.example,Makassar,2016-09-12,17,0.156,0.098,-518,https://kabar-pelabuhan.example/fixture/metrik/2016-09-12,,2026-09-09,2026-09-09T00:00:00+07:00,2026-09-09T00:00:00+07:00,danny1,True
kabar-pelabuhan.example,Makassar,2016-09-19,25,0.17,0.125,-511,https://kabar-pelabuhan.example/fixture/metrik/2016-09-19,,2026-09-09,2026-09-09T00:00:00+07:00,2026-09-09T00:00:00+07:00,danny1,True
kabar-pelabuhan.example,Makassar,2016-09-26,3,0.153,0.232,-504,https://kabar-pelabuhan.example/fixture/metrik/2016-09-26,,2026-09-09,2026-09-09T00:00:00+07:00,2026-09-09T00:00:00+07:00,danny1,True
kabar-pelabuhan.example,Makassar,2016-10-03,12,0.125,0.24,-497,https://kabar-pelabuhan.example/fixture/metrik/2016-10-03,,2026-09-09,2026-09-09T00:00:00+07:00,2026-09-09T00:00:00+07:00,danny1,True
kabar-pelabuhan.example,Makassar,2016-10-10,26,0.096,0.153,-490,https://kabar-pelabuhan.example/fixture/metrik/2016-10-10,,2026-09-09,2026-09-09T00:00:00+07:00,2026-09-09T00:00:00+07:00,danny1,True
kabar-pelabuhan.example,Makassar,2016-10-17,21,0.163,0.152,-483,https://kabar-pelabuhan.example/fixture/metrik/2016-10-17,,2026-09-09,2026-09-09T00:00:00+07:00,2026-09-09T00:00:00+07:00,danny1,True
kabar-pelabuhan.example,Makassar,2016-10-24,14,0.104,0.175,-476,https://kabar-pelabuhan.example/fixture/metrik/2016-10-24,,2026-09-09,2026-09-09T00:00:00+07:00,2026-09-09T00:00:00+07:00,danny1,True
kabar-pelabuhan.example,Makassar,2016-10-31,17,0.14,0.242,-469,https://kabar-pelabuhan.example/fixture/metrik/2016-10-31,,2026-09-09,2026-09-09T00:00:00+07:00,2026-09-09T00:00:00+07:00,danny1,True
kabar-pelabuhan.example,Makassar,2016-11-07,35,0.236,0.147,-462,https://kabar-pelabuhan.example/fixture/metrik/2016-11-07,,2026-09-09,2026-09-09T00:00:00+07:00,2026-09-09T00:00:00+07:00,danny1,True
kabar-pelabuhan.example,Makassar,2016-11-14,16,0.13,0.194,-455,https://kabar-pelabuhan.example/fixture/metrik/2016-11-14,,2026-09-09,2026-09-09T00:00:00+07:00,2026-09-09T00:00:00+07:00,danny1,True
kabar-pelabuhan.example,Makassar,2016-11-21,12,0.154,0.174,-448,https://kabar-pelabuhan.example/fixture/metrik/2016-11-21,,2026-09-09,2026-09-09T00:00:00+07:00,2026-09-09T00:00:00+07:00,danny1,True
kabar-pelabuhan.example,Makassar,2016-11-28,11,0.157,0.141,-441,https://kabar-pelabuhan.example/fixture/metrik/2016-11-28,,2026-09-09,2026-09-09T00:00:00+07:00,2026-09-09T00:00:00+07:00,danny1,True
kabar-pelabuhan.example,Makassar,2016-12-05,22,0.145,0.273,-434,https://kabar-pelabuhan.example/fixture/metrik/2016-12-05,,2026-09-09,2026-09-09T00:00:00+07:00,2026-09-09T00:00:00+07:00,danny1,True
kabar-pelabuhan.example,Makassar,2016-12-12,17,0.134,0.214,-427,https://kabar-pelabuhan.example/fixture/metrik/2016-12-12,,2026-09-09,2026-09-09T00:00:00+07:00,2026-09-09T00:00:00+07:00,danny1,True
kabar-pelabuhan.example,Makassar,2016-12-19,28,0.152,0.104,-420,https://kabar-pelabuhan.example/fixture/metrik/2016-12-19,,2026-09-09,2026-09-09T00:00:00+07:00,2026-09-09T00:00:00+07:00,danny1,True
kabar-pelabuhan.example,Makassar,2016-12-26,16,0.138,0.276,-413,https://kabar-pelabuhan.example/fixture/metrik/2016-12-26,,2026-09-09,2026-09-09T00:00:00+07:00,2026-09-09T00:00:00+07:00,danny1,True
kabar-pelabuhan.example,Makassar,2017-01-02,24,0.168,0.19,-406,https://kabar-pelabuhan.example/fixture/metrik/2017-01-02,,2026-09-09,2026-09-09T00:00:00+07:00,2026-09-09T00:00:00+07:00,danny1,True
kabar-pelabuhan.example,Makassar,2017-01-09,14,0.197,0.177,-399,https://kabar-pelabuhan.example/fixture/metrik/2017-01-09,,2026-09-09,2026-09-09T00:00:00+07:00,2026-09-09T00:00:00+07:00,danny1,True
kabar-pelabuhan.example,Makassar,2017-01-16,25,0.151,0.226,-392,https://kabar-pelabuhan.example/fixture/metrik/2017-01-16,,2026-09-09,2026-09-09T00:00:00+07:00,2026-09-09T00:00:00+07:00,danny1,True
kabar-pelabuhan.example,Makassar,2017-01-23,32,0.196,0.137,-385,https://kabar-pelabuhan.example/fixture/metrik/2017-01-23,,2026-09-09,2026-09-09T00:00:00+07:00,2026-09-09T00:00:00+07:00,danny1,True
kabar-pelabuhan.example,Makassar,2017-01-30,22,0.16,0.185,-378,https://kabar-pelabuhan.example/fixture/metrik/2017-01-30,,2026-09-09,2026-09-09T00:00:00+07:00,2026-09-09T00:00:00+07:00,danny1,True
kabar-pelabuhan.example,Makassar,2017-02-06,26,0.172,0.211,-371,https://kabar-pelabuhan.example/fixture/metrik/2017-02-06,,2026-09-09,2026-09-09T00:00:00+07:00,2026-09-09T00:00:00+07:00,danny1,True
kabar-pelabuhan.example,Makassar,2017-02-13,29,0.125,0.116,-364,https://kabar-pelabuhan.example/fixture/metrik/2017-02-13,,2026-09-09,2026-09-09T00:00:00+07:00,2026-09-09T00:00:00+07:00,danny1,True
kabar-pelabuhan.example,Makassar,2017-02-20,18,0.132,0.167,-357,https://kabar-pelabuhan.example/fixture/metrik/2017-02-20,,2026-09-09,2026-09-09T00:00:00+07:00,2026-09-09T00:00:00+07:00,danny1,True
kabar-pelabuhan.example,Makassar,2017-02-27,13,0.158,0.193,-350,https://kabar-pelabuhan.example/fixture/metrik/2017-02-27,,2026-09-09,2026-09-09T00:00:00+07:00,2026-09-09T00:00:00+07:00,danny1,True
kabar-pelabuhan.example,Makassar,2017-03-06,27,0.146,0.142,-343,https://kabar-pelabuhan.example/fixture/metrik/2017-03-06,,2026-09-09,2026-09-09T00:00:00+07:00,2026-09-09T00:00:00+07:00,danny1,True
kabar-pelabuhan.example,Makassar,2017-03-13,15,0.182,0.101,-336,https://kabar-pelabuhan.example/fixture/metrik/2017-03-13,,2026-09-09,2026-09-09T00:00:00+07:00,2026-09-09T00:00:00+07:00,danny1,True
kabar-pelabuhan.example,Makassar,2017-03-20,24,0.091,0.096,-329,https://kabar-pelabuhan.example/fixture/metrik/2017-03-20,,2026-09-09,2026-09-09T00:00:00+07:00,2026-09-09T00:00:00+07:00,danny1,True
kabar-pelabuhan.example,Makassar,2017-03-27,29,0.092,0.08,-322,https://kabar-pelabuhan.example/fixture/metrik/2017-03-27,,2026-09-09,2026-09-09T00:00:00+07:00,2026-09-09T00:00:00+07:00,danny1,True
kabar-pelabuhan.example,Makassar,2017-04-03,28,0.184,0.153,-315,https://kabar-pelabuhan.example/fixture/metrik/2017-04-03,,2026-09-09,2026-09-09T00:00:00+07:00,2026-09-09T00:00:00+07:00,danny1,True
kabar-pelabuhan.example,Makassar,2017-04-10,40,0.135,0.152,-308,https://kabar-pelabuhan.example/fixture/metrik/2017-04-10,,2026-09-09,2026-09-09T00:00:00+07:00,2026-09-09T00:00:00+07:00,danny1,True
kabar-pelabuhan.example,Makassar,2017-04-17,29,0.136,0.21,-301,https://kabar-pelabuhan.example/fixture/metrik/2017-04-17,,2026-09-09,2026-09-09T00:00:00+07:00,2026-09-09T00:00:00+07:00,danny1,True
kabar-pelabuhan.example,Makassar,2017-04-24,21,0.181,0.148,-294,https://kabar-pelabuhan.example/fixture/metrik/2017-04-24,,2026-09-09,2026-09-09T00:00:00+07:00,2026-09-09T00:00:00+07:00,danny1,True
kabar-pelabuhan.example,Makassar,2017-05-01,18,0.104,0.192,-287,https://kabar-pelabuhan.example/fixture/metrik/2017-05-01,,2026-09-09,2026-09-09T00:00:00+07:00,2026-09-09T00:00:00+07:00,danny1,True
kabar-pelabuhan.example,Makassar,2017-05-08,6,0.22,0.142,-280,https://kabar-pelabuhan.example/fixture/metrik/2017-05-08,,2026-09-09,2026-09-09T00:00:00+07:00,2026-09-09T00:00:00+07:00,danny1,True
kabar-pelabuhan.example,Makassar,2017-05-15,27,0.094,0.257,-273,https://kabar-pelabuhan.example/fixture/metrik/2017-05-15,,2026-09-09,2026-09-09T00:00:00+07:00,2026-09-09T00:00:00+07:00,danny1,True
kabar-pelabuhan.example,Makassar,2017-05-22,13,0.141,0.209,-266,https://kabar-pelabuhan.example/fixture/metrik/2017-05-22,,2026-09-09,2026-09-09T00:00:00+07:00,2026-09-09T00:00:00+07:00,danny1,True
kabar-pelabuhan.example,Makassar,2017-05-29,20,0.151,0.178,-259,https://kabar-pelabuhan.example/fixture/metrik/2017-05-29,,2026-09-09,2026-09-09T00:00:00+07:00,2026-09-09T00:00:00+07:00,danny1,True
kabar-pelabuhan.example,Makassar,2017-06-05,30,0.097,0.231,-252,https://kabar-pelabuhan.example/fixture/metrik/2017-06-05,,2026-09-09,2026-09-09T00:00:00+07:00,2026-09-09T00:00:00+07:00,danny1,True
kabar-pelabuhan.example,Makassar,2017-06-12,25,0.156,0.128,-245,https://kabar-pelabuhan.example/fixture/metrik/2017-06-12,,2026-09-09,2026-09-09T00:00:00+07:00,2026-09-09T00:00:00+07:00,danny1,True
kabar-pelabuhan.example,Makassar,2017-06-19,20,0.132,0.216,-238,https://kabar-pelabuhan.example/fixture/metrik/2017-06-19,,2026-09-09,2026-09-09T00:00:00+07:00,2026-09-09T00:00:00+07:00,danny1,True
kabar-pelabuhan.example,Makassar,2017-06-26,24,0.099,0.168,-231,https://kabar-pelabuhan.example/fixture/metrik/2017-06-26,,2026-09-09,2026-09-09T00:00:00+07:00,2026-09-09T00:00:00+07:00,danny1,True
kabar-pelabuhan.example,Makassar,2017-07-03,22,0.137,0.154,-224,https://kabar-pelabuhan.example/fixture/metrik/2017-07-03,,2026-09-09,2026-09-09T00:00:00+07:00,2026-09-09T00:00:00+07:00,danny1,True
kabar-pelabuhan.example,Makassar,2017-07-10,25,0.129,0.212,-217,https://kabar-pelabuhan.example/fixture/metrik/2017-07-10,,2026-09-09,2026-09-09T00:00:00+07:00,2026-09-09T00:00:00+07:00,danny1,True
kabar-pelabuhan.example,Makassar,2017-07-17,15,0.151,0.137,-210,https://kabar-pelabuhan.example/fixture/metrik/2017-07-17,,2026-09-09,2026-09-09T00:00:00+07:00,2026-09-09T00:00:00+07:00,danny1,True
kabar-pelabuhan.example,Makassar,2017-07-24,21,0.146,0.145,-203,https://kabar-pelabuhan.example/fixture/metrik/2017-07-24,,2026-09-09,2026-09-09T00:00:00+07:00,2026-09-09T00:00:00+07:00,danny1,True
kabar-pelabuhan.example,Makassar,2017-07-31,5,0.136,0.15,-196,https://kabar-pelabuhan.example/fixture/metrik/2017-07-31,,2026-09-09,2026-09-09T00:00:00+07:00,2026-09-09T00:00:00+07:00,danny1,True
kabar-pelabuhan.example,Makassar,2017-08-07,22,0.145,0.228,-189,https://kabar-pelabuhan.example/fixture/metrik/2017-08-07,,2026-09-09,2026-09-09T00:00:00+07:00,2026-09-09T00:00:00+07:00,danny1,True
kabar-pelabuhan.example,Makassar,2017-08-14,14,0.152,0.234,-182,https://kabar-pelabuhan.example/fixture/metrik/2017-08-14,,2026-09-09,2026-09-09T00:00:00+07:00,2026-09-09T00:00:00+07:00,danny1,True
kabar-pelabuhan.example,Makassar,2017-08-21,20,0.148,0.23,-175,https://kabar-pelabuhan.example/fixture/metrik/2017-08-21,,2026-09-09,2026-09-09T00:00:00+07:00,2026-09-09T00:00:00+07:00,danny1,True
kabar-pelabuhan.example,Makassar,2017-08-28,32,0.147,0.199,-168,https://kabar-pelabuhan.example/fixture/metrik/2017-08-28,,2026-09-09,2026-09-09T00:00:00+07:00,2026-09-09T00:00:00+07:00,danny1,True
kabar-pelabuhan.example,Makassar,2017-09-04,18,0.229,0.111,-161,https://kabar-pelabuhan.example/fixture/metrik/2017-09-04,,2026-09-09,2026-09-09T00:00:00+07:00,2026-09-09T00:00:00+07:00,danny1,True
kabar-pelabuhan.example,Makassar,2017-09-11,11,0.208,0.126,-154,https://kabar-pelabuhan.example/fixture/metrik/2017-09-11,,2026-09-09,2026-09-09T00:00:00+07:00,2026-09-09T00:00:00+07:00,danny1,True
kabar-pelabuhan.example,Makassar,2017-09-18,15,0.164,0.251,-147,https://kabar-pelabuhan.example/fixture/metrik/2017-09-18,,2026-09-09,2026-09-09T00:00:00+07:00,2026-09-09T00:00:00+07:00,danny1,True
kabar-pelabuhan.example,Makassar,2017-09-25,28,0.207,0.157,-140,https://kabar-pelabuhan.example/fixture/metrik/2017-09-25,,2026-09-09,2026-09-09T00:00:00+07:00,2026-09-09T00:00:00+07:00,danny1,True
kabar-pelabuhan.example,Makassar,2017-10-02,20,0.205,0.162,-133,https://kabar-pelabuhan.example/fixture/metrik/2017-10-02,,2026-09-09,2026-09-09T00:00:00+07:00,2026-09-09T00:00:00+07:00,danny1,True
kabar-pelabuhan.example,Makassar,2017-10-09,25,0.199,0.126,-126,https://kabar-pelabuhan.example/fixture/metrik/2017-10-09,,2026-09-09,2026-09-09T00:00:00+07:00,2026-09-09T00:00:00+07:00,danny1,True
kabar-pelabuhan.example,Makassar,2017-10-16,17,0.222,0.131,-119,https://kabar-pelabuhan.example/fixture/metrik/2017-10-16,,2026-09-09,2026-09-09T00:00:00+07:00,2026-09-09T00:00:00+07:00,danny1,True
kabar-pelabuhan.example,Makassar,2017-10-23,28,0.203,0.238,-112,https://kabar-pelabuhan.example/fixture/metrik/2017-10-23,,2026-09-09,2026-09-09T00:00:00+07:00,2026-09-09T00:00:00+07:00,danny1,True
kabar-pelabuhan.example,Makassar,2017-10-30,32,0.187,0.197,-105,https://kabar-pelabuhan.example/fixture/metrik/2017-10-30,,2026-09-09,2026-09-09T00:00:00+07:00,2026-09-09T00:00:00+07:00,danny1,True
kabar-pelabuhan.example,Makassar,2017-11-06,23,0.191,0.174,-98,https://kabar-pelabuhan.example/fixture/metrik/2017-11-06,,2026-09-09,2026-09-09T00:00:00+07:00,2026-09-09T00:00:00+07:00,danny1,True
kabar-pelabuhan.example,Makassar,2017-11-13,18,0.302,0.188,-91,https://kabar-pelabuhan.example/fixture/metrik/2017-11-13,,2026-09-09,2026-09-09T00:00:00+07:00,2026-09-09T00:00:00+07:00,danny1,True
kabar-pelabuhan.example,Makassar,2017-11-20,19,0.18,0.191,-84,https://kabar-pelabuhan.example/fixture/metrik/2017-11-20,,2026-09-09,2026-09-09T00:00:00+07:00,2026-09-09T00:00:00+07:00,danny1,True
kabar-pelabuhan.example,Makassar,2017-11-27,6,0.288,0.175,-77,https://kabar-pelabuhan.example/fixture/metrik/2017-11-27,,2026-09-09,2026-09-09T00:00:00+07:00,2026-09-09T00:00:00+07:00,danny1,True
kabar-pelabuhan.example,Makassar,2017-12-04,27,0.25,0.226,-70,https://kabar-pelabuhan.example/fixture/metrik/2017-12-04,,2026-09-09,2026-09-09T00:00:00+07:00,2026-09-09T00:00:00+07:00,danny1,True
kabar-pelabuhan.example,Makassar,2017-12-11,15,0.25,0.252,-63,https://kabar-pelabuhan.example/fixture/metrik/2017-12-11,,2026-09-09,2026-09-09T00:00:00+07:00,2026-09-09T00:00:00+07:00,danny1,True
kabar-pelabuhan.example,Makassar,2017-12-18,22,0.263,0.131,-56,https://kabar-pelabuhan.example/fixture/metrik/2017-12-18,,2026-09-09,2026-09-09T00:00:00+07:00,2026-09-09T00:00:00+07:00,danny1,True
kabar-pelabuhan.example,Makassar,2017-12-25,9,0.214,0.149,-49,https://kabar-pelabuhan.example/fixture/metrik/2017-12-25,,2026-09-09,2026-09-09T00:00:00+07:00,2026-09-09T00:00:00+07:00,danny1,True
kabar-pelabuhan.example,Makassar,2018-01-01,11,0.367,0.192,-42,https://kabar-pelabuhan.example/fixture/metrik/2018-01-01,,2026-09-09,2026-09-09T00:00:00+07:00,2026-09-09T00:00:00+07:00,danny1,True
kabar-pelabuhan.example,Makassar,2018-01-08,20,0.311,0.18,-35,https://kabar-pelabuhan.example/fixture/metrik/2018-01-08,,2026-09-09,2026-09-09T00:00:00+07:00,2026-09-09T00:00:00+07:00,danny1,True
kabar-pelabuhan.example,Makassar,2018-01-15,16,0.259,0.143,-28,https://kabar-pelabuhan.example/fixture/metrik/2018-01-15,,2026-09-09,2026-09-09T00:00:00+07:00,2026-09-09T00:00:00+07:00,danny1,True
kabar-pelabuhan.example,Makassar,2018-01-22,26,0.297,0.126,-21,https://kabar-pelabuhan.example/fixture/metrik/2018-01-22,,2026-09-09,2026-09-09T00:00:00+07:00,2026-09-09T00:00:00+07:00,danny1,True
kabar-pelabuhan.example,Makassar,2018-01-29,31,0.329,0.172,-14,https://kabar-pelabuhan.example/fixture/metrik/2018-01-29,,2026-09-09,2026-09-09T00:00:00+07:00,2026-09-09T00:00:00+07:00,danny1,True
kabar-pelabuhan.example,Makassar,2018-02-05,18,0.221,0.132,-7,https://kabar-pelabuhan.example/fixture/metrik/2018-02-05,,2026-09-09,2026-09-09T00:00:00+07:00,2026-09-09T00:00:00+07:00,danny1,True
kabar-pelabuhan.example,Makassar,2018-02-12,14,0.201,0.229,0,https://kabar-pelabuhan.example/fixture/metrik/2018-02-12,,2026-09-09,2026-09-09T00:00:00+07:00,2026-09-09T00:00:00+07:00,danny1,True
kabar-pelabuhan.example,Makassar,2018-02-19,16,0.272,0.212,7,https://kabar-pelabuhan.example/fixture/metrik/2018-02-19,,2026-09-09,2026-09-09T00:00:00+07:00,2026-09-09T00:00:00+07:00,danny1,True
kabar-pelabuhan.example,Makassar,2018-02-26,19,0.223,0.168,14,https://kabar-pelabuhan.example/fixture/metrik/2018-02-26,,2026-09-09,2026-09-09T00:00:00+07:00,2026-09-09T00:00:00+07:00,danny1,True
kabar-pelabuhan.example,Makassar,2018-03-05,31,0.145,0.215,21,https://kabar-pelabuhan.example/fixture/metrik/2018-03-05,,2026-09-09,2026-09-09T00:00:00+07:00,2026-09-09T00:00:00+07:00,danny1,True
kabar-pelabuhan.example,Makassar,2018-03-12,11,0.158,0.147,28,https://kabar-pelabuhan.example/fixture/metrik/2018-03-12,,2026-09-09,2026-09-09T00:00:00+07:00,2026-09-09T00:00:00+07:00,danny1,True
kabar-pelabuhan.example,Makassar,2018-03-19,18,0.092,0.269,35,https://kabar-pelabuhan.example/fixture/metrik/2018-03-19,,2026-09-09,2026-09-09T00:00:00+07:00,2026-09-09T00:00:00+07:00,danny1,True
kabar-pelabuhan.example,Makassar,2018-03-26,22,0.271,0.258,42,https://kabar-pelabuhan.example/fixture/metrik/2018-03-26,,2026-09-09,2026-09-09T00:00:00+07:00,2026-09-09T00:00:00+07:00,danny1,True
kabar-pelabuhan.example,Makassar,2018-04-02,14,0.149,0.168,49,https://kabar-pelabuhan.example/fixture/metrik/2018-04-02,,2026-09-09,2026-09-09T00:00:00+07:00,2026-09-09T00:00:00+07:00,danny1,True
kabar-pelabuhan.example,Makassar,2018-04-09,25,0.157,0.181,56,https://kabar-pelabuhan.example/fixture/metrik/2018-04-09,,2026-09-09,2026-09-09T00:00:00+07:00,2026-09-09T00:00:00+07:00,danny1,True
kabar-pelabuhan.example,Makassar,2018-04-16,16,0.14,0.242,63,https://kabar-pelabuhan.example/fixture/metrik/2018-04-16,,2026-09-09,2026-09-09T00:00:00+07:00,2026-09-09T00:00:00+07:00,danny1,True
kabar-pelabuhan.example,Makassar,2018-04-23,23,0.032,0.199,70,https://kabar-pelabuhan.example/fixture/metrik/2018-04-23,,2026-09-09,2026-09-09T00:00:00+07:00,2026-09-09T00:00:00+07:00,danny1,True
kabar-pelabuhan.example,Makassar,2018-04-30,24,0.128,0.187,77,https://kabar-pelabuhan.example/fixture/metrik/2018-04-30,,2026-09-09,2026-09-09T00:00:00+07:00,2026-09-09T00:00:00+07:00,danny1,True
kabar-pelabuhan.example,Makassar,2018-05-07,14,0.06,0.203,84,https://kabar-pelabuhan.example/fixture/metrik/2018-05-07,,2026-09-09,2026-09-09T00:00:00+07:00,2026-09-09T00:00:00+07:00,danny1,True
kabar-pelabuhan.example,Makassar,2018-05-14,21,0.064,0.151,91,https://kabar-pelabuhan.example/fixture/metrik/2018-05-14,,2026-09-09,2026-09-09T00:00:00+07:00,2026-09-09T00:00:00+07:00,danny1,True
kabar-pelabuhan.example,Makassar,2018-05-21,21,0.123,0.153,98,https://kabar-pelabuhan.example/fixture/metrik/2018-05-21,,2026-09-09,2026-09-09T00:00:00+07:00,2026-09-09T00:00:00+07:00,danny1,True
kabar-pelabuhan.example,Makassar,2018-05-28,19,0.055,0.163,105,https://kabar-pelabuhan.example/fixture/metrik/2018-05-28,,2026-09-09,2026-09-09T00:00:00+07:00,2026-09-09T00:00:00+07:00,danny1,True
kabar-pelabuhan.example,Makassar,2018-06-04,25,0.06,0.078,112,https://kabar-pelabuhan.example/fixture/metrik/2018-06-04,,2026-09-09,2026-09-09T00:00:00+07:00,2026-09-09T00:00:00+07:00,danny1,True
kabar-pelabuhan.example,Makassar,2018-06-11,17,0.032,0.11,119,https://kabar-pelabuhan.example/fixture/metrik/2018-06-11,,2026-09-09,2026-09-09T00:00:00+07:00,2026-09-09T00:00:00+07:00,danny1,True
kabar-pelabuhan.example,Makassar,2018-06-18,25,0.127,0.151,126,https://kabar-pelabuhan.example/fixture/metrik/2018-06-18,,2026-09-09,2026-09-09T00:00:00+07:00,2026-09-09T00:00:00+07:00,danny1,True
kabar-pelabuhan.example,Makassar,2018-06-25,12,0.04,0.101,133,https://kabar-pelabuhan.example/fixture/metrik/2018-06-25,,2026-09-09,2026-09-09T00:00:00+07:00,2026-09-09T00:00:00+07:00,danny1,True
kabar-pelabuhan.example,Makassar,2018-07-02,32,0.086,0.122,140,https://kabar-pelabuhan.example/fixture/metrik/2018-07-02,,2026-09-09,2026-09-09T00:00:00+07:00,2026-09-09T00:00:00+07:00,danny1,True
kabar-pelabuhan.example,Makassar,2018-07-09,29,0.091,0.159,147,https://kabar-pelabuhan.example/fixture/metrik/2018-07-09,,2026-09-09,2026-09-09T00:00:00+07:00,2026-09-09T00:00:00+07:00,danny1,True
kabar-pelabuhan.example,Makassar,2018-07-16,18,0.115,0.09,154,https://kabar-pelabuhan.example/fixture/metrik/2018-07-16,,2026-09-09,2026-09-09T00:00:00+07:00,2026-09-09T00:00:00+07:00,danny1,True
kabar-pelabuhan.example,Makassar,2018-07-23,32,0.164,0.203,161,https://kabar-pelabuhan.example/fixture/metrik/2018-07-23,,2026-09-09,2026-09-09T00:00:00+07:00,2026-09-09T00:00:00+07:00,danny1,True
kabar-pelabuhan.example,Makassar,2018-07-30,18,0.194,0.212,168,https://kabar-pelabuhan.example/fixture/metrik/2018-07-30,,2026-09-09,2026-09-09T00:00:00+07:00,2026-09-09T00:00:00+07:00,danny1,True
kabar-pelabuhan.example,Makassar,2018-08-06,30,0.126,0.161,175,https://kabar-pelabuhan.example/fixture/metrik/2018-08-06,,2026-09-09,2026-09-09T00:00:00+07:00,2026-09-09T00:00:00+07:00,danny1,True
kabar-pelabuhan.example,Makassar,2018-08-13,22,0.213,0.244,182,https://kabar-pelabuhan.example/fixture/metrik/2018-08-13,,2026-09-09,2026-09-09T00:00:00+07:00,2026-09-09T00:00:00+07:00,danny1,True
kabar-pelabuhan.example,Makassar,2018-08-20,30,0.143,0.154,189,https://kabar-pelabuhan.example/fixture/metrik/2018-08-20,,2026-09-09,2026-09-09T00:00:00+07:00,2026-09-09T00:00:00+07:00,danny1,True
kabar-pelabuhan.example,Makassar,2018-08-27,30,0.175,0.188,196,https://kabar-pelabuhan.example/fixture/metrik/2018-08-27,,2026-09-09,2026-09-09T00:00:00+07:00,2026-09-09T00:00:00+07:00,danny1,True
kabar-pelabuhan.example,Makassar,2018-09-03,19,0.133,0.2,203,https://kabar-pelabuhan.example/fixture/metrik/2018-09-03,,2026-09-09,2026-09-09T00:00:00+07:00,2026-09-09T00:00:00+07:00,danny1,True
kabar-pelabuhan.example,Makassar,2018-09-10,27,0.117,0.281,210,https://kabar-pelabuhan.example/fixture/metrik/2018-09-10,,2026-09-09,2026-09-09T00:00:00+07:00,2026-09-09T00:00:00+07:00,danny1,True
kabar-pelabuhan.example,Makassar,2018-09-17,22,0.153,0.225,217,https://kabar-pelabuhan.example/fixture/metrik/2018-09-17,,2026-09-09,2026-09-09T00:00:00+07:00,2026-09-09T00:00:00+07:00,danny1,True
kabar-pelabuhan.example,Makassar,2018-09-24,15,0.139,0.251,224,https://kabar-pelabuhan.example/fixture/metrik/2018-09-24,,2026-09-09,2026-09-09T00:00:00+07:00,2026-09-09T00:00:00+07:00,danny1,True
kabar-pelabuhan.example,Makassar,2018-10-01,17,0.174,0.245,231,https://kabar-pelabuhan.example/fixture/metrik/2018-10-01,,2026-09-09,2026-09-09T00:00:00+07:00,2026-09-09T00:00:00+07:00,danny1,True
kabar-pelabuhan.example,Makassar,2018-10-08,17,0.173,0.21,238,https://kabar-pelabuhan.example/fixture/metrik/2018-10-08,,2026-09-09,2026-09-09T00:00:00+07:00,2026-09-09T00:00:00+07:00,danny1,True
kabar-pelabuhan.example,Makassar,2018-10-15,31,0.114,0.29,245,https://kabar-pelabuhan.example/fixture/metrik/2018-10-15,,2026-09-09,2026-09-09T00:00:00+07:00,2026-09-09T00:00:00+07:00,danny1,True
kabar-pelabuhan.example,Makassar,2018-10-22,27,0.162,0.196,252,https://kabar-pelabuhan.example/fixture/metrik/2018-10-22,,2026-09-09,2026-09-09T00:00:00+07:00,2026-09-09T00:00:00+07:00,danny1,True
kabar-pelabuhan.example,Makassar,2018-10-29,21,0.156,0.178,259,https://kabar-pelabuhan.example/fixture/metrik/2018-10-29,,2026-09-09,2026-09-09T00:00:00+07:00,2026-09-09T00:00:00+07:00,danny1,True
kabar-pelabuhan.example,Makassar,2018-11-05,19,0.193,0.161,266,https://kabar-pelabuhan.example/fixture/metrik/2018-11-05,,2026-09-09,2026-09-09T00:00:00+07:00,2026-09-09T00:00:00+07:00,danny1,True
kabar-pelabuhan.example,Makassar,2018-11-12,13,0.164,0.195,273,https://kabar-pelabuhan.example/fixture/metrik/2018-11-12,,2026-09-09,2026-09-09T00:00:00+07:00,2026-09-09T00:00:00+07:00,danny1,True
kabar-pelabuhan.example,Makassar,2018-11-19,15,0.119,0.118,280,https://kabar-pelabuhan.example/fixture/metrik/2018-11-19,,2026-09-09,2026-09-09T00:00:00+07:00,2026-09-09T00:00:00+07:00,danny1,True
kabar-pelabuhan.example,Makassar,2018-11-26,27,0.153,0.177,287,https://kabar-pelabuhan.example/fixture/metrik/2018-11-26,,2026-09-09,2026-09-09T00:00:00+07:00,2026-09-09T00:00:00+07:00,danny1,True
kabar-pelabuhan.example,Makassar,2018-12-03,30,0.164,0.2,294,https://kabar-pelabuhan.example/fixture/metrik/2018-12-03,,2026-09-09,2026-09-09T00:00:00+07:00,2026-09-09T00:00:00+07:00,danny1,True
kabar-pelabuhan.example,Makassar,2018-12-10,23,0.149,0.107,301,https://kabar-pelabuhan.example/fixture/metrik/2018-12-10,,2026-09-09,2026-09-09T00:00:00+07:00,2026-09-09T00:00:00+07:00,danny1,True
kabar-pelabuhan.example,Makassar,2018-12-17,23,0.098,0.168,308,https://kabar-pelabuhan.example/fixture/metrik/2018-12-17,,2026-09-09,2026-09-09T00:00:00+07:00,2026-09-09T00:00:00+07:00,danny1,True
kabar-pelabuhan.example,Makassar,2018-12-24,22,0.169,0.202,315,https://kabar-pelabuhan.example/fixture/metrik/2018-12-24,,2026-09-09,2026-09-09T00:00:00+07:00,2026-09-09T00:00:00+07:00,danny1,True
kabar-pelabuhan.example,Makassar,2018-12-31,5,0.164,0.147,322,https://kabar-pelabuhan.example/fixture/metrik/2018-12-31,,2026-09-09,2026-09-09T00:00:00+07:00,2026-09-09T00:00:00+07:00,danny1,True
kabar-pelabuhan.example,Makassar,2019-01-07,16,0.188,0.144,329,https://kabar-pelabuhan.example/fixture/metrik/2019-01-07,,2026-09-09,2026-09-09T00:00:00+07:00,2026-09-09T00:00:00+07:00,danny1,True
kabar-pelabuhan.example,Makassar,2019-01-14,27,0.11,0.19,336,https://kabar-pelabuhan.example/fixture/metrik/2019-01-14,,2026-09-09,2026-09-09T00:00:00+07:00,2026-09-09T00:00:00+07:00,danny1,True
kabar-pelabuhan.example,Makassar,2019-01-21,11,0.113,0.166,343,https://kabar-pelabuhan.example/fixture/metrik/2019-01-21,,2026-09-09,2026-09-09T00:00:00+07:00,2026-09-09T00:00:00+07:00,danny1,True
kabar-pelabuhan.example,Makassar,2019-01-28,43,0.195,0.097,350,https://kabar-pelabuhan.example/fixture/metrik/2019-01-28,,2026-09-09,2026-09-09T00:00:00+07:00,2026-09-09T00:00:00+07:00,danny1,True
kabar-pelabuhan.example,Makassar,2019-02-04,19,0.088,0.127,357,https://kabar-pelabuhan.example/fixture/metrik/2019-02-04,,2026-09-09,2026-09-09T00:00:00+07:00,2026-09-09T00:00:00+07:00,danny1,True
kabar-pelabuhan.example,Makassar,2019-02-11,27,0.118,0.146,364,https://kabar-pelabuhan.example/fixture/metrik/2019-02-11,,2026-09-09,2026-09-09T00:00:00+07:00,2026-09-09T00:00:00+07:00,danny1,True
kabar-pelabuhan.example,Makassar,2019-02-18,3,0.141,0.112,371,https://kabar-pelabuhan.example/fixture/metrik/2019-02-18,,2026-09-09,2026-09-09T00:00:00+07:00,2026-09-09T00:00:00+07:00,danny1,True
kabar-pelabuhan.example,Makassar,2019-02-25,27,0.142,0.132,378,https://kabar-pelabuhan.example/fixture/metrik/2019-02-25,,2026-09-09,2026-09-09T00:00:00+07:00,2026-09-09T00:00:00+07:00,danny1,True
kabar-pelabuhan.example,Makassar,2019-03-04,35,0.159,0.177,385,https://kabar-pelabuhan.example/fixture/metrik/2019-03-04,,2026-09-09,2026-09-09T00:00:00+07:00,2026-09-09T00:00:00+07:00,danny1,True
kabar-pelabuhan.example,Makassar,2019-03-11,17,0.166,0.137,392,https://kabar-pelabuhan.example/fixture/metrik/2019-03-11,,2026-09-09,2026-09-09T00:00:00+07:00,2026-09-09T00:00:00+07:00,danny1,True
kabar-pelabuhan.example,Makassar,2019-03-18,16,0.162,0.2,399,https://kabar-pelabuhan.example/fixture/metrik/2019-03-18,,2026-09-09,2026-09-09T00:00:00+07:00,2026-09-09T00:00:00+07:00,danny1,True
kabar-pelabuhan.example,Makassar,2019-03-25,26,0.177,0.3,406,https://kabar-pelabuhan.example/fixture/metrik/2019-03-25,,2026-09-09,2026-09-09T00:00:00+07:00,2026-09-09T00:00:00+07:00,danny1,True
kabar-pelabuhan.example,Makassar,2019-04-01,22,0.183,0.235,413,https://kabar-pelabuhan.example/fixture/metrik/2019-04-01,,2026-09-09,2026-09-09T00:00:00+07:00,2026-09-09T00:00:00+07:00,danny1,True
kabar-pelabuhan.example,Makassar,2019-04-08,23,0.133,0.145,420,https://kabar-pelabuhan.example/fixture/metrik/2019-04-08,,2026-09-09,2026-09-09T00:00:00+07:00,2026-09-09T00:00:00+07:00,danny1,True
kabar-pelabuhan.example,Makassar,2019-04-15,32,0.125,0.113,427,https://kabar-pelabuhan.example/fixture/metrik/2019-04-15,,2026-09-09,2026-09-09T00:00:00+07:00,2026-09-09T00:00:00+07:00,danny1,True
kabar-pelabuhan.example,Makassar,2019-04-22,12,0.12,0.166,434,https://kabar-pelabuhan.example/fixture/metrik/2019-04-22,,2026-09-09,2026-09-09T00:00:00+07:00,2026-09-09T00:00:00+07:00,danny1,True
kabar-pelabuhan.example,Makassar,2019-04-29,21,0.155,0.216,441,https://kabar-pelabuhan.example/fixture/metrik/2019-04-29,,2026-09-09,2026-09-09T00:00:00+07:00,2026-09-09T00:00:00+07:00,danny1,True
kabar-pelabuhan.example,Makassar,2019-05-06,11,0.183,0.207,448,https://kabar-pelabuhan.example/fixture/metrik/2019-05-06,,2026-09-09,2026-09-09T00:00:00+07:00,2026-09-09T00:00:00+07:00,danny1,True
kabar-pelabuhan.example,Makassar,2019-05-13,24,0.02,0.098,455,https://kabar-pelabuhan.example/fixture/metrik/2019-05-13,,2026-09-09,2026-09-09T00:00:00+07:00,2026-09-09T00:00:00+07:00,pj,True
kabar-pelabuhan.example,Makassar,2019-05-20,25,0.048,0.101,462,https://kabar-pelabuhan.example/fixture/metrik/2019-05-20,,2026-09-09,2026-09-09T00:00:00+07:00,2026-09-09T00:00:00+07:00,pj,True
kabar-pelabuhan.example,Makassar,2019-05-27,32,0.05,0.14,469,https://kabar-pelabuhan.example/fixture/metrik/2019-05-27,,2026-09-09,2026-09-09T00:00:00+07:00,2026-09-09T00:00:00+07:00,pj,True
kabar-pelabuhan.example,Makassar,2019-06-03,29,0.02,0.224,476,https://kabar-pelabuhan.example/fixture/metrik/2019-06-03,,2026-09-09,2026-09-09T00:00:00+07:00,2026-09-09T00:00:00+07:00,pj,True
kabar-pelabuhan.example,Makassar,2019-06-10,23,0.023,0.16,-471,https://kabar-pelabuhan.example/fixture/metrik/2019-06-10,,2026-09-09,2026-09-09T00:00:00+07:00,2026-09-09T00:00:00+07:00,pj,True
kabar-pelabuhan.example,Makassar,2019-06-17,29,0.097,0.176,-464,https://kabar-pelabuhan.example/fixture/metrik/2019-06-17,,2026-09-09,2026-09-09T00:00:00+07:00,2026-09-09T00:00:00+07:00,pj,True
kabar-pelabuhan.example,Makassar,2019-06-24,19,0.091,0.227,-457,https://kabar-pelabuhan.example/fixture/metrik/2019-06-24,,2026-09-09,2026-09-09T00:00:00+07:00,2026-09-09T00:00:00+07:00,pj,True
kabar-pelabuhan.example,Makassar,2019-07-01,20,0.051,0.223,-450,https://kabar-pelabuhan.example/fixture/metrik/2019-07-01,,2026-09-09,2026-09-09T00:00:00+07:00,2026-09-09T00:00:00+07:00,pj,True
kabar-pelabuhan.example,Makassar,2019-07-08,32,0.023,0.132,-443,https://kabar-pelabuhan.example/fixture/metrik/2019-07-08,,2026-09-09,2026-09-09T00:00:00+07:00,2026-09-09T00:00:00+07:00,pj,True
kabar-pelabuhan.example,Makassar,2019-07-15,15,0.02,0.14,-436,https://kabar-pelabuhan.example/fixture/metrik/2019-07-15,,2026-09-09,2026-09-09T00:00:00+07:00,2026-09-09T00:00:00+07:00,pj,True
kabar-pelabuhan.example,Makassar,2019-07-22,14,0.048,0.161,-429,https://kabar-pelabuhan.example/fixture/metrik/2019-07-22,,2026-09-09,2026-09-09T00:00:00+07:00,2026-09-09T00:00:00+07:00,pj,True
kabar-pelabuhan.example,Makassar,2019-07-29,15,0.067,0.096,-422,https://kabar-pelabuhan.example/fixture/metrik/2019-07-29,,2026-09-09,2026-09-09T00:00:00+07:00,2026-09-09T00:00:00+07:00,pj,True
kabar-pelabuhan.example,Makassar,2019-08-05,14,0.076,0.066,-415,https://kabar-pelabuhan.example/fixture/metrik/2019-08-05,,2026-09-09,2026-09-09T00:00:00+07:00,2026-09-09T00:00:00+07:00,pj,True
kabar-pelabuhan.example,Makassar,2019-08-12,23,0.063,0.147,-408,https://kabar-pelabuhan.example/fixture/metrik/2019-08-12,,2026-09-09,2026-09-09T00:00:00+07:00,2026-09-09T00:00:00+07:00,pj,True
kabar-pelabuhan.example,Makassar,2019-08-19,19,0.046,0.166,-401,https://kabar-pelabuhan.example/fixture/metrik/2019-08-19,,2026-09-09,2026-09-09T00:00:00+07:00,2026-09-09T00:00:00+07:00,pj,True
kabar-pelabuhan.example,Makassar,2019-08-26,16,0.04,0.079,-394,https://kabar-pelabuhan.example/fixture/metrik/2019-08-26,,2026-09-09,2026-09-09T00:00:00+07:00,2026-09-09T00:00:00+07:00,pj,True
kabar-pelabuhan.example,Makassar,2019-09-02,33,0.101,0.187,-387,https://kabar-pelabuhan.example/fixture/metrik/2019-09-02,,2026-09-09,2026-09-09T00:00:00+07:00,2026-09-09T00:00:00+07:00,pj,True
kabar-pelabuhan.example,Makassar,2019-09-09,15,0.023,0.226,-380,https://kabar-pelabuhan.example/fixture/metrik/2019-09-09,,2026-09-09,2026-09-09T00:00:00+07:00,2026-09-09T00:00:00+07:00,pj,True
kabar-pelabuhan.example,Makassar,2019-09-16,22,0.047,0.15,-373,https://kabar-pelabuhan.example/fixture/metrik/2019-09-16,,2026-09-09,2026-09-09T00:00:00+07:00,2026-09-09T00:00:00+07:00,pj,True
kabar-pelabuhan.example,Makassar,2019-09-23,20,0.039,0.221,-366,https://kabar-pelabuhan.example/fixture/metrik/2019-09-23,,2026-09-09,2026-09-09T00:00:00+07:00,2026-09-09T00:00:00+07:00,pj,True
kabar-pelabuhan.example,Makassar,2019-09-30,21,0.064,0.096,-359,https://kabar-pelabuhan.example/fixture/metrik/2019-09-30,,2026-09-09,2026-09-09T00:00:00+07:00,2026-09-09T00:00:00+07:00,pj,True
kabar-pelabuhan.example,Makassar,2019-10-07,12,0.02,0.179,-352,https://kabar-pelabuhan.example/fixture/metrik/2019-10-07,,2026-09-09,2026-09-09T00:00:00+07:00,2026-09-09T00:00:00+07:00,pj,True
kabar-pelabuhan.example,Makassar,2019-10-14,34,0.03,0.15,-345,https://kabar-pelabuhan.example/fixture/metrik/2019-10-14,,2026-09-09,2026-09-09T00:00:00+07:00,2026-09-09T00:00:00+07:00,pj,True
kabar-pelabuhan.example,Makassar,2019-10-21,15,0.058,0.217,-338,https://kabar-pelabuhan.example/fixture/metrik/2019-10-21,,2026-09-09,2026-09-09T00:00:00+07:00,2026-09-09T00:00:00+07:00,pj,True
kabar-pelabuhan.example,Makassar,2019-10-28,8,0.047,0.082,-331,https://kabar-pelabuhan.example/fixture/metrik/2019-10-28,,2026-09-09,2026-09-09T00:00:00+07:00,2026-09-09T00:00:00+07:00,pj,True
kabar-pelabuhan.example,Makassar,2019-11-04,12,0.11,0.163,-324,https://kabar-pelabuhan.example/fixture/metrik/2019-11-04,,2026-09-09,2026-09-09T00:00:00+07:00,2026-09-09T00:00:00+07:00,pj,True
kabar-pelabuhan.example,Makassar,2019-11-11,10,0.078,0.257,-317,https://kabar-pelabuhan.example/fixture/metrik/2019-11-11,,2026-09-09,2026-09-09T00:00:00+07:00,2026-09-09T00:00:00+07:00,pj,True
kabar-pelabuhan.example,Makassar,2019-11-18,39,0.041,0.159,-310,https://kabar-pelabuhan.example/fixture/metrik/2019-11-18,,2026-09-09,2026-09-09T00:00:00+07:00,2026-09-09T00:00:00+07:00,pj,True
kabar-pelabuhan.example,Makassar,2019-11-25,13,0.041,0.131,-303,https://kabar-pelabuhan.example/fixture/metrik/2019-11-25,,2026-09-09,2026-09-09T00:00:00+07:00,2026-09-09T00:00:00+07:00,pj,True
kabar-pelabuhan.example,Makassar,2019-12-02,11,0.041,0.127,-296,https://kabar-pelabuhan.example/fixture/metrik/2019-12-02,,2026-09-09,2026-09-09T00:00:00+07:00,2026-09-09T00:00:00+07:00,pj,True
kabar-pelabuhan.example,Makassar,2019-12-09,24,0.02,0.152,-289,https://kabar-pelabuhan.example/fixture/metrik/2019-12-09,,2026-09-09,2026-09-09T00:00:00+07:00,2026-09-09T00:00:00+07:00,pj,True
kabar-pelabuhan.example,Makassar,2019-12-16,21,0.037,0.128,-282,https://kabar-pelabuhan.example/fixture/metrik/2019-12-16,,2026-09-09,2026-09-09T00:00:00+07:00,2026-09-09T00:00:00+07:00,pj,True
kabar-pelabuhan.example,Makassar,2019-12-23,6,0.02,0.144,-275,https://kabar-pelabuhan.example/fixture/metrik/2019-12-23,,2026-09-09,2026-09-09T00:00:00+07:00,2026-09-09T00:00:00+07:00,pj,True
kabar-pelabuhan.example,Makassar,2019-12-30,20,0.037,0.277,-268,https://kabar-pelabuhan.example/fixture/metrik/2019-12-30,,2026-09-09,2026-09-09T00:00:00+07:00,2026-09-09T00:00:00+07:00,pj,True
kabar-pelabuhan.example,Makassar,2020-01-06,21,0.02,0.044,-261,https://kabar-pelabuhan.example/fixture/metrik/2020-01-06,,2026-09-09,2026-09-09T00:00:00+07:00,2026-09-09T00:00:00+07:00,pj,True
kabar-pelabuhan.example,Makassar,2020-01-13,27,0.066,0.149,-254,https://kabar-pelabuhan.example/fixture/metrik/2020-01-13,,2026-09-09,2026-09-09T00:00:00+07:00,2026-09-09T00:00:00+07:00,pj,True
kabar-pelabuhan.example,Makassar,2020-01-20,23,0.099,0.166,-247,https://kabar-pelabuhan.example/fixture/metrik/2020-01-20,,2026-09-09,2026-09-09T00:00:00+07:00,2026-09-09T00:00:00+07:00,pj,True
kabar-pelabuhan.example,Makassar,2020-01-27,16,0.027,0.14,-240,https://kabar-pelabuhan.example/fixture/metrik/2020-01-27,,2026-09-09,2026-09-09T00:00:00+07:00,2026-09-09T00:00:00+07:00,pj,True
kabar-pelabuhan.example,Makassar,2020-02-03,15,0.059,0.215,-233,https://kabar-pelabuhan.example/fixture/metrik/2020-02-03,,2026-09-09,2026-09-09T00:00:00+07:00,2026-09-09T00:00:00+07:00,pj,True
kabar-pelabuhan.example,Makassar,2020-02-10,14,0.073,0.176,-226,https://kabar-pelabuhan.example/fixture/metrik/2020-02-10,,2026-09-09,2026-09-09T00:00:00+07:00,2026-09-09T00:00:00+07:00,pj,True
kabar-pelabuhan.example,Makassar,2020-02-17,15,0.02,0.235,-219,https://kabar-pelabuhan.example/fixture/metrik/2020-02-17,,2026-09-09,2026-09-09T00:00:00+07:00,2026-09-09T00:00:00+07:00,pj,True
kabar-pelabuhan.example,Makassar,2020-02-24,16,0.077,0.219,-212,https://kabar-pelabuhan.example/fixture/metrik/2020-02-24,,2026-09-09,2026-09-09T00:00:00+07:00,2026-09-09T00:00:00+07:00,pj,True
kabar-pelabuhan.example,Makassar,2020-03-02,7,0.045,0.169,-205,https://kabar-pelabuhan.example/fixture/metrik/2020-03-02,,2026-09-09,2026-09-09T00:00:00+07:00,2026-09-09T00:00:00+07:00,pj,True
kabar-pelabuhan.example,Makassar,2020-03-09,12,0.035,0.26,-198,https://kabar-pelabuhan.example/fixture/metrik/2020-03-09,,2026-09-09,2026-09-09T00:00:00+07:00,2026-09-09T00:00:00+07:00,pj,True
kabar-pelabuhan.example,Makassar,2020-03-16,24,0.026,0.157,-191,https://kabar-pelabuhan.example/fixture/metrik/2020-03-16,,2026-09-09,2026-09-09T00:00:00+07:00,2026-09-09T00:00:00+07:00,pj,True
kabar-pelabuhan.example,Makassar,2020-03-23,21,0.109,0.187,-184,https://kabar-pelabuhan.example/fixture/metrik/2020-03-23,,2026-09-09,2026-09-09T00:00:00+07:00,2026-09-09T00:00:00+07:00,pj,True
kabar-pelabuhan.example,Makassar,2020-03-30,24,0.047,0.21,-177,https://kabar-pelabuhan.example/fixture/metrik/2020-03-30,,2026-09-09,2026-09-09T00:00:00+07:00,2026-09-09T00:00:00+07:00,pj,True
kabar-pelabuhan.example,Makassar,2020-04-06,13,0.101,0.072,-170,https://kabar-pelabuhan.example/fixture/metrik/2020-04-06,,2026-09-09,2026-09-09T00:00:00+07:00,2026-09-09T00:00:00+07:00,pj,True
kabar-pelabuhan.example,Makassar,2020-04-13,28,0.057,0.158,-163,https://kabar-pelabuhan.example/fixture/metrik/2020-04-13,,2026-09-09,2026-09-09T00:00:00+07:00,2026-09-09T00:00:00+07:00,pj,True
kabar-pelabuhan.example,Makassar,2020-04-20,33,0.089,0.173,-156,https://kabar-pelabuhan.example/fixture/metrik/2020-04-20,,2026-09-09,2026-09-09T00:00:00+07:00,2026-09-09T00:00:00+07:00,pj,True
kabar-pelabuhan.example,Makassar,2020-04-27,14,0.096,0.145,-149,https://kabar-pelabuhan.example/fixture/metrik/2020-04-27,,2026-09-09,2026-09-09T00:00:00+07:00,2026-09-09T00:00:00+07:00,pj,True
kabar-pelabuhan.example,Makassar,2020-05-04,25,0.103,0.103,-142,https://kabar-pelabuhan.example/fixture/metrik/2020-05-04,,2026-09-09,2026-09-09T00:00:00+07:00,2026-09-09T00:00:00+07:00,pj,True
kabar-pelabuhan.example,Makassar,2020-05-11,26,0.061,0.211,-135,https://kabar-pelabuhan.example/fixture/metrik/2020-05-11,,2026-09-09,2026-09-09T00:00:00+07:00,2026-09-09T00:00:00+07:00,pj,True
kabar-pelabuhan.example,Makassar,2020-05-18,25,0.097,0.061,-128,https://kabar-pelabuhan.example/fixture/metrik/2020-05-18,,2026-09-09,2026-09-09T00:00:00+07:00,2026-09-09T00:00:00+07:00,pj,True
kabar-pelabuhan.example,Makassar,2020-05-25,28,0.12,0.204,-121,https://kabar-pelabuhan.example/fixture/metrik/2020-05-25,,2026-09-09,2026-09-09T00:00:00+07:00,2026-09-09T00:00:00+07:00,pj,True
kabar-pelabuhan.example,Makassar,2020-06-01,24,0.103,0.271,-114,https://kabar-pelabuhan.example/fixture/metrik/2020-06-01,,2026-09-09,2026-09-09T00:00:00+07:00,2026-09-09T00:00:00+07:00,pj,True
kabar-pelabuhan.example,Makassar,2020-06-08,17,0.125,0.213,-107,https://kabar-pelabuhan.example/fixture/metrik/2020-06-08,,2026-09-09,2026-09-09T00:00:00+07:00,2026-09-09T00:00:00+07:00,pj,True
kabar-pelabuhan.example,Makassar,2020-06-15,21,0.078,0.198,-100,https://kabar-pelabuhan.example/fixture/metrik/2020-06-15,,2026-09-09,2026-09-09T00:00:00+07:00,2026-09-09T00:00:00+07:00,pj,True
kabar-pelabuhan.example,Makassar,2020-06-22,21,0.113,0.092,-93,https://kabar-pelabuhan.example/fixture/metrik/2020-06-22,,2026-09-09,2026-09-09T00:00:00+07:00,2026-09-09T00:00:00+07:00,pj,True
kabar-pelabuhan.example,Makassar,2020-06-29,13,0.114,0.21,-86,https://kabar-pelabuhan.example/fixture/metrik/2020-06-29,,2026-09-09,2026-09-09T00:00:00+07:00,2026-09-09T00:00:00+07:00,pj,True
kabar-pelabuhan.example,Makassar,2020-07-06,38,0.219,0.281,-79,https://kabar-pelabuhan.example/fixture/metrik/2020-07-06,,2026-09-09,2026-09-09T00:00:00+07:00,2026-09-09T00:00:00+07:00,pj,True
kabar-pelabuhan.example,Makassar,2020-07-13,29,0.165,0.259,-72,https://kabar-pelabuhan.example/fixture/metrik/2020-07-13,,2026-09-09,2026-09-09T00:00:00+07:00,2026-09-09T00:00:00+07:00,pj,True
kabar-pelabuhan.example,Makassar,2020-07-20,24,0.196,0.177,-65,https://kabar-pelabuhan.example/fixture/metrik/2020-07-20,,2026-09-09,2026-09-09T00:00:00+07:00,2026-09-09T00:00:00+07:00,pj,True
kabar-pelabuhan.example,Makassar,2020-07-27,20,0.17,0.203,-58,https://kabar-pelabuhan.example/fixture/metrik/2020-07-27,,2026-09-09,2026-09-09T00:00:00+07:00,2026-09-09T00:00:00+07:00,pj,True
kabar-pelabuhan.example,Makassar,2020-08-03,18,0.161,0.128,-51,https://kabar-pelabuhan.example/fixture/metrik/2020-08-03,,2026-09-09,2026-09-09T00:00:00+07:00,2026-09-09T00:00:00+07:00,pj,True
kabar-pelabuhan.example,Makassar,2020-08-10,15,0.128,0.191,-44,https://kabar-pelabuhan.example/fixture/metrik/2020-08-10,,2026-09-09,2026-09-09T00:00:00+07:00,2026-09-09T00:00:00+07:00,pj,True
kabar-pelabuhan.example,Makassar,2020-08-17,5,0.151,0.139,-37,https://kabar-pelabuhan.example/fixture/metrik/2020-08-17,,2026-09-09,2026-09-09T00:00:00+07:00,2026-09-09T00:00:00+07:00,pj,True
kabar-pelabuhan.example,Makassar,2020-08-24,22,0.146,0.151,-30,https://kabar-pelabuhan.example/fixture/metrik/2020-08-24,,2026-09-09,2026-09-09T00:00:00+07:00,2026-09-09T00:00:00+07:00,pj,True
kabar-pelabuhan.example,Makassar,2020-08-31,25,0.192,0.099,-23,https://kabar-pelabuhan.example/fixture/metrik/2020-08-31,,2026-09-09,2026-09-09T00:00:00+07:00,2026-09-09T00:00:00+07:00,pj,True
kabar-pelabuhan.example,Makassar,2020-09-07,21,0.191,0.233,-16,https://kabar-pelabuhan.example/fixture/metrik/2020-09-07,,2026-09-09,2026-09-09T00:00:00+07:00,2026-09-09T00:00:00+07:00,pj,True
kabar-pelabuhan.example,Makassar,2020-09-14,23,0.224,0.136,-9,https://kabar-pelabuhan.example/fixture/metrik/2020-09-14,,2026-09-09,2026-09-09T00:00:00+07:00,2026-09-09T00:00:00+07:00,pj,True
kabar-pelabuhan.example,Makassar,2020-09-21,22,0.221,0.163,-2,https://kabar-pelabuhan.example/fixture/metrik/2020-09-21,,2026-09-09,2026-09-09T00:00:00+07:00,2026-09-09T00:00:00+07:00,pj,True
kabar-pelabuhan.example,Makassar,2020-09-28,30,0.143,0.225,5,https://kabar-pelabuhan.example/fixture/metrik/2020-09-28,,2026-09-09,2026-09-09T00:00:00+07:00,2026-09-09T00:00:00+07:00,pj,True
kabar-pelabuhan.example,Makassar,2020-10-05,32,0.178,0.099,12,https://kabar-pelabuhan.example/fixture/metrik/2020-10-05,,2026-09-09,2026-09-09T00:00:00+07:00,2026-09-09T00:00:00+07:00,pj,True
kabar-pelabuhan.example,Makassar,2020-10-12,31,0.02,0.202,19,https://kabar-pelabuhan.example/fixture/metrik/2020-10-12,,2026-09-09,2026-09-09T00:00:00+07:00,2026-09-09T00:00:00+07:00,pj,True
kabar-pelabuhan.example,Makassar,2020-10-19,21,0.023,0.097,26,https://kabar-pelabuhan.example/fixture/metrik/2020-10-19,,2026-09-09,2026-09-09T00:00:00+07:00,2026-09-09T00:00:00+07:00,pj,True
kabar-pelabuhan.example,Makassar,2020-10-26,17,0.083,0.138,33,https://kabar-pelabuhan.example/fixture/metrik/2020-10-26,,2026-09-09,2026-09-09T00:00:00+07:00,2026-09-09T00:00:00+07:00,pj,True
kabar-pelabuhan.example,Makassar,2020-11-02,25,0.022,0.278,40,https://kabar-pelabuhan.example/fixture/metrik/2020-11-02,,2026-09-09,2026-09-09T00:00:00+07:00,2026-09-09T00:00:00+07:00,pj,True
kabar-pelabuhan.example,Makassar,2020-11-09,24,0.034,0.12,47,https://kabar-pelabuhan.example/fixture/metrik/2020-11-09,,2026-09-09,2026-09-09T00:00:00+07:00,2026-09-09T00:00:00+07:00,pj,True
kabar-pelabuhan.example,Makassar,2020-11-16,22,0.077,0.077,54,https://kabar-pelabuhan.example/fixture/metrik/2020-11-16,,2026-09-09,2026-09-09T00:00:00+07:00,2026-09-09T00:00:00+07:00,pj,True
kabar-pelabuhan.example,Makassar,2020-11-23,21,0.076,0.163,61,https://kabar-pelabuhan.example/fixture/metrik/2020-11-23,,2026-09-09,2026-09-09T00:00:00+07:00,2026-09-09T00:00:00+07:00,pj,True
kabar-pelabuhan.example,Makassar,2020-11-30,26,0.02,0.16,68,https://kabar-pelabuhan.example/fixture/metrik/2020-11-30,,2026-09-09,2026-09-09T00:00:00+07:00,2026-09-09T00:00:00+07:00,pj,True
kabar-pelabuhan.example,Makassar,2020-12-07,12,0.042,0.207,75,https://kabar-pelabuhan.example/fixture/metrik/2020-12-07,,2026-09-09,2026-09-09T00:00:00+07:00,2026-09-09T00:00:00+07:00,pj,True
kabar-pelabuhan.example,Makassar,2020-12-14,18,0.031,0.118,82,https://kabar-pelabuhan.example/fixture/metrik/2020-12-14,,2026-09-09,2026-09-09T00:00:00+07:00,2026-09-09T00:00:00+07:00,pj,True
kabar-pelabuhan.example,Makassar,2020-12-21,27,0.02,0.164,89,https://kabar-pelabuhan.example/fixture/metrik/2020-12-21,,2026-09-09,2026-09-09T00:00:00+07:00,2026-09-09T00:00:00+07:00,pj,True
kabar-pelabuhan.example,Makassar,2020-12-28,22,0.055,0.211,96,https://kabar-pelabuhan.example/fixture/metrik/2020-12-28,,2026-09-09,2026-09-09T00:00:00+07:00,2026-09-09T00:00:00+07:00,pj,True
kabar-pelabuhan.example,Makassar,2021-01-04,20,0.056,0.19,103,https://kabar-pelabuhan.example/fixture/metrik/2021-01-04,,2026-09-09,2026-09-09T00:00:00+07:00,2026-09-09T00:00:00+07:00,pj,True
kabar-pelabuhan.example,Makassar,2021-01-11,22,0.062,0.056,110,https://kabar-pelabuhan.example/fixture/metrik/2021-01-11,,2026-09-09,2026-09-09T00:00:00+07:00,2026-09-09T00:00:00+07:00,pj,True
kabar-pelabuhan.example,Makassar,2021-01-18,15,0.09,0.219,117,https://kabar-pelabuhan.example/fixture/metrik/2021-01-18,,2026-09-09,2026-09-09T00:00:00+07:00,2026-09-09T00:00:00+07:00,pj,True
kabar-pelabuhan.example,Makassar,2021-01-25,16,0.085,0.13,124,https://kabar-pelabuhan.example/fixture/metrik/2021-01-25,,2026-09-09,2026-09-09T00:00:00+07:00,2026-09-09T00:00:00+07:00,pj,True
kabar-pelabuhan.example,Makassar,2021-02-01,23,0.02,0.104,131,https://kabar-pelabuhan.example/fixture/metrik/2021-02-01,,2026-09-09,2026-09-09T00:00:00+07:00,2026-09-09T00:00:00+07:00,pj,True
kabar-pelabuhan.example,Makassar,2021-02-08,27,0.03,0.106,138,https://kabar-pelabuhan.example/fixture/metrik/2021-02-08,,2026-09-09,2026-09-09T00:00:00+07:00,2026-09-09T00:00:00+07:00,pj,True
kabar-pelabuhan.example,Makassar,2021-02-15,20,0.068,0.085,145,https://kabar-pelabuhan.example/fixture/metrik/2021-02-15,,2026-09-09,2026-09-09T00:00:00+07:00,2026-09-09T00:00:00+07:00,pj,True
kabar-pelabuhan.example,Makassar,2021-02-22,29,0.023,0.127,152,https://kabar-pelabuhan.example/fixture/metrik/2021-02-22,,2026-09-09,2026-09-09T00:00:00+07:00,2026-09-09T00:00:00+07:00,pj,True
kabar-pelabuhan.example,Makassar,2021-03-01,31,0.153,0.211,159,https://kabar-pelabuhan.example/fixture/metrik/2021-03-01,,2026-09-09,2026-09-09T00:00:00+07:00,2026-09-09T00:00:00+07:00,danny2,True
kabar-pelabuhan.example,Makassar,2021-03-08,20,0.188,0.231,166,https://kabar-pelabuhan.example/fixture/metrik/2021-03-08,,2026-09-09,2026-09-09T00:00:00+07:00,2026-09-09T00:00:00+07:00,danny2,True
kabar-pelabuhan.example,Makassar,2021-03-15,21,0.101,0.266,173,https://kabar-pelabuhan.example/fixture/metrik/2021-03-15,,2026-09-09,2026-09-09T00:00:00+07:00,2026-09-09T00:00:00+07:00,danny2,True
kabar-pelabuhan.example,Makassar,2021-03-22,23,0.147,0.213,180,https://kabar-pelabuhan.example/fixture/metrik/2021-03-22,,2026-09-09,2026-09-09T00:00:00+07:00,2026-09-09T00:00:00+07:00,danny2,True
kabar-pelabuhan.example,Makassar,2021-03-29,21,0.149,0.231,187,https://kabar-pelabuhan.example/fixture/metrik/2021-03-29,,2026-09-09,2026-09-09T00:00:00+07:00,2026-09-09T00:00:00+07:00,danny2,True
kabar-pelabuhan.example,Makassar,2021-04-05,19,0.182,0.177,194,https://kabar-pelabuhan.example/fixture/metrik/2021-04-05,,2026-09-09,2026-09-09T00:00:00+07:00,2026-09-09T00:00:00+07:00,danny2,True
kabar-pelabuhan.example,Makassar,2021-04-12,40,0.142,0.283,201,https://kabar-pelabuhan.example/fixture/metrik/2021-04-12,,2026-09-09,2026-09-09T00:00:00+07:00,2026-09-09T00:00:00+07:00,danny2,True
kabar-pelabuhan.example,Makassar,2021-04-19,21,0.188,0.103,208,https://kabar-pelabuhan.example/fixture/metrik/2021-04-19,,2026-09-09,2026-09-09T00:00:00+07:00,2026-09-09T00:00:00+07:00,danny2,True
kabar-pelabuhan.example,Makassar,2021-04-26,14,0.176,0.083,215,https://kabar-pelabuhan.example/fixture/metrik/2021-04-26,,2026-09-09,2026-09-09T00:00:00+07:00,2026-09-09T00:00:00+07:00,danny2,True
kabar-pelabuhan.example,Makassar,2021-05-03,23,0.235,0.147,222,https://kabar-pelabuhan.example/fixture/metrik/2021-05-03,,2026-09-09,2026-09-09T00:00:00+07:00,2026-09-09T00:00:00+07:00,danny2,True
kabar-pelabuhan.example,Makassar,2021-05-10,22,0.145,0.104,229,https://kabar-pelabuhan.example/fixture/metrik/2021-05-10,,2026-09-09,2026-09-09T00:00:00+07:00,2026-09-09T00:00:00+07:00,danny2,True
kabar-pelabuhan.example,Makassar,2021-05-17,14,0.158,0.199,236,https://kabar-pelabuhan.example/fixture/metrik/2021-05-17,,2026-09-09,2026-09-09T00:00:00+07:00,2026-09-09T00:00:00+07:00,danny2,True
kabar-pelabuhan.example,Makassar,2021-05-24,21,0.205,0.099,243,https://kabar-pelabuhan.example/fixture/metrik/2021-05-24,,2026-09-09,2026-09-09T00:00:00+07:00,2026-09-09T00:00:00+07:00,danny2,True
kabar-pelabuhan.example,Makassar,2021-05-31,5,0.147,0.2,250,https://kabar-pelabuhan.example/fixture/metrik/2021-05-31,,2026-09-09,2026-09-09T00:00:00+07:00,2026-09-09T00:00:00+07:00,danny2,True
kabar-pelabuhan.example,Makassar,2021-06-07,26,0.118,0.206,257,https://kabar-pelabuhan.example/fixture/metrik/2021-06-07,,2026-09-09,2026-09-09T00:00:00+07:00,2026-09-09T00:00:00+07:00,danny2,True
kabar-pelabuhan.example,Makassar,2021-06-14,22,0.179,0.149,264,https://kabar-pelabuhan.example/fixture/metrik/2021-06-14,,2026-09-09,2026-09-09T00:00:00+07:00,2026-09-09T00:00:00+07:00,danny2,True
kabar-pelabuhan.example,Makassar,2021-06-21,22,0.149,0.119,271,https://kabar-pelabuhan.example/fixture/metrik/2021-06-21,,2026-09-09,2026-09-09T00:00:00+07:00,2026-09-09T00:00:00+07:00,danny2,True
kabar-pelabuhan.example,Makassar,2021-06-28,9,0.183,0.343,278,https://kabar-pelabuhan.example/fixture/metrik/2021-06-28,,2026-09-09,2026-09-09T00:00:00+07:00,2026-09-09T00:00:00+07:00,danny2,True
kabar-pelabuhan.example,Makassar,2021-07-05,29,0.125,0.198,285,https://kabar-pelabuhan.example/fixture/metrik/2021-07-05,,2026-09-09,2026-09-09T00:00:00+07:00,2026-09-09T00:00:00+07:00,danny2,True
kabar-pelabuhan.example,Makassar,2021-07-12,17,0.143,0.167,292,https://kabar-pelabuhan.example/fixture/metrik/2021-07-12,,2026-09-09,2026-09-09T00:00:00+07:00,2026-09-09T00:00:00+07:00,danny2,True
kabar-pelabuhan.example,Makassar,2021-07-19,9,0.194,0.145,299,https://kabar-pelabuhan.example/fixture/metrik/2021-07-19,,2026-09-09,2026-09-09T00:00:00+07:00,2026-09-09T00:00:00+07:00,danny2,True
kabar-pelabuhan.example,Makassar,2021-07-26,22,0.186,0.155,306,https://kabar-pelabuhan.example/fixture/metrik/2021-07-26,,2026-09-09,2026-09-09T00:00:00+07:00,2026-09-09T00:00:00+07:00,danny2,True
kabar-pelabuhan.example,Makassar,2021-08-02,25,0.11,0.194,313,https://kabar-pelabuhan.example/fixture/metrik/2021-08-02,,2026-09-09,2026-09-09T00:00:00+07:00,2026-09-09T00:00:00+07:00,danny2,True
kabar-pelabuhan.example,Makassar,2021-08-09,12,0.167,0.155,320,https://kabar-pelabuhan.example/fixture/metrik/2021-08-09,,2026-09-09,2026-09-09T00:00:00+07:00,2026-09-09T00:00:00+07:00,danny2,True
kabar-pelabuhan.example,Makassar,2021-08-16,23,0.136,0.07,327,https://kabar-pelabuhan.example/fixture/metrik/2021-08-16,,2026-09-09,2026-09-09T00:00:00+07:00,2026-09-09T00:00:00+07:00,danny2,True
kabar-pelabuhan.example,Makassar,2021-08-23,28,0.179,0.104,334,https://kabar-pelabuhan.example/fixture/metrik/2021-08-23,,2026-09-09,2026-09-09T00:00:00+07:00,2026-09-09T00:00:00+07:00,danny2,True
kabar-pelabuhan.example,Makassar,2021-08-30,28,0.218,0.183,341,https://kabar-pelabuhan.example/fixture/metrik/2021-08-30,,2026-09-09,2026-09-09T00:00:00+07:00,2026-09-09T00:00:00+07:00,danny2,True
kabar-pelabuhan.example,Makassar,2021-09-06,17,0.172,0.198,348,https://kabar-pelabuhan.example/fixture/metrik/2021-09-06,,2026-09-09,2026-09-09T00:00:00+07:00,2026-09-09T00:00:00+07:00,danny2,True
kabar-pelabuhan.example,Makassar,2021-09-13,34,0.157,0.116,355,https://kabar-pelabuhan.example/fixture/metrik/2021-09-13,,2026-09-09,2026-09-09T00:00:00+07:00,2026-09-09T00:00:00+07:00,danny2,True
kabar-pelabuhan.example,Makassar,2021-09-20,19,0.197,0.171,362,https://kabar-pelabuhan.example/fixture/metrik/2021-09-20,,2026-09-09,2026-09-09T00:00:00+07:00,2026-09-09T00:00:00+07:00,danny2,True
kabar-pelabuhan.example,Makassar,2021-09-27,31,0.129,0.223,369,https://kabar-pelabuhan.example/fixture/metrik/2021-09-27,,2026-09-09,2026-09-09T00:00:00+07:00,2026-09-09T00:00:00+07:00,danny2,True
kabar-pelabuhan.example,Makassar,2021-10-04,22,0.102,0.124,376,https://kabar-pelabuhan.example/fixture/metrik/2021-10-04,,2026-09-09,2026-09-09T00:00:00+07:00,2026-09-09T00:00:00+07:00,danny2,True
kabar-pelabuhan.example,Makassar,2021-10-11,12,0.238,0.12,383,https://kabar-pelabuhan.example/fixture/metrik/2021-10-11,,2026-09-09,2026-09-09T00:00:00+07:00,2026-09-09T00:00:00+07:00,danny2,True
kabar-pelabuhan.example,Makassar,2021-10-18,29,0.156,0.175,390,https://kabar-pelabuhan.example/fixture/metrik/2021-10-18,,2026-09-09,2026-09-09T00:00:00+07:00,2026-09-09T00:00:00+07:00,danny2,True
kabar-pelabuhan.example,Makassar,2021-10-25,25,0.178,0.205,397,https://kabar-pelabuhan.example/fixture/metrik/2021-10-25,,2026-09-09,2026-09-09T00:00:00+07:00,2026-09-09T00:00:00+07:00,danny2,True
kabar-pelabuhan.example,Makassar,2021-11-01,15,0.165,0.152,404,https://kabar-pelabuhan.example/fixture/metrik/2021-11-01,,2026-09-09,2026-09-09T00:00:00+07:00,2026-09-09T00:00:00+07:00,danny2,True
kabar-pelabuhan.example,Makassar,2021-11-08,14,0.132,0.228,411,https://kabar-pelabuhan.example/fixture/metrik/2021-11-08,,2026-09-09,2026-09-09T00:00:00+07:00,2026-09-09T00:00:00+07:00,danny2,True
kabar-pelabuhan.example,Makassar,2021-11-15,11,0.204,0.24,418,https://kabar-pelabuhan.example/fixture/metrik/2021-11-15,,2026-09-09,2026-09-09T00:00:00+07:00,2026-09-09T00:00:00+07:00,danny2,True
kabar-pelabuhan.example,Makassar,2021-11-22,15,0.227,0.22,425,https://kabar-pelabuhan.example/fixture/metrik/2021-11-22,,2026-09-09,2026-09-09T00:00:00+07:00,2026-09-09T00:00:00+07:00,danny2,True
kabar-pelabuhan.example,Makassar,2021-11-29,26,0.171,0.183,432,https://kabar-pelabuhan.example/fixture/metrik/2021-11-29,,2026-09-09,2026-09-09T00:00:00+07:00,2026-09-09T00:00:00+07:00,danny2,True
kabar-pelabuhan.example,Makassar,2021-12-06,22,0.215,0.193,439,https://kabar-pelabuhan.example/fixture/metrik/2021-12-06,,2026-09-09,2026-09-09T00:00:00+07:00,2026-09-09T00:00:00+07:00,danny2,True
kabar-pelabuhan.example,Makassar,2021-12-13,11,0.123,0.132,446,https://kabar-pelabuhan.example/fixture/metrik/2021-12-13,,2026-09-09,2026-09-09T00:00:00+07:00,2026-09-09T00:00:00+07:00,danny2,True
kabar-pelabuhan.example,Makassar,2021-12-20,22,0.145,0.151,453,https://kabar-pelabuhan.example/fixture/metrik/2021-12-20,,2026-09-09,2026-09-09T00:00:00+07:00,2026-09-09T00:00:00+07:00,danny2,True
kabar-pelabuhan.example,Makassar,2021-12-27,11,0.169,0.16,460,https://kabar-pelabuhan.example/fixture/metrik/2021-12-27,,2026-09-09,2026-09-09T00:00:00+07:00,2026-09-09T00:00:00+07:00,danny2,True
kabar-pelabuhan.example,Makassar,2022-01-03,33,0.184,0.171,467,https://kabar-pelabuhan.example/fixture/metrik/2022-01-03,,2026-09-09,2026-09-09T00:00:00+07:00,2026-09-09T00:00:00+07:00,danny2,True
kabar-pelabuhan.example,Makassar,2022-01-10,15,0.152,0.03,474,https://kabar-pelabuhan.example/fixture/metrik/2022-01-10,,2026-09-09,2026-09-09T00:00:00+07:00,2026-09-09T00:00:00+07:00,danny2,True
kabar-pelabuhan.example,Makassar,2022-01-17,18,0.192,0.164,481,https://kabar-pelabuhan.example/fixture/metrik/2022-01-17,,2026-09-09,2026-09-09T00:00:00+07:00,2026-09-09T00:00:00+07:00,danny2,True
kabar-pelabuhan.example,Makassar,2022-01-24,17,0.129,0.257,488,https://kabar-pelabuhan.example/fixture/metrik/2022-01-24,,2026-09-09,2026-09-09T00:00:00+07:00,2026-09-09T00:00:00+07:00,danny2,True
kabar-pelabuhan.example,Makassar,2022-01-31,25,0.187,0.174,495,https://kabar-pelabuhan.example/fixture/metrik/2022-01-31,,2026-09-09,2026-09-09T00:00:00+07:00,2026-09-09T00:00:00+07:00,danny2,True
kabar-pelabuhan.example,Makassar,2022-02-07,21,0.119,0.204,502,https://kabar-pelabuhan.example/fixture/metrik/2022-02-07,,2026-09-09,2026-09-09T00:00:00+07:00,2026-09-09T00:00:00+07:00,danny2,True
kabar-pelabuhan.example,Makassar,2022-02-14,13,0.187,0.215,509,https://kabar-pelabuhan.example/fixture/metrik/2022-02-14,,2026-09-09,2026-09-09T00:00:00+07:00,2026-09-09T00:00:00+07:00,danny2,True
kabar-pelabuhan.example,Makassar,2022-02-21,25,0.203,0.181,516,https://kabar-pelabuhan.example/fixture/metrik/2022-02-21,,2026-09-09,2026-09-09T00:00:00+07:00,2026-09-09T00:00:00+07:00,danny2,True
kabar-pelabuhan.example,Makassar,2022-02-28,30,0.164,0.148,523,https://kabar-pelabuhan.example/fixture/metrik/2022-02-28,,2026-09-09,2026-09-09T00:00:00+07:00,2026-09-09T00:00:00+07:00,danny2,True
kabar-pelabuhan.example,Makassar,2022-03-07,21,0.14,0.171,530,https://kabar-pelabuhan.example/fixture/metrik/2022-03-07,,2026-09-09,2026-09-09T00:00:00+07:00,2026-09-09T00:00:00+07:00,danny2,True
kabar-pelabuhan.example,Makassar,2022-03-14,22,0.163,0.107,537,https://kabar-pelabuhan.example/fixture/metrik/2022-03-14,,2026-09-09,2026-09-09T00:00:00+07:00,2026-09-09T00:00:00+07:00,danny2,True
kabar-pelabuhan.example,Makassar,2022-03-21,23,0.154,0.125,544,https://kabar-pelabuhan.example/fixture/metrik/2022-03-21,,2026-09-09,2026-09-09T00:00:00+07:00,2026-09-09T00:00:00+07:00,danny2,True
kabar-pelabuhan.example,Makassar,2022-03-28,10,0.153,0.163,551,https://kabar-pelabuhan.example/fixture/metrik/2022-03-28,,2026-09-09,2026-09-09T00:00:00+07:00,2026-09-09T00:00:00+07:00,danny2,True
kabar-pelabuhan.example,Makassar,2022-04-04,20,0.159,0.228,558,https://kabar-pelabuhan.example/fixture/metrik/2022-04-04,,2026-09-09,2026-09-09T00:00:00+07:00,2026-09-09T00:00:00+07:00,danny2,True
kabar-pelabuhan.example,Makassar,2022-04-11,32,0.191,0.093,565,https://kabar-pelabuhan.example/fixture/metrik/2022-04-11,,2026-09-09,2026-09-09T00:00:00+07:00,2026-09-09T00:00:00+07:00,danny2,True
kabar-pelabuhan.example,Makassar,2022-04-18,18,0.167,0.151,572,https://kabar-pelabuhan.example/fixture/metrik/2022-04-18,,2026-09-09,2026-09-09T00:00:00+07:00,2026-09-09T00:00:00+07:00,danny2,True
kabar-pelabuhan.example,Makassar,2022-04-25,16,0.167,0.249,579,https://kabar-pelabuhan.example/fixture/metrik/2022-04-25,,2026-09-09,2026-09-09T00:00:00+07:00,2026-09-09T00:00:00+07:00,danny2,True
kabar-pelabuhan.example,Makassar,2022-05-02,24,0.165,0.12,586,https://kabar-pelabuhan.example/fixture/metrik/2022-05-02,,2026-09-09,2026-09-09T00:00:00+07:00,2026-09-09T00:00:00+07:00,danny2,True
kabar-pelabuhan.example,Makassar,2022-05-09,16,0.157,0.152,593,https://kabar-pelabuhan.example/fixture/metrik/2022-05-09,,2026-09-09,2026-09-09T00:00:00+07:00,2026-09-09T00:00:00+07:00,danny2,True
kabar-pelabuhan.example,Makassar,2022-05-16,27,0.142,0.246,600,https://kabar-pelabuhan.example/fixture/metrik/2022-05-16,,2026-09-09,2026-09-09T00:00:00+07:00,2026-09-09T00:00:00+07:00,danny2,True
kabar-pelabuhan.example,Makassar,2022-05-23,18,0.116,0.239,607,https://kabar-pelabuhan.example/fixture/metrik/2022-05-23,,2026-09-09,2026-09-09T00:00:00+07:00,2026-09-09T00:00:00+07:00,danny2,True
kabar-pelabuhan.example,Makassar,2022-05-30,6,0.177,0.152,614,https://kabar-pelabuhan.example/fixture/metrik/2022-05-30,,2026-09-09,2026-09-09T00:00:00+07:00,2026-09-09T00:00:00+07:00,danny2,True
kabar-pelabuhan.example,Makassar,2022-06-06,25,0.192,0.233,621,https://kabar-pelabuhan.example/fixture/metrik/2022-06-06,,2026-09-09,2026-09-09T00:00:00+07:00,2026-09-09T00:00:00+07:00,danny2,True
kabar-pelabuhan.example,Makassar,2022-06-13,22,0.205,0.191,628,https://kabar-pelabuhan.example/fixture/metrik/2022-06-13,,2026-09-09,2026-09-09T00:00:00+07:00,2026-09-09T00:00:00+07:00,danny2,True
kabar-pelabuhan.example,Makassar,2022-06-20,36,0.179,0.234,635,https://kabar-pelabuhan.example/fixture/metrik/2022-06-20,,2026-09-09,2026-09-09T00:00:00+07:00,2026-09-09T00:00:00+07:00,danny2,True
kabar-pelabuhan.example,Makassar,2022-06-27,28,0.153,0.136,642,https://kabar-pelabuhan.example/fixture/metrik/2022-06-27,,2026-09-09,2026-09-09T00:00:00+07:00,2026-09-09T00:00:00+07:00,danny2,True
kabar-pelabuhan.example,Makassar,2022-07-04,21,0.147,0.176,649,https://kabar-pelabuhan.example/fixture/metrik/2022-07-04,,2026-09-09,2026-09-09T00:00:00+07:00,2026-09-09T00:00:00+07:00,danny2,True
kabar-pelabuhan.example,Makassar,2022-07-11,16,0.169,0.274,656,https://kabar-pelabuhan.example/fixture/metrik/2022-07-11,,2026-09-09,2026-09-09T00:00:00+07:00,2026-09-09T00:00:00+07:00,danny2,True
kabar-pelabuhan.example,Makassar,2022-07-18,20,0.215,0.238,663,https://kabar-pelabuhan.example/fixture/metrik/2022-07-18,,2026-09-09,2026-09-09T00:00:00+07:00,2026-09-09T00:00:00+07:00,danny2,True
kabar-pelabuhan.example,Makassar,2022-07-25,31,0.188,0.218,670,https://kabar-pelabuhan.example/fixture/metrik/2022-07-25,,2026-09-09,2026-09-09T00:00:00+07:00,2026-09-09T00:00:00+07:00,danny2,True
kabar-pelabuhan.example,Makassar,2022-08-01,32,0.162,0.074,677,https://kabar-pelabuhan.example/fixture/metrik/2022-08-01,,2026-09-09,2026-09-09T00:00:00+07:00,2026-09-09T00:00:00+07:00,danny2,True
kabar-pelabuhan.example,Makassar,2022-08-08,16,0.116,0.252,684,https://kabar-pelabuhan.example/fixture/metrik/2022-08-08,,2026-09-09,2026-09-09T00:00:00+07:00,2026-09-09T00:00:00+07:00,danny2,True
kabar-pelabuhan.example,Makassar,2022-08-15,26,0.15,0.173,691,https://kabar-pelabuhan.example/fixture/metrik/2022-08-15,,2026-09-09,2026-09-09T00:00:00+07:00,2026-09-09T00:00:00+07:00,danny2,True
kabar-pelabuhan.example,Makassar,2022-08-22,37,0.26,0.095,698,https://kabar-pelabuhan.example/fixture/metrik/2022-08-22,,2026-09-09,2026-09-09T00:00:00+07:00,2026-09-09T00:00:00+07:00,danny2,True
kabar-pelabuhan.example,Makassar,2022-08-29,21,0.178,0.154,705,https://kabar-pelabuhan.example/fixture/metrik/2022-08-29,,2026-09-09,2026-09-09T00:00:00+07:00,2026-09-09T00:00:00+07:00,danny2,True
kabar-pelabuhan.example,Makassar,2022-09-05,22,0.16,0.242,712,https://kabar-pelabuhan.example/fixture/metrik/2022-09-05,,2026-09-09,2026-09-09T00:00:00+07:00,2026-09-09T00:00:00+07:00,danny2,True
kabar-pelabuhan.example,Makassar,2022-09-12,19,0.126,0.162,719,https://kabar-pelabuhan.example/fixture/metrik/2022-09-12,,2026-09-09,2026-09-09T00:00:00+07:00,2026-09-09T00:00:00+07:00,danny2,True
kabar-pelabuhan.example,Makassar,2022-09-19,28,0.183,0.162,726,https://kabar-pelabuhan.example/fixture/metrik/2022-09-19,,2026-09-09,2026-09-09T00:00:00+07:00,2026-09-09T00:00:00+07:00,danny2,True
kabar-pelabuhan.example,Makassar,2022-09-26,15,0.159,0.164,-727,https://kabar-pelabuhan.example/fixture/metrik/2022-09-26,,2026-09-09,2026-09-09T00:00:00+07:00,2026-09-09T00:00:00+07:00,danny2,True
kabar-pelabuhan.example,Makassar,2022-10-03,17,0.147,0.168,-720,https://kabar-pelabuhan.example/fixture/metrik/2022-10-03,,2026-09-09,2026-09-09T00:00:00+07:00,2026-09-09T00:00:00+07:00,danny2,True
kabar-pelabuhan.example,Makassar,2022-10-10,33,0.192,0.17,-713,https://kabar-pelabuhan.example/fixture/metrik/2022-10-10,,2026-09-09,2026-09-09T00:00:00+07:00,2026-09-09T00:00:00+07:00,danny2,True
kabar-pelabuhan.example,Makassar,2022-10-17,13,0.153,0.111,-706,https://kabar-pelabuhan.example/fixture/metrik/2022-10-17,,2026-09-09,2026-09-09T00:00:00+07:00,2026-09-09T00:00:00+07:00,danny2,True
kabar-pelabuhan.example,Makassar,2022-10-24,28,0.146,0.15,-699,https://kabar-pelabuhan.example/fixture/metrik/2022-10-24,,2026-09-09,2026-09-09T00:00:00+07:00,2026-09-09T00:00:00+07:00,danny2,True
kabar-pelabuhan.example,Makassar,2022-10-31,14,0.132,0.201,-692,https://kabar-pelabuhan.example/fixture/metrik/2022-10-31,,2026-09-09,2026-09-09T00:00:00+07:00,2026-09-09T00:00:00+07:00,danny2,True
kabar-pelabuhan.example,Makassar,2022-11-07,31,0.166,0.137,-685,https://kabar-pelabuhan.example/fixture/metrik/2022-11-07,,2026-09-09,2026-09-09T00:00:00+07:00,2026-09-09T00:00:00+07:00,danny2,True
kabar-pelabuhan.example,Makassar,2022-11-14,21,0.149,0.198,-678,https://kabar-pelabuhan.example/fixture/metrik/2022-11-14,,2026-09-09,2026-09-09T00:00:00+07:00,2026-09-09T00:00:00+07:00,danny2,True
kabar-pelabuhan.example,Makassar,2022-11-21,18,0.176,0.164,-671,https://kabar-pelabuhan.example/fixture/metrik/2022-11-21,,2026-09-09,2026-09-09T00:00:00+07:00,2026-09-09T00:00:00+07:00,danny2,True
kabar-pelabuhan.example,Makassar,2022-11-28,34,0.188,0.201,-664,https://kabar-pelabuhan.example/fixture/metrik/2022-11-28,,2026-09-09,2026-09-09T00:00:00+07:00,2026-09-09T00:00:00+07:00,danny2,True
kabar-pelabuhan.example,Makassar,2022-12-05,16,0.148,0.157,-657,https://kabar-pelabuhan.example/fixture/metrik/2022-12-05,,2026-09-09,2026-09-09T00:00:00+07:00,2026-09-09T00:00:00+07:00,danny2,True
kabar-pelabuhan.example,Makassar,2022-12-12,27,0.186,0.195,-650,https://kabar-pelabuhan.example/fixture/metrik/2022-12-12,,2026-09-09,2026-09-09T00:00:00+07:00,2026-09-09T00:00:00+07:00,danny2,True
kabar-pelabuhan.example,Makassar,2022-12-19,18,0.149,0.125,-643,https://kabar-pelabuhan.example/fixture/metrik/2022-12-19,,2026-09-09,2026-09-09T00:00:00+07:00,2026-09-09T00:00:00+07:00,danny2,True
kabar-pelabuhan.example,Makassar,2022-12-26,18,0.15,0.17,-636,https://kabar-pelabuhan.example/fixture/metrik/2022-12-26,,2026-09-09,2026-09-09T00:00:00+07:00,2026-09-09T00:00:00+07:00,danny2,True
kabar-pelabuhan.example,Makassar,2023-01-02,18,0.096,0.173,-629,https://kabar-pelabuhan.example/fixture/metrik/2023-01-02,,2026-09-09,2026-09-09T00:00:00+07:00,2026-09-09T00:00:00+07:00,danny2,True
kabar-pelabuhan.example,Makassar,2023-01-09,26,0.124,0.221,-622,https://kabar-pelabuhan.example/fixture/metrik/2023-01-09,,2026-09-09,2026-09-09T00:00:00+07:00,2026-09-09T00:00:00+07:00,danny2,True
kabar-pelabuhan.example,Makassar,2023-01-16,29,0.199,0.229,-615,https://kabar-pelabuhan.example/fixture/metrik/2023-01-16,,2026-09-09,2026-09-09T00:00:00+07:00,2026-09-09T00:00:00+07:00,danny2,True
kabar-pelabuhan.example,Makassar,2023-01-23,8,0.202,0.091,-608,https://kabar-pelabuhan.example/fixture/metrik/2023-01-23,,2026-09-09,2026-09-09T00:00:00+07:00,2026-09-09T00:00:00+07:00,danny2,True
kabar-pelabuhan.example,Makassar,2023-01-30,25,0.153,0.198,-601,https://kabar-pelabuhan.example/fixture/metrik/2023-01-30,,2026-09-09,2026-09-09T00:00:00+07:00,2026-09-09T00:00:00+07:00,danny2,True
kabar-pelabuhan.example,Makassar,2023-02-06,10,0.171,0.194,-594,https://kabar-pelabuhan.example/fixture/metrik/2023-02-06,,2026-09-09,2026-09-09T00:00:00+07:00,2026-09-09T00:00:00+07:00,danny2,True
kabar-pelabuhan.example,Makassar,2023-02-13,18,0.137,0.161,-587,https://kabar-pelabuhan.example/fixture/metrik/2023-02-13,,2026-09-09,2026-09-09T00:00:00+07:00,2026-09-09T00:00:00+07:00,danny2,True
kabar-pelabuhan.example,Makassar,2023-02-20,9,0.119,0.239,-580,https://kabar-pelabuhan.example/fixture/metrik/2023-02-20,,2026-09-09,2026-09-09T00:00:00+07:00,2026-09-09T00:00:00+07:00,danny2,True
kabar-pelabuhan.example,Makassar,2023-02-27,14,0.162,0.2,-573,https://kabar-pelabuhan.example/fixture/metrik/2023-02-27,,2026-09-09,2026-09-09T00:00:00+07:00,2026-09-09T00:00:00+07:00,danny2,True
kabar-pelabuhan.example,Makassar,2023-03-06,15,0.117,0.203,-566,https://kabar-pelabuhan.example/fixture/metrik/2023-03-06,,2026-09-09,2026-09-09T00:00:00+07:00,2026-09-09T00:00:00+07:00,danny2,True
kabar-pelabuhan.example,Makassar,2023-03-13,19,0.161,0.23,-559,https://kabar-pelabuhan.example/fixture/metrik/2023-03-13,,2026-09-09,2026-09-09T00:00:00+07:00,2026-09-09T00:00:00+07:00,danny2,True
kabar-pelabuhan.example,Makassar,2023-03-20,26,0.191,0.17,-552,https://kabar-pelabuhan.example/fixture/metrik/2023-03-20,,2026-09-09,2026-09-09T00:00:00+07:00,2026-09-09T00:00:00+07:00,danny2,True
kabar-pelabuhan.example,Makassar,2023-03-27,20,0.185,0.171,-545,https://kabar-pelabuhan.example/fixture/metrik/2023-03-27,,2026-09-09,2026-09-09T00:00:00+07:00,2026-09-09T00:00:00+07:00,danny2,True
kabar-pelabuhan.example,Makassar,2023-04-03,15,0.173,0.159,-538,https://kabar-pelabuhan.example/fixture/metrik/2023-04-03,,2026-09-09,2026-09-09T00:00:00+07:00,2026-09-09T00:00:00+07:00,danny2,True
kabar-pelabuhan.example,Makassar,2023-04-10,18,0.152,0.193,-531,https://kabar-pelabuhan.example/fixture/metrik/2023-04-10,,2026-09-09,2026-09-09T00:00:00+07:00,2026-09-09T00:00:00+07:00,danny2,True
kabar-pelabuhan.example,Makassar,2023-04-17,31,0.17,0.192,-524,https://kabar-pelabuhan.example/fixture/metrik/2023-04-17,,2026-09-09,2026-09-09T00:00:00+07:00,2026-09-09T00:00:00+07:00,danny2,True
kabar-pelabuhan.example,Makassar,2023-04-24,21,0.141,0.215,-517,https://kabar-pelabuhan.example/fixture/metrik/2023-04-24,,2026-09-09,2026-09-09T00:00:00+07:00,2026-09-09T00:00:00+07:00,danny2,True
kabar-pelabuhan.example,Makassar,2023-05-01,18,0.138,0.176,-510,https://kabar-pelabuhan.example/fixture/metrik/2023-05-01,,2026-09-09,2026-09-09T00:00:00+07:00,2026-09-09T00:00:00+07:00,danny2,True
kabar-pelabuhan.example,Makassar,2023-05-08,24,0.174,0.213,-503,https://kabar-pelabuhan.example/fixture/metrik/2023-05-08,,2026-09-09,2026-09-09T00:00:00+07:00,2026-09-09T00:00:00+07:00,danny2,True
kabar-pelabuhan.example,Makassar,2023-05-15,30,0.177,0.09,-496,https://kabar-pelabuhan.example/fixture/metrik/2023-05-15,,2026-09-09,2026-09-09T00:00:00+07:00,2026-09-09T00:00:00+07:00,danny2,True
kabar-pelabuhan.example,Makassar,2023-05-22,22,0.194,0.23,-489,https://kabar-pelabuhan.example/fixture/metrik/2023-05-22,,2026-09-09,2026-09-09T00:00:00+07:00,2026-09-09T00:00:00+07:00,danny2,True
kabar-pelabuhan.example,Makassar,2023-05-29,13,0.155,0.171,-482,https://kabar-pelabuhan.example/fixture/metrik/2023-05-29,,2026-09-09,2026-09-09T00:00:00+07:00,2026-09-09T00:00:00+07:00,danny2,True
kabar-pelabuhan.example,Makassar,2023-06-05,20,0.194,0.163,-475,https://kabar-pelabuhan.example/fixture/metrik/2023-06-05,,2026-09-09,2026-09-09T00:00:00+07:00,2026-09-09T00:00:00+07:00,danny2,True
kabar-pelabuhan.example,Makassar,2023-06-12,17,0.142,0.133,-468,https://kabar-pelabuhan.example/fixture/metrik/2023-06-12,,2026-09-09,2026-09-09T00:00:00+07:00,2026-09-09T00:00:00+07:00,danny2,True
kabar-pelabuhan.example,Makassar,2023-06-19,16,0.175,0.205,-461,https://kabar-pelabuhan.example/fixture/metrik/2023-06-19,,2026-09-09,2026-09-09T00:00:00+07:00,2026-09-09T00:00:00+07:00,danny2,True
kabar-pelabuhan.example,Makassar,2023-06-26,15,0.166,0.172,-454,https://kabar-pelabuhan.example/fixture/metrik/2023-06-26,,2026-09-09,2026-09-09T00:00:00+07:00,2026-09-09T00:00:00+07:00,danny2,True
kabar-pelabuhan.example,Makassar,2023-07-03,22,0.17,0.187,-447,https://kabar-pelabuhan.example/fixture/metrik/2023-07-03,,2026-09-09,2026-09-09T00:00:00+07:00,2026-09-09T00:00:00+07:00,danny2,True
kabar-pelabuhan.example,Makassar,2023-07-10,19,0.144,0.031,-440,https://kabar-pelabuhan.example/fixture/metrik/2023-07-10,,2026-09-09,2026-09-09T00:00:00+07:00,2026-09-09T00:00:00+07:00,danny2,True
kabar-pelabuhan.example,Makassar,2023-07-17,12,0.164,0.343,-433,https://kabar-pelabuhan.example/fixture/metrik/2023-07-17,,2026-09-09,2026-09-09T00:00:00+07:00,2026-09-09T00:00:00+07:00,danny2,True
kabar-pelabuhan.example,Makassar,2023-07-24,30,0.124,0.192,-426,https://kabar-pelabuhan.example/fixture/metrik/2023-07-24,,2026-09-09,2026-09-09T00:00:00+07:00,2026-09-09T00:00:00+07:00,danny2,True
kabar-pelabuhan.example,Makassar,2023-07-31,15,0.148,0.111,-419,https://kabar-pelabuhan.example/fixture/metrik/2023-07-31,,2026-09-09,2026-09-09T00:00:00+07:00,2026-09-09T00:00:00+07:00,danny2,True
kabar-pelabuhan.example,Makassar,2023-08-07,21,0.082,0.16,-412,https://kabar-pelabuhan.example/fixture/metrik/2023-08-07,,2026-09-09,2026-09-09T00:00:00+07:00,2026-09-09T00:00:00+07:00,danny2,True
kabar-pelabuhan.example,Makassar,2023-08-14,10,0.118,0.099,-405,https://kabar-pelabuhan.example/fixture/metrik/2023-08-14,,2026-09-09,2026-09-09T00:00:00+07:00,2026-09-09T00:00:00+07:00,danny2,True
kabar-pelabuhan.example,Makassar,2023-08-21,20,0.185,0.161,-398,https://kabar-pelabuhan.example/fixture/metrik/2023-08-21,,2026-09-09,2026-09-09T00:00:00+07:00,2026-09-09T00:00:00+07:00,danny2,True
kabar-pelabuhan.example,Makassar,2023-08-28,22,0.154,0.22,-391,https://kabar-pelabuhan.example/fixture/metrik/2023-08-28,,2026-09-09,2026-09-09T00:00:00+07:00,2026-09-09T00:00:00+07:00,danny2,True
kabar-pelabuhan.example,Makassar,2023-09-04,39,0.152,0.147,-384,https://kabar-pelabuhan.example/fixture/metrik/2023-09-04,,2026-09-09,2026-09-09T00:00:00+07:00,2026-09-09T00:00:00+07:00,danny2,True
kabar-pelabuhan.example,Makassar,2023-09-11,31,0.183,0.168,-377,https://kabar-pelabuhan.example/fixture/metrik/2023-09-11,,2026-09-09,2026-09-09T00:00:00+07:00,2026-09-09T00:00:00+07:00,danny2,True
kabar-pelabuhan.example,Makassar,2023-09-18,10,0.162,0.159,-370,https://kabar-pelabuhan.example/fixture/metrik/2023-09-18,,2026-09-09,2026-09-09T00:00:00+07:00,2026-09-09T00:00:00+07:00,danny2,True
kabar-pelabuhan.example,Makassar,2023-09-25,15,0.188,0.175,-363,https://kabar-pelabuhan.example/fixture/metrik/2023-09-25,,2026-09-09,2026-09-09T00:00:00+07:00,2026-09-09T00:00:00+07:00,danny2,True
kabar-pelabuhan.example,Makassar,2023-10-02,22,0.176,0.179,-356,https://kabar-pelabuhan.example/fixture/metrik/2023-10-02,,2026-09-09,2026-09-09T00:00:00+07:00,2026-09-09T00:00:00+07:00,danny2,True
kabar-pelabuhan.example,Makassar,2023-10-09,28,0.163,0.265,-349,https://kabar-pelabuhan.example/fixture/metrik/2023-10-09,,2026-09-09,2026-09-09T00:00:00+07:00,2026-09-09T00:00:00+07:00,danny2,True
kabar-pelabuhan.example,Makassar,2023-10-16,14,0.085,0.2,-342,https://kabar-pelabuhan.example/fixture/metrik/2023-10-16,,2026-09-09,2026-09-09T00:00:00+07:00,2026-09-09T00:00:00+07:00,danny2,True
kabar-pelabuhan.example,Makassar,2023-10-23,25,0.184,0.183,-335,https://kabar-pelabuhan.example/fixture/metrik/2023-10-23,,2026-09-09,2026-09-09T00:00:00+07:00,2026-09-09T00:00:00+07:00,danny2,True
kabar-pelabuhan.example,Makassar,2023-10-30,25,0.128,0.129,-328,https://kabar-pelabuhan.example/fixture/metrik/2023-10-30,,2026-09-09,2026-09-09T00:00:00+07:00,2026-09-09T00:00:00+07:00,danny2,True
kabar-pelabuhan.example,Makassar,2023-11-06,24,0.19,0.223,-321,https://kabar-pelabuhan.example/fixture/metrik/2023-11-06,,2026-09-09,2026-09-09T00:00:00+07:00,2026-09-09T00:00:00+07:00,danny2,True
kabar-pelabuhan.example,Makassar,2023-11-13,28,0.195,0.131,-314,https://kabar-pelabuhan.example/fixture/metrik/2023-11-13,,2026-09-09,2026-09-09T00:00:00+07:00,2026-09-09T00:00:00+07:00,danny2,True
kabar-pelabuhan.example,Makassar,2023-11-20,12,0.107,0.22,-307,https://kabar-pelabuhan.example/fixture/metrik/2023-11-20,,2026-09-09,2026-09-09T00:00:00+07:00,2026-09-09T00:00:00+07:00,danny2,True
kabar-pelabuhan.example,Makassar,2023-11-27,27,0.181,0.117,-300,https://kabar-pelabuhan.example/fixture/metrik/2023-11-27,,2026-09-09,2026-09-09T00:00:00+07:00,2026-09-09T00:00:00+07:00,danny2,True
kabar-pelabuhan.example,Makassar,2023-12-04,24,0.158,0.096,-293,https://kabar-pelabuhan.example/fixture/metrik/2023-12-04,,2026-09-09,2026-09-09T00:00:00+07:00,2026-09-09T00:00:00+07:00,danny2,True
kabar-pelabuhan.example,Makassar,2023-12-11,24,0.141,0.165,-286,https://kabar-pelabuhan.example/fixture/metrik/2023-12-11,,2026-09-09,2026-09-09T00:00:00+07:00,2026-09-09T00:00:00+07:00,danny2,True
kabar-pelabuhan.example,Makassar,2023-12-18,28,0.156,0.221,-279,https://kabar-pelabuhan.example/fixture/metrik/2023-12-18,,2026-09-09,2026-09-09T00:00:00+07:00,2026-09-09T00:00:00+07:00,danny2,True
kabar-pelabuhan.example,Makassar,2023-12-25,13,0.119,0.123,-272,https://kabar-pelabuhan.example/fixture/metrik/2023-12-25,,2026-09-09,2026-09-09T00:00:00+07:00,2026-09-09T00:00:00+07:00,danny2,True
kabar-pelabuhan.example,Makassar,2024-01-01,20,0.13,0.207,-265,https://kabar-pelabuhan.example/fixture/metrik/2024-01-01,,2026-09-09,2026-09-09T00:00:00+07:00,2026-09-09T00:00:00+07:00,danny2,True
kabar-pelabuhan.example,Makassar,2024-01-08,10,0.179,0.111,-258,https://kabar-pelabuhan.example/fixture/metrik/2024-01-08,,2026-09-09,2026-09-09T00:00:00+07:00,2026-09-09T00:00:00+07:00,danny2,True
kabar-pelabuhan.example,Makassar,2024-01-15,20,0.23,0.185,-251,https://kabar-pelabuhan.example/fixture/metrik/2024-01-15,,2026-09-09,2026-09-09T00:00:00+07:00,2026-09-09T00:00:00+07:00,danny2,True
kabar-pelabuhan.example,Makassar,2024-01-22,17,0.155,0.178,-244,https://kabar-pelabuhan.example/fixture/metrik/2024-01-22,,2026-09-09,2026-09-09T00:00:00+07:00,2026-09-09T00:00:00+07:00,danny2,True
kabar-pelabuhan.example,Makassar,2024-01-29,24,0.128,0.109,-237,https://kabar-pelabuhan.example/fixture/metrik/2024-01-29,,2026-09-09,2026-09-09T00:00:00+07:00,2026-09-09T00:00:00+07:00,danny2,True
kabar-pelabuhan.example,Makassar,2024-02-05,25,0.172,0.207,-230,https://kabar-pelabuhan.example/fixture/metrik/2024-02-05,,2026-09-09,2026-09-09T00:00:00+07:00,2026-09-09T00:00:00+07:00,danny2,True
kabar-pelabuhan.example,Makassar,2024-02-12,22,0.16,0.159,-223,https://kabar-pelabuhan.example/fixture/metrik/2024-02-12,,2026-09-09,2026-09-09T00:00:00+07:00,2026-09-09T00:00:00+07:00,danny2,True
kabar-pelabuhan.example,Makassar,2024-02-19,17,0.146,0.206,-216,https://kabar-pelabuhan.example/fixture/metrik/2024-02-19,,2026-09-09,2026-09-09T00:00:00+07:00,2026-09-09T00:00:00+07:00,danny2,True
kabar-pelabuhan.example,Makassar,2024-02-26,29,0.15,0.083,-209,https://kabar-pelabuhan.example/fixture/metrik/2024-02-26,,2026-09-09,2026-09-09T00:00:00+07:00,2026-09-09T00:00:00+07:00,danny2,True
kabar-pelabuhan.example,Makassar,2024-03-04,27,0.169,0.265,-202,https://kabar-pelabuhan.example/fixture/metrik/2024-03-04,,2026-09-09,2026-09-09T00:00:00+07:00,2026-09-09T00:00:00+07:00,danny2,True
kabar-pelabuhan.example,Makassar,2024-03-11,22,0.133,0.14,-195,https://kabar-pelabuhan.example/fixture/metrik/2024-03-11,,2026-09-09,2026-09-09T00:00:00+07:00,2026-09-09T00:00:00+07:00,danny2,True
kabar-pelabuhan.example,Makassar,2024-03-18,23,0.145,0.209,-188,https://kabar-pelabuhan.example/fixture/metrik/2024-03-18,,2026-09-09,2026-09-09T00:00:00+07:00,2026-09-09T00:00:00+07:00,danny2,True
kabar-pelabuhan.example,Makassar,2024-03-25,16,0.184,0.113,-181,https://kabar-pelabuhan.example/fixture/metrik/2024-03-25,,2026-09-09,2026-09-09T00:00:00+07:00,2026-09-09T00:00:00+07:00,danny2,True
kabar-pelabuhan.example,Makassar,2024-04-01,12,0.198,0.162,-174,https://kabar-pelabuhan.example/fixture/metrik/2024-04-01,,2026-09-09,2026-09-09T00:00:00+07:00,2026-09-09T00:00:00+07:00,danny2,True
kabar-pelabuhan.example,Makassar,2024-04-08,15,0.153,0.129,-167,https://kabar-pelabuhan.example/fixture/metrik/2024-04-08,,2026-09-09,2026-09-09T00:00:00+07:00,2026-09-09T00:00:00+07:00,danny2,True
kabar-pelabuhan.example,Makassar,2024-04-15,16,0.231,0.144,-160,https://kabar-pelabuhan.example/fixture/metrik/2024-04-15,,2026-09-09,2026-09-09T00:00:00+07:00,2026-09-09T00:00:00+07:00,danny2,True
kabar-pelabuhan.example,Makassar,2024-04-22,15,0.171,0.204,-153,https://kabar-pelabuhan.example/fixture/metrik/2024-04-22,,2026-09-09,2026-09-09T00:00:00+07:00,2026-09-09T00:00:00+07:00,danny2,True
kabar-pelabuhan.example,Makassar,2024-04-29,27,0.165,0.172,-146,https://kabar-pelabuhan.example/fixture/metrik/2024-04-29,,2026-09-09,2026-09-09T00:00:00+07:00,2026-09-09T00:00:00+07:00,danny2,True
kabar-pelabuhan.example,Makassar,2024-05-06,11,0.179,0.168,-139,https://kabar-pelabuhan.example/fixture/metrik/2024-05-06,,2026-09-09,2026-09-09T00:00:00+07:00,2026-09-09T00:00:00+07:00,danny2,True
kabar-pelabuhan.example,Makassar,2024-05-13,32,0.258,0.211,-132,https://kabar-pelabuhan.example/fixture/metrik/2024-05-13,,2026-09-09,2026-09-09T00:00:00+07:00,2026-09-09T00:00:00+07:00,danny2,True
kabar-pelabuhan.example,Makassar,2024-05-20,28,0.206,0.111,-125,https://kabar-pelabuhan.example/fixture/metrik/2024-05-20,,2026-09-09,2026-09-09T00:00:00+07:00,2026-09-09T00:00:00+07:00,danny2,True
kabar-pelabuhan.example,Makassar,2024-05-27,11,0.238,0.198,-118,https://kabar-pelabuhan.example/fixture/metrik/2024-05-27,,2026-09-09,2026-09-09T00:00:00+07:00,2026-09-09T00:00:00+07:00,danny2,True
kabar-pelabuhan.example,Makassar,2024-06-03,14,0.296,0.184,-111,https://kabar-pelabuhan.example/fixture/metrik/2024-06-03,,2026-09-09,2026-09-09T00:00:00+07:00,2026-09-09T00:00:00+07:00,danny2,True
kabar-pelabuhan.example,Makassar,2024-06-10,25,0.235,0.153,-104,https://kabar-pelabuhan.example/fixture/metrik/2024-06-10,,2026-09-09,2026-09-09T00:00:00+07:00,2026-09-09T00:00:00+07:00,danny2,True
kabar-pelabuhan.example,Makassar,2024-06-17,31,0.223,0.14,-97,https://kabar-pelabuhan.example/fixture/metrik/2024-06-17,,2026-09-09,2026-09-09T00:00:00+07:00,2026-09-09T00:00:00+07:00,danny2,True
kabar-pelabuhan.example,Makassar,2024-06-24,32,0.226,0.083,-90,https://kabar-pelabuhan.example/fixture/metrik/2024-06-24,,2026-09-09,2026-09-09T00:00:00+07:00,2026-09-09T00:00:00+07:00,danny2,True
kabar-pelabuhan.example,Makassar,2024-07-01,24,0.312,0.308,-83,https://kabar-pelabuhan.example/fixture/metrik/2024-07-01,,2026-09-09,2026-09-09T00:00:00+07:00,2026-09-09T00:00:00+07:00,danny2,True
kabar-pelabuhan.example,Makassar,2024-07-08,23,0.199,0.212,-76,https://kabar-pelabuhan.example/fixture/metrik/2024-07-08,,2026-09-09,2026-09-09T00:00:00+07:00,2026-09-09T00:00:00+07:00,danny2,True
kabar-pelabuhan.example,Makassar,2024-07-15,12,0.285,0.144,-69,https://kabar-pelabuhan.example/fixture/metrik/2024-07-15,,2026-09-09,2026-09-09T00:00:00+07:00,2026-09-09T00:00:00+07:00,danny2,True
kabar-pelabuhan.example,Makassar,2024-07-22,23,0.33,0.166,-62,https://kabar-pelabuhan.example/fixture/metrik/2024-07-22,,2026-09-09,2026-09-09T00:00:00+07:00,2026-09-09T00:00:00+07:00,danny2,True
kabar-pelabuhan.example,Makassar,2024-07-29,19,0.302,0.242,-55,https://kabar-pelabuhan.example/fixture/metrik/2024-07-29,,2026-09-09,2026-09-09T00:00:00+07:00,2026-09-09T00:00:00+07:00,danny2,True
kabar-pelabuhan.example,Makassar,2024-08-05,17,0.293,0.17,-48,https://kabar-pelabuhan.example/fixture/metrik/2024-08-05,,2026-09-09,2026-09-09T00:00:00+07:00,2026-09-09T00:00:00+07:00,danny2,True
kabar-pelabuhan.example,Makassar,2024-08-12,19,0.302,0.151,-41,https://kabar-pelabuhan.example/fixture/metrik/2024-08-12,,2026-09-09,2026-09-09T00:00:00+07:00,2026-09-09T00:00:00+07:00,danny2,True
kabar-pelabuhan.example,Makassar,2024-08-19,13,0.376,0.107,-34,https://kabar-pelabuhan.example/fixture/metrik/2024-08-19,,2026-09-09,2026-09-09T00:00:00+07:00,2026-09-09T00:00:00+07:00,danny2,True
kabar-pelabuhan.example,Makassar,2024-08-26,14,0.239,0.169,-27,https://kabar-pelabuhan.example/fixture/metrik/2024-08-26,,2026-09-09,2026-09-09T00:00:00+07:00,2026-09-09T00:00:00+07:00,danny2,True
kabar-pelabuhan.example,Makassar,2024-09-02,17,0.256,0.187,-20,https://kabar-pelabuhan.example/fixture/metrik/2024-09-02,,2026-09-09,2026-09-09T00:00:00+07:00,2026-09-09T00:00:00+07:00,danny2,True
kabar-pelabuhan.example,Makassar,2024-09-09,24,0.233,0.243,-13,https://kabar-pelabuhan.example/fixture/metrik/2024-09-09,,2026-09-09,2026-09-09T00:00:00+07:00,2026-09-09T00:00:00+07:00,danny2,True
kabar-pelabuhan.example,Makassar,2024-09-16,28,0.245,0.217,-6,https://kabar-pelabuhan.example/fixture/metrik/2024-09-16,,2026-09-09,2026-09-09T00:00:00+07:00,2026-09-09T00:00:00+07:00,danny2,True
kabar-pelabuhan.example,Makassar,2024-09-23,26,0.261,0.203,1,https://kabar-pelabuhan.example/fixture/metrik/2024-09-23,,2026-09-09,2026-09-09T00:00:00+07:00,2026-09-09T00:00:00+07:00,danny2,True
kabar-pelabuhan.example,Makassar,2024-09-30,29,0.22,0.256,8,https://kabar-pelabuhan.example/fixture/metrik/2024-09-30,,2026-09-09,2026-09-09T00:00:00+07:00,2026-09-09T00:00:00+07:00,danny2,True
kabar-pelabuhan.example,Makassar,2024-10-07,35,0.183,0.165,15,https://kabar-pelabuhan.example/fixture/metrik/2024-10-07,,2026-09-09,2026-09-09T00:00:00+07:00,2026-09-09T00:00:00+07:00,danny2,True
kabar-pelabuhan.example,Makassar,2024-10-14,15,0.183,0.087,22,https://kabar-pelabuhan.example/fixture/metrik/2024-10-14,,2026-09-09,2026-09-09T00:00:00+07:00,2026-09-09T00:00:00+07:00,danny2,True
kabar-pelabuhan.example,Makassar,2024-10-21,22,0.202,0.12,29,https://kabar-pelabuhan.example/fixture/metrik/2024-10-21,,2026-09-09,2026-09-09T00:00:00+07:00,2026-09-09T00:00:00+07:00,danny2,True
kabar-pelabuhan.example,Makassar,2024-10-28,20,0.185,0.128,36,https://kabar-pelabuhan.example/fixture/metrik/2024-10-28,,2026-09-09,2026-09-09T00:00:00+07:00,2026-09-09T00:00:00+07:00,danny2,True
kabar-pelabuhan.example,Makassar,2024-11-04,27,0.117,0.261,43,https://kabar-pelabuhan.example/fixture/metrik/2024-11-04,,2026-09-09,2026-09-09T00:00:00+07:00,2026-09-09T00:00:00+07:00,danny2,True
kabar-pelabuhan.example,Makassar,2024-11-11,22,0.189,0.134,50,https://kabar-pelabuhan.example/fixture/metrik/2024-11-11,,2026-09-09,2026-09-09T00:00:00+07:00,2026-09-09T00:00:00+07:00,danny2,True
kabar-pelabuhan.example,Makassar,2024-11-18,26,0.133,0.11,57,https://kabar-pelabuhan.example/fixture/metrik/2024-11-18,,2026-09-09,2026-09-09T00:00:00+07:00,2026-09-09T00:00:00+07:00,danny2,True
kabar-pelabuhan.example,Makassar,2024-11-25,25,0.209,0.205,64,https://kabar-pelabuhan.example/fixture/metrik/2024-11-25,,2026-09-09,2026-09-09T00:00:00+07:00,2026-09-09T00:00:00+07:00,danny2,True
kabar-pelabuhan.example,Makassar,2024-12-02,17,0.157,0.199,71,https://kabar-pelabuhan.example/fixture/metrik/2024-12-02,,2026-09-09,2026-09-09T00:00:00+07:00,2026-09-09T00:00:00+07:00,danny2,True
kabar-pelabuhan.example,Makassar,2024-12-09,15,0.222,0.166,78,https://kabar-pelabuhan.example/fixture/metrik/2024-12-09,,2026-09-09,2026-09-09T00:00:00+07:00,2026-09-09T00:00:00+07:00,danny2,True
kabar-pelabuhan.example,Makassar,2024-12-16,36,0.15,0.31,85,https://kabar-pelabuhan.example/fixture/metrik/2024-12-16,,2026-09-09,2026-09-09T00:00:00+07:00,2026-09-09T00:00:00+07:00,danny2,True
kabar-pelabuhan.example,Makassar,2024-12-23,16,0.092,0.172,92,https://kabar-pelabuhan.example/fixture/metrik/2024-12-23,,2026-09-09,2026-09-09T00:00:00+07:00,2026-09-09T00:00:00+07:00,danny2,True
kabar-pelabuhan.example,Makassar,2024-12-30,25,0.14,0.163,99,https://kabar-pelabuhan.example/fixture/metrik/2024-12-30,,2026-09-09,2026-09-09T00:00:00+07:00,2026-09-09T00:00:00+07:00,danny2,True
kabar-pelabuhan.example,Makassar,2025-01-06,24,0.165,0.155,106,https://kabar-pelabuhan.example/fixture/metrik/2025-01-06,,2026-09-09,2026-09-09T00:00:00+07:00,2026-09-09T00:00:00+07:00,danny2,True
kabar-pelabuhan.example,Makassar,2025-01-13,21,0.093,0.16,113,https://kabar-pelabuhan.example/fixture/metrik/2025-01-13,,2026-09-09,2026-09-09T00:00:00+07:00,2026-09-09T00:00:00+07:00,danny2,True
kabar-pelabuhan.example,Makassar,2025-01-20,25,0.121,0.185,120,https://kabar-pelabuhan.example/fixture/metrik/2025-01-20,,2026-09-09,2026-09-09T00:00:00+07:00,2026-09-09T00:00:00+07:00,danny2,True
kabar-pelabuhan.example,Makassar,2025-01-27,34,0.16,0.182,127,https://kabar-pelabuhan.example/fixture/metrik/2025-01-27,,2026-09-09,2026-09-09T00:00:00+07:00,2026-09-09T00:00:00+07:00,danny2,True
kabar-pelabuhan.example,Makassar,2025-02-03,17,0.121,0.151,134,https://kabar-pelabuhan.example/fixture/metrik/2025-02-03,,2026-09-09,2026-09-09T00:00:00+07:00,2026-09-09T00:00:00+07:00,danny2,True
kabar-pelabuhan.example,Makassar,2025-02-10,19,0.162,0.158,141,https://kabar-pelabuhan.example/fixture/metrik/2025-02-10,,2026-09-09,2026-09-09T00:00:00+07:00,2026-09-09T00:00:00+07:00,danny2,True
kabar-pelabuhan.example,Makassar,2025-02-17,24,0.19,0.122,148,https://kabar-pelabuhan.example/fixture/metrik/2025-02-17,,2026-09-09,2026-09-09T00:00:00+07:00,2026-09-09T00:00:00+07:00,danny2,True
kabar-pelabuhan.example,Makassar,2025-02-24,10,0.15,0.166,155,https://kabar-pelabuhan.example/fixture/metrik/2025-02-24,,2026-09-09,2026-09-09T00:00:00+07:00,2026-09-09T00:00:00+07:00,appi,True
kabar-pelabuhan.example,Makassar,2025-03-03,19,0.1,0.133,162,https://kabar-pelabuhan.example/fixture/metrik/2025-03-03,,2026-09-09,2026-09-09T00:00:00+07:00,2026-09-09T00:00:00+07:00,appi,True
kabar-pelabuhan.example,Makassar,2025-03-10,21,0.175,0.125,169,https://kabar-pelabuhan.example/fixture/metrik/2025-03-10,,2026-09-09,2026-09-09T00:00:00+07:00,2026-09-09T00:00:00+07:00,appi,True
kabar-pelabuhan.example,Makassar,2025-03-17,10,0.155,0.102,176,https://kabar-pelabuhan.example/fixture/metrik/2025-03-17,,2026-09-09,2026-09-09T00:00:00+07:00,2026-09-09T00:00:00+07:00,appi,True
kabar-pelabuhan.example,Makassar,2025-03-24,17,0.174,0.104,183,https://kabar-pelabuhan.example/fixture/metrik/2025-03-24,,2026-09-09,2026-09-09T00:00:00+07:00,2026-09-09T00:00:00+07:00,appi,True
kabar-pelabuhan.example,Makassar,2025-03-31,21,0.15,0.279,190,https://kabar-pelabuhan.example/fixture/metrik/2025-03-31,,2026-09-09,2026-09-09T00:00:00+07:00,2026-09-09T00:00:00+07:00,appi,True
kabar-pelabuhan.example,Makassar,2025-04-07,27,0.132,0.165,197,https://kabar-pelabuhan.example/fixture/metrik/2025-04-07,,2026-09-09,2026-09-09T00:00:00+07:00,2026-09-09T00:00:00+07:00,appi,True
kabar-pelabuhan.example,Makassar,2025-04-14,19,0.167,0.107,204,https://kabar-pelabuhan.example/fixture/metrik/2025-04-14,,2026-09-09,2026-09-09T00:00:00+07:00,2026-09-09T00:00:00+07:00,appi,True
kabar-pelabuhan.example,Makassar,2025-04-21,23,0.131,0.088,211,https://kabar-pelabuhan.example/fixture/metrik/2025-04-21,,2026-09-09,2026-09-09T00:00:00+07:00,2026-09-09T00:00:00+07:00,appi,True
kabar-pelabuhan.example,Makassar,2025-04-28,17,0.16,0.174,218,https://kabar-pelabuhan.example/fixture/metrik/2025-04-28,,2026-09-09,2026-09-09T00:00:00+07:00,2026-09-09T00:00:00+07:00,appi,True
kabar-pelabuhan.example,Makassar,2025-05-05,16,0.131,0.224,225,https://kabar-pelabuhan.example/fixture/metrik/2025-05-05,,2026-09-09,2026-09-09T00:00:00+07:00,2026-09-09T00:00:00+07:00,appi,True
kabar-pelabuhan.example,Makassar,2025-05-12,9,0.102,0.252,232,https://kabar-pelabuhan.example/fixture/metrik/2025-05-12,,2026-09-09,2026-09-09T00:00:00+07:00,2026-09-09T00:00:00+07:00,appi,True
kabar-pelabuhan.example,Makassar,2025-05-19,15,0.176,0.198,239,https://kabar-pelabuhan.example/fixture/metrik/2025-05-19,,2026-09-09,2026-09-09T00:00:00+07:00,2026-09-09T00:00:00+07:00,appi,True
kabar-pelabuhan.example,Makassar,2025-05-26,22,0.141,0.104,246,https://kabar-pelabuhan.example/fixture/metrik/2025-05-26,,2026-09-09,2026-09-09T00:00:00+07:00,2026-09-09T00:00:00+07:00,appi,True
kabar-pelabuhan.example,Makassar,2025-06-02,9,0.186,0.18,253,https://kabar-pelabuhan.example/fixture/metrik/2025-06-02,,2026-09-09,2026-09-09T00:00:00+07:00,2026-09-09T00:00:00+07:00,appi,True
kabar-pelabuhan.example,Makassar,2025-06-09,14,0.172,0.187,260,https://kabar-pelabuhan.example/fixture/metrik/2025-06-09,,2026-09-09,2026-09-09T00:00:00+07:00,2026-09-09T00:00:00+07:00,appi,True
kabar-pelabuhan.example,Makassar,2025-06-16,23,0.152,0.262,267,https://kabar-pelabuhan.example/fixture/metrik/2025-06-16,,2026-09-09,2026-09-09T00:00:00+07:00,2026-09-09T00:00:00+07:00,appi,True
kabar-pelabuhan.example,Makassar,2025-06-23,20,0.07,0.259,274,https://kabar-pelabuhan.example/fixture/metrik/2025-06-23,,2026-09-09,2026-09-09T00:00:00+07:00,2026-09-09T00:00:00+07:00,appi,True
kabar-pelabuhan.example,Makassar,2025-06-30,7,0.088,0.139,281,https://kabar-pelabuhan.example/fixture/metrik/2025-06-30,,2026-09-09,2026-09-09T00:00:00+07:00,2026-09-09T00:00:00+07:00,appi,True
kabar-pelabuhan.example,Makassar,2025-07-07,20,0.179,0.188,288,https://kabar-pelabuhan.example/fixture/metrik/2025-07-07,,2026-09-09,2026-09-09T00:00:00+07:00,2026-09-09T00:00:00+07:00,appi,True
kabar-pelabuhan.example,Makassar,2025-07-14,14,0.158,0.15,295,https://kabar-pelabuhan.example/fixture/metrik/2025-07-14,,2026-09-09,2026-09-09T00:00:00+07:00,2026-09-09T00:00:00+07:00,appi,True
kabar-pelabuhan.example,Makassar,2025-07-21,17,0.152,0.18,302,https://kabar-pelabuhan.example/fixture/metrik/2025-07-21,,2026-09-09,2026-09-09T00:00:00+07:00,2026-09-09T00:00:00+07:00,appi,True
kabar-pelabuhan.example,Makassar,2025-07-28,11,0.17,0.117,309,https://kabar-pelabuhan.example/fixture/metrik/2025-07-28,,2026-09-09,2026-09-09T00:00:00+07:00,2026-09-09T00:00:00+07:00,appi,True
kabar-pelabuhan.example,Makassar,2025-08-04,15,0.161,0.198,316,https://kabar-pelabuhan.example/fixture/metrik/2025-08-04,,2026-09-09,2026-09-09T00:00:00+07:00,2026-09-09T00:00:00+07:00,appi,True
kabar-pelabuhan.example,Makassar,2025-08-11,3,0.103,0.261,323,https://kabar-pelabuhan.example/fixture/metrik/2025-08-11,,2026-09-09,2026-09-09T00:00:00+07:00,2026-09-09T00:00:00+07:00,appi,True
kabar-pelabuhan.example,Makassar,2025-08-18,19,0.121,0.198,330,https://kabar-pelabuhan.example/fixture/metrik/2025-08-18,,2026-09-09,2026-09-09T00:00:00+07:00,2026-09-09T00:00:00+07:00,appi,True
kabar-pelabuhan.example,Makassar,2025-08-25,37,0.114,0.192,337,https://kabar-pelabuhan.example/fixture/metrik/2025-08-25,,2026-09-09,2026-09-09T00:00:00+07:00,2026-09-09T00:00:00+07:00,appi,True
kabar-pelabuhan.example,Makassar,2025-09-01,13,0.176,0.098,344,https://kabar-pelabuhan.example/fixture/metrik/2025-09-01,,2026-09-09,2026-09-09T00:00:00+07:00,2026-09-09T00:00:00+07:00,appi,True
kabar-pelabuhan.example,Makassar,2025-09-08,26,0.122,0.115,351,https://kabar-pelabuhan.example/fixture/metrik/2025-09-08,,2026-09-09,2026-09-09T00:00:00+07:00,2026-09-09T00:00:00+07:00,appi,True
kabar-pelabuhan.example,Makassar,2025-09-15,10,0.138,0.149,358,https://kabar-pelabuhan.example/fixture/metrik/2025-09-15,,2026-09-09,2026-09-09T00:00:00+07:00,2026-09-09T00:00:00+07:00,appi,True
kabar-pelabuhan.example,Makassar,2025-09-22,38,0.118,0.141,365,https://kabar-pelabuhan.example/fixture/metrik/2025-09-22,,2026-09-09,2026-09-09T00:00:00+07:00,2026-09-09T00:00:00+07:00,appi,True
kabar-pelabuhan.example,Makassar,2025-09-29,27,0.188,0.188,372,https://kabar-pelabuhan.example/fixture/metrik/2025-09-29,,2026-09-09,2026-09-09T00:00:00+07:00,2026-09-09T00:00:00+07:00,appi,True
kabar-pelabuhan.example,Makassar,2025-10-06,24,0.167,0.173,379,https://kabar-pelabuhan.example/fixture/metrik/2025-10-06,,2026-09-09,2026-09-09T00:00:00+07:00,2026-09-09T00:00:00+07:00,appi,True
kabar-pelabuhan.example,Makassar,2025-10-13,14,0.172,0.217,386,https://kabar-pelabuhan.example/fixture/metrik/2025-10-13,,2026-09-09,2026-09-09T00:00:00+07:00,2026-09-09T00:00:00+07:00,appi,True
kabar-pelabuhan.example,Makassar,2025-10-20,13,0.126,0.126,393,https://kabar-pelabuhan.example/fixture/metrik/2025-10-20,,2026-09-09,2026-09-09T00:00:00+07:00,2026-09-09T00:00:00+07:00,appi,True
kabar-pelabuhan.example,Makassar,2025-10-27,32,0.161,0.222,400,https://kabar-pelabuhan.example/fixture/metrik/2025-10-27,,2026-09-09,2026-09-09T00:00:00+07:00,2026-09-09T00:00:00+07:00,appi,True
kabar-pelabuhan.example,Makassar,2025-11-03,26,0.147,0.079,407,https://kabar-pelabuhan.example/fixture/metrik/2025-11-03,,2026-09-09,2026-09-09T00:00:00+07:00,2026-09-09T00:00:00+07:00,appi,True
kabar-pelabuhan.example,Makassar,2025-11-10,29,0.113,0.241,414,https://kabar-pelabuhan.example/fixture/metrik/2025-11-10,,2026-09-09,2026-09-09T00:00:00+07:00,2026-09-09T00:00:00+07:00,appi,True
kabar-pelabuhan.example,Makassar,2025-11-17,30,0.103,0.249,421,https://kabar-pelabuhan.example/fixture/metrik/2025-11-17,,2026-09-09,2026-09-09T00:00:00+07:00,2026-09-09T00:00:00+07:00,appi,True
kabar-pelabuhan.example,Makassar,2025-11-24,20,0.093,0.232,428,https://kabar-pelabuhan.example/fixture/metrik/2025-11-24,,2026-09-09,2026-09-09T00:00:00+07:00,2026-09-09T00:00:00+07:00,appi,True
kabar-pelabuhan.example,Makassar,2025-12-01,24,0.204,0.222,435,https://kabar-pelabuhan.example/fixture/metrik/2025-12-01,,2026-09-09,2026-09-09T00:00:00+07:00,2026-09-09T00:00:00+07:00,appi,True
kabar-pelabuhan.example,Makassar,2025-12-08,31,0.145,0.108,442,https://kabar-pelabuhan.example/fixture/metrik/2025-12-08,,2026-09-09,2026-09-09T00:00:00+07:00,2026-09-09T00:00:00+07:00,appi,True
kabar-pelabuhan.example,Makassar,2025-12-15,13,0.084,0.137,449,https://kabar-pelabuhan.example/fixture/metrik/2025-12-15,,2026-09-09,2026-09-09T00:00:00+07:00,2026-09-09T00:00:00+07:00,appi,True
kabar-pelabuhan.example,Makassar,2025-12-22,20,0.191,0.083,456,https://kabar-pelabuhan.example/fixture/metrik/2025-12-22,,2026-09-09,2026-09-09T00:00:00+07:00,2026-09-09T00:00:00+07:00,appi,True
kabar-pelabuhan.example,Makassar,2025-12-29,14,0.163,0.244,463,https://kabar-pelabuhan.example/fixture/metrik/2025-12-29,,2026-09-09,2026-09-09T00:00:00+07:00,2026-09-09T00:00:00+07:00,appi,True
timor-pagi.example,Kupang,2014-01-06,37,0.242,0.439,,https://timor-pagi.example/fixture/metrik/2014-01-06,,2026-09-09,2026-09-09T00:00:00+07:00,2026-09-09T00:00:00+07:00,jonas,True
timor-pagi.example,Kupang,2014-01-13,46,0.258,0.534,,https://timor-pagi.example/fixture/metrik/2014-01-13,,2026-09-09,2026-09-09T00:00:00+07:00,2026-09-09T00:00:00+07:00,jonas,True
timor-pagi.example,Kupang,2014-01-20,43,0.217,0.514,,https://timor-pagi.example/fixture/metrik/2014-01-20,,2026-09-09,2026-09-09T00:00:00+07:00,2026-09-09T00:00:00+07:00,jonas,True
timor-pagi.example,Kupang,2014-01-27,41,0.237,0.487,,https://timor-pagi.example/fixture/metrik/2014-01-27,,2026-09-09,2026-09-09T00:00:00+07:00,2026-09-09T00:00:00+07:00,jonas,True
timor-pagi.example,Kupang,2014-02-03,33,0.201,0.457,,https://timor-pagi.example/fixture/metrik/2014-02-03,,2026-09-09,2026-09-09T00:00:00+07:00,2026-09-09T00:00:00+07:00,jonas,True
timor-pagi.example,Kupang,2014-02-10,46,0.217,0.548,,https://timor-pagi.example/fixture/metrik/2014-02-10,,2026-09-09,2026-09-09T00:00:00+07:00,2026-09-09T00:00:00+07:00,jonas,True
timor-pagi.example,Kupang,2014-02-17,36,0.214,0.439,,https://timor-pagi.example/fixture/metrik/2014-02-17,,2026-09-09,2026-09-09T00:00:00+07:00,2026-09-09T00:00:00+07:00,jonas,True
timor-pagi.example,Kupang,2014-02-24,40,0.264,0.516,,https://timor-pagi.example/fixture/metrik/2014-02-24,,2026-09-09,2026-09-09T00:00:00+07:00,2026-09-09T00:00:00+07:00,jonas,True
timor-pagi.example,Kupang,2014-03-03,29,0.237,0.472,,https://timor-pagi.example/fixture/metrik/2014-03-03,,2026-09-09,2026-09-09T00:00:00+07:00,2026-09-09T00:00:00+07:00,jonas,True
timor-pagi.example,Kupang,2014-03-10,33,0.237,0.533,,https://timor-pagi.example/fixture/metrik/2014-03-10,,2026-09-09,2026-09-09T00:00:00+07:00,2026-09-09T00:00:00+07:00,jonas,True
timor-pagi.example,Kupang,2014-03-17,31,0.264,0.428,,https://timor-pagi.example/fixture/metrik/2014-03-17,,2026-09-09,2026-09-09T00:00:00+07:00,2026-09-09T00:00:00+07:00,jonas,True
timor-pagi.example,Kupang,2014-03-24,53,0.218,0.472,,https://timor-pagi.example/fixture/metrik/2014-03-24,,2026-09-09,2026-09-09T00:00:00+07:00,2026-09-09T00:00:00+07:00,jonas,True
timor-pagi.example,Kupang,2014-03-31,28,0.28,0.507,,https://timor-pagi.example/fixture/metrik/2014-03-31,,2026-09-09,2026-09-09T00:00:00+07:00,2026-09-09T00:00:00+07:00,jonas,True
timor-pagi.example,Kupang,2014-04-07,27,0.277,0.53,,https://timor-pagi.example/fixture/metrik/2014-04-07,,2026-09-09,2026-09-09T00:00:00+07:00,2026-09-09T00:00:00+07:00,jonas,True
timor-pagi.example,Kupang,2014-04-14,42,0.264,0.431,,https://timor-pagi.example/fixture/metrik/2014-04-14,,2026-09-09,2026-09-09T00:00:00+07:00,2026-09-09T00:00:00+07:00,jonas,True
timor-pagi.example,Kupang,2014-04-21,32,0.287,0.53,,https://timor-pagi.example/fixture/metrik/2014-04-21,,2026-09-09,2026-09-09T00:00:00+07:00,2026-09-09T00:00:00+07:00,jonas,True
timor-pagi.example,Kupang,2014-04-28,49,0.237,0.338,,https://timor-pagi.example/fixture/metrik/2014-04-28,,2026-09-09,2026-09-09T00:00:00+07:00,2026-09-09T00:00:00+07:00,jonas,True
timor-pagi.example,Kupang,2014-05-05,43,0.206,0.534,,https://timor-pagi.example/fixture/metrik/2014-05-05,,2026-09-09,2026-09-09T00:00:00+07:00,2026-09-09T00:00:00+07:00,jonas,True
timor-pagi.example,Kupang,2014-05-12,29,0.148,0.558,,https://timor-pagi.example/fixture/metrik/2014-05-12,,2026-09-09,2026-09-09T00:00:00+07:00,2026-09-09T00:00:00+07:00,jonas,True
timor-pagi.example,Kupang,2014-05-19,35,0.239,0.428,,https://timor-pagi.example/fixture/metrik/2014-05-19,,2026-09-09,2026-09-09T00:00:00+07:00,2026-09-09T00:00:00+07:00,jonas,True
timor-pagi.example,Kupang,2014-05-26,38,0.212,0.479,,https://timor-pagi.example/fixture/metrik/2014-05-26,,2026-09-09,2026-09-09T00:00:00+07:00,2026-09-09T00:00:00+07:00,jonas,True
timor-pagi.example,Kupang,2014-06-02,44,0.234,0.437,,https://timor-pagi.example/fixture/metrik/2014-06-02,,2026-09-09,2026-09-09T00:00:00+07:00,2026-09-09T00:00:00+07:00,jonas,True
timor-pagi.example,Kupang,2014-06-09,22,0.221,0.512,,https://timor-pagi.example/fixture/metrik/2014-06-09,,2026-09-09,2026-09-09T00:00:00+07:00,2026-09-09T00:00:00+07:00,jonas,True
timor-pagi.example,Kupang,2014-06-16,41,0.224,0.384,,https://timor-pagi.example/fixture/metrik/2014-06-16,,2026-09-09,2026-09-09T00:00:00+07:00,2026-09-09T00:00:00+07:00,jonas,True
timor-pagi.example,Kupang,2014-06-23,36,0.25,0.536,,https://timor-pagi.example/fixture/metrik/2014-06-23,,2026-09-09,2026-09-09T00:00:00+07:00,2026-09-09T00:00:00+07:00,jonas,True
timor-pagi.example,Kupang,2014-06-30,36,0.194,0.514,,https://timor-pagi.example/fixture/metrik/2014-06-30,,2026-09-09,2026-09-09T00:00:00+07:00,2026-09-09T00:00:00+07:00,jonas,True
timor-pagi.example,Kupang,2014-07-07,29,0.259,0.499,,https://timor-pagi.example/fixture/metrik/2014-07-07,,2026-09-09,2026-09-09T00:00:00+07:00,2026-09-09T00:00:00+07:00,jonas,True
timor-pagi.example,Kupang,2014-07-14,43,0.309,0.565,,https://timor-pagi.example/fixture/metrik/2014-07-14,,2026-09-09,2026-09-09T00:00:00+07:00,2026-09-09T00:00:00+07:00,jonas,True
timor-pagi.example,Kupang,2014-07-21,29,0.258,0.49,,https://timor-pagi.example/fixture/metrik/2014-07-21,,2026-09-09,2026-09-09T00:00:00+07:00,2026-09-09T00:00:00+07:00,jonas,True
timor-pagi.example,Kupang,2014-07-28,33,0.31,0.429,,https://timor-pagi.example/fixture/metrik/2014-07-28,,2026-09-09,2026-09-09T00:00:00+07:00,2026-09-09T00:00:00+07:00,jonas,True
timor-pagi.example,Kupang,2014-08-04,34,0.223,0.447,,https://timor-pagi.example/fixture/metrik/2014-08-04,,2026-09-09,2026-09-09T00:00:00+07:00,2026-09-09T00:00:00+07:00,jonas,True
timor-pagi.example,Kupang,2014-08-11,37,0.217,0.463,,https://timor-pagi.example/fixture/metrik/2014-08-11,,2026-09-09,2026-09-09T00:00:00+07:00,2026-09-09T00:00:00+07:00,jonas,True
timor-pagi.example,Kupang,2014-08-18,39,0.253,0.55,,https://timor-pagi.example/fixture/metrik/2014-08-18,,2026-09-09,2026-09-09T00:00:00+07:00,2026-09-09T00:00:00+07:00,jonas,True
timor-pagi.example,Kupang,2014-08-25,44,0.233,0.525,,https://timor-pagi.example/fixture/metrik/2014-08-25,,2026-09-09,2026-09-09T00:00:00+07:00,2026-09-09T00:00:00+07:00,jonas,True
timor-pagi.example,Kupang,2014-09-01,38,0.169,0.461,,https://timor-pagi.example/fixture/metrik/2014-09-01,,2026-09-09,2026-09-09T00:00:00+07:00,2026-09-09T00:00:00+07:00,jonas,True
timor-pagi.example,Kupang,2014-09-08,35,0.276,0.376,,https://timor-pagi.example/fixture/metrik/2014-09-08,,2026-09-09,2026-09-09T00:00:00+07:00,2026-09-09T00:00:00+07:00,jonas,True
timor-pagi.example,Kupang,2014-09-15,36,0.281,0.5,,https://timor-pagi.example/fixture/metrik/2014-09-15,,2026-09-09,2026-09-09T00:00:00+07:00,2026-09-09T00:00:00+07:00,jonas,True
timor-pagi.example,Kupang,2014-09-22,45,0.257,0.526,,https://timor-pagi.example/fixture/metrik/2014-09-22,,2026-09-09,2026-09-09T00:00:00+07:00,2026-09-09T00:00:00+07:00,jonas,True
timor-pagi.example,Kupang,2014-09-29,29,0.281,0.494,,https://timor-pagi.example/fixture/metrik/2014-09-29,,2026-09-09,2026-09-09T00:00:00+07:00,2026-09-09T00:00:00+07:00,jonas,True
timor-pagi.example,Kupang,2014-10-06,51,0.247,0.562,,https://timor-pagi.example/fixture/metrik/2014-10-06,,2026-09-09,2026-09-09T00:00:00+07:00,2026-09-09T00:00:00+07:00,jonas,True
timor-pagi.example,Kupang,2014-10-13,26,0.263,0.497,,https://timor-pagi.example/fixture/metrik/2014-10-13,,2026-09-09,2026-09-09T00:00:00+07:00,2026-09-09T00:00:00+07:00,jonas,True
timor-pagi.example,Kupang,2014-10-20,41,0.264,0.469,,https://timor-pagi.example/fixture/metrik/2014-10-20,,2026-09-09,2026-09-09T00:00:00+07:00,2026-09-09T00:00:00+07:00,jonas,True
timor-pagi.example,Kupang,2014-10-27,29,0.286,0.472,,https://timor-pagi.example/fixture/metrik/2014-10-27,,2026-09-09,2026-09-09T00:00:00+07:00,2026-09-09T00:00:00+07:00,jonas,True
timor-pagi.example,Kupang,2014-11-03,42,0.222,0.536,,https://timor-pagi.example/fixture/metrik/2014-11-03,,2026-09-09,2026-09-09T00:00:00+07:00,2026-09-09T00:00:00+07:00,jonas,True
timor-pagi.example,Kupang,2014-11-10,39,0.276,0.505,,https://timor-pagi.example/fixture/metrik/2014-11-10,,2026-09-09,2026-09-09T00:00:00+07:00,2026-09-09T00:00:00+07:00,jonas,True
timor-pagi.example,Kupang,2014-11-17,51,0.24,0.46,,https://timor-pagi.example/fixture/metrik/2014-11-17,,2026-09-09,2026-09-09T00:00:00+07:00,2026-09-09T00:00:00+07:00,jonas,True
timor-pagi.example,Kupang,2014-11-24,36,0.265,0.582,,https://timor-pagi.example/fixture/metrik/2014-11-24,,2026-09-09,2026-09-09T00:00:00+07:00,2026-09-09T00:00:00+07:00,jonas,True
timor-pagi.example,Kupang,2014-12-01,35,0.219,0.456,,https://timor-pagi.example/fixture/metrik/2014-12-01,,2026-09-09,2026-09-09T00:00:00+07:00,2026-09-09T00:00:00+07:00,jonas,True
timor-pagi.example,Kupang,2014-12-08,30,0.192,0.434,,https://timor-pagi.example/fixture/metrik/2014-12-08,,2026-09-09,2026-09-09T00:00:00+07:00,2026-09-09T00:00:00+07:00,jonas,True
timor-pagi.example,Kupang,2014-12-15,44,0.252,0.499,,https://timor-pagi.example/fixture/metrik/2014-12-15,,2026-09-09,2026-09-09T00:00:00+07:00,2026-09-09T00:00:00+07:00,jonas,True
timor-pagi.example,Kupang,2014-12-22,50,0.177,0.47,,https://timor-pagi.example/fixture/metrik/2014-12-22,,2026-09-09,2026-09-09T00:00:00+07:00,2026-09-09T00:00:00+07:00,jonas,True
timor-pagi.example,Kupang,2014-12-29,46,0.241,0.577,,https://timor-pagi.example/fixture/metrik/2014-12-29,,2026-09-09,2026-09-09T00:00:00+07:00,2026-09-09T00:00:00+07:00,jonas,True
timor-pagi.example,Kupang,2015-01-05,41,0.194,0.607,,https://timor-pagi.example/fixture/metrik/2015-01-05,,2026-09-09,2026-09-09T00:00:00+07:00,2026-09-09T00:00:00+07:00,jonas,True
timor-pagi.example,Kupang,2015-01-12,36,0.31,0.48,,https://timor-pagi.example/fixture/metrik/2015-01-12,,2026-09-09,2026-09-09T00:00:00+07:00,2026-09-09T00:00:00+07:00,jonas,True
timor-pagi.example,Kupang,2015-01-19,42,0.219,0.481,,https://timor-pagi.example/fixture/metrik/2015-01-19,,2026-09-09,2026-09-09T00:00:00+07:00,2026-09-09T00:00:00+07:00,jonas,True
timor-pagi.example,Kupang,2015-01-26,43,0.267,0.457,,https://timor-pagi.example/fixture/metrik/2015-01-26,,2026-09-09,2026-09-09T00:00:00+07:00,2026-09-09T00:00:00+07:00,jonas,True
timor-pagi.example,Kupang,2015-02-02,47,0.311,0.452,,https://timor-pagi.example/fixture/metrik/2015-02-02,,2026-09-09,2026-09-09T00:00:00+07:00,2026-09-09T00:00:00+07:00,jonas,True
timor-pagi.example,Kupang,2015-02-09,41,0.209,0.532,,https://timor-pagi.example/fixture/metrik/2015-02-09,,2026-09-09,2026-09-09T00:00:00+07:00,2026-09-09T00:00:00+07:00,jonas,True
timor-pagi.example,Kupang,2015-02-16,38,0.201,0.537,,https://timor-pagi.example/fixture/metrik/2015-02-16,,2026-09-09,2026-09-09T00:00:00+07:00,2026-09-09T00:00:00+07:00,jonas,True
timor-pagi.example,Kupang,2015-02-23,41,0.252,0.504,,https://timor-pagi.example/fixture/metrik/2015-02-23,,2026-09-09,2026-09-09T00:00:00+07:00,2026-09-09T00:00:00+07:00,jonas,True
timor-pagi.example,Kupang,2015-03-02,45,0.249,0.526,,https://timor-pagi.example/fixture/metrik/2015-03-02,,2026-09-09,2026-09-09T00:00:00+07:00,2026-09-09T00:00:00+07:00,jonas,True
timor-pagi.example,Kupang,2015-03-09,26,0.238,0.545,,https://timor-pagi.example/fixture/metrik/2015-03-09,,2026-09-09,2026-09-09T00:00:00+07:00,2026-09-09T00:00:00+07:00,jonas,True
timor-pagi.example,Kupang,2015-03-16,44,0.21,0.531,,https://timor-pagi.example/fixture/metrik/2015-03-16,,2026-09-09,2026-09-09T00:00:00+07:00,2026-09-09T00:00:00+07:00,jonas,True
timor-pagi.example,Kupang,2015-03-23,39,0.224,0.474,,https://timor-pagi.example/fixture/metrik/2015-03-23,,2026-09-09,2026-09-09T00:00:00+07:00,2026-09-09T00:00:00+07:00,jonas,True
timor-pagi.example,Kupang,2015-03-30,25,0.213,0.466,,https://timor-pagi.example/fixture/metrik/2015-03-30,,2026-09-09,2026-09-09T00:00:00+07:00,2026-09-09T00:00:00+07:00,jonas,True
timor-pagi.example,Kupang,2015-04-06,39,0.223,0.516,,https://timor-pagi.example/fixture/metrik/2015-04-06,,2026-09-09,2026-09-09T00:00:00+07:00,2026-09-09T00:00:00+07:00,jonas,True
timor-pagi.example,Kupang,2015-04-13,40,0.282,0.434,,https://timor-pagi.example/fixture/metrik/2015-04-13,,2026-09-09,2026-09-09T00:00:00+07:00,2026-09-09T00:00:00+07:00,jonas,True
timor-pagi.example,Kupang,2015-04-20,42,0.265,0.4,,https://timor-pagi.example/fixture/metrik/2015-04-20,,2026-09-09,2026-09-09T00:00:00+07:00,2026-09-09T00:00:00+07:00,jonas,True
timor-pagi.example,Kupang,2015-04-27,47,0.226,0.524,,https://timor-pagi.example/fixture/metrik/2015-04-27,,2026-09-09,2026-09-09T00:00:00+07:00,2026-09-09T00:00:00+07:00,jonas,True
timor-pagi.example,Kupang,2015-05-04,41,0.144,0.429,,https://timor-pagi.example/fixture/metrik/2015-05-04,,2026-09-09,2026-09-09T00:00:00+07:00,2026-09-09T00:00:00+07:00,jonas,True
timor-pagi.example,Kupang,2015-05-11,38,0.259,0.579,,https://timor-pagi.example/fixture/metrik/2015-05-11,,2026-09-09,2026-09-09T00:00:00+07:00,2026-09-09T00:00:00+07:00,jonas,True
timor-pagi.example,Kupang,2015-05-18,42,0.245,0.584,,https://timor-pagi.example/fixture/metrik/2015-05-18,,2026-09-09,2026-09-09T00:00:00+07:00,2026-09-09T00:00:00+07:00,jonas,True
timor-pagi.example,Kupang,2015-05-25,49,0.302,0.506,,https://timor-pagi.example/fixture/metrik/2015-05-25,,2026-09-09,2026-09-09T00:00:00+07:00,2026-09-09T00:00:00+07:00,jonas,True
timor-pagi.example,Kupang,2015-06-01,32,0.2,0.447,,https://timor-pagi.example/fixture/metrik/2015-06-01,,2026-09-09,2026-09-09T00:00:00+07:00,2026-09-09T00:00:00+07:00,jonas,True
timor-pagi.example,Kupang,2015-06-08,50,0.198,0.473,,https://timor-pagi.example/fixture/metrik/2015-06-08,,2026-09-09,2026-09-09T00:00:00+07:00,2026-09-09T00:00:00+07:00,jonas,True
timor-pagi.example,Kupang,2015-06-15,30,0.251,0.423,,https://timor-pagi.example/fixture/metrik/2015-06-15,,2026-09-09,2026-09-09T00:00:00+07:00,2026-09-09T00:00:00+07:00,jonas,True
timor-pagi.example,Kupang,2015-06-22,43,0.284,0.492,,https://timor-pagi.example/fixture/metrik/2015-06-22,,2026-09-09,2026-09-09T00:00:00+07:00,2026-09-09T00:00:00+07:00,jonas,True
timor-pagi.example,Kupang,2015-06-29,32,0.26,0.56,,https://timor-pagi.example/fixture/metrik/2015-06-29,,2026-09-09,2026-09-09T00:00:00+07:00,2026-09-09T00:00:00+07:00,jonas,True
timor-pagi.example,Kupang,2015-07-06,39,0.239,0.496,,https://timor-pagi.example/fixture/metrik/2015-07-06,,2026-09-09,2026-09-09T00:00:00+07:00,2026-09-09T00:00:00+07:00,jonas,True
timor-pagi.example,Kupang,2015-07-13,41,0.244,0.453,,https://timor-pagi.example/fixture/metrik/2015-07-13,,2026-09-09,2026-09-09T00:00:00+07:00,2026-09-09T00:00:00+07:00,jonas,True
timor-pagi.example,Kupang,2015-07-20,34,0.271,0.588,,https://timor-pagi.example/fixture/metrik/2015-07-20,,2026-09-09,2026-09-09T00:00:00+07:00,2026-09-09T00:00:00+07:00,jonas,True
timor-pagi.example,Kupang,2015-07-27,29,0.198,0.576,,https://timor-pagi.example/fixture/metrik/2015-07-27,,2026-09-09,2026-09-09T00:00:00+07:00,2026-09-09T00:00:00+07:00,jonas,True
timor-pagi.example,Kupang,2015-08-03,33,0.232,0.484,,https://timor-pagi.example/fixture/metrik/2015-08-03,,2026-09-09,2026-09-09T00:00:00+07:00,2026-09-09T00:00:00+07:00,jonas,True
timor-pagi.example,Kupang,2015-08-10,36,0.266,0.481,,https://timor-pagi.example/fixture/metrik/2015-08-10,,2026-09-09,2026-09-09T00:00:00+07:00,2026-09-09T00:00:00+07:00,jonas,True
timor-pagi.example,Kupang,2015-08-17,49,0.232,0.621,,https://timor-pagi.example/fixture/metrik/2015-08-17,,2026-09-09,2026-09-09T00:00:00+07:00,2026-09-09T00:00:00+07:00,jonas,True
timor-pagi.example,Kupang,2015-08-24,35,0.26,0.446,,https://timor-pagi.example/fixture/metrik/2015-08-24,,2026-09-09,2026-09-09T00:00:00+07:00,2026-09-09T00:00:00+07:00,jonas,True
timor-pagi.example,Kupang,2015-08-31,37,0.239,0.488,,https://timor-pagi.example/fixture/metrik/2015-08-31,,2026-09-09,2026-09-09T00:00:00+07:00,2026-09-09T00:00:00+07:00,jonas,True
timor-pagi.example,Kupang,2015-09-07,42,0.235,0.547,,https://timor-pagi.example/fixture/metrik/2015-09-07,,2026-09-09,2026-09-09T00:00:00+07:00,2026-09-09T00:00:00+07:00,jonas,True
timor-pagi.example,Kupang,2015-09-14,45,0.235,0.494,,https://timor-pagi.example/fixture/metrik/2015-09-14,,2026-09-09,2026-09-09T00:00:00+07:00,2026-09-09T00:00:00+07:00,jonas,True
timor-pagi.example,Kupang,2015-09-21,25,0.227,0.467,,https://timor-pagi.example/fixture/metrik/2015-09-21,,2026-09-09,2026-09-09T00:00:00+07:00,2026-09-09T00:00:00+07:00,jonas,True
timor-pagi.example,Kupang,2015-09-28,31,0.177,0.563,,https://timor-pagi.example/fixture/metrik/2015-09-28,,2026-09-09,2026-09-09T00:00:00+07:00,2026-09-09T00:00:00+07:00,jonas,True
timor-pagi.example,Kupang,2015-10-05,25,0.246,0.423,,https://timor-pagi.example/fixture/metrik/2015-10-05,,2026-09-09,2026-09-09T00:00:00+07:00,2026-09-09T00:00:00+07:00,jonas,True
timor-pagi.example,Kupang,2015-10-12,39,0.274,0.451,,https://timor-pagi.example/fixture/metrik/2015-10-12,,2026-09-09,2026-09-09T00:00:00+07:00,2026-09-09T00:00:00+07:00,jonas,True
timor-pagi.example,Kupang,2015-10-19,39,0.196,0.521,,https://timor-pagi.example/fixture/metrik/2015-10-19,,2026-09-09,2026-09-09T00:00:00+07:00,2026-09-09T00:00:00+07:00,jonas,True
timor-pagi.example,Kupang,2015-10-26,32,0.26,0.42,,https://timor-pagi.example/fixture/metrik/2015-10-26,,2026-09-09,2026-09-09T00:00:00+07:00,2026-09-09T00:00:00+07:00,jonas,True
timor-pagi.example,Kupang,2015-11-02,37,0.276,0.58,,https://timor-pagi.example/fixture/metrik/2015-11-02,,2026-09-09,2026-09-09T00:00:00+07:00,2026-09-09T00:00:00+07:00,jonas,True
timor-pagi.example,Kupang,2015-11-09,41,0.242,0.518,,https://timor-pagi.example/fixture/metrik/2015-11-09,,2026-09-09,2026-09-09T00:00:00+07:00,2026-09-09T00:00:00+07:00,jonas,True
timor-pagi.example,Kupang,2015-11-16,30,0.234,0.525,,https://timor-pagi.example/fixture/metrik/2015-11-16,,2026-09-09,2026-09-09T00:00:00+07:00,2026-09-09T00:00:00+07:00,jonas,True
timor-pagi.example,Kupang,2015-11-23,23,0.235,0.55,,https://timor-pagi.example/fixture/metrik/2015-11-23,,2026-09-09,2026-09-09T00:00:00+07:00,2026-09-09T00:00:00+07:00,jonas,True
timor-pagi.example,Kupang,2015-11-30,35,0.237,0.537,,https://timor-pagi.example/fixture/metrik/2015-11-30,,2026-09-09,2026-09-09T00:00:00+07:00,2026-09-09T00:00:00+07:00,jonas,True
timor-pagi.example,Kupang,2015-12-07,34,0.211,0.449,,https://timor-pagi.example/fixture/metrik/2015-12-07,,2026-09-09,2026-09-09T00:00:00+07:00,2026-09-09T00:00:00+07:00,jonas,True
timor-pagi.example,Kupang,2015-12-14,30,0.206,0.423,,https://timor-pagi.example/fixture/metrik/2015-12-14,,2026-09-09,2026-09-09T00:00:00+07:00,2026-09-09T00:00:00+07:00,jonas,True
timor-pagi.example,Kupang,2015-12-21,36,0.199,0.469,,https://timor-pagi.example/fixture/metrik/2015-12-21,,2026-09-09,2026-09-09T00:00:00+07:00,2026-09-09T00:00:00+07:00,jonas,True
timor-pagi.example,Kupang,2015-12-28,43,0.267,0.439,,https://timor-pagi.example/fixture/metrik/2015-12-28,,2026-09-09,2026-09-09T00:00:00+07:00,2026-09-09T00:00:00+07:00,jonas,True
timor-pagi.example,Kupang,2016-01-04,34,0.196,0.454,,https://timor-pagi.example/fixture/metrik/2016-01-04,,2026-09-09,2026-09-09T00:00:00+07:00,2026-09-09T00:00:00+07:00,jonas,True
timor-pagi.example,Kupang,2016-01-11,45,0.24,0.474,,https://timor-pagi.example/fixture/metrik/2016-01-11,,2026-09-09,2026-09-09T00:00:00+07:00,2026-09-09T00:00:00+07:00,jonas,True
timor-pagi.example,Kupang,2016-01-18,41,0.208,0.458,,https://timor-pagi.example/fixture/metrik/2016-01-18,,2026-09-09,2026-09-09T00:00:00+07:00,2026-09-09T00:00:00+07:00,jonas,True
timor-pagi.example,Kupang,2016-01-25,48,0.202,0.44,,https://timor-pagi.example/fixture/metrik/2016-01-25,,2026-09-09,2026-09-09T00:00:00+07:00,2026-09-09T00:00:00+07:00,jonas,True
timor-pagi.example,Kupang,2016-02-01,43,0.256,0.527,,https://timor-pagi.example/fixture/metrik/2016-02-01,,2026-09-09,2026-09-09T00:00:00+07:00,2026-09-09T00:00:00+07:00,jonas,True
timor-pagi.example,Kupang,2016-02-08,41,0.264,0.506,,https://timor-pagi.example/fixture/metrik/2016-02-08,,2026-09-09,2026-09-09T00:00:00+07:00,2026-09-09T00:00:00+07:00,jonas,True
timor-pagi.example,Kupang,2016-02-15,38,0.215,0.403,,https://timor-pagi.example/fixture/metrik/2016-02-15,,2026-09-09,2026-09-09T00:00:00+07:00,2026-09-09T00:00:00+07:00,jonas,True
timor-pagi.example,Kupang,2016-02-22,34,0.27,0.439,,https://timor-pagi.example/fixture/metrik/2016-02-22,,2026-09-09,2026-09-09T00:00:00+07:00,2026-09-09T00:00:00+07:00,jonas,True
timor-pagi.example,Kupang,2016-02-29,36,0.301,0.484,,https://timor-pagi.example/fixture/metrik/2016-02-29,,2026-09-09,2026-09-09T00:00:00+07:00,2026-09-09T00:00:00+07:00,jonas,True
timor-pagi.example,Kupang,2016-03-07,37,0.267,0.524,,https://timor-pagi.example/fixture/metrik/2016-03-07,,2026-09-09,2026-09-09T00:00:00+07:00,2026-09-09T00:00:00+07:00,jonas,True
timor-pagi.example,Kupang,2016-03-14,43,0.239,0.491,,https://timor-pagi.example/fixture/metrik/2016-03-14,,2026-09-09,2026-09-09T00:00:00+07:00,2026-09-09T00:00:00+07:00,jonas,True
timor-pagi.example,Kupang,2016-03-21,42,0.181,0.614,,https://timor-pagi.example/fixture/metrik/2016-03-21,,2026-09-09,2026-09-09T00:00:00+07:00,2026-09-09T00:00:00+07:00,jonas,True
timor-pagi.example,Kupang,2016-03-28,39,0.253,0.557,,https://timor-pagi.example/fixture/metrik/2016-03-28,,2026-09-09,2026-09-09T00:00:00+07:00,2026-09-09T00:00:00+07:00,jonas,True
timor-pagi.example,Kupang,2016-04-04,36,0.229,0.478,,https://timor-pagi.example/fixture/metrik/2016-04-04,,2026-09-09,2026-09-09T00:00:00+07:00,2026-09-09T00:00:00+07:00,jonas,True
timor-pagi.example,Kupang,2016-04-11,34,0.217,0.502,,https://timor-pagi.example/fixture/metrik/2016-04-11,,2026-09-09,2026-09-09T00:00:00+07:00,2026-09-09T00:00:00+07:00,jonas,True
timor-pagi.example,Kupang,2016-04-18,40,0.208,0.553,,https://timor-pagi.example/fixture/metrik/2016-04-18,,2026-09-09,2026-09-09T00:00:00+07:00,2026-09-09T00:00:00+07:00,jonas,True
timor-pagi.example,Kupang,2016-04-25,41,0.262,0.459,,https://timor-pagi.example/fixture/metrik/2016-04-25,,2026-09-09,2026-09-09T00:00:00+07:00,2026-09-09T00:00:00+07:00,jonas,True
timor-pagi.example,Kupang,2016-05-02,28,0.276,0.6,,https://timor-pagi.example/fixture/metrik/2016-05-02,,2026-09-09,2026-09-09T00:00:00+07:00,2026-09-09T00:00:00+07:00,jonas,True
timor-pagi.example,Kupang,2016-05-09,32,0.215,0.472,,https://timor-pagi.example/fixture/metrik/2016-05-09,,2026-09-09,2026-09-09T00:00:00+07:00,2026-09-09T00:00:00+07:00,jonas,True
timor-pagi.example,Kupang,2016-05-16,26,0.212,0.539,,https://timor-pagi.example/fixture/metrik/2016-05-16,,2026-09-09,2026-09-09T00:00:00+07:00,2026-09-09T00:00:00+07:00,jonas,True
timor-pagi.example,Kupang,2016-05-23,45,0.25,0.463,,https://timor-pagi.example/fixture/metrik/2016-05-23,,2026-09-09,2026-09-09T00:00:00+07:00,2026-09-09T00:00:00+07:00,jonas,True
timor-pagi.example,Kupang,2016-05-30,45,0.224,0.471,,https://timor-pagi.example/fixture/metrik/2016-05-30,,2026-09-09,2026-09-09T00:00:00+07:00,2026-09-09T00:00:00+07:00,jonas,True
timor-pagi.example,Kupang,2016-06-06,38,0.257,0.46,,https://timor-pagi.example/fixture/metrik/2016-06-06,,2026-09-09,2026-09-09T00:00:00+07:00,2026-09-09T00:00:00+07:00,jonas,True
timor-pagi.example,Kupang,2016-06-13,33,0.246,0.581,,https://timor-pagi.example/fixture/metrik/2016-06-13,,2026-09-09,2026-09-09T00:00:00+07:00,2026-09-09T00:00:00+07:00,jonas,True
timor-pagi.example,Kupang,2016-06-20,30,0.269,0.448,,https://timor-pagi.example/fixture/metrik/2016-06-20,,2026-09-09,2026-09-09T00:00:00+07:00,2026-09-09T00:00:00+07:00,jonas,True
timor-pagi.example,Kupang,2016-06-27,33,0.257,0.467,,https://timor-pagi.example/fixture/metrik/2016-06-27,,2026-09-09,2026-09-09T00:00:00+07:00,2026-09-09T00:00:00+07:00,jonas,True
timor-pagi.example,Kupang,2016-07-04,49,0.263,0.518,,https://timor-pagi.example/fixture/metrik/2016-07-04,,2026-09-09,2026-09-09T00:00:00+07:00,2026-09-09T00:00:00+07:00,jonas,True
timor-pagi.example,Kupang,2016-07-11,35,0.234,0.409,,https://timor-pagi.example/fixture/metrik/2016-07-11,,2026-09-09,2026-09-09T00:00:00+07:00,2026-09-09T00:00:00+07:00,jonas,True
timor-pagi.example,Kupang,2016-07-18,43,0.193,0.524,,https://timor-pagi.example/fixture/metrik/2016-07-18,,2026-09-09,2026-09-09T00:00:00+07:00,2026-09-09T00:00:00+07:00,jonas,True
timor-pagi.example,Kupang,2016-07-25,44,0.265,0.524,,https://timor-pagi.example/fixture/metrik/2016-07-25,,2026-09-09,2026-09-09T00:00:00+07:00,2026-09-09T00:00:00+07:00,jonas,True
timor-pagi.example,Kupang,2016-08-01,38,0.246,0.609,,https://timor-pagi.example/fixture/metrik/2016-08-01,,2026-09-09,2026-09-09T00:00:00+07:00,2026-09-09T00:00:00+07:00,jonas,True
timor-pagi.example,Kupang,2016-08-08,37,0.236,0.472,,https://timor-pagi.example/fixture/metrik/2016-08-08,,2026-09-09,2026-09-09T00:00:00+07:00,2026-09-09T00:00:00+07:00,jonas,True
timor-pagi.example,Kupang,2016-08-15,32,0.219,0.537,,https://timor-pagi.example/fixture/metrik/2016-08-15,,2026-09-09,2026-09-09T00:00:00+07:00,2026-09-09T00:00:00+07:00,jonas,True
timor-pagi.example,Kupang,2016-08-22,36,0.223,0.473,,https://timor-pagi.example/fixture/metrik/2016-08-22,,2026-09-09,2026-09-09T00:00:00+07:00,2026-09-09T00:00:00+07:00,jonas,True
timor-pagi.example,Kupang,2016-08-29,46,0.25,0.446,,https://timor-pagi.example/fixture/metrik/2016-08-29,,2026-09-09,2026-09-09T00:00:00+07:00,2026-09-09T00:00:00+07:00,jonas,True
timor-pagi.example,Kupang,2016-09-05,31,0.196,0.477,,https://timor-pagi.example/fixture/metrik/2016-09-05,,2026-09-09,2026-09-09T00:00:00+07:00,2026-09-09T00:00:00+07:00,jonas,True
timor-pagi.example,Kupang,2016-09-12,48,0.261,0.48,,https://timor-pagi.example/fixture/metrik/2016-09-12,,2026-09-09,2026-09-09T00:00:00+07:00,2026-09-09T00:00:00+07:00,jonas,True
timor-pagi.example,Kupang,2016-09-19,31,0.266,0.442,,https://timor-pagi.example/fixture/metrik/2016-09-19,,2026-09-09,2026-09-09T00:00:00+07:00,2026-09-09T00:00:00+07:00,jonas,True
timor-pagi.example,Kupang,2016-09-26,42,0.228,0.443,,https://timor-pagi.example/fixture/metrik/2016-09-26,,2026-09-09,2026-09-09T00:00:00+07:00,2026-09-09T00:00:00+07:00,jonas,True
timor-pagi.example,Kupang,2016-10-03,37,0.255,0.517,,https://timor-pagi.example/fixture/metrik/2016-10-03,,2026-09-09,2026-09-09T00:00:00+07:00,2026-09-09T00:00:00+07:00,jonas,True
timor-pagi.example,Kupang,2016-10-10,35,0.236,0.559,,https://timor-pagi.example/fixture/metrik/2016-10-10,,2026-09-09,2026-09-09T00:00:00+07:00,2026-09-09T00:00:00+07:00,jonas,True
timor-pagi.example,Kupang,2016-10-17,34,0.195,0.516,,https://timor-pagi.example/fixture/metrik/2016-10-17,,2026-09-09,2026-09-09T00:00:00+07:00,2026-09-09T00:00:00+07:00,jonas,True
timor-pagi.example,Kupang,2016-10-24,48,0.271,0.427,,https://timor-pagi.example/fixture/metrik/2016-10-24,,2026-09-09,2026-09-09T00:00:00+07:00,2026-09-09T00:00:00+07:00,jonas,True
timor-pagi.example,Kupang,2016-10-31,42,0.178,0.466,,https://timor-pagi.example/fixture/metrik/2016-10-31,,2026-09-09,2026-09-09T00:00:00+07:00,2026-09-09T00:00:00+07:00,jonas,True
timor-pagi.example,Kupang,2016-11-07,33,0.276,0.495,,https://timor-pagi.example/fixture/metrik/2016-11-07,,2026-09-09,2026-09-09T00:00:00+07:00,2026-09-09T00:00:00+07:00,jonas,True
timor-pagi.example,Kupang,2016-11-14,31,0.235,0.553,,https://timor-pagi.example/fixture/metrik/2016-11-14,,2026-09-09,2026-09-09T00:00:00+07:00,2026-09-09T00:00:00+07:00,jonas,True
timor-pagi.example,Kupang,2016-11-21,38,0.262,0.521,,https://timor-pagi.example/fixture/metrik/2016-11-21,,2026-09-09,2026-09-09T00:00:00+07:00,2026-09-09T00:00:00+07:00,jonas,True
timor-pagi.example,Kupang,2016-11-28,50,0.219,0.474,,https://timor-pagi.example/fixture/metrik/2016-11-28,,2026-09-09,2026-09-09T00:00:00+07:00,2026-09-09T00:00:00+07:00,jonas,True
timor-pagi.example,Kupang,2016-12-05,44,0.22,0.508,,https://timor-pagi.example/fixture/metrik/2016-12-05,,2026-09-09,2026-09-09T00:00:00+07:00,2026-09-09T00:00:00+07:00,jonas,True
timor-pagi.example,Kupang,2016-12-12,41,0.264,0.522,,https://timor-pagi.example/fixture/metrik/2016-12-12,,2026-09-09,2026-09-09T00:00:00+07:00,2026-09-09T00:00:00+07:00,jonas,True
timor-pagi.example,Kupang,2016-12-19,54,0.226,0.457,,https://timor-pagi.example/fixture/metrik/2016-12-19,,2026-09-09,2026-09-09T00:00:00+07:00,2026-09-09T00:00:00+07:00,jonas,True
timor-pagi.example,Kupang,2016-12-26,16,0.267,0.425,,https://timor-pagi.example/fixture/metrik/2016-12-26,,2026-09-09,2026-09-09T00:00:00+07:00,2026-09-09T00:00:00+07:00,jonas,True
timor-pagi.example,Kupang,2017-01-02,23,0.199,0.409,,https://timor-pagi.example/fixture/metrik/2017-01-02,,2026-09-09,2026-09-09T00:00:00+07:00,2026-09-09T00:00:00+07:00,jonas,True
timor-pagi.example,Kupang,2017-01-09,40,0.256,0.427,,https://timor-pagi.example/fixture/metrik/2017-01-09,,2026-09-09,2026-09-09T00:00:00+07:00,2026-09-09T00:00:00+07:00,jonas,True
timor-pagi.example,Kupang,2017-01-16,45,0.197,0.545,,https://timor-pagi.example/fixture/metrik/2017-01-16,,2026-09-09,2026-09-09T00:00:00+07:00,2026-09-09T00:00:00+07:00,jonas,True
timor-pagi.example,Kupang,2017-01-23,31,0.231,0.468,,https://timor-pagi.example/fixture/metrik/2017-01-23,,2026-09-09,2026-09-09T00:00:00+07:00,2026-09-09T00:00:00+07:00,jonas,True
timor-pagi.example,Kupang,2017-01-30,19,0.172,0.574,,https://timor-pagi.example/fixture/metrik/2017-01-30,,2026-09-09,2026-09-09T00:00:00+07:00,2026-09-09T00:00:00+07:00,jonas,True
timor-pagi.example,Kupang,2017-02-06,45,0.222,0.462,,https://timor-pagi.example/fixture/metrik/2017-02-06,,2026-09-09,2026-09-09T00:00:00+07:00,2026-09-09T00:00:00+07:00,jonas,True
timor-pagi.example,Kupang,2017-02-13,42,0.281,0.398,,https://timor-pagi.example/fixture/metrik/2017-02-13,,2026-09-09,2026-09-09T00:00:00+07:00,2026-09-09T00:00:00+07:00,jonas,True
timor-pagi.example,Kupang,2017-02-20,38,0.232,0.522,,https://timor-pagi.example/fixture/metrik/2017-02-20,,2026-09-09,2026-09-09T00:00:00+07:00,2026-09-09T00:00:00+07:00,jonas,True
timor-pagi.example,Kupang,2017-02-27,36,0.262,0.525,,https://timor-pagi.example/fixture/metrik/2017-02-27,,2026-09-09,2026-09-09T00:00:00+07:00,2026-09-09T00:00:00+07:00,jonas,True
timor-pagi.example,Kupang,2017-03-06,45,0.235,0.511,,https://timor-pagi.example/fixture/metrik/2017-03-06,,2026-09-09,2026-09-09T00:00:00+07:00,2026-09-09T00:00:00+07:00,jonas,True
timor-pagi.example,Kupang,2017-03-13,38,0.313,0.521,,https://timor-pagi.example/fixture/metrik/2017-03-13,,2026-09-09,2026-09-09T00:00:00+07:00,2026-09-09T00:00:00+07:00,jonas,True
timor-pagi.example,Kupang,2017-03-20,27,0.27,0.489,,https://timor-pagi.example/fixture/metrik/2017-03-20,,2026-09-09,2026-09-09T00:00:00+07:00,2026-09-09T00:00:00+07:00,jonas,True
timor-pagi.example,Kupang,2017-03-27,45,0.295,0.562,,https://timor-pagi.example/fixture/metrik/2017-03-27,,2026-09-09,2026-09-09T00:00:00+07:00,2026-09-09T00:00:00+07:00,jonas,True
timor-pagi.example,Kupang,2017-04-03,38,0.25,0.533,,https://timor-pagi.example/fixture/metrik/2017-04-03,,2026-09-09,2026-09-09T00:00:00+07:00,2026-09-09T00:00:00+07:00,jonas,True
timor-pagi.example,Kupang,2017-04-10,33,0.253,0.558,,https://timor-pagi.example/fixture/metrik/2017-04-10,,2026-09-09,2026-09-09T00:00:00+07:00,2026-09-09T00:00:00+07:00,jonas,True
timor-pagi.example,Kupang,2017-04-17,25,0.247,0.447,,https://timor-pagi.example/fixture/metrik/2017-04-17,,2026-09-09,2026-09-09T00:00:00+07:00,2026-09-09T00:00:00+07:00,jonas,True
timor-pagi.example,Kupang,2017-04-24,41,0.294,0.497,,https://timor-pagi.example/fixture/metrik/2017-04-24,,2026-09-09,2026-09-09T00:00:00+07:00,2026-09-09T00:00:00+07:00,jonas,True
timor-pagi.example,Kupang,2017-05-01,44,0.265,0.538,,https://timor-pagi.example/fixture/metrik/2017-05-01,,2026-09-09,2026-09-09T00:00:00+07:00,2026-09-09T00:00:00+07:00,jonas,True
timor-pagi.example,Kupang,2017-05-08,35,0.257,0.558,,https://timor-pagi.example/fixture/metrik/2017-05-08,,2026-09-09,2026-09-09T00:00:00+07:00,2026-09-09T00:00:00+07:00,jonas,True
timor-pagi.example,Kupang,2017-05-15,34,0.233,0.473,,https://timor-pagi.example/fixture/metrik/2017-05-15,,2026-09-09,2026-09-09T00:00:00+07:00,2026-09-09T00:00:00+07:00,jonas,True
timor-pagi.example,Kupang,2017-05-22,40,0.203,0.475,,https://timor-pagi.example/fixture/metrik/2017-05-22,,2026-09-09,2026-09-09T00:00:00+07:00,2026-09-09T00:00:00+07:00,jonas,True
timor-pagi.example,Kupang,2017-05-29,37,0.271,0.403,,https://timor-pagi.example/fixture/metrik/2017-05-29,,2026-09-09,2026-09-09T00:00:00+07:00,2026-09-09T00:00:00+07:00,jonas,True
timor-pagi.example,Kupang,2017-06-05,36,0.234,0.461,,https://timor-pagi.example/fixture/metrik/2017-06-05,,2026-09-09,2026-09-09T00:00:00+07:00,2026-09-09T00:00:00+07:00,jonas,True
timor-pagi.example,Kupang,2017-06-12,47,0.22,0.441,,https://timor-pagi.example/fixture/metrik/2017-06-12,,2026-09-09,2026-09-09T00:00:00+07:00,2026-09-09T00:00:00+07:00,jonas,True
timor-pagi.example,Kupang,2017-06-19,44,0.231,0.49,,https://timor-pagi.example/fixture/metrik/2017-06-19,,2026-09-09,2026-09-09T00:00:00+07:00,2026-09-09T00:00:00+07:00,jonas,True
timor-pagi.example,Kupang,2017-06-26,35,0.216,0.507,,https://timor-pagi.example/fixture/metrik/2017-06-26,,2026-09-09,2026-09-09T00:00:00+07:00,2026-09-09T00:00:00+07:00,jonas,True
timor-pagi.example,Kupang,2017-07-03,39,0.164,0.542,,https://timor-pagi.example/fixture/metrik/2017-07-03,,2026-09-09,2026-09-09T00:00:00+07:00,2026-09-09T00:00:00+07:00,jonas,True
timor-pagi.example,Kupang,2017-07-10,31,0.256,0.423,,https://timor-pagi.example/fixture/metrik/2017-07-10,,2026-09-09,2026-09-09T00:00:00+07:00,2026-09-09T00:00:00+07:00,jonas,True
timor-pagi.example,Kupang,2017-07-17,39,0.267,0.471,,https://timor-pagi.example/fixture/metrik/2017-07-17,,2026-09-09,2026-09-09T00:00:00+07:00,2026-09-09T00:00:00+07:00,jonas,True
timor-pagi.example,Kupang,2017-07-24,40,0.236,0.465,,https://timor-pagi.example/fixture/metrik/2017-07-24,,2026-09-09,2026-09-09T00:00:00+07:00,2026-09-09T00:00:00+07:00,jonas,True
timor-pagi.example,Kupang,2017-07-31,27,0.232,0.479,,https://timor-pagi.example/fixture/metrik/2017-07-31,,2026-09-09,2026-09-09T00:00:00+07:00,2026-09-09T00:00:00+07:00,jonas,True
timor-pagi.example,Kupang,2017-08-07,47,0.193,0.507,,https://timor-pagi.example/fixture/metrik/2017-08-07,,2026-09-09,2026-09-09T00:00:00+07:00,2026-09-09T00:00:00+07:00,jonas,True
timor-pagi.example,Kupang,2017-08-14,34,0.296,0.572,,https://timor-pagi.example/fixture/metrik/2017-08-14,,2026-09-09,2026-09-09T00:00:00+07:00,2026-09-09T00:00:00+07:00,jonas,True
timor-pagi.example,Kupang,2017-08-21,46,0.285,0.477,,https://timor-pagi.example/fixture/metrik/2017-08-21,,2026-09-09,2026-09-09T00:00:00+07:00,2026-09-09T00:00:00+07:00,jonas,True
timor-pagi.example,Kupang,2017-08-28,27,0.252,0.544,,https://timor-pagi.example/fixture/metrik/2017-08-28,,2026-09-09,2026-09-09T00:00:00+07:00,2026-09-09T00:00:00+07:00,jefri,True
timor-pagi.example,Kupang,2017-09-04,25,0.184,0.552,,https://timor-pagi.example/fixture/metrik/2017-09-04,,2026-09-09,2026-09-09T00:00:00+07:00,2026-09-09T00:00:00+07:00,jefri,True
timor-pagi.example,Kupang,2017-09-11,48,0.211,0.542,,https://timor-pagi.example/fixture/metrik/2017-09-11,,2026-09-09,2026-09-09T00:00:00+07:00,2026-09-09T00:00:00+07:00,jefri,True
timor-pagi.example,Kupang,2017-09-18,27,0.277,0.563,,https://timor-pagi.example/fixture/metrik/2017-09-18,,2026-09-09,2026-09-09T00:00:00+07:00,2026-09-09T00:00:00+07:00,jefri,True
timor-pagi.example,Kupang,2017-09-25,27,0.24,0.493,,https://timor-pagi.example/fixture/metrik/2017-09-25,,2026-09-09,2026-09-09T00:00:00+07:00,2026-09-09T00:00:00+07:00,jefri,True
timor-pagi.example,Kupang,2017-10-02,27,0.17,0.477,,https://timor-pagi.example/fixture/metrik/2017-10-02,,2026-09-09,2026-09-09T00:00:00+07:00,2026-09-09T00:00:00+07:00,jefri,True
timor-pagi.example,Kupang,2017-10-09,30,0.265,0.468,,https://timor-pagi.example/fixture/metrik/2017-10-09,,2026-09-09,2026-09-09T00:00:00+07:00,2026-09-09T00:00:00+07:00,jefri,True
timor-pagi.example,Kupang,2017-10-16,47,0.274,0.524,,https://timor-pagi.example/fixture/metrik/2017-10-16,,2026-09-09,2026-09-09T00:00:00+07:00,2026-09-09T00:00:00+07:00,jefri,True
timor-pagi.example,Kupang,2017-10-23,37,0.237,0.465,,https://timor-pagi.example/fixture/metrik/2017-10-23,,2026-09-09,2026-09-09T00:00:00+07:00,2026-09-09T00:00:00+07:00,jefri,True
timor-pagi.example,Kupang,2017-10-30,38,0.28,0.541,,https://timor-pagi.example/fixture/metrik/2017-10-30,,2026-09-09,2026-09-09T00:00:00+07:00,2026-09-09T00:00:00+07:00,jefri,True
timor-pagi.example,Kupang,2017-11-06,32,0.239,0.436,,https://timor-pagi.example/fixture/metrik/2017-11-06,,2026-09-09,2026-09-09T00:00:00+07:00,2026-09-09T00:00:00+07:00,jefri,True
timor-pagi.example,Kupang,2017-11-13,24,0.217,0.454,,https://timor-pagi.example/fixture/metrik/2017-11-13,,2026-09-09,2026-09-09T00:00:00+07:00,2026-09-09T00:00:00+07:00,jefri,True
timor-pagi.example,Kupang,2017-11-20,25,0.268,0.429,,https://timor-pagi.example/fixture/metrik/2017-11-20,,2026-09-09,2026-09-09T00:00:00+07:00,2026-09-09T00:00:00+07:00,jefri,True
timor-pagi.example,Kupang,2017-11-27,42,0.235,0.507,,https://timor-pagi.example/fixture/metrik/2017-11-27,,2026-09-09,2026-09-09T00:00:00+07:00,2026-09-09T00:00:00+07:00,jefri,True
timor-pagi.example,Kupang,2017-12-04,42,0.212,0.491,,https://timor-pagi.example/fixture/metrik/2017-12-04,,2026-09-09,2026-09-09T00:00:00+07:00,2026-09-09T00:00:00+07:00,jefri,True
timor-pagi.example,Kupang,2017-12-11,35,0.191,0.349,,https://timor-pagi.example/fixture/metrik/2017-12-11,,2026-09-09,2026-09-09T00:00:00+07:00,2026-09-09T00:00:00+07:00,jefri,True
timor-pagi.example,Kupang,2017-12-18,35,0.231,0.479,,https://timor-pagi.example/fixture/metrik/2017-12-18,,2026-09-09,2026-09-09T00:00:00+07:00,2026-09-09T00:00:00+07:00,jefri,True
timor-pagi.example,Kupang,2017-12-25,36,0.266,0.531,,https://timor-pagi.example/fixture/metrik/2017-12-25,,2026-09-09,2026-09-09T00:00:00+07:00,2026-09-09T00:00:00+07:00,jefri,True
timor-pagi.example,Kupang,2018-01-01,36,0.236,0.454,,https://timor-pagi.example/fixture/metrik/2018-01-01,,2026-09-09,2026-09-09T00:00:00+07:00,2026-09-09T00:00:00+07:00,jefri,True
timor-pagi.example,Kupang,2018-01-08,52,0.262,0.479,,https://timor-pagi.example/fixture/metrik/2018-01-08,,2026-09-09,2026-09-09T00:00:00+07:00,2026-09-09T00:00:00+07:00,jefri,True
timor-pagi.example,Kupang,2018-01-15,52,0.218,0.4,,https://timor-pagi.example/fixture/metrik/2018-01-15,,2026-09-09,2026-09-09T00:00:00+07:00,2026-09-09T00:00:00+07:00,jefri,True
timor-pagi.example,Kupang,2018-01-22,38,0.215,0.434,,https://timor-pagi.example/fixture/metrik/2018-01-22,,2026-09-09,2026-09-09T00:00:00+07:00,2026-09-09T00:00:00+07:00,jefri,True
timor-pagi.example,Kupang,2018-01-29,37,0.289,0.428,,https://timor-pagi.example/fixture/metrik/2018-01-29,,2026-09-09,2026-09-09T00:00:00+07:00,2026-09-09T00:00:00+07:00,jefri,True
timor-pagi.example,Kupang,2018-02-05,47,0.216,0.469,,https://timor-pagi.example/fixture/metrik/2018-02-05,,2026-09-09,2026-09-09T00:00:00+07:00,2026-09-09T00:00:00+07:00,jefri,True
timor-pagi.example,Kupang,2018-02-12,38,0.218,0.419,,https://timor-pagi.example/fixture/metrik/2018-02-12,,2026-09-09,2026-09-09T00:00:00+07:00,2026-09-09T00:00:00+07:00,jefri,True
timor-pagi.example,Kupang,2018-02-19,52,0.26,0.417,,https://timor-pagi.example/fixture/metrik/2018-02-19,,2026-09-09,2026-09-09T00:00:00+07:00,2026-09-09T00:00:00+07:00,jefri,True
timor-pagi.example,Kupang,2018-02-26,30,0.261,0.437,,https://timor-pagi.example/fixture/metrik/2018-02-26,,2026-09-09,2026-09-09T00:00:00+07:00,2026-09-09T00:00:00+07:00,jefri,True
timor-pagi.example,Kupang,2018-03-05,37,0.296,0.43,,https://timor-pagi.example/fixture/metrik/2018-03-05,,2026-09-09,2026-09-09T00:00:00+07:00,2026-09-09T00:00:00+07:00,jefri,True
timor-pagi.example,Kupang,2018-03-12,38,0.257,0.488,,https://timor-pagi.example/fixture/metrik/2018-03-12,,2026-09-09,2026-09-09T00:00:00+07:00,2026-09-09T00:00:00+07:00,jefri,True
timor-pagi.example,Kupang,2018-03-19,35,0.252,0.475,,https://timor-pagi.example/fixture/metrik/2018-03-19,,2026-09-09,2026-09-09T00:00:00+07:00,2026-09-09T00:00:00+07:00,jefri,True
timor-pagi.example,Kupang,2018-03-26,41,0.264,0.487,,https://timor-pagi.example/fixture/metrik/2018-03-26,,2026-09-09,2026-09-09T00:00:00+07:00,2026-09-09T00:00:00+07:00,jefri,True
timor-pagi.example,Kupang,2018-04-02,36,0.311,0.489,,https://timor-pagi.example/fixture/metrik/2018-04-02,,2026-09-09,2026-09-09T00:00:00+07:00,2026-09-09T00:00:00+07:00,jefri,True
timor-pagi.example,Kupang,2018-04-09,39,0.235,0.519,,https://timor-pagi.example/fixture/metrik/2018-04-09,,2026-09-09,2026-09-09T00:00:00+07:00,2026-09-09T00:00:00+07:00,jefri,True
timor-pagi.example,Kupang,2018-04-16,36,0.237,0.413,,https://timor-pagi.example/fixture/metrik/2018-04-16,,2026-09-09,2026-09-09T00:00:00+07:00,2026-09-09T00:00:00+07:00,jefri,True
timor-pagi.example,Kupang,2018-04-23,36,0.205,0.514,,https://timor-pagi.example/fixture/metrik/2018-04-23,,2026-09-09,2026-09-09T00:00:00+07:00,2026-09-09T00:00:00+07:00,jefri,True
timor-pagi.example,Kupang,2018-04-30,33,0.246,0.498,,https://timor-pagi.example/fixture/metrik/2018-04-30,,2026-09-09,2026-09-09T00:00:00+07:00,2026-09-09T00:00:00+07:00,jefri,True
timor-pagi.example,Kupang,2018-05-07,49,0.244,0.548,,https://timor-pagi.example/fixture/metrik/2018-05-07,,2026-09-09,2026-09-09T00:00:00+07:00,2026-09-09T00:00:00+07:00,jefri,True
timor-pagi.example,Kupang,2018-05-14,44,0.229,0.568,,https://timor-pagi.example/fixture/metrik/2018-05-14,,2026-09-09,2026-09-09T00:00:00+07:00,2026-09-09T00:00:00+07:00,jefri,True
timor-pagi.example,Kupang,2018-05-21,53,0.169,0.461,,https://timor-pagi.example/fixture/metrik/2018-05-21,,2026-09-09,2026-09-09T00:00:00+07:00,2026-09-09T00:00:00+07:00,jefri,True
timor-pagi.example,Kupang,2018-05-28,32,0.267,0.485,,https://timor-pagi.example/fixture/metrik/2018-05-28,,2026-09-09,2026-09-09T00:00:00+07:00,2026-09-09T00:00:00+07:00,jefri,True
timor-pagi.example,Kupang,2018-06-04,41,0.186,0.466,,https://timor-pagi.example/fixture/metrik/2018-06-04,,2026-09-09,2026-09-09T00:00:00+07:00,2026-09-09T00:00:00+07:00,jefri,True
timor-pagi.example,Kupang,2018-06-11,38,0.268,0.518,,https://timor-pagi.example/fixture/metrik/2018-06-11,,2026-09-09,2026-09-09T00:00:00+07:00,2026-09-09T00:00:00+07:00,jefri,True
timor-pagi.example,Kupang,2018-06-18,45,0.221,0.469,,https://timor-pagi.example/fixture/metrik/2018-06-18,,2026-09-09,2026-09-09T00:00:00+07:00,2026-09-09T00:00:00+07:00,jefri,True
timor-pagi.example,Kupang,2018-06-25,33,0.215,0.546,,https://timor-pagi.example/fixture/metrik/2018-06-25,,2026-09-09,2026-09-09T00:00:00+07:00,2026-09-09T00:00:00+07:00,jefri,True
timor-pagi.example,Kupang,2018-07-02,46,0.217,0.504,,https://timor-pagi.example/fixture/metrik/2018-07-02,,2026-09-09,2026-09-09T00:00:00+07:00,2026-09-09T00:00:00+07:00,jefri,True
timor-pagi.example,Kupang,2018-07-09,40,0.24,0.529,,https://timor-pagi.example/fixture/metrik/2018-07-09,,2026-09-09,2026-09-09T00:00:00+07:00,2026-09-09T00:00:00+07:00,jefri,True
timor-pagi.example,Kupang,2018-07-16,26,0.274,0.487,,https://timor-pagi.example/fixture/metrik/2018-07-16,,2026-09-09,2026-09-09T00:00:00+07:00,2026-09-09T00:00:00+07:00,jefri,True
timor-pagi.example,Kupang,2018-07-23,45,0.305,0.492,,https://timor-pagi.example/fixture/metrik/2018-07-23,,2026-09-09,2026-09-09T00:00:00+07:00,2026-09-09T00:00:00+07:00,jefri,True
timor-pagi.example,Kupang,2018-07-30,26,0.211,0.522,,https://timor-pagi.example/fixture/metrik/2018-07-30,,2026-09-09,2026-09-09T00:00:00+07:00,2026-09-09T00:00:00+07:00,jefri,True
timor-pagi.example,Kupang,2018-08-06,36,0.217,0.491,,https://timor-pagi.example/fixture/metrik/2018-08-06,,2026-09-09,2026-09-09T00:00:00+07:00,2026-09-09T00:00:00+07:00,jefri,True
timor-pagi.example,Kupang,2018-08-13,31,0.223,0.405,,https://timor-pagi.example/fixture/metrik/2018-08-13,,2026-09-09,2026-09-09T00:00:00+07:00,2026-09-09T00:00:00+07:00,jefri,True
timor-pagi.example,Kupang,2018-08-20,24,0.176,0.415,,https://timor-pagi.example/fixture/metrik/2018-08-20,,2026-09-09,2026-09-09T00:00:00+07:00,2026-09-09T00:00:00+07:00,jefri,True
timor-pagi.example,Kupang,2018-08-27,39,0.205,0.443,,https://timor-pagi.example/fixture/metrik/2018-08-27,,2026-09-09,2026-09-09T00:00:00+07:00,2026-09-09T00:00:00+07:00,jefri,True
timor-pagi.example,Kupang,2018-09-03,44,0.265,0.546,,https://timor-pagi.example/fixture/metrik/2018-09-03,,2026-09-09,2026-09-09T00:00:00+07:00,2026-09-09T00:00:00+07:00,jefri,True
timor-pagi.example,Kupang,2018-09-10,38,0.305,0.491,,https://timor-pagi.example/fixture/metrik/2018-09-10,,2026-09-09,2026-09-09T00:00:00+07:00,2026-09-09T00:00:00+07:00,jefri,True
timor-pagi.example,Kupang,2018-09-17,43,0.265,0.447,,https://timor-pagi.example/fixture/metrik/2018-09-17,,2026-09-09,2026-09-09T00:00:00+07:00,2026-09-09T00:00:00+07:00,jefri,True
timor-pagi.example,Kupang,2018-09-24,33,0.17,0.448,,https://timor-pagi.example/fixture/metrik/2018-09-24,,2026-09-09,2026-09-09T00:00:00+07:00,2026-09-09T00:00:00+07:00,jefri,True
timor-pagi.example,Kupang,2018-10-01,35,0.244,0.453,,https://timor-pagi.example/fixture/metrik/2018-10-01,,2026-09-09,2026-09-09T00:00:00+07:00,2026-09-09T00:00:00+07:00,jefri,True
timor-pagi.example,Kupang,2018-10-08,37,0.206,0.413,,https://timor-pagi.example/fixture/metrik/2018-10-08,,2026-09-09,2026-09-09T00:00:00+07:00,2026-09-09T00:00:00+07:00,jefri,True
timor-pagi.example,Kupang,2018-10-15,32,0.276,0.516,,https://timor-pagi.example/fixture/metrik/2018-10-15,,2026-09-09,2026-09-09T00:00:00+07:00,2026-09-09T00:00:00+07:00,jefri,True
timor-pagi.example,Kupang,2018-10-22,33,0.193,0.453,,https://timor-pagi.example/fixture/metrik/2018-10-22,,2026-09-09,2026-09-09T00:00:00+07:00,2026-09-09T00:00:00+07:00,jefri,True
timor-pagi.example,Kupang,2018-10-29,47,0.206,0.475,,https://timor-pagi.example/fixture/metrik/2018-10-29,,2026-09-09,2026-09-09T00:00:00+07:00,2026-09-09T00:00:00+07:00,jefri,True
timor-pagi.example,Kupang,2018-11-05,41,0.238,0.397,,https://timor-pagi.example/fixture/metrik/2018-11-05,,2026-09-09,2026-09-09T00:00:00+07:00,2026-09-09T00:00:00+07:00,jefri,True
timor-pagi.example,Kupang,2018-11-12,39,0.286,0.545,,https://timor-pagi.example/fixture/metrik/2018-11-12,,2026-09-09,2026-09-09T00:00:00+07:00,2026-09-09T00:00:00+07:00,jefri,True
timor-pagi.example,Kupang,2018-11-19,38,0.253,0.435,,https://timor-pagi.example/fixture/metrik/2018-11-19,,2026-09-09,2026-09-09T00:00:00+07:00,2026-09-09T00:00:00+07:00,jefri,True
timor-pagi.example,Kupang,2018-11-26,33,0.256,0.51,,https://timor-pagi.example/fixture/metrik/2018-11-26,,2026-09-09,2026-09-09T00:00:00+07:00,2026-09-09T00:00:00+07:00,jefri,True
timor-pagi.example,Kupang,2018-12-03,39,0.259,0.415,,https://timor-pagi.example/fixture/metrik/2018-12-03,,2026-09-09,2026-09-09T00:00:00+07:00,2026-09-09T00:00:00+07:00,jefri,True
timor-pagi.example,Kupang,2018-12-10,35,0.224,0.591,,https://timor-pagi.example/fixture/metrik/2018-12-10,,2026-09-09,2026-09-09T00:00:00+07:00,2026-09-09T00:00:00+07:00,jefri,True
timor-pagi.example,Kupang,2018-12-17,34,0.211,0.49,,https://timor-pagi.example/fixture/metrik/2018-12-17,,2026-09-09,2026-09-09T00:00:00+07:00,2026-09-09T00:00:00+07:00,jefri,True
timor-pagi.example,Kupang,2018-12-24,38,0.217,0.401,,https://timor-pagi.example/fixture/metrik/2018-12-24,,2026-09-09,2026-09-09T00:00:00+07:00,2026-09-09T00:00:00+07:00,jefri,True
timor-pagi.example,Kupang,2018-12-31,35,0.213,0.441,,https://timor-pagi.example/fixture/metrik/2018-12-31,,2026-09-09,2026-09-09T00:00:00+07:00,2026-09-09T00:00:00+07:00,jefri,True
timor-pagi.example,Kupang,2019-01-07,42,0.259,0.447,,https://timor-pagi.example/fixture/metrik/2019-01-07,,2026-09-09,2026-09-09T00:00:00+07:00,2026-09-09T00:00:00+07:00,jefri,True
timor-pagi.example,Kupang,2019-01-14,46,0.232,0.481,,https://timor-pagi.example/fixture/metrik/2019-01-14,,2026-09-09,2026-09-09T00:00:00+07:00,2026-09-09T00:00:00+07:00,jefri,True
timor-pagi.example,Kupang,2019-01-21,34,0.187,0.51,,https://timor-pagi.example/fixture/metrik/2019-01-21,,2026-09-09,2026-09-09T00:00:00+07:00,2026-09-09T00:00:00+07:00,jefri,True
timor-pagi.example,Kupang,2019-01-28,47,0.189,0.493,,https://timor-pagi.example/fixture/metrik/2019-01-28,,2026-09-09,2026-09-09T00:00:00+07:00,2026-09-09T00:00:00+07:00,jefri,True
timor-pagi.example,Kupang,2019-02-04,43,0.277,0.566,,https://timor-pagi.example/fixture/metrik/2019-02-04,,2026-09-09,2026-09-09T00:00:00+07:00,2026-09-09T00:00:00+07:00,jefri,True
timor-pagi.example,Kupang,2019-02-11,41,0.241,0.505,,https://timor-pagi.example/fixture/metrik/2019-02-11,,2026-09-09,2026-09-09T00:00:00+07:00,2026-09-09T00:00:00+07:00,jefri,True
timor-pagi.example,Kupang,2019-02-18,34,0.264,0.471,,https://timor-pagi.example/fixture/metrik/2019-02-18,,2026-09-09,2026-09-09T00:00:00+07:00,2026-09-09T00:00:00+07:00,jefri,True
timor-pagi.example,Kupang,2019-02-25,45,0.194,0.62,,https://timor-pagi.example/fixture/metrik/2019-02-25,,2026-09-09,2026-09-09T00:00:00+07:00,2026-09-09T00:00:00+07:00,jefri,True
timor-pagi.example,Kupang,2019-03-04,42,0.19,0.51,,https://timor-pagi.example/fixture/metrik/2019-03-04,,2026-09-09,2026-09-09T00:00:00+07:00,2026-09-09T00:00:00+07:00,jefri,True
timor-pagi.example,Kupang,2019-03-11,43,0.233,0.53,,https://timor-pagi.example/fixture/metrik/2019-03-11,,2026-09-09,2026-09-09T00:00:00+07:00,2026-09-09T00:00:00+07:00,jefri,True
timor-pagi.example,Kupang,2019-03-18,23,0.278,0.421,,https://timor-pagi.example/fixture/metrik/2019-03-18,,2026-09-09,2026-09-09T00:00:00+07:00,2026-09-09T00:00:00+07:00,jefri,True
timor-pagi.example,Kupang,2019-03-25,41,0.269,0.472,,https://timor-pagi.example/fixture/metrik/2019-03-25,,2026-09-09,2026-09-09T00:00:00+07:00,2026-09-09T00:00:00+07:00,jefri,True
timor-pagi.example,Kupang,2019-04-01,45,0.266,0.489,,https://timor-pagi.example/fixture/metrik/2019-04-01,,2026-09-09,2026-09-09T00:00:00+07:00,2026-09-09T00:00:00+07:00,jefri,True
timor-pagi.example,Kupang,2019-04-08,39,0.258,0.505,,https://timor-pagi.example/fixture/metrik/2019-04-08,,2026-09-09,2026-09-09T00:00:00+07:00,2026-09-09T00:00:00+07:00,jefri,True
timor-pagi.example,Kupang,2019-04-15,28,0.204,0.5,,https://timor-pagi.example/fixture/metrik/2019-04-15,,2026-09-09,2026-09-09T00:00:00+07:00,2026-09-09T00:00:00+07:00,jefri,True
timor-pagi.example,Kupang,2019-04-22,31,0.19,0.449,,https://timor-pagi.example/fixture/metrik/2019-04-22,,2026-09-09,2026-09-09T00:00:00+07:00,2026-09-09T00:00:00+07:00,jefri,True
timor-pagi.example,Kupang,2019-04-29,30,0.228,0.605,,https://timor-pagi.example/fixture/metrik/2019-04-29,,2026-09-09,2026-09-09T00:00:00+07:00,2026-09-09T00:00:00+07:00,jefri,True
timor-pagi.example,Kupang,2019-05-06,37,0.201,0.545,,https://timor-pagi.example/fixture/metrik/2019-05-06,,2026-09-09,2026-09-09T00:00:00+07:00,2026-09-09T00:00:00+07:00,jefri,True
timor-pagi.example,Kupang,2019-05-13,30,0.247,0.517,,https://timor-pagi.example/fixture/metrik/2019-05-13,,2026-09-09,2026-09-09T00:00:00+07:00,2026-09-09T00:00:00+07:00,jefri,True
timor-pagi.example,Kupang,2019-05-20,38,0.261,0.419,,https://timor-pagi.example/fixture/metrik/2019-05-20,,2026-09-09,2026-09-09T00:00:00+07:00,2026-09-09T00:00:00+07:00,jefri,True
timor-pagi.example,Kupang,2019-05-27,39,0.259,0.491,,https://timor-pagi.example/fixture/metrik/2019-05-27,,2026-09-09,2026-09-09T00:00:00+07:00,2026-09-09T00:00:00+07:00,jefri,True
timor-pagi.example,Kupang,2019-06-03,32,0.285,0.599,,https://timor-pagi.example/fixture/metrik/2019-06-03,,2026-09-09,2026-09-09T00:00:00+07:00,2026-09-09T00:00:00+07:00,jefri,True
timor-pagi.example,Kupang,2019-06-10,42,0.241,0.469,,https://timor-pagi.example/fixture/metrik/2019-06-10,,2026-09-09,2026-09-09T00:00:00+07:00,2026-09-09T00:00:00+07:00,jefri,True
timor-pagi.example,Kupang,2019-06-17,47,0.293,0.356,,https://timor-pagi.example/fixture/metrik/2019-06-17,,2026-09-09,2026-09-09T00:00:00+07:00,2026-09-09T00:00:00+07:00,jefri,True
timor-pagi.example,Kupang,2019-06-24,41,0.284,0.533,,https://timor-pagi.example/fixture/metrik/2019-06-24,,2026-09-09,2026-09-09T00:00:00+07:00,2026-09-09T00:00:00+07:00,jefri,True
timor-pagi.example,Kupang,2019-07-01,32,0.254,0.517,,https://timor-pagi.example/fixture/metrik/2019-07-01,,2026-09-09,2026-09-09T00:00:00+07:00,2026-09-09T00:00:00+07:00,jefri,True
timor-pagi.example,Kupang,2019-07-08,39,0.261,0.607,,https://timor-pagi.example/fixture/metrik/2019-07-08,,2026-09-09,2026-09-09T00:00:00+07:00,2026-09-09T00:00:00+07:00,jefri,True
timor-pagi.example,Kupang,2019-07-15,39,0.258,0.542,,https://timor-pagi.example/fixture/metrik/2019-07-15,,2026-09-09,2026-09-09T00:00:00+07:00,2026-09-09T00:00:00+07:00,jefri,True
timor-pagi.example,Kupang,2019-07-22,41,0.279,0.459,,https://timor-pagi.example/fixture/metrik/2019-07-22,,2026-09-09,2026-09-09T00:00:00+07:00,2026-09-09T00:00:00+07:00,jefri,True
timor-pagi.example,Kupang,2019-07-29,43,0.166,0.51,,https://timor-pagi.example/fixture/metrik/2019-07-29,,2026-09-09,2026-09-09T00:00:00+07:00,2026-09-09T00:00:00+07:00,jefri,True
timor-pagi.example,Kupang,2019-08-05,33,0.229,0.527,,https://timor-pagi.example/fixture/metrik/2019-08-05,,2026-09-09,2026-09-09T00:00:00+07:00,2026-09-09T00:00:00+07:00,jefri,True
timor-pagi.example,Kupang,2019-08-12,50,0.25,0.51,,https://timor-pagi.example/fixture/metrik/2019-08-12,,2026-09-09,2026-09-09T00:00:00+07:00,2026-09-09T00:00:00+07:00,jefri,True
timor-pagi.example,Kupang,2019-08-19,41,0.213,0.488,,https://timor-pagi.example/fixture/metrik/2019-08-19,,2026-09-09,2026-09-09T00:00:00+07:00,2026-09-09T00:00:00+07:00,jefri,True
timor-pagi.example,Kupang,2019-08-26,42,0.234,0.499,,https://timor-pagi.example/fixture/metrik/2019-08-26,,2026-09-09,2026-09-09T00:00:00+07:00,2026-09-09T00:00:00+07:00,jefri,True
timor-pagi.example,Kupang,2019-09-02,36,0.24,0.551,,https://timor-pagi.example/fixture/metrik/2019-09-02,,2026-09-09,2026-09-09T00:00:00+07:00,2026-09-09T00:00:00+07:00,jefri,True
timor-pagi.example,Kupang,2019-09-09,42,0.254,0.486,,https://timor-pagi.example/fixture/metrik/2019-09-09,,2026-09-09,2026-09-09T00:00:00+07:00,2026-09-09T00:00:00+07:00,jefri,True
timor-pagi.example,Kupang,2019-09-16,44,0.236,0.555,,https://timor-pagi.example/fixture/metrik/2019-09-16,,2026-09-09,2026-09-09T00:00:00+07:00,2026-09-09T00:00:00+07:00,jefri,True
timor-pagi.example,Kupang,2019-09-23,37,0.266,0.516,,https://timor-pagi.example/fixture/metrik/2019-09-23,,2026-09-09,2026-09-09T00:00:00+07:00,2026-09-09T00:00:00+07:00,jefri,True
timor-pagi.example,Kupang,2019-09-30,41,0.215,0.48,,https://timor-pagi.example/fixture/metrik/2019-09-30,,2026-09-09,2026-09-09T00:00:00+07:00,2026-09-09T00:00:00+07:00,jefri,True
timor-pagi.example,Kupang,2019-10-07,34,0.255,0.533,,https://timor-pagi.example/fixture/metrik/2019-10-07,,2026-09-09,2026-09-09T00:00:00+07:00,2026-09-09T00:00:00+07:00,jefri,True
timor-pagi.example,Kupang,2019-10-14,40,0.244,0.51,,https://timor-pagi.example/fixture/metrik/2019-10-14,,2026-09-09,2026-09-09T00:00:00+07:00,2026-09-09T00:00:00+07:00,jefri,True
timor-pagi.example,Kupang,2019-10-21,50,0.276,0.461,,https://timor-pagi.example/fixture/metrik/2019-10-21,,2026-09-09,2026-09-09T00:00:00+07:00,2026-09-09T00:00:00+07:00,jefri,True
timor-pagi.example,Kupang,2019-10-28,35,0.272,0.529,,https://timor-pagi.example/fixture/metrik/2019-10-28,,2026-09-09,2026-09-09T00:00:00+07:00,2026-09-09T00:00:00+07:00,jefri,True
timor-pagi.example,Kupang,2019-11-04,33,0.227,0.521,,https://timor-pagi.example/fixture/metrik/2019-11-04,,2026-09-09,2026-09-09T00:00:00+07:00,2026-09-09T00:00:00+07:00,jefri,True
timor-pagi.example,Kupang,2019-11-11,28,0.258,0.482,,https://timor-pagi.example/fixture/metrik/2019-11-11,,2026-09-09,2026-09-09T00:00:00+07:00,2026-09-09T00:00:00+07:00,jefri,True
timor-pagi.example,Kupang,2019-11-18,40,0.2,0.444,,https://timor-pagi.example/fixture/metrik/2019-11-18,,2026-09-09,2026-09-09T00:00:00+07:00,2026-09-09T00:00:00+07:00,jefri,True
timor-pagi.example,Kupang,2019-11-25,29,0.261,0.388,,https://timor-pagi.example/fixture/metrik/2019-11-25,,2026-09-09,2026-09-09T00:00:00+07:00,2026-09-09T00:00:00+07:00,jefri,True
timor-pagi.example,Kupang,2019-12-02,31,0.189,0.459,,https://timor-pagi.example/fixture/metrik/2019-12-02,,2026-09-09,2026-09-09T00:00:00+07:00,2026-09-09T00:00:00+07:00,jefri,True
timor-pagi.example,Kupang,2019-12-09,39,0.272,0.486,,https://timor-pagi.example/fixture/metrik/2019-12-09,,2026-09-09,2026-09-09T00:00:00+07:00,2026-09-09T00:00:00+07:00,jefri,True
timor-pagi.example,Kupang,2019-12-16,36,0.256,0.471,,https://timor-pagi.example/fixture/metrik/2019-12-16,,2026-09-09,2026-09-09T00:00:00+07:00,2026-09-09T00:00:00+07:00,jefri,True
timor-pagi.example,Kupang,2019-12-23,25,0.211,0.591,,https://timor-pagi.example/fixture/metrik/2019-12-23,,2026-09-09,2026-09-09T00:00:00+07:00,2026-09-09T00:00:00+07:00,jefri,True
timor-pagi.example,Kupang,2019-12-30,28,0.249,0.459,,https://timor-pagi.example/fixture/metrik/2019-12-30,,2026-09-09,2026-09-09T00:00:00+07:00,2026-09-09T00:00:00+07:00,jefri,True
timor-pagi.example,Kupang,2020-01-06,24,0.225,0.43,,https://timor-pagi.example/fixture/metrik/2020-01-06,,2026-09-09,2026-09-09T00:00:00+07:00,2026-09-09T00:00:00+07:00,jefri,True
timor-pagi.example,Kupang,2020-01-13,41,0.249,0.584,,https://timor-pagi.example/fixture/metrik/2020-01-13,,2026-09-09,2026-09-09T00:00:00+07:00,2026-09-09T00:00:00+07:00,jefri,True
timor-pagi.example,Kupang,2020-01-20,42,0.235,0.523,,https://timor-pagi.example/fixture/metrik/2020-01-20,,2026-09-09,2026-09-09T00:00:00+07:00,2026-09-09T00:00:00+07:00,jefri,True
timor-pagi.example,Kupang,2020-01-27,31,0.261,0.542,,https://timor-pagi.example/fixture/metrik/2020-01-27,,2026-09-09,2026-09-09T00:00:00+07:00,2026-09-09T00:00:00+07:00,jefri,True
timor-pagi.example,Kupang,2020-02-03,47,0.234,0.43,,https://timor-pagi.example/fixture/metrik/2020-02-03,,2026-09-09,2026-09-09T00:00:00+07:00,2026-09-09T00:00:00+07:00,jefri,True
timor-pagi.example,Kupang,2020-02-10,41,0.208,0.535,,https://timor-pagi.example/fixture/metrik/2020-02-10,,2026-09-09,2026-09-09T00:00:00+07:00,2026-09-09T00:00:00+07:00,jefri,True
timor-pagi.example,Kupang,2020-02-17,45,0.29,0.54,,https://timor-pagi.example/fixture/metrik/2020-02-17,,2026-09-09,2026-09-09T00:00:00+07:00,2026-09-09T00:00:00+07:00,jefri,True
timor-pagi.example,Kupang,2020-02-24,37,0.24,0.493,,https://timor-pagi.example/fixture/metrik/2020-02-24,,2026-09-09,2026-09-09T00:00:00+07:00,2026-09-09T00:00:00+07:00,jefri,True
timor-pagi.example,Kupang,2020-03-02,37,0.208,0.508,,https://timor-pagi.example/fixture/metrik/2020-03-02,,2026-09-09,2026-09-09T00:00:00+07:00,2026-09-09T00:00:00+07:00,jefri,True
timor-pagi.example,Kupang,2020-03-09,39,0.244,0.462,,https://timor-pagi.example/fixture/metrik/2020-03-09,,2026-09-09,2026-09-09T00:00:00+07:00,2026-09-09T00:00:00+07:00,jefri,True
timor-pagi.example,Kupang,2020-03-16,38,0.238,0.434,,https://timor-pagi.example/fixture/metrik/2020-03-16,,2026-09-09,2026-09-09T00:00:00+07:00,2026-09-09T00:00:00+07:00,jefri,True
timor-pagi.example,Kupang,2020-03-23,37,0.286,0.454,,https://timor-pagi.example/fixture/metrik/2020-03-23,,2026-09-09,2026-09-09T00:00:00+07:00,2026-09-09T00:00:00+07:00,jefri,True
timor-pagi.example,Kupang,2020-03-30,39,0.267,0.531,,https://timor-pagi.example/fixture/metrik/2020-03-30,,2026-09-09,2026-09-09T00:00:00+07:00,2026-09-09T00:00:00+07:00,jefri,True
timor-pagi.example,Kupang,2020-04-06,44,0.205,0.451,,https://timor-pagi.example/fixture/metrik/2020-04-06,,2026-09-09,2026-09-09T00:00:00+07:00,2026-09-09T00:00:00+07:00,jefri,True
timor-pagi.example,Kupang,2020-04-13,39,0.24,0.535,,https://timor-pagi.example/fixture/metrik/2020-04-13,,2026-09-09,2026-09-09T00:00:00+07:00,2026-09-09T00:00:00+07:00,jefri,True
timor-pagi.example,Kupang,2020-04-20,27,0.251,0.461,,https://timor-pagi.example/fixture/metrik/2020-04-20,,2026-09-09,2026-09-09T00:00:00+07:00,2026-09-09T00:00:00+07:00,jefri,True
timor-pagi.example,Kupang,2020-04-27,43,0.206,0.524,,https://timor-pagi.example/fixture/metrik/2020-04-27,,2026-09-09,2026-09-09T00:00:00+07:00,2026-09-09T00:00:00+07:00,jefri,True
timor-pagi.example,Kupang,2020-05-04,32,0.218,0.498,,https://timor-pagi.example/fixture/metrik/2020-05-04,,2026-09-09,2026-09-09T00:00:00+07:00,2026-09-09T00:00:00+07:00,jefri,True
timor-pagi.example,Kupang,2020-05-11,50,0.193,0.503,,https://timor-pagi.example/fixture/metrik/2020-05-11,,2026-09-09,2026-09-09T00:00:00+07:00,2026-09-09T00:00:00+07:00,jefri,True
timor-pagi.example,Kupang,2020-05-18,42,0.224,0.512,,https://timor-pagi.example/fixture/metrik/2020-05-18,,2026-09-09,2026-09-09T00:00:00+07:00,2026-09-09T00:00:00+07:00,jefri,True
timor-pagi.example,Kupang,2020-05-25,41,0.233,0.587,,https://timor-pagi.example/fixture/metrik/2020-05-25,,2026-09-09,2026-09-09T00:00:00+07:00,2026-09-09T00:00:00+07:00,jefri,True
timor-pagi.example,Kupang,2020-06-01,32,0.243,0.465,,https://timor-pagi.example/fixture/metrik/2020-06-01,,2026-09-09,2026-09-09T00:00:00+07:00,2026-09-09T00:00:00+07:00,jefri,True
timor-pagi.example,Kupang,2020-06-08,38,0.171,0.517,,https://timor-pagi.example/fixture/metrik/2020-06-08,,2026-09-09,2026-09-09T00:00:00+07:00,2026-09-09T00:00:00+07:00,jefri,True
timor-pagi.example,Kupang,2020-06-15,42,0.155,0.501,,https://timor-pagi.example/fixture/metrik/2020-06-15,,2026-09-09,2026-09-09T00:00:00+07:00,2026-09-09T00:00:00+07:00,jefri,True
timor-pagi.example,Kupang,2020-06-22,32,0.26,0.543,,https://timor-pagi.example/fixture/metrik/2020-06-22,,2026-09-09,2026-09-09T00:00:00+07:00,2026-09-09T00:00:00+07:00,jefri,True
timor-pagi.example,Kupang,2020-06-29,34,0.221,0.428,,https://timor-pagi.example/fixture/metrik/2020-06-29,,2026-09-09,2026-09-09T00:00:00+07:00,2026-09-09T00:00:00+07:00,jefri,True
timor-pagi.example,Kupang,2020-07-06,47,0.231,0.461,,https://timor-pagi.example/fixture/metrik/2020-07-06,,2026-09-09,2026-09-09T00:00:00+07:00,2026-09-09T00:00:00+07:00,jefri,True
timor-pagi.example,Kupang,2020-07-13,38,0.259,0.458,,https://timor-pagi.example/fixture/metrik/2020-07-13,,2026-09-09,2026-09-09T00:00:00+07:00,2026-09-09T00:00:00+07:00,jefri,True
timor-pagi.example,Kupang,2020-07-20,46,0.261,0.516,,https://timor-pagi.example/fixture/metrik/2020-07-20,,2026-09-09,2026-09-09T00:00:00+07:00,2026-09-09T00:00:00+07:00,jefri,True
timor-pagi.example,Kupang,2020-07-27,43,0.215,0.42,,https://timor-pagi.example/fixture/metrik/2020-07-27,,2026-09-09,2026-09-09T00:00:00+07:00,2026-09-09T00:00:00+07:00,jefri,True
timor-pagi.example,Kupang,2020-08-03,31,0.2,0.561,,https://timor-pagi.example/fixture/metrik/2020-08-03,,2026-09-09,2026-09-09T00:00:00+07:00,2026-09-09T00:00:00+07:00,jefri,True
timor-pagi.example,Kupang,2020-08-10,28,0.226,0.507,,https://timor-pagi.example/fixture/metrik/2020-08-10,,2026-09-09,2026-09-09T00:00:00+07:00,2026-09-09T00:00:00+07:00,jefri,True
timor-pagi.example,Kupang,2020-08-17,24,0.251,0.471,,https://timor-pagi.example/fixture/metrik/2020-08-17,,2026-09-09,2026-09-09T00:00:00+07:00,2026-09-09T00:00:00+07:00,jefri,True
timor-pagi.example,Kupang,2020-08-24,46,0.191,0.447,,https://timor-pagi.example/fixture/metrik/2020-08-24,,2026-09-09,2026-09-09T00:00:00+07:00,2026-09-09T00:00:00+07:00,jefri,True
timor-pagi.example,Kupang,2020-08-31,39,0.287,0.478,,https://timor-pagi.example/fixture/metrik/2020-08-31,,2026-09-09,2026-09-09T00:00:00+07:00,2026-09-09T00:00:00+07:00,jefri,True
timor-pagi.example,Kupang,2020-09-07,40,0.234,0.528,,https://timor-pagi.example/fixture/metrik/2020-09-07,,2026-09-09,2026-09-09T00:00:00+07:00,2026-09-09T00:00:00+07:00,jefri,True
timor-pagi.example,Kupang,2020-09-14,38,0.278,0.517,,https://timor-pagi.example/fixture/metrik/2020-09-14,,2026-09-09,2026-09-09T00:00:00+07:00,2026-09-09T00:00:00+07:00,jefri,True
timor-pagi.example,Kupang,2020-09-21,40,0.23,0.414,,https://timor-pagi.example/fixture/metrik/2020-09-21,,2026-09-09,2026-09-09T00:00:00+07:00,2026-09-09T00:00:00+07:00,jefri,True
timor-pagi.example,Kupang,2020-09-28,42,0.236,0.464,,https://timor-pagi.example/fixture/metrik/2020-09-28,,2026-09-09,2026-09-09T00:00:00+07:00,2026-09-09T00:00:00+07:00,jefri,True
timor-pagi.example,Kupang,2020-10-05,37,0.19,0.417,,https://timor-pagi.example/fixture/metrik/2020-10-05,,2026-09-09,2026-09-09T00:00:00+07:00,2026-09-09T00:00:00+07:00,jefri,True
timor-pagi.example,Kupang,2020-10-12,34,0.242,0.506,,https://timor-pagi.example/fixture/metrik/2020-10-12,,2026-09-09,2026-09-09T00:00:00+07:00,2026-09-09T00:00:00+07:00,jefri,True
timor-pagi.example,Kupang,2020-10-19,32,0.306,0.511,,https://timor-pagi.example/fixture/metrik/2020-10-19,,2026-09-09,2026-09-09T00:00:00+07:00,2026-09-09T00:00:00+07:00,jefri,True
timor-pagi.example,Kupang,2020-10-26,49,0.206,0.562,,https://timor-pagi.example/fixture/metrik/2020-10-26,,2026-09-09,2026-09-09T00:00:00+07:00,2026-09-09T00:00:00+07:00,jefri,True
timor-pagi.example,Kupang,2020-11-02,38,0.33,0.468,,https://timor-pagi.example/fixture/metrik/2020-11-02,,2026-09-09,2026-09-09T00:00:00+07:00,2026-09-09T00:00:00+07:00,jefri,True
timor-pagi.example,Kupang,2020-11-09,40,0.254,0.453,,https://timor-pagi.example/fixture/metrik/2020-11-09,,2026-09-09,2026-09-09T00:00:00+07:00,2026-09-09T00:00:00+07:00,jefri,True
timor-pagi.example,Kupang,2020-11-16,40,0.235,0.497,,https://timor-pagi.example/fixture/metrik/2020-11-16,,2026-09-09,2026-09-09T00:00:00+07:00,2026-09-09T00:00:00+07:00,jefri,True
timor-pagi.example,Kupang,2020-11-23,32,0.202,0.469,,https://timor-pagi.example/fixture/metrik/2020-11-23,,2026-09-09,2026-09-09T00:00:00+07:00,2026-09-09T00:00:00+07:00,jefri,True
timor-pagi.example,Kupang,2020-11-30,45,0.205,0.433,,https://timor-pagi.example/fixture/metrik/2020-11-30,,2026-09-09,2026-09-09T00:00:00+07:00,2026-09-09T00:00:00+07:00,jefri,True
timor-pagi.example,Kupang,2020-12-07,32,0.328,0.514,,https://timor-pagi.example/fixture/metrik/2020-12-07,,2026-09-09,2026-09-09T00:00:00+07:00,2026-09-09T00:00:00+07:00,jefri,True
timor-pagi.example,Kupang,2020-12-14,48,0.201,0.513,,https://timor-pagi.example/fixture/metrik/2020-12-14,,2026-09-09,2026-09-09T00:00:00+07:00,2026-09-09T00:00:00+07:00,jefri,True
timor-pagi.example,Kupang,2020-12-21,41,0.221,0.51,,https://timor-pagi.example/fixture/metrik/2020-12-21,,2026-09-09,2026-09-09T00:00:00+07:00,2026-09-09T00:00:00+07:00,jefri,True
timor-pagi.example,Kupang,2020-12-28,36,0.325,0.39,,https://timor-pagi.example/fixture/metrik/2020-12-28,,2026-09-09,2026-09-09T00:00:00+07:00,2026-09-09T00:00:00+07:00,jefri,True
timor-pagi.example,Kupang,2021-01-04,30,0.239,0.483,,https://timor-pagi.example/fixture/metrik/2021-01-04,,2026-09-09,2026-09-09T00:00:00+07:00,2026-09-09T00:00:00+07:00,jefri,True
timor-pagi.example,Kupang,2021-01-11,42,0.253,0.524,,https://timor-pagi.example/fixture/metrik/2021-01-11,,2026-09-09,2026-09-09T00:00:00+07:00,2026-09-09T00:00:00+07:00,jefri,True
timor-pagi.example,Kupang,2021-01-18,24,0.21,0.395,,https://timor-pagi.example/fixture/metrik/2021-01-18,,2026-09-09,2026-09-09T00:00:00+07:00,2026-09-09T00:00:00+07:00,jefri,True
timor-pagi.example,Kupang,2021-01-25,42,0.283,0.453,,https://timor-pagi.example/fixture/metrik/2021-01-25,,2026-09-09,2026-09-09T00:00:00+07:00,2026-09-09T00:00:00+07:00,jefri,True
timor-pagi.example,Kupang,2021-02-01,40,0.219,0.444,,https://timor-pagi.example/fixture/metrik/2021-02-01,,2026-09-09,2026-09-09T00:00:00+07:00,2026-09-09T00:00:00+07:00,jefri,True
timor-pagi.example,Kupang,2021-02-08,36,0.239,0.429,,https://timor-pagi.example/fixture/metrik/2021-02-08,,2026-09-09,2026-09-09T00:00:00+07:00,2026-09-09T00:00:00+07:00,jefri,True
timor-pagi.example,Kupang,2021-02-15,36,0.308,0.579,,https://timor-pagi.example/fixture/metrik/2021-02-15,,2026-09-09,2026-09-09T00:00:00+07:00,2026-09-09T00:00:00+07:00,jefri,True
timor-pagi.example,Kupang,2021-02-22,39,0.235,0.54,,https://timor-pagi.example/fixture/metrik/2021-02-22,,2026-09-09,2026-09-09T00:00:00+07:00,2026-09-09T00:00:00+07:00,jefri,True
timor-pagi.example,Kupang,2021-03-01,21,0.262,0.464,,https://timor-pagi.example/fixture/metrik/2021-03-01,,2026-09-09,2026-09-09T00:00:00+07:00,2026-09-09T00:00:00+07:00,jefri,True
timor-pagi.example,Kupang,2021-03-08,43,0.202,0.475,,https://timor-pagi.example/fixture/metrik/2021-03-08,,2026-09-09,2026-09-09T00:00:00+07:00,2026-09-09T00:00:00+07:00,jefri,True
timor-pagi.example,Kupang,2021-03-15,35,0.262,0.513,,https://timor-pagi.example/fixture/metrik/2021-03-15,,2026-09-09,2026-09-09T00:00:00+07:00,2026-09-09T00:00:00+07:00,jefri,True
timor-pagi.example,Kupang,2021-03-22,39,0.248,0.468,,https://timor-pagi.example/fixture/metrik/2021-03-22,,2026-09-09,2026-09-09T00:00:00+07:00,2026-09-09T00:00:00+07:00,jefri,True
timor-pagi.example,Kupang,2021-03-29,26,0.207,0.559,,https://timor-pagi.example/fixture/metrik/2021-03-29,,2026-09-09,2026-09-09T00:00:00+07:00,2026-09-09T00:00:00+07:00,jefri,True
timor-pagi.example,Kupang,2021-04-05,36,0.28,0.422,,https://timor-pagi.example/fixture/metrik/2021-04-05,,2026-09-09,2026-09-09T00:00:00+07:00,2026-09-09T00:00:00+07:00,jefri,True
timor-pagi.example,Kupang,2021-04-12,41,0.26,0.42,,https://timor-pagi.example/fixture/metrik/2021-04-12,,2026-09-09,2026-09-09T00:00:00+07:00,2026-09-09T00:00:00+07:00,jefri,True
timor-pagi.example,Kupang,2021-04-19,50,0.23,0.536,,https://timor-pagi.example/fixture/metrik/2021-04-19,,2026-09-09,2026-09-09T00:00:00+07:00,2026-09-09T00:00:00+07:00,jefri,True
timor-pagi.example,Kupang,2021-04-26,43,0.245,0.493,,https://timor-pagi.example/fixture/metrik/2021-04-26,,2026-09-09,2026-09-09T00:00:00+07:00,2026-09-09T00:00:00+07:00,jefri,True
timor-pagi.example,Kupang,2021-05-03,41,0.241,0.499,,https://timor-pagi.example/fixture/metrik/2021-05-03,,2026-09-09,2026-09-09T00:00:00+07:00,2026-09-09T00:00:00+07:00,jefri,True
timor-pagi.example,Kupang,2021-05-10,38,0.264,0.508,,https://timor-pagi.example/fixture/metrik/2021-05-10,,2026-09-09,2026-09-09T00:00:00+07:00,2026-09-09T00:00:00+07:00,jefri,True
timor-pagi.example,Kupang,2021-05-17,30,0.243,0.529,,https://timor-pagi.example/fixture/metrik/2021-05-17,,2026-09-09,2026-09-09T00:00:00+07:00,2026-09-09T00:00:00+07:00,jefri,True
timor-pagi.example,Kupang,2021-05-24,45,0.236,0.5,,https://timor-pagi.example/fixture/metrik/2021-05-24,,2026-09-09,2026-09-09T00:00:00+07:00,2026-09-09T00:00:00+07:00,jefri,True
timor-pagi.example,Kupang,2021-05-31,28,0.164,0.407,,https://timor-pagi.example/fixture/metrik/2021-05-31,,2026-09-09,2026-09-09T00:00:00+07:00,2026-09-09T00:00:00+07:00,jefri,True
timor-pagi.example,Kupang,2021-06-07,30,0.227,0.527,,https://timor-pagi.example/fixture/metrik/2021-06-07,,2026-09-09,2026-09-09T00:00:00+07:00,2026-09-09T00:00:00+07:00,jefri,True
timor-pagi.example,Kupang,2021-06-14,39,0.19,0.57,,https://timor-pagi.example/fixture/metrik/2021-06-14,,2026-09-09,2026-09-09T00:00:00+07:00,2026-09-09T00:00:00+07:00,jefri,True
timor-pagi.example,Kupang,2021-06-21,37,0.21,0.491,,https://timor-pagi.example/fixture/metrik/2021-06-21,,2026-09-09,2026-09-09T00:00:00+07:00,2026-09-09T00:00:00+07:00,jefri,True
timor-pagi.example,Kupang,2021-06-28,43,0.246,0.503,,https://timor-pagi.example/fixture/metrik/2021-06-28,,2026-09-09,2026-09-09T00:00:00+07:00,2026-09-09T00:00:00+07:00,jefri,True
timor-pagi.example,Kupang,2021-07-05,35,0.294,0.525,,https://timor-pagi.example/fixture/metrik/2021-07-05,,2026-09-09,2026-09-09T00:00:00+07:00,2026-09-09T00:00:00+07:00,jefri,True
timor-pagi.example,Kupang,2021-07-12,41,0.254,0.5,,https://timor-pagi.example/fixture/metrik/2021-07-12,,2026-09-09,2026-09-09T00:00:00+07:00,2026-09-09T00:00:00+07:00,jefri,True
timor-pagi.example,Kupang,2021-07-19,44,0.26,0.4,,https://timor-pagi.example/fixture/metrik/2021-07-19,,2026-09-09,2026-09-09T00:00:00+07:00,2026-09-09T00:00:00+07:00,jefri,True
timor-pagi.example,Kupang,2021-07-26,41,0.213,0.553,,https://timor-pagi.example/fixture/metrik/2021-07-26,,2026-09-09,2026-09-09T00:00:00+07:00,2026-09-09T00:00:00+07:00,jefri,True
timor-pagi.example,Kupang,2021-08-02,37,0.191,0.497,,https://timor-pagi.example/fixture/metrik/2021-08-02,,2026-09-09,2026-09-09T00:00:00+07:00,2026-09-09T00:00:00+07:00,jefri,True
timor-pagi.example,Kupang,2021-08-09,36,0.21,0.518,,https://timor-pagi.example/fixture/metrik/2021-08-09,,2026-09-09,2026-09-09T00:00:00+07:00,2026-09-09T00:00:00+07:00,jefri,True
timor-pagi.example,Kupang,2021-08-16,28,0.2,0.466,,https://timor-pagi.example/fixture/metrik/2021-08-16,,2026-09-09,2026-09-09T00:00:00+07:00,2026-09-09T00:00:00+07:00,jefri,True
timor-pagi.example,Kupang,2021-08-23,36,0.277,0.525,,https://timor-pagi.example/fixture/metrik/2021-08-23,,2026-09-09,2026-09-09T00:00:00+07:00,2026-09-09T00:00:00+07:00,jefri,True
timor-pagi.example,Kupang,2021-08-30,39,0.214,0.47,,https://timor-pagi.example/fixture/metrik/2021-08-30,,2026-09-09,2026-09-09T00:00:00+07:00,2026-09-09T00:00:00+07:00,jefri,True
timor-pagi.example,Kupang,2021-09-06,31,0.272,0.417,,https://timor-pagi.example/fixture/metrik/2021-09-06,,2026-09-09,2026-09-09T00:00:00+07:00,2026-09-09T00:00:00+07:00,jefri,True
timor-pagi.example,Kupang,2021-09-13,32,0.28,0.471,,https://timor-pagi.example/fixture/metrik/2021-09-13,,2026-09-09,2026-09-09T00:00:00+07:00,2026-09-09T00:00:00+07:00,jefri,True
timor-pagi.example,Kupang,2021-09-20,42,0.256,0.486,,https://timor-pagi.example/fixture/metrik/2021-09-20,,2026-09-09,2026-09-09T00:00:00+07:00,2026-09-09T00:00:00+07:00,jefri,True
timor-pagi.example,Kupang,2021-09-27,39,0.218,0.495,,https://timor-pagi.example/fixture/metrik/2021-09-27,,2026-09-09,2026-09-09T00:00:00+07:00,2026-09-09T00:00:00+07:00,jefri,True
timor-pagi.example,Kupang,2021-10-04,40,0.265,0.576,,https://timor-pagi.example/fixture/metrik/2021-10-04,,2026-09-09,2026-09-09T00:00:00+07:00,2026-09-09T00:00:00+07:00,jefri,True
timor-pagi.example,Kupang,2021-10-11,47,0.179,0.384,,https://timor-pagi.example/fixture/metrik/2021-10-11,,2026-09-09,2026-09-09T00:00:00+07:00,2026-09-09T00:00:00+07:00,jefri,True
timor-pagi.example,Kupang,2021-10-18,31,0.305,0.505,,https://timor-pagi.example/fixture/metrik/2021-10-18,,2026-09-09,2026-09-09T00:00:00+07:00,2026-09-09T00:00:00+07:00,jefri,True
timor-pagi.example,Kupang,2021-10-25,29,0.198,0.487,,https://timor-pagi.example/fixture/metrik/2021-10-25,,2026-09-09,2026-09-09T00:00:00+07:00,2026-09-09T00:00:00+07:00,jefri,True
timor-pagi.example,Kupang,2021-11-01,33,0.282,0.418,,https://timor-pagi.example/fixture/metrik/2021-11-01,,2026-09-09,2026-09-09T00:00:00+07:00,2026-09-09T00:00:00+07:00,jefri,True
timor-pagi.example,Kupang,2021-11-08,22,0.3,0.54,,https://timor-pagi.example/fixture/metrik/2021-11-08,,2026-09-09,2026-09-09T00:00:00+07:00,2026-09-09T00:00:00+07:00,jefri,True
timor-pagi.example,Kupang,2021-11-15,35,0.298,0.445,,https://timor-pagi.example/fixture/metrik/2021-11-15,,2026-09-09,2026-09-09T00:00:00+07:00,2026-09-09T00:00:00+07:00,jefri,True
timor-pagi.example,Kupang,2021-11-22,40,0.237,0.527,,https://timor-pagi.example/fixture/metrik/2021-11-22,,2026-09-09,2026-09-09T00:00:00+07:00,2026-09-09T00:00:00+07:00,jefri,True
timor-pagi.example,Kupang,2021-11-29,33,0.252,0.523,,https://timor-pagi.example/fixture/metrik/2021-11-29,,2026-09-09,2026-09-09T00:00:00+07:00,2026-09-09T00:00:00+07:00,jefri,True
timor-pagi.example,Kupang,2021-12-06,25,0.26,0.413,,https://timor-pagi.example/fixture/metrik/2021-12-06,,2026-09-09,2026-09-09T00:00:00+07:00,2026-09-09T00:00:00+07:00,jefri,True
timor-pagi.example,Kupang,2021-12-13,41,0.221,0.46,,https://timor-pagi.example/fixture/metrik/2021-12-13,,2026-09-09,2026-09-09T00:00:00+07:00,2026-09-09T00:00:00+07:00,jefri,True
timor-pagi.example,Kupang,2021-12-20,42,0.271,0.489,,https://timor-pagi.example/fixture/metrik/2021-12-20,,2026-09-09,2026-09-09T00:00:00+07:00,2026-09-09T00:00:00+07:00,jefri,True
timor-pagi.example,Kupang,2021-12-27,33,0.231,0.511,,https://timor-pagi.example/fixture/metrik/2021-12-27,,2026-09-09,2026-09-09T00:00:00+07:00,2026-09-09T00:00:00+07:00,jefri,True
timor-pagi.example,Kupang,2022-01-03,33,0.257,0.391,,https://timor-pagi.example/fixture/metrik/2022-01-03,,2026-09-09,2026-09-09T00:00:00+07:00,2026-09-09T00:00:00+07:00,jefri,True
timor-pagi.example,Kupang,2022-01-10,31,0.275,0.481,,https://timor-pagi.example/fixture/metrik/2022-01-10,,2026-09-09,2026-09-09T00:00:00+07:00,2026-09-09T00:00:00+07:00,jefri,True
timor-pagi.example,Kupang,2022-01-17,35,0.278,0.443,,https://timor-pagi.example/fixture/metrik/2022-01-17,,2026-09-09,2026-09-09T00:00:00+07:00,2026-09-09T00:00:00+07:00,jefri,True
timor-pagi.example,Kupang,2022-01-24,27,0.21,0.43,,https://timor-pagi.example/fixture/metrik/2022-01-24,,2026-09-09,2026-09-09T00:00:00+07:00,2026-09-09T00:00:00+07:00,jefri,True
timor-pagi.example,Kupang,2022-01-31,31,0.286,0.399,,https://timor-pagi.example/fixture/metrik/2022-01-31,,2026-09-09,2026-09-09T00:00:00+07:00,2026-09-09T00:00:00+07:00,jefri,True
timor-pagi.example,Kupang,2022-02-07,41,0.223,0.485,,https://timor-pagi.example/fixture/metrik/2022-02-07,,2026-09-09,2026-09-09T00:00:00+07:00,2026-09-09T00:00:00+07:00,jefri,True
timor-pagi.example,Kupang,2022-02-14,43,0.293,0.47,,https://timor-pagi.example/fixture/metrik/2022-02-14,,2026-09-09,2026-09-09T00:00:00+07:00,2026-09-09T00:00:00+07:00,jefri,True
timor-pagi.example,Kupang,2022-02-21,31,0.191,0.531,,https://timor-pagi.example/fixture/metrik/2022-02-21,,2026-09-09,2026-09-09T00:00:00+07:00,2026-09-09T00:00:00+07:00,jefri,True
timor-pagi.example,Kupang,2022-02-28,31,0.263,0.607,,https://timor-pagi.example/fixture/metrik/2022-02-28,,2026-09-09,2026-09-09T00:00:00+07:00,2026-09-09T00:00:00+07:00,jefri,True
timor-pagi.example,Kupang,2022-03-07,30,0.237,0.437,,https://timor-pagi.example/fixture/metrik/2022-03-07,,2026-09-09,2026-09-09T00:00:00+07:00,2026-09-09T00:00:00+07:00,jefri,True
timor-pagi.example,Kupang,2022-03-14,30,0.219,0.465,,https://timor-pagi.example/fixture/metrik/2022-03-14,,2026-09-09,2026-09-09T00:00:00+07:00,2026-09-09T00:00:00+07:00,jefri,True
timor-pagi.example,Kupang,2022-03-21,46,0.234,0.397,,https://timor-pagi.example/fixture/metrik/2022-03-21,,2026-09-09,2026-09-09T00:00:00+07:00,2026-09-09T00:00:00+07:00,jefri,True
timor-pagi.example,Kupang,2022-03-28,22,0.26,0.485,,https://timor-pagi.example/fixture/metrik/2022-03-28,,2026-09-09,2026-09-09T00:00:00+07:00,2026-09-09T00:00:00+07:00,jefri,True
timor-pagi.example,Kupang,2022-04-04,27,0.21,0.451,,https://timor-pagi.example/fixture/metrik/2022-04-04,,2026-09-09,2026-09-09T00:00:00+07:00,2026-09-09T00:00:00+07:00,jefri,True
timor-pagi.example,Kupang,2022-04-11,42,0.227,0.516,,https://timor-pagi.example/fixture/metrik/2022-04-11,,2026-09-09,2026-09-09T00:00:00+07:00,2026-09-09T00:00:00+07:00,jefri,True
timor-pagi.example,Kupang,2022-04-18,28,0.253,0.439,,https://timor-pagi.example/fixture/metrik/2022-04-18,,2026-09-09,2026-09-09T00:00:00+07:00,2026-09-09T00:00:00+07:00,jefri,True
timor-pagi.example,Kupang,2022-04-25,32,0.27,0.471,,https://timor-pagi.example/fixture/metrik/2022-04-25,,2026-09-09,2026-09-09T00:00:00+07:00,2026-09-09T00:00:00+07:00,jefri,True
timor-pagi.example,Kupang,2022-05-02,37,0.243,0.498,,https://timor-pagi.example/fixture/metrik/2022-05-02,,2026-09-09,2026-09-09T00:00:00+07:00,2026-09-09T00:00:00+07:00,jefri,True
timor-pagi.example,Kupang,2022-05-09,40,0.192,0.474,,https://timor-pagi.example/fixture/metrik/2022-05-09,,2026-09-09,2026-09-09T00:00:00+07:00,2026-09-09T00:00:00+07:00,jefri,True
timor-pagi.example,Kupang,2022-05-16,48,0.249,0.519,,https://timor-pagi.example/fixture/metrik/2022-05-16,,2026-09-09,2026-09-09T00:00:00+07:00,2026-09-09T00:00:00+07:00,jefri,True
timor-pagi.example,Kupang,2022-05-23,35,0.207,0.511,,https://timor-pagi.example/fixture/metrik/2022-05-23,,2026-09-09,2026-09-09T00:00:00+07:00,2026-09-09T00:00:00+07:00,jefri,True
timor-pagi.example,Kupang,2022-05-30,36,0.251,0.589,,https://timor-pagi.example/fixture/metrik/2022-05-30,,2026-09-09,2026-09-09T00:00:00+07:00,2026-09-09T00:00:00+07:00,jefri,True
timor-pagi.example,Kupang,2022-06-06,49,0.264,0.425,,https://timor-pagi.example/fixture/metrik/2022-06-06,,2026-09-09,2026-09-09T00:00:00+07:00,2026-09-09T00:00:00+07:00,jefri,True
timor-pagi.example,Kupang,2022-06-13,31,0.257,0.521,,https://timor-pagi.example/fixture/metrik/2022-06-13,,2026-09-09,2026-09-09T00:00:00+07:00,2026-09-09T00:00:00+07:00,jefri,True
timor-pagi.example,Kupang,2022-06-20,33,0.24,0.457,,https://timor-pagi.example/fixture/metrik/2022-06-20,,2026-09-09,2026-09-09T00:00:00+07:00,2026-09-09T00:00:00+07:00,jefri,True
timor-pagi.example,Kupang,2022-06-27,35,0.26,0.5,,https://timor-pagi.example/fixture/metrik/2022-06-27,,2026-09-09,2026-09-09T00:00:00+07:00,2026-09-09T00:00:00+07:00,jefri,True
timor-pagi.example,Kupang,2022-07-04,39,0.188,0.455,,https://timor-pagi.example/fixture/metrik/2022-07-04,,2026-09-09,2026-09-09T00:00:00+07:00,2026-09-09T00:00:00+07:00,jefri,True
timor-pagi.example,Kupang,2022-07-11,31,0.19,0.464,,https://timor-pagi.example/fixture/metrik/2022-07-11,,2026-09-09,2026-09-09T00:00:00+07:00,2026-09-09T00:00:00+07:00,jefri,True
timor-pagi.example,Kupang,2022-07-18,31,0.199,0.518,,https://timor-pagi.example/fixture/metrik/2022-07-18,,2026-09-09,2026-09-09T00:00:00+07:00,2026-09-09T00:00:00+07:00,jefri,True
timor-pagi.example,Kupang,2022-07-25,33,0.279,0.545,,https://timor-pagi.example/fixture/metrik/2022-07-25,,2026-09-09,2026-09-09T00:00:00+07:00,2026-09-09T00:00:00+07:00,jefri,True
timor-pagi.example,Kupang,2022-08-01,25,0.273,0.483,,https://timor-pagi.example/fixture/metrik/2022-08-01,,2026-09-09,2026-09-09T00:00:00+07:00,2026-09-09T00:00:00+07:00,jefri,True
timor-pagi.example,Kupang,2022-08-08,49,0.248,0.534,,https://timor-pagi.example/fixture/metrik/2022-08-08,,2026-09-09,2026-09-09T00:00:00+07:00,2026-09-09T00:00:00+07:00,jefri,True
timor-pagi.example,Kupang,2022-08-15,35,0.247,0.465,,https://timor-pagi.example/fixture/metrik/2022-08-15,,2026-09-09,2026-09-09T00:00:00+07:00,2026-09-09T00:00:00+07:00,jefri,True
timor-pagi.example,Kupang,2022-08-22,35,0.199,0.533,,https://timor-pagi.example/fixture/metrik/2022-08-22,,2026-09-09,2026-09-09T00:00:00+07:00,2026-09-09T00:00:00+07:00,pj,True
timor-pagi.example,Kupang,2022-08-29,28,0.253,0.434,,https://timor-pagi.example/fixture/metrik/2022-08-29,,2026-09-09,2026-09-09T00:00:00+07:00,2026-09-09T00:00:00+07:00,pj,True
timor-pagi.example,Kupang,2022-09-05,44,0.223,0.55,,https://timor-pagi.example/fixture/metrik/2022-09-05,,2026-09-09,2026-09-09T00:00:00+07:00,2026-09-09T00:00:00+07:00,pj,True
timor-pagi.example,Kupang,2022-09-12,28,0.241,0.498,,https://timor-pagi.example/fixture/metrik/2022-09-12,,2026-09-09,2026-09-09T00:00:00+07:00,2026-09-09T00:00:00+07:00,pj,True
timor-pagi.example,Kupang,2022-09-19,36,0.275,0.47,,https://timor-pagi.example/fixture/metrik/2022-09-19,,2026-09-09,2026-09-09T00:00:00+07:00,2026-09-09T00:00:00+07:00,pj,True
timor-pagi.example,Kupang,2022-09-26,51,0.315,0.576,,https://timor-pagi.example/fixture/metrik/2022-09-26,,2026-09-09,2026-09-09T00:00:00+07:00,2026-09-09T00:00:00+07:00,pj,True
timor-pagi.example,Kupang,2022-10-03,31,0.295,0.442,,https://timor-pagi.example/fixture/metrik/2022-10-03,,2026-09-09,2026-09-09T00:00:00+07:00,2026-09-09T00:00:00+07:00,pj,True
timor-pagi.example,Kupang,2022-10-10,43,0.278,0.423,,https://timor-pagi.example/fixture/metrik/2022-10-10,,2026-09-09,2026-09-09T00:00:00+07:00,2026-09-09T00:00:00+07:00,pj,True
timor-pagi.example,Kupang,2022-10-17,36,0.318,0.5,,https://timor-pagi.example/fixture/metrik/2022-10-17,,2026-09-09,2026-09-09T00:00:00+07:00,2026-09-09T00:00:00+07:00,pj,True
timor-pagi.example,Kupang,2022-10-24,27,0.262,0.508,,https://timor-pagi.example/fixture/metrik/2022-10-24,,2026-09-09,2026-09-09T00:00:00+07:00,2026-09-09T00:00:00+07:00,pj,True
timor-pagi.example,Kupang,2022-10-31,33,0.233,0.524,,https://timor-pagi.example/fixture/metrik/2022-10-31,,2026-09-09,2026-09-09T00:00:00+07:00,2026-09-09T00:00:00+07:00,pj,True
timor-pagi.example,Kupang,2022-11-07,36,0.215,0.481,,https://timor-pagi.example/fixture/metrik/2022-11-07,,2026-09-09,2026-09-09T00:00:00+07:00,2026-09-09T00:00:00+07:00,pj,True
timor-pagi.example,Kupang,2022-11-14,46,0.234,0.562,,https://timor-pagi.example/fixture/metrik/2022-11-14,,2026-09-09,2026-09-09T00:00:00+07:00,2026-09-09T00:00:00+07:00,pj,True
timor-pagi.example,Kupang,2022-11-21,48,0.226,0.5,,https://timor-pagi.example/fixture/metrik/2022-11-21,,2026-09-09,2026-09-09T00:00:00+07:00,2026-09-09T00:00:00+07:00,pj,True
timor-pagi.example,Kupang,2022-11-28,39,0.167,0.438,,https://timor-pagi.example/fixture/metrik/2022-11-28,,2026-09-09,2026-09-09T00:00:00+07:00,2026-09-09T00:00:00+07:00,pj,True
timor-pagi.example,Kupang,2022-12-05,25,0.204,0.486,,https://timor-pagi.example/fixture/metrik/2022-12-05,,2026-09-09,2026-09-09T00:00:00+07:00,2026-09-09T00:00:00+07:00,pj,True
timor-pagi.example,Kupang,2022-12-12,42,0.229,0.342,,https://timor-pagi.example/fixture/metrik/2022-12-12,,2026-09-09,2026-09-09T00:00:00+07:00,2026-09-09T00:00:00+07:00,pj,True
timor-pagi.example,Kupang,2022-12-19,31,0.199,0.549,,https://timor-pagi.example/fixture/metrik/2022-12-19,,2026-09-09,2026-09-09T00:00:00+07:00,2026-09-09T00:00:00+07:00,pj,True
timor-pagi.example,Kupang,2022-12-26,41,0.25,0.544,,https://timor-pagi.example/fixture/metrik/2022-12-26,,2026-09-09,2026-09-09T00:00:00+07:00,2026-09-09T00:00:00+07:00,pj,True
timor-pagi.example,Kupang,2023-01-02,43,0.273,0.54,,https://timor-pagi.example/fixture/metrik/2023-01-02,,2026-09-09,2026-09-09T00:00:00+07:00,2026-09-09T00:00:00+07:00,pj,True
timor-pagi.example,Kupang,2023-01-09,30,0.191,0.454,,https://timor-pagi.example/fixture/metrik/2023-01-09,,2026-09-09,2026-09-09T00:00:00+07:00,2026-09-09T00:00:00+07:00,pj,True
timor-pagi.example,Kupang,2023-01-16,42,0.26,0.533,,https://timor-pagi.example/fixture/metrik/2023-01-16,,2026-09-09,2026-09-09T00:00:00+07:00,2026-09-09T00:00:00+07:00,pj,True
timor-pagi.example,Kupang,2023-01-23,53,0.215,0.476,,https://timor-pagi.example/fixture/metrik/2023-01-23,,2026-09-09,2026-09-09T00:00:00+07:00,2026-09-09T00:00:00+07:00,pj,True
timor-pagi.example,Kupang,2023-01-30,34,0.281,0.475,,https://timor-pagi.example/fixture/metrik/2023-01-30,,2026-09-09,2026-09-09T00:00:00+07:00,2026-09-09T00:00:00+07:00,pj,True
timor-pagi.example,Kupang,2023-02-06,46,0.186,0.603,,https://timor-pagi.example/fixture/metrik/2023-02-06,,2026-09-09,2026-09-09T00:00:00+07:00,2026-09-09T00:00:00+07:00,pj,True
timor-pagi.example,Kupang,2023-02-13,25,0.227,0.512,,https://timor-pagi.example/fixture/metrik/2023-02-13,,2026-09-09,2026-09-09T00:00:00+07:00,2026-09-09T00:00:00+07:00,pj,True
timor-pagi.example,Kupang,2023-02-20,39,0.233,0.496,,https://timor-pagi.example/fixture/metrik/2023-02-20,,2026-09-09,2026-09-09T00:00:00+07:00,2026-09-09T00:00:00+07:00,pj,True
timor-pagi.example,Kupang,2023-02-27,41,0.257,0.407,,https://timor-pagi.example/fixture/metrik/2023-02-27,,2026-09-09,2026-09-09T00:00:00+07:00,2026-09-09T00:00:00+07:00,pj,True
timor-pagi.example,Kupang,2023-03-06,41,0.26,0.473,,https://timor-pagi.example/fixture/metrik/2023-03-06,,2026-09-09,2026-09-09T00:00:00+07:00,2026-09-09T00:00:00+07:00,pj,True
timor-pagi.example,Kupang,2023-03-13,34,0.213,0.414,,https://timor-pagi.example/fixture/metrik/2023-03-13,,2026-09-09,2026-09-09T00:00:00+07:00,2026-09-09T00:00:00+07:00,pj,True
timor-pagi.example,Kupang,2023-03-20,32,0.214,0.557,,https://timor-pagi.example/fixture/metrik/2023-03-20,,2026-09-09,2026-09-09T00:00:00+07:00,2026-09-09T00:00:00+07:00,pj,True
timor-pagi.example,Kupang,2023-03-27,32,0.248,0.476,,https://timor-pagi.example/fixture/metrik/2023-03-27,,2026-09-09,2026-09-09T00:00:00+07:00,2026-09-09T00:00:00+07:00,pj,True
timor-pagi.example,Kupang,2023-04-03,38,0.264,0.506,,https://timor-pagi.example/fixture/metrik/2023-04-03,,2026-09-09,2026-09-09T00:00:00+07:00,2026-09-09T00:00:00+07:00,pj,True
timor-pagi.example,Kupang,2023-04-10,25,0.218,0.476,,https://timor-pagi.example/fixture/metrik/2023-04-10,,2026-09-09,2026-09-09T00:00:00+07:00,2026-09-09T00:00:00+07:00,pj,True
timor-pagi.example,Kupang,2023-04-17,29,0.173,0.484,,https://timor-pagi.example/fixture/metrik/2023-04-17,,2026-09-09,2026-09-09T00:00:00+07:00,2026-09-09T00:00:00+07:00,pj,True
timor-pagi.example,Kupang,2023-04-24,41,0.244,0.551,,https://timor-pagi.example/fixture/metrik/2023-04-24,,2026-09-09,2026-09-09T00:00:00+07:00,2026-09-09T00:00:00+07:00,pj,True
timor-pagi.example,Kupang,2023-05-01,30,0.242,0.534,,https://timor-pagi.example/fixture/metrik/2023-05-01,,2026-09-09,2026-09-09T00:00:00+07:00,2026-09-09T00:00:00+07:00,pj,True
timor-pagi.example,Kupang,2023-05-08,39,0.254,0.454,,https://timor-pagi.example/fixture/metrik/2023-05-08,,2026-09-09,2026-09-09T00:00:00+07:00,2026-09-09T00:00:00+07:00,pj,True
timor-pagi.example,Kupang,2023-05-15,53,0.181,0.559,,https://timor-pagi.example/fixture/metrik/2023-05-15,,2026-09-09,2026-09-09T00:00:00+07:00,2026-09-09T00:00:00+07:00,pj,True
timor-pagi.example,Kupang,2023-05-22,38,0.272,0.636,,https://timor-pagi.example/fixture/metrik/2023-05-22,,2026-09-09,2026-09-09T00:00:00+07:00,2026-09-09T00:00:00+07:00,pj,True
timor-pagi.example,Kupang,2023-05-29,38,0.226,0.484,,https://timor-pagi.example/fixture/metrik/2023-05-29,,2026-09-09,2026-09-09T00:00:00+07:00,2026-09-09T00:00:00+07:00,pj,True
timor-pagi.example,Kupang,2023-06-05,39,0.227,0.473,,https://timor-pagi.example/fixture/metrik/2023-06-05,,2026-09-09,2026-09-09T00:00:00+07:00,2026-09-09T00:00:00+07:00,pj,True
timor-pagi.example,Kupang,2023-06-12,52,0.264,0.516,,https://timor-pagi.example/fixture/metrik/2023-06-12,,2026-09-09,2026-09-09T00:00:00+07:00,2026-09-09T00:00:00+07:00,pj,True
timor-pagi.example,Kupang,2023-06-19,34,0.248,0.56,,https://timor-pagi.example/fixture/metrik/2023-06-19,,2026-09-09,2026-09-09T00:00:00+07:00,2026-09-09T00:00:00+07:00,pj,True
timor-pagi.example,Kupang,2023-06-26,45,0.198,0.476,,https://timor-pagi.example/fixture/metrik/2023-06-26,,2026-09-09,2026-09-09T00:00:00+07:00,2026-09-09T00:00:00+07:00,pj,True
timor-pagi.example,Kupang,2023-07-03,39,0.289,0.507,,https://timor-pagi.example/fixture/metrik/2023-07-03,,2026-09-09,2026-09-09T00:00:00+07:00,2026-09-09T00:00:00+07:00,pj,True
timor-pagi.example,Kupang,2023-07-10,26,0.228,0.524,,https://timor-pagi.example/fixture/metrik/2023-07-10,,2026-09-09,2026-09-09T00:00:00+07:00,2026-09-09T00:00:00+07:00,pj,True
timor-pagi.example,Kupang,2023-07-17,45,0.235,0.481,,https://timor-pagi.example/fixture/metrik/2023-07-17,,2026-09-09,2026-09-09T00:00:00+07:00,2026-09-09T00:00:00+07:00,pj,True
timor-pagi.example,Kupang,2023-07-24,43,0.237,0.501,,https://timor-pagi.example/fixture/metrik/2023-07-24,,2026-09-09,2026-09-09T00:00:00+07:00,2026-09-09T00:00:00+07:00,pj,True
timor-pagi.example,Kupang,2023-07-31,29,0.267,0.517,,https://timor-pagi.example/fixture/metrik/2023-07-31,,2026-09-09,2026-09-09T00:00:00+07:00,2026-09-09T00:00:00+07:00,pj,True
timor-pagi.example,Kupang,2023-08-07,46,0.249,0.519,,https://timor-pagi.example/fixture/metrik/2023-08-07,,2026-09-09,2026-09-09T00:00:00+07:00,2026-09-09T00:00:00+07:00,pj,True
timor-pagi.example,Kupang,2023-08-14,35,0.229,0.55,,https://timor-pagi.example/fixture/metrik/2023-08-14,,2026-09-09,2026-09-09T00:00:00+07:00,2026-09-09T00:00:00+07:00,pj,True
timor-pagi.example,Kupang,2023-08-21,51,0.264,0.424,,https://timor-pagi.example/fixture/metrik/2023-08-21,,2026-09-09,2026-09-09T00:00:00+07:00,2026-09-09T00:00:00+07:00,pj,True
timor-pagi.example,Kupang,2023-08-28,31,0.268,0.489,,https://timor-pagi.example/fixture/metrik/2023-08-28,,2026-09-09,2026-09-09T00:00:00+07:00,2026-09-09T00:00:00+07:00,pj,True
timor-pagi.example,Kupang,2023-09-04,37,0.266,0.475,,https://timor-pagi.example/fixture/metrik/2023-09-04,,2026-09-09,2026-09-09T00:00:00+07:00,2026-09-09T00:00:00+07:00,pj,True
timor-pagi.example,Kupang,2023-09-11,30,0.283,0.433,,https://timor-pagi.example/fixture/metrik/2023-09-11,,2026-09-09,2026-09-09T00:00:00+07:00,2026-09-09T00:00:00+07:00,pj,True
timor-pagi.example,Kupang,2023-09-18,28,0.222,0.534,,https://timor-pagi.example/fixture/metrik/2023-09-18,,2026-09-09,2026-09-09T00:00:00+07:00,2026-09-09T00:00:00+07:00,pj,True
timor-pagi.example,Kupang,2023-09-25,36,0.236,0.469,,https://timor-pagi.example/fixture/metrik/2023-09-25,,2026-09-09,2026-09-09T00:00:00+07:00,2026-09-09T00:00:00+07:00,pj,True
timor-pagi.example,Kupang,2023-10-02,32,0.262,0.489,,https://timor-pagi.example/fixture/metrik/2023-10-02,,2026-09-09,2026-09-09T00:00:00+07:00,2026-09-09T00:00:00+07:00,pj,True
timor-pagi.example,Kupang,2023-10-09,47,0.211,0.43,,https://timor-pagi.example/fixture/metrik/2023-10-09,,2026-09-09,2026-09-09T00:00:00+07:00,2026-09-09T00:00:00+07:00,pj,True
timor-pagi.example,Kupang,2023-10-16,36,0.251,0.49,,https://timor-pagi.example/fixture/metrik/2023-10-16,,2026-09-09,2026-09-09T00:00:00+07:00,2026-09-09T00:00:00+07:00,pj,True
timor-pagi.example,Kupang,2023-10-23,29,0.25,0.51,,https://timor-pagi.example/fixture/metrik/2023-10-23,,2026-09-09,2026-09-09T00:00:00+07:00,2026-09-09T00:00:00+07:00,pj,True
timor-pagi.example,Kupang,2023-10-30,44,0.26,0.467,,https://timor-pagi.example/fixture/metrik/2023-10-30,,2026-09-09,2026-09-09T00:00:00+07:00,2026-09-09T00:00:00+07:00,pj,True
timor-pagi.example,Kupang,2023-11-06,38,0.236,0.475,,https://timor-pagi.example/fixture/metrik/2023-11-06,,2026-09-09,2026-09-09T00:00:00+07:00,2026-09-09T00:00:00+07:00,pj,True
timor-pagi.example,Kupang,2023-11-13,41,0.289,0.47,,https://timor-pagi.example/fixture/metrik/2023-11-13,,2026-09-09,2026-09-09T00:00:00+07:00,2026-09-09T00:00:00+07:00,pj,True
timor-pagi.example,Kupang,2023-11-20,34,0.294,0.524,,https://timor-pagi.example/fixture/metrik/2023-11-20,,2026-09-09,2026-09-09T00:00:00+07:00,2026-09-09T00:00:00+07:00,pj,True
timor-pagi.example,Kupang,2023-11-27,35,0.256,0.404,,https://timor-pagi.example/fixture/metrik/2023-11-27,,2026-09-09,2026-09-09T00:00:00+07:00,2026-09-09T00:00:00+07:00,pj,True
timor-pagi.example,Kupang,2023-12-04,47,0.276,0.422,,https://timor-pagi.example/fixture/metrik/2023-12-04,,2026-09-09,2026-09-09T00:00:00+07:00,2026-09-09T00:00:00+07:00,pj,True
timor-pagi.example,Kupang,2023-12-11,31,0.266,0.428,,https://timor-pagi.example/fixture/metrik/2023-12-11,,2026-09-09,2026-09-09T00:00:00+07:00,2026-09-09T00:00:00+07:00,pj,True
timor-pagi.example,Kupang,2023-12-18,32,0.252,0.445,,https://timor-pagi.example/fixture/metrik/2023-12-18,,2026-09-09,2026-09-09T00:00:00+07:00,2026-09-09T00:00:00+07:00,pj,True
timor-pagi.example,Kupang,2023-12-25,41,0.148,0.489,,https://timor-pagi.example/fixture/metrik/2023-12-25,,2026-09-09,2026-09-09T00:00:00+07:00,2026-09-09T00:00:00+07:00,pj,True
timor-pagi.example,Kupang,2024-01-01,53,0.225,0.527,,https://timor-pagi.example/fixture/metrik/2024-01-01,,2026-09-09,2026-09-09T00:00:00+07:00,2026-09-09T00:00:00+07:00,pj,True
timor-pagi.example,Kupang,2024-01-08,35,0.228,0.472,,https://timor-pagi.example/fixture/metrik/2024-01-08,,2026-09-09,2026-09-09T00:00:00+07:00,2026-09-09T00:00:00+07:00,pj,True
timor-pagi.example,Kupang,2024-01-15,39,0.15,0.5,,https://timor-pagi.example/fixture/metrik/2024-01-15,,2026-09-09,2026-09-09T00:00:00+07:00,2026-09-09T00:00:00+07:00,pj,True
timor-pagi.example,Kupang,2024-01-22,38,0.289,0.489,,https://timor-pagi.example/fixture/metrik/2024-01-22,,2026-09-09,2026-09-09T00:00:00+07:00,2026-09-09T00:00:00+07:00,pj,True
timor-pagi.example,Kupang,2024-01-29,49,0.239,0.503,,https://timor-pagi.example/fixture/metrik/2024-01-29,,2026-09-09,2026-09-09T00:00:00+07:00,2026-09-09T00:00:00+07:00,pj,True
timor-pagi.example,Kupang,2024-02-05,42,0.237,0.445,,https://timor-pagi.example/fixture/metrik/2024-02-05,,2026-09-09,2026-09-09T00:00:00+07:00,2026-09-09T00:00:00+07:00,pj,True
timor-pagi.example,Kupang,2024-02-12,40,0.25,0.596,,https://timor-pagi.example/fixture/metrik/2024-02-12,,2026-09-09,2026-09-09T00:00:00+07:00,2026-09-09T00:00:00+07:00,pj,True
timor-pagi.example,Kupang,2024-02-19,31,0.244,0.47,,https://timor-pagi.example/fixture/metrik/2024-02-19,,2026-09-09,2026-09-09T00:00:00+07:00,2026-09-09T00:00:00+07:00,pj,True
timor-pagi.example,Kupang,2024-02-26,33,0.233,0.532,,https://timor-pagi.example/fixture/metrik/2024-02-26,,2026-09-09,2026-09-09T00:00:00+07:00,2026-09-09T00:00:00+07:00,pj,True
timor-pagi.example,Kupang,2024-03-04,43,0.197,0.51,,https://timor-pagi.example/fixture/metrik/2024-03-04,,2026-09-09,2026-09-09T00:00:00+07:00,2026-09-09T00:00:00+07:00,pj,True
timor-pagi.example,Kupang,2024-03-11,35,0.269,0.506,,https://timor-pagi.example/fixture/metrik/2024-03-11,,2026-09-09,2026-09-09T00:00:00+07:00,2026-09-09T00:00:00+07:00,pj,True
timor-pagi.example,Kupang,2024-03-18,26,0.242,0.508,,https://timor-pagi.example/fixture/metrik/2024-03-18,,2026-09-09,2026-09-09T00:00:00+07:00,2026-09-09T00:00:00+07:00,pj,True
timor-pagi.example,Kupang,2024-03-25,45,0.261,0.509,,https://timor-pagi.example/fixture/metrik/2024-03-25,,2026-09-09,2026-09-09T00:00:00+07:00,2026-09-09T00:00:00+07:00,pj,True
timor-pagi.example,Kupang,2024-04-01,47,0.263,0.545,,https://timor-pagi.example/fixture/metrik/2024-04-01,,2026-09-09,2026-09-09T00:00:00+07:00,2026-09-09T00:00:00+07:00,pj,True
timor-pagi.example,Kupang,2024-04-08,34,0.232,0.491,,https://timor-pagi.example/fixture/metrik/2024-04-08,,2026-09-09,2026-09-09T00:00:00+07:00,2026-09-09T00:00:00+07:00,pj,True
timor-pagi.example,Kupang,2024-04-15,25,0.312,0.499,,https://timor-pagi.example/fixture/metrik/2024-04-15,,2026-09-09,2026-09-09T00:00:00+07:00,2026-09-09T00:00:00+07:00,pj,True
timor-pagi.example,Kupang,2024-04-22,28,0.259,0.607,,https://timor-pagi.example/fixture/metrik/2024-04-22,,2026-09-09,2026-09-09T00:00:00+07:00,2026-09-09T00:00:00+07:00,pj,True
timor-pagi.example,Kupang,2024-04-29,33,0.263,0.479,,https://timor-pagi.example/fixture/metrik/2024-04-29,,2026-09-09,2026-09-09T00:00:00+07:00,2026-09-09T00:00:00+07:00,pj,True
timor-pagi.example,Kupang,2024-05-06,30,0.254,0.53,,https://timor-pagi.example/fixture/metrik/2024-05-06,,2026-09-09,2026-09-09T00:00:00+07:00,2026-09-09T00:00:00+07:00,pj,True
timor-pagi.example,Kupang,2024-05-13,39,0.194,0.529,,https://timor-pagi.example/fixture/metrik/2024-05-13,,2026-09-09,2026-09-09T00:00:00+07:00,2026-09-09T00:00:00+07:00,pj,True
timor-pagi.example,Kupang,2024-05-20,44,0.267,0.515,,https://timor-pagi.example/fixture/metrik/2024-05-20,,2026-09-09,2026-09-09T00:00:00+07:00,2026-09-09T00:00:00+07:00,pj,True
timor-pagi.example,Kupang,2024-05-27,37,0.228,0.55,,https://timor-pagi.example/fixture/metrik/2024-05-27,,2026-09-09,2026-09-09T00:00:00+07:00,2026-09-09T00:00:00+07:00,pj,True
timor-pagi.example,Kupang,2024-06-03,34,0.164,0.427,,https://timor-pagi.example/fixture/metrik/2024-06-03,,2026-09-09,2026-09-09T00:00:00+07:00,2026-09-09T00:00:00+07:00,pj,True
timor-pagi.example,Kupang,2024-06-10,42,0.258,0.56,,https://timor-pagi.example/fixture/metrik/2024-06-10,,2026-09-09,2026-09-09T00:00:00+07:00,2026-09-09T00:00:00+07:00,pj,True
timor-pagi.example,Kupang,2024-06-17,40,0.234,0.457,,https://timor-pagi.example/fixture/metrik/2024-06-17,,2026-09-09,2026-09-09T00:00:00+07:00,2026-09-09T00:00:00+07:00,pj,True
timor-pagi.example,Kupang,2024-06-24,42,0.25,0.476,,https://timor-pagi.example/fixture/metrik/2024-06-24,,2026-09-09,2026-09-09T00:00:00+07:00,2026-09-09T00:00:00+07:00,pj,True
timor-pagi.example,Kupang,2024-07-01,42,0.202,0.441,,https://timor-pagi.example/fixture/metrik/2024-07-01,,2026-09-09,2026-09-09T00:00:00+07:00,2026-09-09T00:00:00+07:00,pj,True
timor-pagi.example,Kupang,2024-07-08,25,0.248,0.56,,https://timor-pagi.example/fixture/metrik/2024-07-08,,2026-09-09,2026-09-09T00:00:00+07:00,2026-09-09T00:00:00+07:00,pj,True
timor-pagi.example,Kupang,2024-07-15,27,0.229,0.393,,https://timor-pagi.example/fixture/metrik/2024-07-15,,2026-09-09,2026-09-09T00:00:00+07:00,2026-09-09T00:00:00+07:00,pj,True
timor-pagi.example,Kupang,2024-07-22,32,0.207,0.504,,https://timor-pagi.example/fixture/metrik/2024-07-22,,2026-09-09,2026-09-09T00:00:00+07:00,2026-09-09T00:00:00+07:00,pj,True
timor-pagi.example,Kupang,2024-07-29,42,0.258,0.479,,https://timor-pagi.example/fixture/metrik/2024-07-29,,2026-09-09,2026-09-09T00:00:00+07:00,2026-09-09T00:00:00+07:00,pj,True
timor-pagi.example,Kupang,2024-08-05,38,0.151,0.489,,https://timor-pagi.example/fixture/metrik/2024-08-05,,2026-09-09,2026-09-09T00:00:00+07:00,2026-09-09T00:00:00+07:00,pj,True
timor-pagi.example,Kupang,2024-08-12,49,0.193,0.521,,https://timor-pagi.example/fixture/metrik/2024-08-12,,2026-09-09,2026-09-09T00:00:00+07:00,2026-09-09T00:00:00+07:00,pj,True
timor-pagi.example,Kupang,2024-08-19,36,0.296,0.478,,https://timor-pagi.example/fixture/metrik/2024-08-19,,2026-09-09,2026-09-09T00:00:00+07:00,2026-09-09T00:00:00+07:00,pj,True
timor-pagi.example,Kupang,2024-08-26,29,0.219,0.483,,https://timor-pagi.example/fixture/metrik/2024-08-26,,2026-09-09,2026-09-09T00:00:00+07:00,2026-09-09T00:00:00+07:00,pj,True
timor-pagi.example,Kupang,2024-09-02,35,0.18,0.499,,https://timor-pagi.example/fixture/metrik/2024-09-02,,2026-09-09,2026-09-09T00:00:00+07:00,2026-09-09T00:00:00+07:00,pj,True
timor-pagi.example,Kupang,2024-09-09,31,0.134,0.439,,https://timor-pagi.example/fixture/metrik/2024-09-09,,2026-09-09,2026-09-09T00:00:00+07:00,2026-09-09T00:00:00+07:00,pj,True
timor-pagi.example,Kupang,2024-09-16,35,0.216,0.495,,https://timor-pagi.example/fixture/metrik/2024-09-16,,2026-09-09,2026-09-09T00:00:00+07:00,2026-09-09T00:00:00+07:00,pj,True
timor-pagi.example,Kupang,2024-09-23,24,0.273,0.501,,https://timor-pagi.example/fixture/metrik/2024-09-23,,2026-09-09,2026-09-09T00:00:00+07:00,2026-09-09T00:00:00+07:00,pj,True
timor-pagi.example,Kupang,2024-09-30,33,0.155,0.486,,https://timor-pagi.example/fixture/metrik/2024-09-30,,2026-09-09,2026-09-09T00:00:00+07:00,2026-09-09T00:00:00+07:00,pj,True
timor-pagi.example,Kupang,2024-10-07,33,0.223,0.407,,https://timor-pagi.example/fixture/metrik/2024-10-07,,2026-09-09,2026-09-09T00:00:00+07:00,2026-09-09T00:00:00+07:00,pj,True
timor-pagi.example,Kupang,2024-10-14,43,0.29,0.51,,https://timor-pagi.example/fixture/metrik/2024-10-14,,2026-09-09,2026-09-09T00:00:00+07:00,2026-09-09T00:00:00+07:00,pj,True
timor-pagi.example,Kupang,2024-10-21,38,0.256,0.548,,https://timor-pagi.example/fixture/metrik/2024-10-21,,2026-09-09,2026-09-09T00:00:00+07:00,2026-09-09T00:00:00+07:00,pj,True
timor-pagi.example,Kupang,2024-10-28,35,0.251,0.535,,https://timor-pagi.example/fixture/metrik/2024-10-28,,2026-09-09,2026-09-09T00:00:00+07:00,2026-09-09T00:00:00+07:00,pj,True
timor-pagi.example,Kupang,2024-11-04,42,0.157,0.583,,https://timor-pagi.example/fixture/metrik/2024-11-04,,2026-09-09,2026-09-09T00:00:00+07:00,2026-09-09T00:00:00+07:00,pj,True
timor-pagi.example,Kupang,2024-11-11,41,0.317,0.463,,https://timor-pagi.example/fixture/metrik/2024-11-11,,2026-09-09,2026-09-09T00:00:00+07:00,2026-09-09T00:00:00+07:00,pj,True
timor-pagi.example,Kupang,2024-11-18,43,0.187,0.486,,https://timor-pagi.example/fixture/metrik/2024-11-18,,2026-09-09,2026-09-09T00:00:00+07:00,2026-09-09T00:00:00+07:00,pj,True
timor-pagi.example,Kupang,2024-11-25,46,0.228,0.484,,https://timor-pagi.example/fixture/metrik/2024-11-25,,2026-09-09,2026-09-09T00:00:00+07:00,2026-09-09T00:00:00+07:00,pj,True
timor-pagi.example,Kupang,2024-12-02,38,0.3,0.457,,https://timor-pagi.example/fixture/metrik/2024-12-02,,2026-09-09,2026-09-09T00:00:00+07:00,2026-09-09T00:00:00+07:00,pj,True
timor-pagi.example,Kupang,2024-12-09,31,0.239,0.419,,https://timor-pagi.example/fixture/metrik/2024-12-09,,2026-09-09,2026-09-09T00:00:00+07:00,2026-09-09T00:00:00+07:00,pj,True
timor-pagi.example,Kupang,2024-12-16,38,0.221,0.508,,https://timor-pagi.example/fixture/metrik/2024-12-16,,2026-09-09,2026-09-09T00:00:00+07:00,2026-09-09T00:00:00+07:00,pj,True
timor-pagi.example,Kupang,2024-12-23,43,0.196,0.508,,https://timor-pagi.example/fixture/metrik/2024-12-23,,2026-09-09,2026-09-09T00:00:00+07:00,2026-09-09T00:00:00+07:00,pj,True
timor-pagi.example,Kupang,2024-12-30,42,0.154,0.498,,https://timor-pagi.example/fixture/metrik/2024-12-30,,2026-09-09,2026-09-09T00:00:00+07:00,2026-09-09T00:00:00+07:00,pj,True
timor-pagi.example,Kupang,2025-01-06,39,0.158,0.438,,https://timor-pagi.example/fixture/metrik/2025-01-06,,2026-09-09,2026-09-09T00:00:00+07:00,2026-09-09T00:00:00+07:00,pj,True
timor-pagi.example,Kupang,2025-01-13,35,0.208,0.506,,https://timor-pagi.example/fixture/metrik/2025-01-13,,2026-09-09,2026-09-09T00:00:00+07:00,2026-09-09T00:00:00+07:00,pj,True
timor-pagi.example,Kupang,2025-01-20,39,0.223,0.491,,https://timor-pagi.example/fixture/metrik/2025-01-20,,2026-09-09,2026-09-09T00:00:00+07:00,2026-09-09T00:00:00+07:00,pj,True
timor-pagi.example,Kupang,2025-01-27,37,0.234,0.445,,https://timor-pagi.example/fixture/metrik/2025-01-27,,2026-09-09,2026-09-09T00:00:00+07:00,2026-09-09T00:00:00+07:00,pj,True
timor-pagi.example,Kupang,2025-02-03,29,0.249,0.434,,https://timor-pagi.example/fixture/metrik/2025-02-03,,2026-09-09,2026-09-09T00:00:00+07:00,2026-09-09T00:00:00+07:00,pj,True
timor-pagi.example,Kupang,2025-02-10,27,0.219,0.391,,https://timor-pagi.example/fixture/metrik/2025-02-10,,2026-09-09,2026-09-09T00:00:00+07:00,2026-09-09T00:00:00+07:00,pj,True
timor-pagi.example,Kupang,2025-02-17,37,0.193,0.417,,https://timor-pagi.example/fixture/metrik/2025-02-17,,2026-09-09,2026-09-09T00:00:00+07:00,2026-09-09T00:00:00+07:00,pj,True
timor-pagi.example,Kupang,2025-02-24,40,0.251,0.533,,https://timor-pagi.example/fixture/metrik/2025-02-24,,2026-09-09,2026-09-09T00:00:00+07:00,2026-09-09T00:00:00+07:00,christian,True
timor-pagi.example,Kupang,2025-03-03,36,0.295,0.447,,https://timor-pagi.example/fixture/metrik/2025-03-03,,2026-09-09,2026-09-09T00:00:00+07:00,2026-09-09T00:00:00+07:00,christian,True
timor-pagi.example,Kupang,2025-03-10,38,0.201,0.496,,https://timor-pagi.example/fixture/metrik/2025-03-10,,2026-09-09,2026-09-09T00:00:00+07:00,2026-09-09T00:00:00+07:00,christian,True
timor-pagi.example,Kupang,2025-03-17,27,0.223,0.449,,https://timor-pagi.example/fixture/metrik/2025-03-17,,2026-09-09,2026-09-09T00:00:00+07:00,2026-09-09T00:00:00+07:00,christian,True
timor-pagi.example,Kupang,2025-03-24,45,0.296,0.409,,https://timor-pagi.example/fixture/metrik/2025-03-24,,2026-09-09,2026-09-09T00:00:00+07:00,2026-09-09T00:00:00+07:00,christian,True
timor-pagi.example,Kupang,2025-03-31,28,0.309,0.497,,https://timor-pagi.example/fixture/metrik/2025-03-31,,2026-09-09,2026-09-09T00:00:00+07:00,2026-09-09T00:00:00+07:00,christian,True
timor-pagi.example,Kupang,2025-04-07,38,0.299,0.456,,https://timor-pagi.example/fixture/metrik/2025-04-07,,2026-09-09,2026-09-09T00:00:00+07:00,2026-09-09T00:00:00+07:00,christian,True
timor-pagi.example,Kupang,2025-04-14,29,0.251,0.535,,https://timor-pagi.example/fixture/metrik/2025-04-14,,2026-09-09,2026-09-09T00:00:00+07:00,2026-09-09T00:00:00+07:00,christian,True
timor-pagi.example,Kupang,2025-04-21,53,0.261,0.48,,https://timor-pagi.example/fixture/metrik/2025-04-21,,2026-09-09,2026-09-09T00:00:00+07:00,2026-09-09T00:00:00+07:00,christian,True
timor-pagi.example,Kupang,2025-04-28,22,0.182,0.368,,https://timor-pagi.example/fixture/metrik/2025-04-28,,2026-09-09,2026-09-09T00:00:00+07:00,2026-09-09T00:00:00+07:00,christian,True
timor-pagi.example,Kupang,2025-05-05,34,0.29,0.481,,https://timor-pagi.example/fixture/metrik/2025-05-05,,2026-09-09,2026-09-09T00:00:00+07:00,2026-09-09T00:00:00+07:00,christian,True
timor-pagi.example,Kupang,2025-05-12,40,0.25,0.51,,https://timor-pagi.example/fixture/metrik/2025-05-12,,2026-09-09,2026-09-09T00:00:00+07:00,2026-09-09T00:00:00+07:00,christian,True
timor-pagi.example,Kupang,2025-05-19,38,0.282,0.524,,https://timor-pagi.example/fixture/metrik/2025-05-19,,2026-09-09,2026-09-09T00:00:00+07:00,2026-09-09T00:00:00+07:00,christian,True
timor-pagi.example,Kupang,2025-05-26,41,0.235,0.488,,https://timor-pagi.example/fixture/metrik/2025-05-26,,2026-09-09,2026-09-09T00:00:00+07:00,2026-09-09T00:00:00+07:00,christian,True
timor-pagi.example,Kupang,2025-06-02,32,0.19,0.483,,https://timor-pagi.example/fixture/metrik/2025-06-02,,2026-09-09,2026-09-09T00:00:00+07:00,2026-09-09T00:00:00+07:00,christian,True
timor-pagi.example,Kupang,2025-06-09,26,0.227,0.539,,https://timor-pagi.example/fixture/metrik/2025-06-09,,2026-09-09,2026-09-09T00:00:00+07:00,2026-09-09T00:00:00+07:00,christian,True
timor-pagi.example,Kupang,2025-06-16,38,0.208,0.498,,https://timor-pagi.example/fixture/metrik/2025-06-16,,2026-09-09,2026-09-09T00:00:00+07:00,2026-09-09T00:00:00+07:00,christian,True
timor-pagi.example,Kupang,2025-06-23,33,0.294,0.47,,https://timor-pagi.example/fixture/metrik/2025-06-23,,2026-09-09,2026-09-09T00:00:00+07:00,2026-09-09T00:00:00+07:00,christian,True
timor-pagi.example,Kupang,2025-06-30,29,0.21,0.517,,https://timor-pagi.example/fixture/metrik/2025-06-30,,2026-09-09,2026-09-09T00:00:00+07:00,2026-09-09T00:00:00+07:00,christian,True
timor-pagi.example,Kupang,2025-07-07,31,0.262,0.491,,https://timor-pagi.example/fixture/metrik/2025-07-07,,2026-09-09,2026-09-09T00:00:00+07:00,2026-09-09T00:00:00+07:00,christian,True
timor-pagi.example,Kupang,2025-07-14,36,0.27,0.545,,https://timor-pagi.example/fixture/metrik/2025-07-14,,2026-09-09,2026-09-09T00:00:00+07:00,2026-09-09T00:00:00+07:00,christian,True
timor-pagi.example,Kupang,2025-07-21,38,0.248,0.465,,https://timor-pagi.example/fixture/metrik/2025-07-21,,2026-09-09,2026-09-09T00:00:00+07:00,2026-09-09T00:00:00+07:00,christian,True
timor-pagi.example,Kupang,2025-07-28,33,0.287,0.414,,https://timor-pagi.example/fixture/metrik/2025-07-28,,2026-09-09,2026-09-09T00:00:00+07:00,2026-09-09T00:00:00+07:00,christian,True
timor-pagi.example,Kupang,2025-08-04,35,0.258,0.552,,https://timor-pagi.example/fixture/metrik/2025-08-04,,2026-09-09,2026-09-09T00:00:00+07:00,2026-09-09T00:00:00+07:00,christian,True
timor-pagi.example,Kupang,2025-08-11,26,0.288,0.557,,https://timor-pagi.example/fixture/metrik/2025-08-11,,2026-09-09,2026-09-09T00:00:00+07:00,2026-09-09T00:00:00+07:00,christian,True
timor-pagi.example,Kupang,2025-08-18,35,0.268,0.435,,https://timor-pagi.example/fixture/metrik/2025-08-18,,2026-09-09,2026-09-09T00:00:00+07:00,2026-09-09T00:00:00+07:00,christian,True
timor-pagi.example,Kupang,2025-08-25,38,0.239,0.492,,https://timor-pagi.example/fixture/metrik/2025-08-25,,2026-09-09,2026-09-09T00:00:00+07:00,2026-09-09T00:00:00+07:00,christian,True
timor-pagi.example,Kupang,2025-09-01,25,0.325,0.546,,https://timor-pagi.example/fixture/metrik/2025-09-01,,2026-09-09,2026-09-09T00:00:00+07:00,2026-09-09T00:00:00+07:00,christian,True
timor-pagi.example,Kupang,2025-09-08,43,0.272,0.352,,https://timor-pagi.example/fixture/metrik/2025-09-08,,2026-09-09,2026-09-09T00:00:00+07:00,2026-09-09T00:00:00+07:00,christian,True
timor-pagi.example,Kupang,2025-09-15,29,0.255,0.504,,https://timor-pagi.example/fixture/metrik/2025-09-15,,2026-09-09,2026-09-09T00:00:00+07:00,2026-09-09T00:00:00+07:00,christian,True
timor-pagi.example,Kupang,2025-09-22,34,0.254,0.523,,https://timor-pagi.example/fixture/metrik/2025-09-22,,2026-09-09,2026-09-09T00:00:00+07:00,2026-09-09T00:00:00+07:00,christian,True
timor-pagi.example,Kupang,2025-09-29,36,0.29,0.433,,https://timor-pagi.example/fixture/metrik/2025-09-29,,2026-09-09,2026-09-09T00:00:00+07:00,2026-09-09T00:00:00+07:00,christian,True
timor-pagi.example,Kupang,2025-10-06,37,0.215,0.455,,https://timor-pagi.example/fixture/metrik/2025-10-06,,2026-09-09,2026-09-09T00:00:00+07:00,2026-09-09T00:00:00+07:00,christian,True
timor-pagi.example,Kupang,2025-10-13,37,0.238,0.425,,https://timor-pagi.example/fixture/metrik/2025-10-13,,2026-09-09,2026-09-09T00:00:00+07:00,2026-09-09T00:00:00+07:00,christian,True
timor-pagi.example,Kupang,2025-10-20,41,0.275,0.435,,https://timor-pagi.example/fixture/metrik/2025-10-20,,2026-09-09,2026-09-09T00:00:00+07:00,2026-09-09T00:00:00+07:00,christian,True
timor-pagi.example,Kupang,2025-10-27,35,0.235,0.521,,https://timor-pagi.example/fixture/metrik/2025-10-27,,2026-09-09,2026-09-09T00:00:00+07:00,2026-09-09T00:00:00+07:00,christian,True
timor-pagi.example,Kupang,2025-11-03,38,0.219,0.409,,https://timor-pagi.example/fixture/metrik/2025-11-03,,2026-09-09,2026-09-09T00:00:00+07:00,2026-09-09T00:00:00+07:00,christian,True
timor-pagi.example,Kupang,2025-11-10,34,0.231,0.451,,https://timor-pagi.example/fixture/metrik/2025-11-10,,2026-09-09,2026-09-09T00:00:00+07:00,2026-09-09T00:00:00+07:00,christian,True
timor-pagi.example,Kupang,2025-11-17,48,0.222,0.507,,https://timor-pagi.example/fixture/metrik/2025-11-17,,2026-09-09,2026-09-09T00:00:00+07:00,2026-09-09T00:00:00+07:00,christian,True
timor-pagi.example,Kupang,2025-11-24,42,0.208,0.448,,https://timor-pagi.example/fixture/metrik/2025-11-24,,2026-09-09,2026-09-09T00:00:00+07:00,2026-09-09T00:00:00+07:00,christian,True
timor-pagi.example,Kupang,2025-12-01,38,0.264,0.488,,https://timor-pagi.example/fixture/metrik/2025-12-01,,2026-09-09,2026-09-09T00:00:00+07:00,2026-09-09T00:00:00+07:00,christian,True
timor-pagi.example,Kupang,2025-12-08,39,0.238,0.471,,https://timor-pagi.example/fixture/metrik/2025-12-08,,2026-09-09,2026-09-09T00:00:00+07:00,2026-09-09T00:00:00+07:00,christian,True
timor-pagi.example,Kupang,2025-12-15,46,0.265,0.537,,https://timor-pagi.example/fixture/metrik/2025-12-15,,2026-09-09,2026-09-09T00:00:00+07:00,2026-09-09T00:00:00+07:00,christian,True
timor-pagi.example,Kupang,2025-12-22,45,0.288,0.542,,https://timor-pagi.example/fixture/metrik/2025-12-22,,2026-09-09,2026-09-09T00:00:00+07:00,2026-09-09T00:00:00+07:00,christian,True
timor-pagi.example,Kupang,2025-12-29,36,0.183,0.535,,https://timor-pagi.example/fixture/metrik/2025-12-29,,2026-09-09,2026-09-09T00:00:00+07:00,2026-09-09T00:00:00+07:00,christian,True
kupang-kini.example,Kupang,2014-01-06,14,0.09,0.293,,https://kupang-kini.example/fixture/metrik/2014-01-06,,2026-09-09,2026-09-09T00:00:00+07:00,2026-09-09T00:00:00+07:00,jonas,True
kupang-kini.example,Kupang,2014-01-13,21,0.14,0.203,,https://kupang-kini.example/fixture/metrik/2014-01-13,,2026-09-09,2026-09-09T00:00:00+07:00,2026-09-09T00:00:00+07:00,jonas,True
kupang-kini.example,Kupang,2014-01-20,5,0.237,0.145,,https://kupang-kini.example/fixture/metrik/2014-01-20,,2026-09-09,2026-09-09T00:00:00+07:00,2026-09-09T00:00:00+07:00,jonas,True
kupang-kini.example,Kupang,2014-01-27,38,0.142,0.199,,https://kupang-kini.example/fixture/metrik/2014-01-27,,2026-09-09,2026-09-09T00:00:00+07:00,2026-09-09T00:00:00+07:00,jonas,True
kupang-kini.example,Kupang,2014-02-03,23,0.171,0.167,,https://kupang-kini.example/fixture/metrik/2014-02-03,,2026-09-09,2026-09-09T00:00:00+07:00,2026-09-09T00:00:00+07:00,jonas,True
kupang-kini.example,Kupang,2014-02-10,20,0.19,0.11,,https://kupang-kini.example/fixture/metrik/2014-02-10,,2026-09-09,2026-09-09T00:00:00+07:00,2026-09-09T00:00:00+07:00,jonas,True
kupang-kini.example,Kupang,2014-02-17,30,0.119,0.233,,https://kupang-kini.example/fixture/metrik/2014-02-17,,2026-09-09,2026-09-09T00:00:00+07:00,2026-09-09T00:00:00+07:00,jonas,True
kupang-kini.example,Kupang,2014-02-24,11,0.159,0.2,,https://kupang-kini.example/fixture/metrik/2014-02-24,,2026-09-09,2026-09-09T00:00:00+07:00,2026-09-09T00:00:00+07:00,jonas,True
kupang-kini.example,Kupang,2014-03-03,6,0.176,0.23,,https://kupang-kini.example/fixture/metrik/2014-03-03,,2026-09-09,2026-09-09T00:00:00+07:00,2026-09-09T00:00:00+07:00,jonas,True
kupang-kini.example,Kupang,2014-03-10,29,0.108,0.259,,https://kupang-kini.example/fixture/metrik/2014-03-10,,2026-09-09,2026-09-09T00:00:00+07:00,2026-09-09T00:00:00+07:00,jonas,True
kupang-kini.example,Kupang,2014-03-17,28,0.201,0.225,,https://kupang-kini.example/fixture/metrik/2014-03-17,,2026-09-09,2026-09-09T00:00:00+07:00,2026-09-09T00:00:00+07:00,jonas,True
kupang-kini.example,Kupang,2014-03-24,20,0.145,0.241,,https://kupang-kini.example/fixture/metrik/2014-03-24,,2026-09-09,2026-09-09T00:00:00+07:00,2026-09-09T00:00:00+07:00,jonas,True
kupang-kini.example,Kupang,2014-03-31,12,0.162,0.211,,https://kupang-kini.example/fixture/metrik/2014-03-31,,2026-09-09,2026-09-09T00:00:00+07:00,2026-09-09T00:00:00+07:00,jonas,True
kupang-kini.example,Kupang,2014-04-07,17,0.186,0.263,,https://kupang-kini.example/fixture/metrik/2014-04-07,,2026-09-09,2026-09-09T00:00:00+07:00,2026-09-09T00:00:00+07:00,jonas,True
kupang-kini.example,Kupang,2014-04-14,23,0.117,0.261,,https://kupang-kini.example/fixture/metrik/2014-04-14,,2026-09-09,2026-09-09T00:00:00+07:00,2026-09-09T00:00:00+07:00,jonas,True
kupang-kini.example,Kupang,2014-04-21,16,0.184,0.261,,https://kupang-kini.example/fixture/metrik/2014-04-21,,2026-09-09,2026-09-09T00:00:00+07:00,2026-09-09T00:00:00+07:00,jonas,True
kupang-kini.example,Kupang,2014-04-28,27,0.165,0.18,,https://kupang-kini.example/fixture/metrik/2014-04-28,,2026-09-09,2026-09-09T00:00:00+07:00,2026-09-09T00:00:00+07:00,jonas,True
kupang-kini.example,Kupang,2014-05-05,16,0.151,0.22,,https://kupang-kini.example/fixture/metrik/2014-05-05,,2026-09-09,2026-09-09T00:00:00+07:00,2026-09-09T00:00:00+07:00,jonas,True
kupang-kini.example,Kupang,2014-05-12,23,0.181,0.196,,https://kupang-kini.example/fixture/metrik/2014-05-12,,2026-09-09,2026-09-09T00:00:00+07:00,2026-09-09T00:00:00+07:00,jonas,True
kupang-kini.example,Kupang,2014-05-19,25,0.12,0.217,,https://kupang-kini.example/fixture/metrik/2014-05-19,,2026-09-09,2026-09-09T00:00:00+07:00,2026-09-09T00:00:00+07:00,jonas,True
kupang-kini.example,Kupang,2014-05-26,13,0.174,0.146,,https://kupang-kini.example/fixture/metrik/2014-05-26,,2026-09-09,2026-09-09T00:00:00+07:00,2026-09-09T00:00:00+07:00,jonas,True
kupang-kini.example,Kupang,2014-06-02,22,0.16,0.239,,https://kupang-kini.example/fixture/metrik/2014-06-02,,2026-09-09,2026-09-09T00:00:00+07:00,2026-09-09T00:00:00+07:00,jonas,True
kupang-kini.example,Kupang,2014-06-09,36,0.125,0.299,,https://kupang-kini.example/fixture/metrik/2014-06-09,,2026-09-09,2026-09-09T00:00:00+07:00,2026-09-09T00:00:00+07:00,jonas,True
kupang-kini.example,Kupang,2014-06-16,7,0.177,0.205,,https://kupang-kini.example/fixture/metrik/2014-06-16,,2026-09-09,2026-09-09T00:00:00+07:00,2026-09-09T00:00:00+07:00,jonas,True
kupang-kini.example,Kupang,2014-06-23,18,0.154,0.3,,https://kupang-kini.example/fixture/metrik/2014-06-23,,2026-09-09,2026-09-09T00:00:00+07:00,2026-09-09T00:00:00+07:00,jonas,True
kupang-kini.example,Kupang,2014-06-30,26,0.096,0.265,,https://kupang-kini.example/fixture/metrik/2014-06-30,,2026-09-09,2026-09-09T00:00:00+07:00,2026-09-09T00:00:00+07:00,jonas,True
kupang-kini.example,Kupang,2014-07-07,26,0.078,0.221,,https://kupang-kini.example/fixture/metrik/2014-07-07,,2026-09-09,2026-09-09T00:00:00+07:00,2026-09-09T00:00:00+07:00,jonas,True
kupang-kini.example,Kupang,2014-07-14,14,0.165,0.205,,https://kupang-kini.example/fixture/metrik/2014-07-14,,2026-09-09,2026-09-09T00:00:00+07:00,2026-09-09T00:00:00+07:00,jonas,True
kupang-kini.example,Kupang,2014-07-21,21,0.132,0.243,,https://kupang-kini.example/fixture/metrik/2014-07-21,,2026-09-09,2026-09-09T00:00:00+07:00,2026-09-09T00:00:00+07:00,jonas,True
kupang-kini.example,Kupang,2014-07-28,29,0.149,0.185,,https://kupang-kini.example/fixture/metrik/2014-07-28,,2026-09-09,2026-09-09T00:00:00+07:00,2026-09-09T00:00:00+07:00,jonas,True
kupang-kini.example,Kupang,2014-08-04,23,0.187,0.213,,https://kupang-kini.example/fixture/metrik/2014-08-04,,2026-09-09,2026-09-09T00:00:00+07:00,2026-09-09T00:00:00+07:00,jonas,True
kupang-kini.example,Kupang,2014-08-11,19,0.185,0.194,,https://kupang-kini.example/fixture/metrik/2014-08-11,,2026-09-09,2026-09-09T00:00:00+07:00,2026-09-09T00:00:00+07:00,jonas,True
kupang-kini.example,Kupang,2014-08-18,16,0.231,0.091,,https://kupang-kini.example/fixture/metrik/2014-08-18,,2026-09-09,2026-09-09T00:00:00+07:00,2026-09-09T00:00:00+07:00,jonas,True
kupang-kini.example,Kupang,2014-08-25,22,0.12,0.257,,https://kupang-kini.example/fixture/metrik/2014-08-25,,2026-09-09,2026-09-09T00:00:00+07:00,2026-09-09T00:00:00+07:00,jonas,True
kupang-kini.example,Kupang,2014-09-01,21,0.159,0.164,,https://kupang-kini.example/fixture/metrik/2014-09-01,,2026-09-09,2026-09-09T00:00:00+07:00,2026-09-09T00:00:00+07:00,jonas,True
kupang-kini.example,Kupang,2014-09-08,28,0.133,0.158,,https://kupang-kini.example/fixture/metrik/2014-09-08,,2026-09-09,2026-09-09T00:00:00+07:00,2026-09-09T00:00:00+07:00,jonas,True
kupang-kini.example,Kupang,2014-09-15,16,0.167,0.196,,https://kupang-kini.example/fixture/metrik/2014-09-15,,2026-09-09,2026-09-09T00:00:00+07:00,2026-09-09T00:00:00+07:00,jonas,True
kupang-kini.example,Kupang,2014-09-22,25,0.191,0.231,,https://kupang-kini.example/fixture/metrik/2014-09-22,,2026-09-09,2026-09-09T00:00:00+07:00,2026-09-09T00:00:00+07:00,jonas,True
kupang-kini.example,Kupang,2014-09-29,23,0.123,0.23,,https://kupang-kini.example/fixture/metrik/2014-09-29,,2026-09-09,2026-09-09T00:00:00+07:00,2026-09-09T00:00:00+07:00,jonas,True
kupang-kini.example,Kupang,2014-10-06,27,0.121,0.207,,https://kupang-kini.example/fixture/metrik/2014-10-06,,2026-09-09,2026-09-09T00:00:00+07:00,2026-09-09T00:00:00+07:00,jonas,True
kupang-kini.example,Kupang,2014-10-13,20,0.14,0.155,,https://kupang-kini.example/fixture/metrik/2014-10-13,,2026-09-09,2026-09-09T00:00:00+07:00,2026-09-09T00:00:00+07:00,jonas,True
kupang-kini.example,Kupang,2014-10-20,14,0.142,0.258,,https://kupang-kini.example/fixture/metrik/2014-10-20,,2026-09-09,2026-09-09T00:00:00+07:00,2026-09-09T00:00:00+07:00,jonas,True
kupang-kini.example,Kupang,2014-10-27,31,0.125,0.173,,https://kupang-kini.example/fixture/metrik/2014-10-27,,2026-09-09,2026-09-09T00:00:00+07:00,2026-09-09T00:00:00+07:00,jonas,True
kupang-kini.example,Kupang,2014-11-03,26,0.16,0.141,,https://kupang-kini.example/fixture/metrik/2014-11-03,,2026-09-09,2026-09-09T00:00:00+07:00,2026-09-09T00:00:00+07:00,jonas,True
kupang-kini.example,Kupang,2014-11-10,25,0.116,0.232,,https://kupang-kini.example/fixture/metrik/2014-11-10,,2026-09-09,2026-09-09T00:00:00+07:00,2026-09-09T00:00:00+07:00,jonas,True
kupang-kini.example,Kupang,2014-11-17,11,0.166,0.241,,https://kupang-kini.example/fixture/metrik/2014-11-17,,2026-09-09,2026-09-09T00:00:00+07:00,2026-09-09T00:00:00+07:00,jonas,True
kupang-kini.example,Kupang,2014-11-24,15,0.112,0.203,,https://kupang-kini.example/fixture/metrik/2014-11-24,,2026-09-09,2026-09-09T00:00:00+07:00,2026-09-09T00:00:00+07:00,jonas,True
kupang-kini.example,Kupang,2014-12-01,23,0.115,0.224,,https://kupang-kini.example/fixture/metrik/2014-12-01,,2026-09-09,2026-09-09T00:00:00+07:00,2026-09-09T00:00:00+07:00,jonas,True
kupang-kini.example,Kupang,2014-12-08,19,0.202,0.2,,https://kupang-kini.example/fixture/metrik/2014-12-08,,2026-09-09,2026-09-09T00:00:00+07:00,2026-09-09T00:00:00+07:00,jonas,True
kupang-kini.example,Kupang,2014-12-15,23,0.221,0.204,,https://kupang-kini.example/fixture/metrik/2014-12-15,,2026-09-09,2026-09-09T00:00:00+07:00,2026-09-09T00:00:00+07:00,jonas,True
kupang-kini.example,Kupang,2014-12-22,23,0.182,0.148,,https://kupang-kini.example/fixture/metrik/2014-12-22,,2026-09-09,2026-09-09T00:00:00+07:00,2026-09-09T00:00:00+07:00,jonas,True
kupang-kini.example,Kupang,2014-12-29,29,0.145,0.116,,https://kupang-kini.example/fixture/metrik/2014-12-29,,2026-09-09,2026-09-09T00:00:00+07:00,2026-09-09T00:00:00+07:00,jonas,True
kupang-kini.example,Kupang,2015-01-05,29,0.134,0.147,,https://kupang-kini.example/fixture/metrik/2015-01-05,,2026-09-09,2026-09-09T00:00:00+07:00,2026-09-09T00:00:00+07:00,jonas,True
kupang-kini.example,Kupang,2015-01-12,31,0.221,0.253,,https://kupang-kini.example/fixture/metrik/2015-01-12,,2026-09-09,2026-09-09T00:00:00+07:00,2026-09-09T00:00:00+07:00,jonas,True
kupang-kini.example,Kupang,2015-01-19,31,0.165,0.182,,https://kupang-kini.example/fixture/metrik/2015-01-19,,2026-09-09,2026-09-09T00:00:00+07:00,2026-09-09T00:00:00+07:00,jonas,True
kupang-kini.example,Kupang,2015-01-26,16,0.138,0.191,,https://kupang-kini.example/fixture/metrik/2015-01-26,,2026-09-09,2026-09-09T00:00:00+07:00,2026-09-09T00:00:00+07:00,jonas,True
kupang-kini.example,Kupang,2015-02-02,16,0.185,0.164,,https://kupang-kini.example/fixture/metrik/2015-02-02,,2026-09-09,2026-09-09T00:00:00+07:00,2026-09-09T00:00:00+07:00,jonas,True
kupang-kini.example,Kupang,2015-02-09,26,0.115,0.17,,https://kupang-kini.example/fixture/metrik/2015-02-09,,2026-09-09,2026-09-09T00:00:00+07:00,2026-09-09T00:00:00+07:00,jonas,True
kupang-kini.example,Kupang,2015-02-16,15,0.143,0.249,,https://kupang-kini.example/fixture/metrik/2015-02-16,,2026-09-09,2026-09-09T00:00:00+07:00,2026-09-09T00:00:00+07:00,jonas,True
kupang-kini.example,Kupang,2015-02-23,15,0.18,0.133,,https://kupang-kini.example/fixture/metrik/2015-02-23,,2026-09-09,2026-09-09T00:00:00+07:00,2026-09-09T00:00:00+07:00,jonas,True
kupang-kini.example,Kupang,2015-03-02,13,0.156,0.119,,https://kupang-kini.example/fixture/metrik/2015-03-02,,2026-09-09,2026-09-09T00:00:00+07:00,2026-09-09T00:00:00+07:00,jonas,True
kupang-kini.example,Kupang,2015-03-09,30,0.144,0.183,,https://kupang-kini.example/fixture/metrik/2015-03-09,,2026-09-09,2026-09-09T00:00:00+07:00,2026-09-09T00:00:00+07:00,jonas,True
kupang-kini.example,Kupang,2015-03-16,33,0.215,0.168,,https://kupang-kini.example/fixture/metrik/2015-03-16,,2026-09-09,2026-09-09T00:00:00+07:00,2026-09-09T00:00:00+07:00,jonas,True
kupang-kini.example,Kupang,2015-03-23,27,0.126,0.178,,https://kupang-kini.example/fixture/metrik/2015-03-23,,2026-09-09,2026-09-09T00:00:00+07:00,2026-09-09T00:00:00+07:00,jonas,True
kupang-kini.example,Kupang,2015-03-30,20,0.111,0.187,,https://kupang-kini.example/fixture/metrik/2015-03-30,,2026-09-09,2026-09-09T00:00:00+07:00,2026-09-09T00:00:00+07:00,jonas,True
kupang-kini.example,Kupang,2015-04-06,14,0.199,0.214,,https://kupang-kini.example/fixture/metrik/2015-04-06,,2026-09-09,2026-09-09T00:00:00+07:00,2026-09-09T00:00:00+07:00,jonas,True
kupang-kini.example,Kupang,2015-04-13,12,0.163,0.303,,https://kupang-kini.example/fixture/metrik/2015-04-13,,2026-09-09,2026-09-09T00:00:00+07:00,2026-09-09T00:00:00+07:00,jonas,True
kupang-kini.example,Kupang,2015-04-20,18,0.107,0.186,,https://kupang-kini.example/fixture/metrik/2015-04-20,,2026-09-09,2026-09-09T00:00:00+07:00,2026-09-09T00:00:00+07:00,jonas,True
kupang-kini.example,Kupang,2015-04-27,24,0.136,0.298,,https://kupang-kini.example/fixture/metrik/2015-04-27,,2026-09-09,2026-09-09T00:00:00+07:00,2026-09-09T00:00:00+07:00,jonas,True
kupang-kini.example,Kupang,2015-05-04,17,0.239,0.222,,https://kupang-kini.example/fixture/metrik/2015-05-04,,2026-09-09,2026-09-09T00:00:00+07:00,2026-09-09T00:00:00+07:00,jonas,True
kupang-kini.example,Kupang,2015-05-11,25,0.073,0.278,,https://kupang-kini.example/fixture/metrik/2015-05-11,,2026-09-09,2026-09-09T00:00:00+07:00,2026-09-09T00:00:00+07:00,jonas,True
kupang-kini.example,Kupang,2015-05-18,25,0.126,0.246,,https://kupang-kini.example/fixture/metrik/2015-05-18,,2026-09-09,2026-09-09T00:00:00+07:00,2026-09-09T00:00:00+07:00,jonas,True
kupang-kini.example,Kupang,2015-05-25,23,0.148,0.293,,https://kupang-kini.example/fixture/metrik/2015-05-25,,2026-09-09,2026-09-09T00:00:00+07:00,2026-09-09T00:00:00+07:00,jonas,True
kupang-kini.example,Kupang,2015-06-01,28,0.193,0.275,,https://kupang-kini.example/fixture/metrik/2015-06-01,,2026-09-09,2026-09-09T00:00:00+07:00,2026-09-09T00:00:00+07:00,jonas,True
kupang-kini.example,Kupang,2015-06-08,7,0.172,0.177,,https://kupang-kini.example/fixture/metrik/2015-06-08,,2026-09-09,2026-09-09T00:00:00+07:00,2026-09-09T00:00:00+07:00,jonas,True
kupang-kini.example,Kupang,2015-06-15,15,0.186,0.26,,https://kupang-kini.example/fixture/metrik/2015-06-15,,2026-09-09,2026-09-09T00:00:00+07:00,2026-09-09T00:00:00+07:00,jonas,True
kupang-kini.example,Kupang,2015-06-22,21,0.112,0.228,,https://kupang-kini.example/fixture/metrik/2015-06-22,,2026-09-09,2026-09-09T00:00:00+07:00,2026-09-09T00:00:00+07:00,jonas,True
kupang-kini.example,Kupang,2015-06-29,19,0.167,0.26,,https://kupang-kini.example/fixture/metrik/2015-06-29,,2026-09-09,2026-09-09T00:00:00+07:00,2026-09-09T00:00:00+07:00,jonas,True
kupang-kini.example,Kupang,2015-07-06,26,0.193,0.248,,https://kupang-kini.example/fixture/metrik/2015-07-06,,2026-09-09,2026-09-09T00:00:00+07:00,2026-09-09T00:00:00+07:00,jonas,True
kupang-kini.example,Kupang,2015-07-13,27,0.127,0.215,,https://kupang-kini.example/fixture/metrik/2015-07-13,,2026-09-09,2026-09-09T00:00:00+07:00,2026-09-09T00:00:00+07:00,jonas,True
kupang-kini.example,Kupang,2015-07-20,21,0.062,0.233,,https://kupang-kini.example/fixture/metrik/2015-07-20,,2026-09-09,2026-09-09T00:00:00+07:00,2026-09-09T00:00:00+07:00,jonas,True
kupang-kini.example,Kupang,2015-07-27,7,0.178,0.126,,https://kupang-kini.example/fixture/metrik/2015-07-27,,2026-09-09,2026-09-09T00:00:00+07:00,2026-09-09T00:00:00+07:00,jonas,True
kupang-kini.example,Kupang,2015-08-03,12,0.088,0.14,,https://kupang-kini.example/fixture/metrik/2015-08-03,,2026-09-09,2026-09-09T00:00:00+07:00,2026-09-09T00:00:00+07:00,jonas,True
kupang-kini.example,Kupang,2015-08-10,33,0.21,0.238,,https://kupang-kini.example/fixture/metrik/2015-08-10,,2026-09-09,2026-09-09T00:00:00+07:00,2026-09-09T00:00:00+07:00,jonas,True
kupang-kini.example,Kupang,2015-08-17,19,0.178,0.264,,https://kupang-kini.example/fixture/metrik/2015-08-17,,2026-09-09,2026-09-09T00:00:00+07:00,2026-09-09T00:00:00+07:00,jonas,True
kupang-kini.example,Kupang,2015-08-24,21,0.102,0.229,,https://kupang-kini.example/fixture/metrik/2015-08-24,,2026-09-09,2026-09-09T00:00:00+07:00,2026-09-09T00:00:00+07:00,jonas,True
kupang-kini.example,Kupang,2015-08-31,27,0.106,0.197,,https://kupang-kini.example/fixture/metrik/2015-08-31,,2026-09-09,2026-09-09T00:00:00+07:00,2026-09-09T00:00:00+07:00,jonas,True
kupang-kini.example,Kupang,2015-09-07,26,0.179,0.135,,https://kupang-kini.example/fixture/metrik/2015-09-07,,2026-09-09,2026-09-09T00:00:00+07:00,2026-09-09T00:00:00+07:00,jonas,True
kupang-kini.example,Kupang,2015-09-14,23,0.102,0.08,,https://kupang-kini.example/fixture/metrik/2015-09-14,,2026-09-09,2026-09-09T00:00:00+07:00,2026-09-09T00:00:00+07:00,jonas,True
kupang-kini.example,Kupang,2015-09-21,30,0.187,0.19,,https://kupang-kini.example/fixture/metrik/2015-09-21,,2026-09-09,2026-09-09T00:00:00+07:00,2026-09-09T00:00:00+07:00,jonas,True
kupang-kini.example,Kupang,2015-09-28,12,0.17,0.168,,https://kupang-kini.example/fixture/metrik/2015-09-28,,2026-09-09,2026-09-09T00:00:00+07:00,2026-09-09T00:00:00+07:00,jonas,True
kupang-kini.example,Kupang,2015-10-05,13,0.189,0.133,,https://kupang-kini.example/fixture/metrik/2015-10-05,,2026-09-09,2026-09-09T00:00:00+07:00,2026-09-09T00:00:00+07:00,jonas,True
kupang-kini.example,Kupang,2015-10-12,35,0.096,0.222,,https://kupang-kini.example/fixture/metrik/2015-10-12,,2026-09-09,2026-09-09T00:00:00+07:00,2026-09-09T00:00:00+07:00,jonas,True
kupang-kini.example,Kupang,2015-10-19,24,0.153,0.162,,https://kupang-kini.example/fixture/metrik/2015-10-19,,2026-09-09,2026-09-09T00:00:00+07:00,2026-09-09T00:00:00+07:00,jonas,True
kupang-kini.example,Kupang,2015-10-26,36,0.166,0.211,,https://kupang-kini.example/fixture/metrik/2015-10-26,,2026-09-09,2026-09-09T00:00:00+07:00,2026-09-09T00:00:00+07:00,jonas,True
kupang-kini.example,Kupang,2015-11-02,21,0.142,0.227,,https://kupang-kini.example/fixture/metrik/2015-11-02,,2026-09-09,2026-09-09T00:00:00+07:00,2026-09-09T00:00:00+07:00,jonas,True
kupang-kini.example,Kupang,2015-11-09,11,0.1,0.172,,https://kupang-kini.example/fixture/metrik/2015-11-09,,2026-09-09,2026-09-09T00:00:00+07:00,2026-09-09T00:00:00+07:00,jonas,True
kupang-kini.example,Kupang,2015-11-16,33,0.15,0.173,,https://kupang-kini.example/fixture/metrik/2015-11-16,,2026-09-09,2026-09-09T00:00:00+07:00,2026-09-09T00:00:00+07:00,jonas,True
kupang-kini.example,Kupang,2015-11-23,21,0.1,0.185,,https://kupang-kini.example/fixture/metrik/2015-11-23,,2026-09-09,2026-09-09T00:00:00+07:00,2026-09-09T00:00:00+07:00,jonas,True
kupang-kini.example,Kupang,2015-11-30,28,0.19,0.203,,https://kupang-kini.example/fixture/metrik/2015-11-30,,2026-09-09,2026-09-09T00:00:00+07:00,2026-09-09T00:00:00+07:00,jonas,True
kupang-kini.example,Kupang,2015-12-07,26,0.13,0.219,,https://kupang-kini.example/fixture/metrik/2015-12-07,,2026-09-09,2026-09-09T00:00:00+07:00,2026-09-09T00:00:00+07:00,jonas,True
kupang-kini.example,Kupang,2015-12-14,19,0.119,0.196,,https://kupang-kini.example/fixture/metrik/2015-12-14,,2026-09-09,2026-09-09T00:00:00+07:00,2026-09-09T00:00:00+07:00,jonas,True
kupang-kini.example,Kupang,2015-12-21,22,0.103,0.224,,https://kupang-kini.example/fixture/metrik/2015-12-21,,2026-09-09,2026-09-09T00:00:00+07:00,2026-09-09T00:00:00+07:00,jonas,True
kupang-kini.example,Kupang,2015-12-28,31,0.133,0.31,,https://kupang-kini.example/fixture/metrik/2015-12-28,,2026-09-09,2026-09-09T00:00:00+07:00,2026-09-09T00:00:00+07:00,jonas,True
kupang-kini.example,Kupang,2016-01-04,18,0.114,0.218,,https://kupang-kini.example/fixture/metrik/2016-01-04,,2026-09-09,2026-09-09T00:00:00+07:00,2026-09-09T00:00:00+07:00,jonas,True
kupang-kini.example,Kupang,2016-01-11,26,0.147,0.248,,https://kupang-kini.example/fixture/metrik/2016-01-11,,2026-09-09,2026-09-09T00:00:00+07:00,2026-09-09T00:00:00+07:00,jonas,True
kupang-kini.example,Kupang,2016-01-18,7,0.196,0.184,,https://kupang-kini.example/fixture/metrik/2016-01-18,,2026-09-09,2026-09-09T00:00:00+07:00,2026-09-09T00:00:00+07:00,jonas,True
kupang-kini.example,Kupang,2016-01-25,13,0.135,0.252,,https://kupang-kini.example/fixture/metrik/2016-01-25,,2026-09-09,2026-09-09T00:00:00+07:00,2026-09-09T00:00:00+07:00,jonas,True
kupang-kini.example,Kupang,2016-02-01,26,0.11,0.205,,https://kupang-kini.example/fixture/metrik/2016-02-01,,2026-09-09,2026-09-09T00:00:00+07:00,2026-09-09T00:00:00+07:00,jonas,True
kupang-kini.example,Kupang,2016-02-08,14,0.154,0.11,,https://kupang-kini.example/fixture/metrik/2016-02-08,,2026-09-09,2026-09-09T00:00:00+07:00,2026-09-09T00:00:00+07:00,jonas,True
kupang-kini.example,Kupang,2016-02-15,24,0.153,0.195,,https://kupang-kini.example/fixture/metrik/2016-02-15,,2026-09-09,2026-09-09T00:00:00+07:00,2026-09-09T00:00:00+07:00,jonas,True
kupang-kini.example,Kupang,2016-02-22,23,0.146,0.177,,https://kupang-kini.example/fixture/metrik/2016-02-22,,2026-09-09,2026-09-09T00:00:00+07:00,2026-09-09T00:00:00+07:00,jonas,True
kupang-kini.example,Kupang,2016-02-29,17,0.203,0.166,,https://kupang-kini.example/fixture/metrik/2016-02-29,,2026-09-09,2026-09-09T00:00:00+07:00,2026-09-09T00:00:00+07:00,jonas,True
kupang-kini.example,Kupang,2016-03-07,27,0.161,0.261,,https://kupang-kini.example/fixture/metrik/2016-03-07,,2026-09-09,2026-09-09T00:00:00+07:00,2026-09-09T00:00:00+07:00,jonas,True
kupang-kini.example,Kupang,2016-03-14,12,0.188,0.283,,https://kupang-kini.example/fixture/metrik/2016-03-14,,2026-09-09,2026-09-09T00:00:00+07:00,2026-09-09T00:00:00+07:00,jonas,True
kupang-kini.example,Kupang,2016-03-21,14,0.186,0.149,,https://kupang-kini.example/fixture/metrik/2016-03-21,,2026-09-09,2026-09-09T00:00:00+07:00,2026-09-09T00:00:00+07:00,jonas,True
kupang-kini.example,Kupang,2016-03-28,23,0.218,0.223,,https://kupang-kini.example/fixture/metrik/2016-03-28,,2026-09-09,2026-09-09T00:00:00+07:00,2026-09-09T00:00:00+07:00,jonas,True
kupang-kini.example,Kupang,2016-04-04,16,0.152,0.209,,https://kupang-kini.example/fixture/metrik/2016-04-04,,2026-09-09,2026-09-09T00:00:00+07:00,2026-09-09T00:00:00+07:00,jonas,True
kupang-kini.example,Kupang,2016-04-11,9,0.159,0.217,,https://kupang-kini.example/fixture/metrik/2016-04-11,,2026-09-09,2026-09-09T00:00:00+07:00,2026-09-09T00:00:00+07:00,jonas,True
kupang-kini.example,Kupang,2016-04-18,27,0.106,0.148,,https://kupang-kini.example/fixture/metrik/2016-04-18,,2026-09-09,2026-09-09T00:00:00+07:00,2026-09-09T00:00:00+07:00,jonas,True
kupang-kini.example,Kupang,2016-04-25,28,0.172,0.206,,https://kupang-kini.example/fixture/metrik/2016-04-25,,2026-09-09,2026-09-09T00:00:00+07:00,2026-09-09T00:00:00+07:00,jonas,True
kupang-kini.example,Kupang,2016-05-02,22,0.138,0.288,,https://kupang-kini.example/fixture/metrik/2016-05-02,,2026-09-09,2026-09-09T00:00:00+07:00,2026-09-09T00:00:00+07:00,jonas,True
kupang-kini.example,Kupang,2016-05-09,23,0.11,0.298,,https://kupang-kini.example/fixture/metrik/2016-05-09,,2026-09-09,2026-09-09T00:00:00+07:00,2026-09-09T00:00:00+07:00,jonas,True
kupang-kini.example,Kupang,2016-05-16,13,0.19,0.162,,https://kupang-kini.example/fixture/metrik/2016-05-16,,2026-09-09,2026-09-09T00:00:00+07:00,2026-09-09T00:00:00+07:00,jonas,True
kupang-kini.example,Kupang,2016-05-23,25,0.161,0.228,,https://kupang-kini.example/fixture/metrik/2016-05-23,,2026-09-09,2026-09-09T00:00:00+07:00,2026-09-09T00:00:00+07:00,jonas,True
kupang-kini.example,Kupang,2016-05-30,19,0.165,0.194,,https://kupang-kini.example/fixture/metrik/2016-05-30,,2026-09-09,2026-09-09T00:00:00+07:00,2026-09-09T00:00:00+07:00,jonas,True
kupang-kini.example,Kupang,2016-06-06,21,0.198,0.19,,https://kupang-kini.example/fixture/metrik/2016-06-06,,2026-09-09,2026-09-09T00:00:00+07:00,2026-09-09T00:00:00+07:00,jonas,True
kupang-kini.example,Kupang,2016-06-13,17,0.121,0.286,,https://kupang-kini.example/fixture/metrik/2016-06-13,,2026-09-09,2026-09-09T00:00:00+07:00,2026-09-09T00:00:00+07:00,jonas,True
kupang-kini.example,Kupang,2016-06-20,24,0.183,0.229,,https://kupang-kini.example/fixture/metrik/2016-06-20,,2026-09-09,2026-09-09T00:00:00+07:00,2026-09-09T00:00:00+07:00,jonas,True
kupang-kini.example,Kupang,2016-06-27,18,0.137,0.269,,https://kupang-kini.example/fixture/metrik/2016-06-27,,2026-09-09,2026-09-09T00:00:00+07:00,2026-09-09T00:00:00+07:00,jonas,True
kupang-kini.example,Kupang,2016-07-04,24,0.155,0.167,,https://kupang-kini.example/fixture/metrik/2016-07-04,,2026-09-09,2026-09-09T00:00:00+07:00,2026-09-09T00:00:00+07:00,jonas,True
kupang-kini.example,Kupang,2016-07-11,31,0.199,0.232,,https://kupang-kini.example/fixture/metrik/2016-07-11,,2026-09-09,2026-09-09T00:00:00+07:00,2026-09-09T00:00:00+07:00,jonas,True
kupang-kini.example,Kupang,2016-07-18,22,0.195,0.161,,https://kupang-kini.example/fixture/metrik/2016-07-18,,2026-09-09,2026-09-09T00:00:00+07:00,2026-09-09T00:00:00+07:00,jonas,True
kupang-kini.example,Kupang,2016-07-25,32,0.148,0.272,,https://kupang-kini.example/fixture/metrik/2016-07-25,,2026-09-09,2026-09-09T00:00:00+07:00,2026-09-09T00:00:00+07:00,jonas,True
kupang-kini.example,Kupang,2016-08-01,18,0.127,0.17,,https://kupang-kini.example/fixture/metrik/2016-08-01,,2026-09-09,2026-09-09T00:00:00+07:00,2026-09-09T00:00:00+07:00,jonas,True
kupang-kini.example,Kupang,2016-08-08,7,0.047,0.227,,https://kupang-kini.example/fixture/metrik/2016-08-08,,2026-09-09,2026-09-09T00:00:00+07:00,2026-09-09T00:00:00+07:00,jonas,True
kupang-kini.example,Kupang,2016-08-15,32,0.181,0.219,,https://kupang-kini.example/fixture/metrik/2016-08-15,,2026-09-09,2026-09-09T00:00:00+07:00,2026-09-09T00:00:00+07:00,jonas,True
kupang-kini.example,Kupang,2016-08-22,28,0.135,0.206,,https://kupang-kini.example/fixture/metrik/2016-08-22,,2026-09-09,2026-09-09T00:00:00+07:00,2026-09-09T00:00:00+07:00,jonas,True
kupang-kini.example,Kupang,2016-08-29,25,0.168,0.249,,https://kupang-kini.example/fixture/metrik/2016-08-29,,2026-09-09,2026-09-09T00:00:00+07:00,2026-09-09T00:00:00+07:00,jonas,True
kupang-kini.example,Kupang,2016-09-05,22,0.102,0.231,,https://kupang-kini.example/fixture/metrik/2016-09-05,,2026-09-09,2026-09-09T00:00:00+07:00,2026-09-09T00:00:00+07:00,jonas,True
kupang-kini.example,Kupang,2016-09-12,21,0.131,0.219,,https://kupang-kini.example/fixture/metrik/2016-09-12,,2026-09-09,2026-09-09T00:00:00+07:00,2026-09-09T00:00:00+07:00,jonas,True
kupang-kini.example,Kupang,2016-09-19,15,0.114,0.236,,https://kupang-kini.example/fixture/metrik/2016-09-19,,2026-09-09,2026-09-09T00:00:00+07:00,2026-09-09T00:00:00+07:00,jonas,True
kupang-kini.example,Kupang,2016-09-26,25,0.146,0.281,,https://kupang-kini.example/fixture/metrik/2016-09-26,,2026-09-09,2026-09-09T00:00:00+07:00,2026-09-09T00:00:00+07:00,jonas,True
kupang-kini.example,Kupang,2016-10-03,22,0.133,0.251,,https://kupang-kini.example/fixture/metrik/2016-10-03,,2026-09-09,2026-09-09T00:00:00+07:00,2026-09-09T00:00:00+07:00,jonas,True
kupang-kini.example,Kupang,2016-10-10,24,0.098,0.142,,https://kupang-kini.example/fixture/metrik/2016-10-10,,2026-09-09,2026-09-09T00:00:00+07:00,2026-09-09T00:00:00+07:00,jonas,True
kupang-kini.example,Kupang,2016-10-17,29,0.145,0.286,,https://kupang-kini.example/fixture/metrik/2016-10-17,,2026-09-09,2026-09-09T00:00:00+07:00,2026-09-09T00:00:00+07:00,jonas,True
kupang-kini.example,Kupang,2016-10-24,15,0.115,0.24,,https://kupang-kini.example/fixture/metrik/2016-10-24,,2026-09-09,2026-09-09T00:00:00+07:00,2026-09-09T00:00:00+07:00,jonas,True
kupang-kini.example,Kupang,2016-10-31,13,0.136,0.179,,https://kupang-kini.example/fixture/metrik/2016-10-31,,2026-09-09,2026-09-09T00:00:00+07:00,2026-09-09T00:00:00+07:00,jonas,True
kupang-kini.example,Kupang,2016-11-07,29,0.148,0.189,,https://kupang-kini.example/fixture/metrik/2016-11-07,,2026-09-09,2026-09-09T00:00:00+07:00,2026-09-09T00:00:00+07:00,jonas,True
kupang-kini.example,Kupang,2016-11-14,22,0.158,0.155,,https://kupang-kini.example/fixture/metrik/2016-11-14,,2026-09-09,2026-09-09T00:00:00+07:00,2026-09-09T00:00:00+07:00,jonas,True
kupang-kini.example,Kupang,2016-11-21,6,0.179,0.232,,https://kupang-kini.example/fixture/metrik/2016-11-21,,2026-09-09,2026-09-09T00:00:00+07:00,2026-09-09T00:00:00+07:00,jonas,True
kupang-kini.example,Kupang,2016-11-28,14,0.113,0.155,,https://kupang-kini.example/fixture/metrik/2016-11-28,,2026-09-09,2026-09-09T00:00:00+07:00,2026-09-09T00:00:00+07:00,jonas,True
kupang-kini.example,Kupang,2016-12-05,18,0.177,0.305,,https://kupang-kini.example/fixture/metrik/2016-12-05,,2026-09-09,2026-09-09T00:00:00+07:00,2026-09-09T00:00:00+07:00,jonas,True
kupang-kini.example,Kupang,2016-12-12,22,0.117,0.238,,https://kupang-kini.example/fixture/metrik/2016-12-12,,2026-09-09,2026-09-09T00:00:00+07:00,2026-09-09T00:00:00+07:00,jonas,True
kupang-kini.example,Kupang,2016-12-19,21,0.232,0.208,,https://kupang-kini.example/fixture/metrik/2016-12-19,,2026-09-09,2026-09-09T00:00:00+07:00,2026-09-09T00:00:00+07:00,jonas,True
kupang-kini.example,Kupang,2016-12-26,27,0.119,0.193,,https://kupang-kini.example/fixture/metrik/2016-12-26,,2026-09-09,2026-09-09T00:00:00+07:00,2026-09-09T00:00:00+07:00,jonas,True
kupang-kini.example,Kupang,2017-01-02,16,0.124,0.198,,https://kupang-kini.example/fixture/metrik/2017-01-02,,2026-09-09,2026-09-09T00:00:00+07:00,2026-09-09T00:00:00+07:00,jonas,True
kupang-kini.example,Kupang,2017-01-09,28,0.112,0.171,,https://kupang-kini.example/fixture/metrik/2017-01-09,,2026-09-09,2026-09-09T00:00:00+07:00,2026-09-09T00:00:00+07:00,jonas,True
kupang-kini.example,Kupang,2017-01-16,9,0.118,0.216,,https://kupang-kini.example/fixture/metrik/2017-01-16,,2026-09-09,2026-09-09T00:00:00+07:00,2026-09-09T00:00:00+07:00,jonas,True
kupang-kini.example,Kupang,2017-01-23,21,0.108,0.254,,https://kupang-kini.example/fixture/metrik/2017-01-23,,2026-09-09,2026-09-09T00:00:00+07:00,2026-09-09T00:00:00+07:00,jonas,True
kupang-kini.example,Kupang,2017-01-30,15,0.085,0.154,,https://kupang-kini.example/fixture/metrik/2017-01-30,,2026-09-09,2026-09-09T00:00:00+07:00,2026-09-09T00:00:00+07:00,jonas,True
kupang-kini.example,Kupang,2017-02-06,28,0.122,0.147,,https://kupang-kini.example/fixture/metrik/2017-02-06,,2026-09-09,2026-09-09T00:00:00+07:00,2026-09-09T00:00:00+07:00,jonas,True
kupang-kini.example,Kupang,2017-02-13,21,0.184,0.202,,https://kupang-kini.example/fixture/metrik/2017-02-13,,2026-09-09,2026-09-09T00:00:00+07:00,2026-09-09T00:00:00+07:00,jonas,True
kupang-kini.example,Kupang,2017-02-20,26,0.147,0.237,,https://kupang-kini.example/fixture/metrik/2017-02-20,,2026-09-09,2026-09-09T00:00:00+07:00,2026-09-09T00:00:00+07:00,jonas,True
kupang-kini.example,Kupang,2017-02-27,24,0.151,0.151,,https://kupang-kini.example/fixture/metrik/2017-02-27,,2026-09-09,2026-09-09T00:00:00+07:00,2026-09-09T00:00:00+07:00,jonas,True
kupang-kini.example,Kupang,2017-03-06,25,0.175,0.197,,https://kupang-kini.example/fixture/metrik/2017-03-06,,2026-09-09,2026-09-09T00:00:00+07:00,2026-09-09T00:00:00+07:00,jonas,True
kupang-kini.example,Kupang,2017-03-13,22,0.153,0.222,,https://kupang-kini.example/fixture/metrik/2017-03-13,,2026-09-09,2026-09-09T00:00:00+07:00,2026-09-09T00:00:00+07:00,jonas,True
kupang-kini.example,Kupang,2017-03-20,13,0.134,0.231,,https://kupang-kini.example/fixture/metrik/2017-03-20,,2026-09-09,2026-09-09T00:00:00+07:00,2026-09-09T00:00:00+07:00,jonas,True
kupang-kini.example,Kupang,2017-03-27,19,0.09,0.317,,https://kupang-kini.example/fixture/metrik/2017-03-27,,2026-09-09,2026-09-09T00:00:00+07:00,2026-09-09T00:00:00+07:00,jonas,True
kupang-kini.example,Kupang,2017-04-03,35,0.16,0.259,,https://kupang-kini.example/fixture/metrik/2017-04-03,,2026-09-09,2026-09-09T00:00:00+07:00,2026-09-09T00:00:00+07:00,jonas,True
kupang-kini.example,Kupang,2017-04-10,25,0.188,0.123,,https://kupang-kini.example/fixture/metrik/2017-04-10,,2026-09-09,2026-09-09T00:00:00+07:00,2026-09-09T00:00:00+07:00,jonas,True
kupang-kini.example,Kupang,2017-04-17,29,0.127,0.277,,https://kupang-kini.example/fixture/metrik/2017-04-17,,2026-09-09,2026-09-09T00:00:00+07:00,2026-09-09T00:00:00+07:00,jonas,True
kupang-kini.example,Kupang,2017-04-24,22,0.161,0.162,,https://kupang-kini.example/fixture/metrik/2017-04-24,,2026-09-09,2026-09-09T00:00:00+07:00,2026-09-09T00:00:00+07:00,jonas,True
kupang-kini.example,Kupang,2017-05-01,20,0.215,0.245,,https://kupang-kini.example/fixture/metrik/2017-05-01,,2026-09-09,2026-09-09T00:00:00+07:00,2026-09-09T00:00:00+07:00,jonas,True
kupang-kini.example,Kupang,2017-05-08,24,0.097,0.197,,https://kupang-kini.example/fixture/metrik/2017-05-08,,2026-09-09,2026-09-09T00:00:00+07:00,2026-09-09T00:00:00+07:00,jonas,True
kupang-kini.example,Kupang,2017-05-15,30,0.192,0.192,,https://kupang-kini.example/fixture/metrik/2017-05-15,,2026-09-09,2026-09-09T00:00:00+07:00,2026-09-09T00:00:00+07:00,jonas,True
kupang-kini.example,Kupang,2017-05-22,10,0.188,0.181,,https://kupang-kini.example/fixture/metrik/2017-05-22,,2026-09-09,2026-09-09T00:00:00+07:00,2026-09-09T00:00:00+07:00,jonas,True
kupang-kini.example,Kupang,2017-05-29,20,0.142,0.174,,https://kupang-kini.example/fixture/metrik/2017-05-29,,2026-09-09,2026-09-09T00:00:00+07:00,2026-09-09T00:00:00+07:00,jonas,True
kupang-kini.example,Kupang,2017-06-05,32,0.127,0.286,,https://kupang-kini.example/fixture/metrik/2017-06-05,,2026-09-09,2026-09-09T00:00:00+07:00,2026-09-09T00:00:00+07:00,jonas,True
kupang-kini.example,Kupang,2017-06-12,13,0.099,0.142,,https://kupang-kini.example/fixture/metrik/2017-06-12,,2026-09-09,2026-09-09T00:00:00+07:00,2026-09-09T00:00:00+07:00,jonas,True
kupang-kini.example,Kupang,2017-06-19,12,0.148,0.153,,https://kupang-kini.example/fixture/metrik/2017-06-19,,2026-09-09,2026-09-09T00:00:00+07:00,2026-09-09T00:00:00+07:00,jonas,True
kupang-kini.example,Kupang,2017-06-26,24,0.134,0.207,,https://kupang-kini.example/fixture/metrik/2017-06-26,,2026-09-09,2026-09-09T00:00:00+07:00,2026-09-09T00:00:00+07:00,jonas,True
kupang-kini.example,Kupang,2017-07-03,7,0.12,0.249,,https://kupang-kini.example/fixture/metrik/2017-07-03,,2026-09-09,2026-09-09T00:00:00+07:00,2026-09-09T00:00:00+07:00,jonas,True
kupang-kini.example,Kupang,2017-07-10,13,0.105,0.256,,https://kupang-kini.example/fixture/metrik/2017-07-10,,2026-09-09,2026-09-09T00:00:00+07:00,2026-09-09T00:00:00+07:00,jonas,True
kupang-kini.example,Kupang,2017-07-17,23,0.099,0.172,,https://kupang-kini.example/fixture/metrik/2017-07-17,,2026-09-09,2026-09-09T00:00:00+07:00,2026-09-09T00:00:00+07:00,jonas,True
kupang-kini.example,Kupang,2017-07-24,10,0.165,0.204,,https://kupang-kini.example/fixture/metrik/2017-07-24,,2026-09-09,2026-09-09T00:00:00+07:00,2026-09-09T00:00:00+07:00,jonas,True
kupang-kini.example,Kupang,2017-07-31,30,0.1,0.21,,https://kupang-kini.example/fixture/metrik/2017-07-31,,2026-09-09,2026-09-09T00:00:00+07:00,2026-09-09T00:00:00+07:00,jonas,True
kupang-kini.example,Kupang,2017-08-07,15,0.128,0.164,,https://kupang-kini.example/fixture/metrik/2017-08-07,,2026-09-09,2026-09-09T00:00:00+07:00,2026-09-09T00:00:00+07:00,jonas,True
kupang-kini.example,Kupang,2017-08-14,17,0.159,0.187,,https://kupang-kini.example/fixture/metrik/2017-08-14,,2026-09-09,2026-09-09T00:00:00+07:00,2026-09-09T00:00:00+07:00,jonas,True
kupang-kini.example,Kupang,2017-08-21,18,0.105,0.22,,https://kupang-kini.example/fixture/metrik/2017-08-21,,2026-09-09,2026-09-09T00:00:00+07:00,2026-09-09T00:00:00+07:00,jonas,True
kupang-kini.example,Kupang,2017-08-28,21,0.116,0.232,,https://kupang-kini.example/fixture/metrik/2017-08-28,,2026-09-09,2026-09-09T00:00:00+07:00,2026-09-09T00:00:00+07:00,jefri,True
kupang-kini.example,Kupang,2017-09-04,17,0.209,0.172,,https://kupang-kini.example/fixture/metrik/2017-09-04,,2026-09-09,2026-09-09T00:00:00+07:00,2026-09-09T00:00:00+07:00,jefri,True
kupang-kini.example,Kupang,2017-09-11,10,0.172,0.246,,https://kupang-kini.example/fixture/metrik/2017-09-11,,2026-09-09,2026-09-09T00:00:00+07:00,2026-09-09T00:00:00+07:00,jefri,True
kupang-kini.example,Kupang,2017-09-18,25,0.138,0.203,,https://kupang-kini.example/fixture/metrik/2017-09-18,,2026-09-09,2026-09-09T00:00:00+07:00,2026-09-09T00:00:00+07:00,jefri,True
kupang-kini.example,Kupang,2017-09-25,23,0.101,0.246,,https://kupang-kini.example/fixture/metrik/2017-09-25,,2026-09-09,2026-09-09T00:00:00+07:00,2026-09-09T00:00:00+07:00,jefri,True
kupang-kini.example,Kupang,2017-10-02,27,0.107,0.204,,https://kupang-kini.example/fixture/metrik/2017-10-02,,2026-09-09,2026-09-09T00:00:00+07:00,2026-09-09T00:00:00+07:00,jefri,True
kupang-kini.example,Kupang,2017-10-09,19,0.098,0.19,,https://kupang-kini.example/fixture/metrik/2017-10-09,,2026-09-09,2026-09-09T00:00:00+07:00,2026-09-09T00:00:00+07:00,jefri,True
kupang-kini.example,Kupang,2017-10-16,17,0.2,0.231,,https://kupang-kini.example/fixture/metrik/2017-10-16,,2026-09-09,2026-09-09T00:00:00+07:00,2026-09-09T00:00:00+07:00,jefri,True
kupang-kini.example,Kupang,2017-10-23,13,0.11,0.138,,https://kupang-kini.example/fixture/metrik/2017-10-23,,2026-09-09,2026-09-09T00:00:00+07:00,2026-09-09T00:00:00+07:00,jefri,True
kupang-kini.example,Kupang,2017-10-30,34,0.094,0.271,,https://kupang-kini.example/fixture/metrik/2017-10-30,,2026-09-09,2026-09-09T00:00:00+07:00,2026-09-09T00:00:00+07:00,jefri,True
kupang-kini.example,Kupang,2017-11-06,27,0.168,0.236,,https://kupang-kini.example/fixture/metrik/2017-11-06,,2026-09-09,2026-09-09T00:00:00+07:00,2026-09-09T00:00:00+07:00,jefri,True
kupang-kini.example,Kupang,2017-11-13,24,0.151,0.125,,https://kupang-kini.example/fixture/metrik/2017-11-13,,2026-09-09,2026-09-09T00:00:00+07:00,2026-09-09T00:00:00+07:00,jefri,True
kupang-kini.example,Kupang,2017-11-20,25,0.178,0.278,,https://kupang-kini.example/fixture/metrik/2017-11-20,,2026-09-09,2026-09-09T00:00:00+07:00,2026-09-09T00:00:00+07:00,jefri,True
kupang-kini.example,Kupang,2017-11-27,26,0.204,0.272,,https://kupang-kini.example/fixture/metrik/2017-11-27,,2026-09-09,2026-09-09T00:00:00+07:00,2026-09-09T00:00:00+07:00,jefri,True
kupang-kini.example,Kupang,2017-12-04,19,0.18,0.178,,https://kupang-kini.example/fixture/metrik/2017-12-04,,2026-09-09,2026-09-09T00:00:00+07:00,2026-09-09T00:00:00+07:00,jefri,True
kupang-kini.example,Kupang,2017-12-11,20,0.146,0.158,,https://kupang-kini.example/fixture/metrik/2017-12-11,,2026-09-09,2026-09-09T00:00:00+07:00,2026-09-09T00:00:00+07:00,jefri,True
kupang-kini.example,Kupang,2017-12-18,21,0.158,0.257,,https://kupang-kini.example/fixture/metrik/2017-12-18,,2026-09-09,2026-09-09T00:00:00+07:00,2026-09-09T00:00:00+07:00,jefri,True
kupang-kini.example,Kupang,2017-12-25,33,0.169,0.232,,https://kupang-kini.example/fixture/metrik/2017-12-25,,2026-09-09,2026-09-09T00:00:00+07:00,2026-09-09T00:00:00+07:00,jefri,True
kupang-kini.example,Kupang,2018-01-01,15,0.118,0.194,,https://kupang-kini.example/fixture/metrik/2018-01-01,,2026-09-09,2026-09-09T00:00:00+07:00,2026-09-09T00:00:00+07:00,jefri,True
kupang-kini.example,Kupang,2018-01-08,26,0.115,0.226,,https://kupang-kini.example/fixture/metrik/2018-01-08,,2026-09-09,2026-09-09T00:00:00+07:00,2026-09-09T00:00:00+07:00,jefri,True
kupang-kini.example,Kupang,2018-01-15,12,0.119,0.198,,https://kupang-kini.example/fixture/metrik/2018-01-15,,2026-09-09,2026-09-09T00:00:00+07:00,2026-09-09T00:00:00+07:00,jefri,True
kupang-kini.example,Kupang,2018-01-22,30,0.052,0.111,,https://kupang-kini.example/fixture/metrik/2018-01-22,,2026-09-09,2026-09-09T00:00:00+07:00,2026-09-09T00:00:00+07:00,jefri,True
kupang-kini.example,Kupang,2018-01-29,23,0.191,0.274,,https://kupang-kini.example/fixture/metrik/2018-01-29,,2026-09-09,2026-09-09T00:00:00+07:00,2026-09-09T00:00:00+07:00,jefri,True
kupang-kini.example,Kupang,2018-02-05,21,0.146,0.151,,https://kupang-kini.example/fixture/metrik/2018-02-05,,2026-09-09,2026-09-09T00:00:00+07:00,2026-09-09T00:00:00+07:00,jefri,True
kupang-kini.example,Kupang,2018-02-12,20,0.161,0.232,,https://kupang-kini.example/fixture/metrik/2018-02-12,,2026-09-09,2026-09-09T00:00:00+07:00,2026-09-09T00:00:00+07:00,jefri,True
kupang-kini.example,Kupang,2018-02-19,29,0.169,0.185,,https://kupang-kini.example/fixture/metrik/2018-02-19,,2026-09-09,2026-09-09T00:00:00+07:00,2026-09-09T00:00:00+07:00,jefri,True
kupang-kini.example,Kupang,2018-02-26,32,0.111,0.26,,https://kupang-kini.example/fixture/metrik/2018-02-26,,2026-09-09,2026-09-09T00:00:00+07:00,2026-09-09T00:00:00+07:00,jefri,True
kupang-kini.example,Kupang,2018-03-05,24,0.179,0.163,,https://kupang-kini.example/fixture/metrik/2018-03-05,,2026-09-09,2026-09-09T00:00:00+07:00,2026-09-09T00:00:00+07:00,jefri,True
kupang-kini.example,Kupang,2018-03-12,14,0.133,0.229,,https://kupang-kini.example/fixture/metrik/2018-03-12,,2026-09-09,2026-09-09T00:00:00+07:00,2026-09-09T00:00:00+07:00,jefri,True
kupang-kini.example,Kupang,2018-03-19,22,0.148,0.234,,https://kupang-kini.example/fixture/metrik/2018-03-19,,2026-09-09,2026-09-09T00:00:00+07:00,2026-09-09T00:00:00+07:00,jefri,True
kupang-kini.example,Kupang,2018-03-26,20,0.14,0.265,,https://kupang-kini.example/fixture/metrik/2018-03-26,,2026-09-09,2026-09-09T00:00:00+07:00,2026-09-09T00:00:00+07:00,jefri,True
kupang-kini.example,Kupang,2018-04-02,11,0.143,0.314,,https://kupang-kini.example/fixture/metrik/2018-04-02,,2026-09-09,2026-09-09T00:00:00+07:00,2026-09-09T00:00:00+07:00,jefri,True
kupang-kini.example,Kupang,2018-04-09,32,0.159,0.232,,https://kupang-kini.example/fixture/metrik/2018-04-09,,2026-09-09,2026-09-09T00:00:00+07:00,2026-09-09T00:00:00+07:00,jefri,True
kupang-kini.example,Kupang,2018-04-16,31,0.134,0.223,,https://kupang-kini.example/fixture/metrik/2018-04-16,,2026-09-09,2026-09-09T00:00:00+07:00,2026-09-09T00:00:00+07:00,jefri,True
kupang-kini.example,Kupang,2018-04-23,16,0.107,0.122,,https://kupang-kini.example/fixture/metrik/2018-04-23,,2026-09-09,2026-09-09T00:00:00+07:00,2026-09-09T00:00:00+07:00,jefri,True
kupang-kini.example,Kupang,2018-04-30,12,0.189,0.122,,https://kupang-kini.example/fixture/metrik/2018-04-30,,2026-09-09,2026-09-09T00:00:00+07:00,2026-09-09T00:00:00+07:00,jefri,True
kupang-kini.example,Kupang,2018-05-07,24,0.137,0.185,,https://kupang-kini.example/fixture/metrik/2018-05-07,,2026-09-09,2026-09-09T00:00:00+07:00,2026-09-09T00:00:00+07:00,jefri,True
kupang-kini.example,Kupang,2018-05-14,30,0.092,0.236,,https://kupang-kini.example/fixture/metrik/2018-05-14,,2026-09-09,2026-09-09T00:00:00+07:00,2026-09-09T00:00:00+07:00,jefri,True
kupang-kini.example,Kupang,2018-05-21,35,0.144,0.18,,https://kupang-kini.example/fixture/metrik/2018-05-21,,2026-09-09,2026-09-09T00:00:00+07:00,2026-09-09T00:00:00+07:00,jefri,True
kupang-kini.example,Kupang,2018-05-28,10,0.191,0.245,,https://kupang-kini.example/fixture/metrik/2018-05-28,,2026-09-09,2026-09-09T00:00:00+07:00,2026-09-09T00:00:00+07:00,jefri,True
kupang-kini.example,Kupang,2018-06-04,18,0.097,0.197,,https://kupang-kini.example/fixture/metrik/2018-06-04,,2026-09-09,2026-09-09T00:00:00+07:00,2026-09-09T00:00:00+07:00,jefri,True
kupang-kini.example,Kupang,2018-06-11,4,0.154,0.262,,https://kupang-kini.example/fixture/metrik/2018-06-11,,2026-09-09,2026-09-09T00:00:00+07:00,2026-09-09T00:00:00+07:00,jefri,True
kupang-kini.example,Kupang,2018-06-18,10,0.142,0.313,,https://kupang-kini.example/fixture/metrik/2018-06-18,,2026-09-09,2026-09-09T00:00:00+07:00,2026-09-09T00:00:00+07:00,jefri,True
kupang-kini.example,Kupang,2018-06-25,31,0.089,0.171,,https://kupang-kini.example/fixture/metrik/2018-06-25,,2026-09-09,2026-09-09T00:00:00+07:00,2026-09-09T00:00:00+07:00,jefri,True
kupang-kini.example,Kupang,2018-07-02,31,0.075,0.203,,https://kupang-kini.example/fixture/metrik/2018-07-02,,2026-09-09,2026-09-09T00:00:00+07:00,2026-09-09T00:00:00+07:00,jefri,True
kupang-kini.example,Kupang,2018-07-09,33,0.163,0.229,,https://kupang-kini.example/fixture/metrik/2018-07-09,,2026-09-09,2026-09-09T00:00:00+07:00,2026-09-09T00:00:00+07:00,jefri,True
kupang-kini.example,Kupang,2018-07-16,17,0.169,0.196,,https://kupang-kini.example/fixture/metrik/2018-07-16,,2026-09-09,2026-09-09T00:00:00+07:00,2026-09-09T00:00:00+07:00,jefri,True
kupang-kini.example,Kupang,2018-07-23,14,0.167,0.234,,https://kupang-kini.example/fixture/metrik/2018-07-23,,2026-09-09,2026-09-09T00:00:00+07:00,2026-09-09T00:00:00+07:00,jefri,True
kupang-kini.example,Kupang,2018-07-30,26,0.262,0.17,,https://kupang-kini.example/fixture/metrik/2018-07-30,,2026-09-09,2026-09-09T00:00:00+07:00,2026-09-09T00:00:00+07:00,jefri,True
kupang-kini.example,Kupang,2018-08-06,27,0.143,0.214,,https://kupang-kini.example/fixture/metrik/2018-08-06,,2026-09-09,2026-09-09T00:00:00+07:00,2026-09-09T00:00:00+07:00,jefri,True
kupang-kini.example,Kupang,2018-08-13,16,0.16,0.182,,https://kupang-kini.example/fixture/metrik/2018-08-13,,2026-09-09,2026-09-09T00:00:00+07:00,2026-09-09T00:00:00+07:00,jefri,True
kupang-kini.example,Kupang,2018-08-20,19,0.194,0.194,,https://kupang-kini.example/fixture/metrik/2018-08-20,,2026-09-09,2026-09-09T00:00:00+07:00,2026-09-09T00:00:00+07:00,jefri,True
kupang-kini.example,Kupang,2018-08-27,29,0.13,0.166,,https://kupang-kini.example/fixture/metrik/2018-08-27,,2026-09-09,2026-09-09T00:00:00+07:00,2026-09-09T00:00:00+07:00,jefri,True
kupang-kini.example,Kupang,2018-09-03,25,0.199,0.217,,https://kupang-kini.example/fixture/metrik/2018-09-03,,2026-09-09,2026-09-09T00:00:00+07:00,2026-09-09T00:00:00+07:00,jefri,True
kupang-kini.example,Kupang,2018-09-10,12,0.144,0.248,,https://kupang-kini.example/fixture/metrik/2018-09-10,,2026-09-09,2026-09-09T00:00:00+07:00,2026-09-09T00:00:00+07:00,jefri,True
kupang-kini.example,Kupang,2018-09-17,25,0.168,0.169,,https://kupang-kini.example/fixture/metrik/2018-09-17,,2026-09-09,2026-09-09T00:00:00+07:00,2026-09-09T00:00:00+07:00,jefri,True
kupang-kini.example,Kupang,2018-09-24,34,0.158,0.165,,https://kupang-kini.example/fixture/metrik/2018-09-24,,2026-09-09,2026-09-09T00:00:00+07:00,2026-09-09T00:00:00+07:00,jefri,True
kupang-kini.example,Kupang,2018-10-01,26,0.157,0.235,,https://kupang-kini.example/fixture/metrik/2018-10-01,,2026-09-09,2026-09-09T00:00:00+07:00,2026-09-09T00:00:00+07:00,jefri,True
kupang-kini.example,Kupang,2018-10-08,28,0.127,0.198,,https://kupang-kini.example/fixture/metrik/2018-10-08,,2026-09-09,2026-09-09T00:00:00+07:00,2026-09-09T00:00:00+07:00,jefri,True
kupang-kini.example,Kupang,2018-10-15,12,0.127,0.339,,https://kupang-kini.example/fixture/metrik/2018-10-15,,2026-09-09,2026-09-09T00:00:00+07:00,2026-09-09T00:00:00+07:00,jefri,True
kupang-kini.example,Kupang,2018-10-22,22,0.098,0.253,,https://kupang-kini.example/fixture/metrik/2018-10-22,,2026-09-09,2026-09-09T00:00:00+07:00,2026-09-09T00:00:00+07:00,jefri,True
kupang-kini.example,Kupang,2018-10-29,37,0.194,0.264,,https://kupang-kini.example/fixture/metrik/2018-10-29,,2026-09-09,2026-09-09T00:00:00+07:00,2026-09-09T00:00:00+07:00,jefri,True
kupang-kini.example,Kupang,2018-11-05,27,0.109,0.287,,https://kupang-kini.example/fixture/metrik/2018-11-05,,2026-09-09,2026-09-09T00:00:00+07:00,2026-09-09T00:00:00+07:00,jefri,True
kupang-kini.example,Kupang,2018-11-12,31,0.144,0.241,,https://kupang-kini.example/fixture/metrik/2018-11-12,,2026-09-09,2026-09-09T00:00:00+07:00,2026-09-09T00:00:00+07:00,jefri,True
kupang-kini.example,Kupang,2018-11-19,17,0.153,0.243,,https://kupang-kini.example/fixture/metrik/2018-11-19,,2026-09-09,2026-09-09T00:00:00+07:00,2026-09-09T00:00:00+07:00,jefri,True
kupang-kini.example,Kupang,2018-11-26,13,0.141,0.184,,https://kupang-kini.example/fixture/metrik/2018-11-26,,2026-09-09,2026-09-09T00:00:00+07:00,2026-09-09T00:00:00+07:00,jefri,True
kupang-kini.example,Kupang,2018-12-03,17,0.156,0.147,,https://kupang-kini.example/fixture/metrik/2018-12-03,,2026-09-09,2026-09-09T00:00:00+07:00,2026-09-09T00:00:00+07:00,jefri,True
kupang-kini.example,Kupang,2018-12-10,20,0.162,0.145,,https://kupang-kini.example/fixture/metrik/2018-12-10,,2026-09-09,2026-09-09T00:00:00+07:00,2026-09-09T00:00:00+07:00,jefri,True
kupang-kini.example,Kupang,2018-12-17,20,0.126,0.27,,https://kupang-kini.example/fixture/metrik/2018-12-17,,2026-09-09,2026-09-09T00:00:00+07:00,2026-09-09T00:00:00+07:00,jefri,True
kupang-kini.example,Kupang,2018-12-24,21,0.183,0.191,,https://kupang-kini.example/fixture/metrik/2018-12-24,,2026-09-09,2026-09-09T00:00:00+07:00,2026-09-09T00:00:00+07:00,jefri,True
kupang-kini.example,Kupang,2018-12-31,12,0.149,0.214,,https://kupang-kini.example/fixture/metrik/2018-12-31,,2026-09-09,2026-09-09T00:00:00+07:00,2026-09-09T00:00:00+07:00,jefri,True
kupang-kini.example,Kupang,2019-01-07,26,0.178,0.171,,https://kupang-kini.example/fixture/metrik/2019-01-07,,2026-09-09,2026-09-09T00:00:00+07:00,2026-09-09T00:00:00+07:00,jefri,True
kupang-kini.example,Kupang,2019-01-14,36,0.165,0.264,,https://kupang-kini.example/fixture/metrik/2019-01-14,,2026-09-09,2026-09-09T00:00:00+07:00,2026-09-09T00:00:00+07:00,jefri,True
kupang-kini.example,Kupang,2019-01-21,5,0.185,0.216,,https://kupang-kini.example/fixture/metrik/2019-01-21,,2026-09-09,2026-09-09T00:00:00+07:00,2026-09-09T00:00:00+07:00,jefri,True
kupang-kini.example,Kupang,2019-01-28,31,0.138,0.118,,https://kupang-kini.example/fixture/metrik/2019-01-28,,2026-09-09,2026-09-09T00:00:00+07:00,2026-09-09T00:00:00+07:00,jefri,True
kupang-kini.example,Kupang,2019-02-04,12,0.098,0.18,,https://kupang-kini.example/fixture/metrik/2019-02-04,,2026-09-09,2026-09-09T00:00:00+07:00,2026-09-09T00:00:00+07:00,jefri,True
kupang-kini.example,Kupang,2019-02-11,20,0.174,0.195,,https://kupang-kini.example/fixture/metrik/2019-02-11,,2026-09-09,2026-09-09T00:00:00+07:00,2026-09-09T00:00:00+07:00,jefri,True
kupang-kini.example,Kupang,2019-02-18,17,0.132,0.199,,https://kupang-kini.example/fixture/metrik/2019-02-18,,2026-09-09,2026-09-09T00:00:00+07:00,2026-09-09T00:00:00+07:00,jefri,True
kupang-kini.example,Kupang,2019-02-25,27,0.102,0.296,,https://kupang-kini.example/fixture/metrik/2019-02-25,,2026-09-09,2026-09-09T00:00:00+07:00,2026-09-09T00:00:00+07:00,jefri,True
kupang-kini.example,Kupang,2019-03-04,22,0.145,0.224,,https://kupang-kini.example/fixture/metrik/2019-03-04,,2026-09-09,2026-09-09T00:00:00+07:00,2026-09-09T00:00:00+07:00,jefri,True
kupang-kini.example,Kupang,2019-03-11,31,0.121,0.143,,https://kupang-kini.example/fixture/metrik/2019-03-11,,2026-09-09,2026-09-09T00:00:00+07:00,2026-09-09T00:00:00+07:00,jefri,True
kupang-kini.example,Kupang,2019-03-18,28,0.118,0.21,,https://kupang-kini.example/fixture/metrik/2019-03-18,,2026-09-09,2026-09-09T00:00:00+07:00,2026-09-09T00:00:00+07:00,jefri,True
kupang-kini.example,Kupang,2019-03-25,10,0.134,0.261,,https://kupang-kini.example/fixture/metrik/2019-03-25,,2026-09-09,2026-09-09T00:00:00+07:00,2026-09-09T00:00:00+07:00,jefri,True
kupang-kini.example,Kupang,2019-04-01,21,0.142,0.174,,https://kupang-kini.example/fixture/metrik/2019-04-01,,2026-09-09,2026-09-09T00:00:00+07:00,2026-09-09T00:00:00+07:00,jefri,True
kupang-kini.example,Kupang,2019-04-08,21,0.11,0.171,,https://kupang-kini.example/fixture/metrik/2019-04-08,,2026-09-09,2026-09-09T00:00:00+07:00,2026-09-09T00:00:00+07:00,jefri,True
kupang-kini.example,Kupang,2019-04-15,21,0.175,0.212,,https://kupang-kini.example/fixture/metrik/2019-04-15,,2026-09-09,2026-09-09T00:00:00+07:00,2026-09-09T00:00:00+07:00,jefri,True
kupang-kini.example,Kupang,2019-04-22,8,0.142,0.217,,https://kupang-kini.example/fixture/metrik/2019-04-22,,2026-09-09,2026-09-09T00:00:00+07:00,2026-09-09T00:00:00+07:00,jefri,True
kupang-kini.example,Kupang,2019-04-29,15,0.102,0.187,,https://kupang-kini.example/fixture/metrik/2019-04-29,,2026-09-09,2026-09-09T00:00:00+07:00,2026-09-09T00:00:00+07:00,jefri,True
kupang-kini.example,Kupang,2019-05-06,21,0.109,0.167,,https://kupang-kini.example/fixture/metrik/2019-05-06,,2026-09-09,2026-09-09T00:00:00+07:00,2026-09-09T00:00:00+07:00,jefri,True
kupang-kini.example,Kupang,2019-05-13,30,0.124,0.182,,https://kupang-kini.example/fixture/metrik/2019-05-13,,2026-09-09,2026-09-09T00:00:00+07:00,2026-09-09T00:00:00+07:00,jefri,True
kupang-kini.example,Kupang,2019-05-20,32,0.192,0.244,,https://kupang-kini.example/fixture/metrik/2019-05-20,,2026-09-09,2026-09-09T00:00:00+07:00,2026-09-09T00:00:00+07:00,jefri,True
kupang-kini.example,Kupang,2019-05-27,21,0.198,0.256,,https://kupang-kini.example/fixture/metrik/2019-05-27,,2026-09-09,2026-09-09T00:00:00+07:00,2026-09-09T00:00:00+07:00,jefri,True
kupang-kini.example,Kupang,2019-06-03,24,0.126,0.216,,https://kupang-kini.example/fixture/metrik/2019-06-03,,2026-09-09,2026-09-09T00:00:00+07:00,2026-09-09T00:00:00+07:00,jefri,True
kupang-kini.example,Kupang,2019-06-10,11,0.214,0.139,,https://kupang-kini.example/fixture/metrik/2019-06-10,,2026-09-09,2026-09-09T00:00:00+07:00,2026-09-09T00:00:00+07:00,jefri,True
kupang-kini.example,Kupang,2019-06-17,22,0.114,0.234,,https://kupang-kini.example/fixture/metrik/2019-06-17,,2026-09-09,2026-09-09T00:00:00+07:00,2026-09-09T00:00:00+07:00,jefri,True
kupang-kini.example,Kupang,2019-06-24,8,0.132,0.235,,https://kupang-kini.example/fixture/metrik/2019-06-24,,2026-09-09,2026-09-09T00:00:00+07:00,2026-09-09T00:00:00+07:00,jefri,True
kupang-kini.example,Kupang,2019-07-01,20,0.17,0.204,,https://kupang-kini.example/fixture/metrik/2019-07-01,,2026-09-09,2026-09-09T00:00:00+07:00,2026-09-09T00:00:00+07:00,jefri,True
kupang-kini.example,Kupang,2019-07-08,29,0.166,0.262,,https://kupang-kini.example/fixture/metrik/2019-07-08,,2026-09-09,2026-09-09T00:00:00+07:00,2026-09-09T00:00:00+07:00,jefri,True
kupang-kini.example,Kupang,2019-07-15,22,0.212,0.256,,https://kupang-kini.example/fixture/metrik/2019-07-15,,2026-09-09,2026-09-09T00:00:00+07:00,2026-09-09T00:00:00+07:00,jefri,True
kupang-kini.example,Kupang,2019-07-22,26,0.146,0.203,,https://kupang-kini.example/fixture/metrik/2019-07-22,,2026-09-09,2026-09-09T00:00:00+07:00,2026-09-09T00:00:00+07:00,jefri,True
kupang-kini.example,Kupang,2019-07-29,10,0.182,0.232,,https://kupang-kini.example/fixture/metrik/2019-07-29,,2026-09-09,2026-09-09T00:00:00+07:00,2026-09-09T00:00:00+07:00,jefri,True
kupang-kini.example,Kupang,2019-08-05,33,0.109,0.204,,https://kupang-kini.example/fixture/metrik/2019-08-05,,2026-09-09,2026-09-09T00:00:00+07:00,2026-09-09T00:00:00+07:00,jefri,True
kupang-kini.example,Kupang,2019-08-12,18,0.116,0.226,,https://kupang-kini.example/fixture/metrik/2019-08-12,,2026-09-09,2026-09-09T00:00:00+07:00,2026-09-09T00:00:00+07:00,jefri,True
kupang-kini.example,Kupang,2019-08-19,21,0.169,0.23,,https://kupang-kini.example/fixture/metrik/2019-08-19,,2026-09-09,2026-09-09T00:00:00+07:00,2026-09-09T00:00:00+07:00,jefri,True
kupang-kini.example,Kupang,2019-08-26,22,0.197,0.233,,https://kupang-kini.example/fixture/metrik/2019-08-26,,2026-09-09,2026-09-09T00:00:00+07:00,2026-09-09T00:00:00+07:00,jefri,True
kupang-kini.example,Kupang,2019-09-02,30,0.138,0.233,,https://kupang-kini.example/fixture/metrik/2019-09-02,,2026-09-09,2026-09-09T00:00:00+07:00,2026-09-09T00:00:00+07:00,jefri,True
kupang-kini.example,Kupang,2019-09-09,25,0.155,0.26,,https://kupang-kini.example/fixture/metrik/2019-09-09,,2026-09-09,2026-09-09T00:00:00+07:00,2026-09-09T00:00:00+07:00,jefri,True
kupang-kini.example,Kupang,2019-09-16,25,0.129,0.13,,https://kupang-kini.example/fixture/metrik/2019-09-16,,2026-09-09,2026-09-09T00:00:00+07:00,2026-09-09T00:00:00+07:00,jefri,True
kupang-kini.example,Kupang,2019-09-23,19,0.14,0.206,,https://kupang-kini.example/fixture/metrik/2019-09-23,,2026-09-09,2026-09-09T00:00:00+07:00,2026-09-09T00:00:00+07:00,jefri,True
kupang-kini.example,Kupang,2019-09-30,25,0.177,0.291,,https://kupang-kini.example/fixture/metrik/2019-09-30,,2026-09-09,2026-09-09T00:00:00+07:00,2026-09-09T00:00:00+07:00,jefri,True
kupang-kini.example,Kupang,2019-10-07,33,0.143,0.165,,https://kupang-kini.example/fixture/metrik/2019-10-07,,2026-09-09,2026-09-09T00:00:00+07:00,2026-09-09T00:00:00+07:00,jefri,True
kupang-kini.example,Kupang,2019-10-14,24,0.122,0.165,,https://kupang-kini.example/fixture/metrik/2019-10-14,,2026-09-09,2026-09-09T00:00:00+07:00,2026-09-09T00:00:00+07:00,jefri,True
kupang-kini.example,Kupang,2019-10-21,28,0.153,0.202,,https://kupang-kini.example/fixture/metrik/2019-10-21,,2026-09-09,2026-09-09T00:00:00+07:00,2026-09-09T00:00:00+07:00,jefri,True
kupang-kini.example,Kupang,2019-10-28,40,0.156,0.158,,https://kupang-kini.example/fixture/metrik/2019-10-28,,2026-09-09,2026-09-09T00:00:00+07:00,2026-09-09T00:00:00+07:00,jefri,True
kupang-kini.example,Kupang,2019-11-04,22,0.176,0.215,,https://kupang-kini.example/fixture/metrik/2019-11-04,,2026-09-09,2026-09-09T00:00:00+07:00,2026-09-09T00:00:00+07:00,jefri,True
kupang-kini.example,Kupang,2019-11-11,17,0.089,0.075,,https://kupang-kini.example/fixture/metrik/2019-11-11,,2026-09-09,2026-09-09T00:00:00+07:00,2026-09-09T00:00:00+07:00,jefri,True
kupang-kini.example,Kupang,2019-11-18,35,0.154,0.137,,https://kupang-kini.example/fixture/metrik/2019-11-18,,2026-09-09,2026-09-09T00:00:00+07:00,2026-09-09T00:00:00+07:00,jefri,True
kupang-kini.example,Kupang,2019-11-25,15,0.166,0.286,,https://kupang-kini.example/fixture/metrik/2019-11-25,,2026-09-09,2026-09-09T00:00:00+07:00,2026-09-09T00:00:00+07:00,jefri,True
kupang-kini.example,Kupang,2019-12-02,26,0.12,0.228,,https://kupang-kini.example/fixture/metrik/2019-12-02,,2026-09-09,2026-09-09T00:00:00+07:00,2026-09-09T00:00:00+07:00,jefri,True
kupang-kini.example,Kupang,2019-12-09,5,0.172,0.196,,https://kupang-kini.example/fixture/metrik/2019-12-09,,2026-09-09,2026-09-09T00:00:00+07:00,2026-09-09T00:00:00+07:00,jefri,True
kupang-kini.example,Kupang,2019-12-16,17,0.126,0.252,,https://kupang-kini.example/fixture/metrik/2019-12-16,,2026-09-09,2026-09-09T00:00:00+07:00,2026-09-09T00:00:00+07:00,jefri,True
kupang-kini.example,Kupang,2019-12-23,10,0.097,0.255,,https://kupang-kini.example/fixture/metrik/2019-12-23,,2026-09-09,2026-09-09T00:00:00+07:00,2026-09-09T00:00:00+07:00,jefri,True
kupang-kini.example,Kupang,2019-12-30,24,0.132,0.213,,https://kupang-kini.example/fixture/metrik/2019-12-30,,2026-09-09,2026-09-09T00:00:00+07:00,2026-09-09T00:00:00+07:00,jefri,True
kupang-kini.example,Kupang,2020-01-06,27,0.179,0.213,,https://kupang-kini.example/fixture/metrik/2020-01-06,,2026-09-09,2026-09-09T00:00:00+07:00,2026-09-09T00:00:00+07:00,jefri,True
kupang-kini.example,Kupang,2020-01-13,24,0.172,0.199,,https://kupang-kini.example/fixture/metrik/2020-01-13,,2026-09-09,2026-09-09T00:00:00+07:00,2026-09-09T00:00:00+07:00,jefri,True
kupang-kini.example,Kupang,2020-01-20,17,0.161,0.254,,https://kupang-kini.example/fixture/metrik/2020-01-20,,2026-09-09,2026-09-09T00:00:00+07:00,2026-09-09T00:00:00+07:00,jefri,True
kupang-kini.example,Kupang,2020-01-27,24,0.148,0.311,,https://kupang-kini.example/fixture/metrik/2020-01-27,,2026-09-09,2026-09-09T00:00:00+07:00,2026-09-09T00:00:00+07:00,jefri,True
kupang-kini.example,Kupang,2020-02-03,23,0.146,0.257,,https://kupang-kini.example/fixture/metrik/2020-02-03,,2026-09-09,2026-09-09T00:00:00+07:00,2026-09-09T00:00:00+07:00,jefri,True
kupang-kini.example,Kupang,2020-02-10,24,0.162,0.202,,https://kupang-kini.example/fixture/metrik/2020-02-10,,2026-09-09,2026-09-09T00:00:00+07:00,2026-09-09T00:00:00+07:00,jefri,True
kupang-kini.example,Kupang,2020-02-17,28,0.131,0.146,,https://kupang-kini.example/fixture/metrik/2020-02-17,,2026-09-09,2026-09-09T00:00:00+07:00,2026-09-09T00:00:00+07:00,jefri,True
kupang-kini.example,Kupang,2020-02-24,15,0.136,0.231,,https://kupang-kini.example/fixture/metrik/2020-02-24,,2026-09-09,2026-09-09T00:00:00+07:00,2026-09-09T00:00:00+07:00,jefri,True
kupang-kini.example,Kupang,2020-03-02,20,0.137,0.128,,https://kupang-kini.example/fixture/metrik/2020-03-02,,2026-09-09,2026-09-09T00:00:00+07:00,2026-09-09T00:00:00+07:00,jefri,True
kupang-kini.example,Kupang,2020-03-09,15,0.179,0.234,,https://kupang-kini.example/fixture/metrik/2020-03-09,,2026-09-09,2026-09-09T00:00:00+07:00,2026-09-09T00:00:00+07:00,jefri,True
kupang-kini.example,Kupang,2020-03-16,24,0.204,0.225,,https://kupang-kini.example/fixture/metrik/2020-03-16,,2026-09-09,2026-09-09T00:00:00+07:00,2026-09-09T00:00:00+07:00,jefri,True
kupang-kini.example,Kupang,2020-03-23,7,0.131,0.127,,https://kupang-kini.example/fixture/metrik/2020-03-23,,2026-09-09,2026-09-09T00:00:00+07:00,2026-09-09T00:00:00+07:00,jefri,True
kupang-kini.example,Kupang,2020-03-30,14,0.19,0.186,,https://kupang-kini.example/fixture/metrik/2020-03-30,,2026-09-09,2026-09-09T00:00:00+07:00,2026-09-09T00:00:00+07:00,jefri,True
kupang-kini.example,Kupang,2020-04-06,36,0.177,0.194,,https://kupang-kini.example/fixture/metrik/2020-04-06,,2026-09-09,2026-09-09T00:00:00+07:00,2026-09-09T00:00:00+07:00,jefri,True
kupang-kini.example,Kupang,2020-04-13,29,0.124,0.215,,https://kupang-kini.example/fixture/metrik/2020-04-13,,2026-09-09,2026-09-09T00:00:00+07:00,2026-09-09T00:00:00+07:00,jefri,True
kupang-kini.example,Kupang,2020-04-20,17,0.088,0.176,,https://kupang-kini.example/fixture/metrik/2020-04-20,,2026-09-09,2026-09-09T00:00:00+07:00,2026-09-09T00:00:00+07:00,jefri,True
kupang-kini.example,Kupang,2020-04-27,32,0.132,0.185,,https://kupang-kini.example/fixture/metrik/2020-04-27,,2026-09-09,2026-09-09T00:00:00+07:00,2026-09-09T00:00:00+07:00,jefri,True
kupang-kini.example,Kupang,2020-05-04,20,0.108,0.251,,https://kupang-kini.example/fixture/metrik/2020-05-04,,2026-09-09,2026-09-09T00:00:00+07:00,2026-09-09T00:00:00+07:00,jefri,True
kupang-kini.example,Kupang,2020-05-11,22,0.075,0.249,,https://kupang-kini.example/fixture/metrik/2020-05-11,,2026-09-09,2026-09-09T00:00:00+07:00,2026-09-09T00:00:00+07:00,jefri,True
kupang-kini.example,Kupang,2020-05-18,15,0.135,0.168,,https://kupang-kini.example/fixture/metrik/2020-05-18,,2026-09-09,2026-09-09T00:00:00+07:00,2026-09-09T00:00:00+07:00,jefri,True
kupang-kini.example,Kupang,2020-05-25,28,0.244,0.242,,https://kupang-kini.example/fixture/metrik/2020-05-25,,2026-09-09,2026-09-09T00:00:00+07:00,2026-09-09T00:00:00+07:00,jefri,True
kupang-kini.example,Kupang,2020-06-01,22,0.161,0.221,,https://kupang-kini.example/fixture/metrik/2020-06-01,,2026-09-09,2026-09-09T00:00:00+07:00,2026-09-09T00:00:00+07:00,jefri,True
kupang-kini.example,Kupang,2020-06-08,24,0.173,0.128,,https://kupang-kini.example/fixture/metrik/2020-06-08,,2026-09-09,2026-09-09T00:00:00+07:00,2026-09-09T00:00:00+07:00,jefri,True
kupang-kini.example,Kupang,2020-06-15,25,0.106,0.306,,https://kupang-kini.example/fixture/metrik/2020-06-15,,2026-09-09,2026-09-09T00:00:00+07:00,2026-09-09T00:00:00+07:00,jefri,True
kupang-kini.example,Kupang,2020-06-22,25,0.144,0.257,,https://kupang-kini.example/fixture/metrik/2020-06-22,,2026-09-09,2026-09-09T00:00:00+07:00,2026-09-09T00:00:00+07:00,jefri,True
kupang-kini.example,Kupang,2020-06-29,28,0.168,0.318,,https://kupang-kini.example/fixture/metrik/2020-06-29,,2026-09-09,2026-09-09T00:00:00+07:00,2026-09-09T00:00:00+07:00,jefri,True
kupang-kini.example,Kupang,2020-07-06,20,0.13,0.324,,https://kupang-kini.example/fixture/metrik/2020-07-06,,2026-09-09,2026-09-09T00:00:00+07:00,2026-09-09T00:00:00+07:00,jefri,True
kupang-kini.example,Kupang,2020-07-13,33,0.17,0.129,,https://kupang-kini.example/fixture/metrik/2020-07-13,,2026-09-09,2026-09-09T00:00:00+07:00,2026-09-09T00:00:00+07:00,jefri,True
kupang-kini.example,Kupang,2020-07-20,30,0.179,0.244,,https://kupang-kini.example/fixture/metrik/2020-07-20,,2026-09-09,2026-09-09T00:00:00+07:00,2026-09-09T00:00:00+07:00,jefri,True
kupang-kini.example,Kupang,2020-07-27,23,0.084,0.074,,https://kupang-kini.example/fixture/metrik/2020-07-27,,2026-09-09,2026-09-09T00:00:00+07:00,2026-09-09T00:00:00+07:00,jefri,True
kupang-kini.example,Kupang,2020-08-03,31,0.115,0.273,,https://kupang-kini.example/fixture/metrik/2020-08-03,,2026-09-09,2026-09-09T00:00:00+07:00,2026-09-09T00:00:00+07:00,jefri,True
kupang-kini.example,Kupang,2020-08-10,14,0.123,0.194,,https://kupang-kini.example/fixture/metrik/2020-08-10,,2026-09-09,2026-09-09T00:00:00+07:00,2026-09-09T00:00:00+07:00,jefri,True
kupang-kini.example,Kupang,2020-08-17,14,0.085,0.202,,https://kupang-kini.example/fixture/metrik/2020-08-17,,2026-09-09,2026-09-09T00:00:00+07:00,2026-09-09T00:00:00+07:00,jefri,True
kupang-kini.example,Kupang,2020-08-24,34,0.234,0.262,,https://kupang-kini.example/fixture/metrik/2020-08-24,,2026-09-09,2026-09-09T00:00:00+07:00,2026-09-09T00:00:00+07:00,jefri,True
kupang-kini.example,Kupang,2020-08-31,14,0.197,0.234,,https://kupang-kini.example/fixture/metrik/2020-08-31,,2026-09-09,2026-09-09T00:00:00+07:00,2026-09-09T00:00:00+07:00,jefri,True
kupang-kini.example,Kupang,2020-09-07,30,0.158,0.22,,https://kupang-kini.example/fixture/metrik/2020-09-07,,2026-09-09,2026-09-09T00:00:00+07:00,2026-09-09T00:00:00+07:00,jefri,True
kupang-kini.example,Kupang,2020-09-14,21,0.09,0.336,,https://kupang-kini.example/fixture/metrik/2020-09-14,,2026-09-09,2026-09-09T00:00:00+07:00,2026-09-09T00:00:00+07:00,jefri,True
kupang-kini.example,Kupang,2020-09-21,20,0.137,0.227,,https://kupang-kini.example/fixture/metrik/2020-09-21,,2026-09-09,2026-09-09T00:00:00+07:00,2026-09-09T00:00:00+07:00,jefri,True
kupang-kini.example,Kupang,2020-09-28,10,0.09,0.183,,https://kupang-kini.example/fixture/metrik/2020-09-28,,2026-09-09,2026-09-09T00:00:00+07:00,2026-09-09T00:00:00+07:00,jefri,True
kupang-kini.example,Kupang,2020-10-05,26,0.14,0.143,,https://kupang-kini.example/fixture/metrik/2020-10-05,,2026-09-09,2026-09-09T00:00:00+07:00,2026-09-09T00:00:00+07:00,jefri,True
kupang-kini.example,Kupang,2020-10-12,38,0.125,0.153,,https://kupang-kini.example/fixture/metrik/2020-10-12,,2026-09-09,2026-09-09T00:00:00+07:00,2026-09-09T00:00:00+07:00,jefri,True
kupang-kini.example,Kupang,2020-10-19,20,0.19,0.21,,https://kupang-kini.example/fixture/metrik/2020-10-19,,2026-09-09,2026-09-09T00:00:00+07:00,2026-09-09T00:00:00+07:00,jefri,True
kupang-kini.example,Kupang,2020-10-26,16,0.147,0.236,,https://kupang-kini.example/fixture/metrik/2020-10-26,,2026-09-09,2026-09-09T00:00:00+07:00,2026-09-09T00:00:00+07:00,jefri,True
kupang-kini.example,Kupang,2020-11-02,22,0.14,0.162,,https://kupang-kini.example/fixture/metrik/2020-11-02,,2026-09-09,2026-09-09T00:00:00+07:00,2026-09-09T00:00:00+07:00,jefri,True
kupang-kini.example,Kupang,2020-11-09,7,0.146,0.196,,https://kupang-kini.example/fixture/metrik/2020-11-09,,2026-09-09,2026-09-09T00:00:00+07:00,2026-09-09T00:00:00+07:00,jefri,True
kupang-kini.example,Kupang,2020-11-16,31,0.149,0.154,,https://kupang-kini.example/fixture/metrik/2020-11-16,,2026-09-09,2026-09-09T00:00:00+07:00,2026-09-09T00:00:00+07:00,jefri,True
kupang-kini.example,Kupang,2020-11-23,30,0.073,0.236,,https://kupang-kini.example/fixture/metrik/2020-11-23,,2026-09-09,2026-09-09T00:00:00+07:00,2026-09-09T00:00:00+07:00,jefri,True
kupang-kini.example,Kupang,2020-11-30,19,0.199,0.145,,https://kupang-kini.example/fixture/metrik/2020-11-30,,2026-09-09,2026-09-09T00:00:00+07:00,2026-09-09T00:00:00+07:00,jefri,True
kupang-kini.example,Kupang,2020-12-07,24,0.117,0.276,,https://kupang-kini.example/fixture/metrik/2020-12-07,,2026-09-09,2026-09-09T00:00:00+07:00,2026-09-09T00:00:00+07:00,jefri,True
kupang-kini.example,Kupang,2020-12-14,16,0.168,0.225,,https://kupang-kini.example/fixture/metrik/2020-12-14,,2026-09-09,2026-09-09T00:00:00+07:00,2026-09-09T00:00:00+07:00,jefri,True
kupang-kini.example,Kupang,2020-12-21,29,0.132,0.189,,https://kupang-kini.example/fixture/metrik/2020-12-21,,2026-09-09,2026-09-09T00:00:00+07:00,2026-09-09T00:00:00+07:00,jefri,True
kupang-kini.example,Kupang,2020-12-28,26,0.151,0.202,,https://kupang-kini.example/fixture/metrik/2020-12-28,,2026-09-09,2026-09-09T00:00:00+07:00,2026-09-09T00:00:00+07:00,jefri,True
kupang-kini.example,Kupang,2021-01-04,20,0.141,0.184,,https://kupang-kini.example/fixture/metrik/2021-01-04,,2026-09-09,2026-09-09T00:00:00+07:00,2026-09-09T00:00:00+07:00,jefri,True
kupang-kini.example,Kupang,2021-01-11,19,0.135,0.225,,https://kupang-kini.example/fixture/metrik/2021-01-11,,2026-09-09,2026-09-09T00:00:00+07:00,2026-09-09T00:00:00+07:00,jefri,True
kupang-kini.example,Kupang,2021-01-18,23,0.187,0.264,,https://kupang-kini.example/fixture/metrik/2021-01-18,,2026-09-09,2026-09-09T00:00:00+07:00,2026-09-09T00:00:00+07:00,jefri,True
kupang-kini.example,Kupang,2021-01-25,30,0.138,0.185,,https://kupang-kini.example/fixture/metrik/2021-01-25,,2026-09-09,2026-09-09T00:00:00+07:00,2026-09-09T00:00:00+07:00,jefri,True
kupang-kini.example,Kupang,2021-02-01,25,0.121,0.189,,https://kupang-kini.example/fixture/metrik/2021-02-01,,2026-09-09,2026-09-09T00:00:00+07:00,2026-09-09T00:00:00+07:00,jefri,True
kupang-kini.example,Kupang,2021-02-08,19,0.107,0.238,,https://kupang-kini.example/fixture/metrik/2021-02-08,,2026-09-09,2026-09-09T00:00:00+07:00,2026-09-09T00:00:00+07:00,jefri,True
kupang-kini.example,Kupang,2021-02-15,14,0.122,0.251,,https://kupang-kini.example/fixture/metrik/2021-02-15,,2026-09-09,2026-09-09T00:00:00+07:00,2026-09-09T00:00:00+07:00,jefri,True
kupang-kini.example,Kupang,2021-02-22,23,0.106,0.199,,https://kupang-kini.example/fixture/metrik/2021-02-22,,2026-09-09,2026-09-09T00:00:00+07:00,2026-09-09T00:00:00+07:00,jefri,True
kupang-kini.example,Kupang,2021-03-01,24,0.169,0.263,,https://kupang-kini.example/fixture/metrik/2021-03-01,,2026-09-09,2026-09-09T00:00:00+07:00,2026-09-09T00:00:00+07:00,jefri,True
kupang-kini.example,Kupang,2021-03-08,32,0.141,0.262,,https://kupang-kini.example/fixture/metrik/2021-03-08,,2026-09-09,2026-09-09T00:00:00+07:00,2026-09-09T00:00:00+07:00,jefri,True
kupang-kini.example,Kupang,2021-03-15,19,0.122,0.252,,https://kupang-kini.example/fixture/metrik/2021-03-15,,2026-09-09,2026-09-09T00:00:00+07:00,2026-09-09T00:00:00+07:00,jefri,True
kupang-kini.example,Kupang,2021-03-22,17,0.12,0.167,,https://kupang-kini.example/fixture/metrik/2021-03-22,,2026-09-09,2026-09-09T00:00:00+07:00,2026-09-09T00:00:00+07:00,jefri,True
kupang-kini.example,Kupang,2021-03-29,13,0.123,0.292,,https://kupang-kini.example/fixture/metrik/2021-03-29,,2026-09-09,2026-09-09T00:00:00+07:00,2026-09-09T00:00:00+07:00,jefri,True
kupang-kini.example,Kupang,2021-04-05,29,0.215,0.192,,https://kupang-kini.example/fixture/metrik/2021-04-05,,2026-09-09,2026-09-09T00:00:00+07:00,2026-09-09T00:00:00+07:00,jefri,True
kupang-kini.example,Kupang,2021-04-12,29,0.114,0.17,,https://kupang-kini.example/fixture/metrik/2021-04-12,,2026-09-09,2026-09-09T00:00:00+07:00,2026-09-09T00:00:00+07:00,jefri,True
kupang-kini.example,Kupang,2021-04-19,22,0.193,0.183,,https://kupang-kini.example/fixture/metrik/2021-04-19,,2026-09-09,2026-09-09T00:00:00+07:00,2026-09-09T00:00:00+07:00,jefri,True
kupang-kini.example,Kupang,2021-04-26,20,0.182,0.21,,https://kupang-kini.example/fixture/metrik/2021-04-26,,2026-09-09,2026-09-09T00:00:00+07:00,2026-09-09T00:00:00+07:00,jefri,True
kupang-kini.example,Kupang,2021-05-03,34,0.16,0.29,,https://kupang-kini.example/fixture/metrik/2021-05-03,,2026-09-09,2026-09-09T00:00:00+07:00,2026-09-09T00:00:00+07:00,jefri,True
kupang-kini.example,Kupang,2021-05-10,20,0.134,0.117,,https://kupang-kini.example/fixture/metrik/2021-05-10,,2026-09-09,2026-09-09T00:00:00+07:00,2026-09-09T00:00:00+07:00,jefri,True
kupang-kini.example,Kupang,2021-05-17,14,0.126,0.168,,https://kupang-kini.example/fixture/metrik/2021-05-17,,2026-09-09,2026-09-09T00:00:00+07:00,2026-09-09T00:00:00+07:00,jefri,True
kupang-kini.example,Kupang,2021-05-24,18,0.115,0.142,,https://kupang-kini.example/fixture/metrik/2021-05-24,,2026-09-09,2026-09-09T00:00:00+07:00,2026-09-09T00:00:00+07:00,jefri,True
kupang-kini.example,Kupang,2021-05-31,25,0.1,0.206,,https://kupang-kini.example/fixture/metrik/2021-05-31,,2026-09-09,2026-09-09T00:00:00+07:00,2026-09-09T00:00:00+07:00,jefri,True
kupang-kini.example,Kupang,2021-06-07,23,0.169,0.266,,https://kupang-kini.example/fixture/metrik/2021-06-07,,2026-09-09,2026-09-09T00:00:00+07:00,2026-09-09T00:00:00+07:00,jefri,True
kupang-kini.example,Kupang,2021-06-14,14,0.176,0.254,,https://kupang-kini.example/fixture/metrik/2021-06-14,,2026-09-09,2026-09-09T00:00:00+07:00,2026-09-09T00:00:00+07:00,jefri,True
kupang-kini.example,Kupang,2021-06-21,14,0.158,0.224,,https://kupang-kini.example/fixture/metrik/2021-06-21,,2026-09-09,2026-09-09T00:00:00+07:00,2026-09-09T00:00:00+07:00,jefri,True
kupang-kini.example,Kupang,2021-06-28,9,0.088,0.197,,https://kupang-kini.example/fixture/metrik/2021-06-28,,2026-09-09,2026-09-09T00:00:00+07:00,2026-09-09T00:00:00+07:00,jefri,True
kupang-kini.example,Kupang,2021-07-05,18,0.152,0.156,,https://kupang-kini.example/fixture/metrik/2021-07-05,,2026-09-09,2026-09-09T00:00:00+07:00,2026-09-09T00:00:00+07:00,jefri,True
kupang-kini.example,Kupang,2021-07-12,32,0.084,0.143,,https://kupang-kini.example/fixture/metrik/2021-07-12,,2026-09-09,2026-09-09T00:00:00+07:00,2026-09-09T00:00:00+07:00,jefri,True
kupang-kini.example,Kupang,2021-07-19,28,0.155,0.315,,https://kupang-kini.example/fixture/metrik/2021-07-19,,2026-09-09,2026-09-09T00:00:00+07:00,2026-09-09T00:00:00+07:00,jefri,True
kupang-kini.example,Kupang,2021-07-26,19,0.177,0.194,,https://kupang-kini.example/fixture/metrik/2021-07-26,,2026-09-09,2026-09-09T00:00:00+07:00,2026-09-09T00:00:00+07:00,jefri,True
kupang-kini.example,Kupang,2021-08-02,20,0.165,0.152,,https://kupang-kini.example/fixture/metrik/2021-08-02,,2026-09-09,2026-09-09T00:00:00+07:00,2026-09-09T00:00:00+07:00,jefri,True
kupang-kini.example,Kupang,2021-08-09,18,0.149,0.25,,https://kupang-kini.example/fixture/metrik/2021-08-09,,2026-09-09,2026-09-09T00:00:00+07:00,2026-09-09T00:00:00+07:00,jefri,True
kupang-kini.example,Kupang,2021-08-16,32,0.249,0.179,,https://kupang-kini.example/fixture/metrik/2021-08-16,,2026-09-09,2026-09-09T00:00:00+07:00,2026-09-09T00:00:00+07:00,jefri,True
kupang-kini.example,Kupang,2021-08-23,26,0.134,0.25,,https://kupang-kini.example/fixture/metrik/2021-08-23,,2026-09-09,2026-09-09T00:00:00+07:00,2026-09-09T00:00:00+07:00,jefri,True
kupang-kini.example,Kupang,2021-08-30,12,0.147,0.243,,https://kupang-kini.example/fixture/metrik/2021-08-30,,2026-09-09,2026-09-09T00:00:00+07:00,2026-09-09T00:00:00+07:00,jefri,True
kupang-kini.example,Kupang,2021-09-06,21,0.112,0.181,,https://kupang-kini.example/fixture/metrik/2021-09-06,,2026-09-09,2026-09-09T00:00:00+07:00,2026-09-09T00:00:00+07:00,jefri,True
kupang-kini.example,Kupang,2021-09-13,26,0.138,0.114,,https://kupang-kini.example/fixture/metrik/2021-09-13,,2026-09-09,2026-09-09T00:00:00+07:00,2026-09-09T00:00:00+07:00,jefri,True
kupang-kini.example,Kupang,2021-09-20,19,0.106,0.124,,https://kupang-kini.example/fixture/metrik/2021-09-20,,2026-09-09,2026-09-09T00:00:00+07:00,2026-09-09T00:00:00+07:00,jefri,True
kupang-kini.example,Kupang,2021-09-27,22,0.158,0.162,,https://kupang-kini.example/fixture/metrik/2021-09-27,,2026-09-09,2026-09-09T00:00:00+07:00,2026-09-09T00:00:00+07:00,jefri,True
kupang-kini.example,Kupang,2021-10-04,26,0.186,0.139,,https://kupang-kini.example/fixture/metrik/2021-10-04,,2026-09-09,2026-09-09T00:00:00+07:00,2026-09-09T00:00:00+07:00,jefri,True
kupang-kini.example,Kupang,2021-10-11,18,0.199,0.238,,https://kupang-kini.example/fixture/metrik/2021-10-11,,2026-09-09,2026-09-09T00:00:00+07:00,2026-09-09T00:00:00+07:00,jefri,True
kupang-kini.example,Kupang,2021-10-18,24,0.118,0.213,,https://kupang-kini.example/fixture/metrik/2021-10-18,,2026-09-09,2026-09-09T00:00:00+07:00,2026-09-09T00:00:00+07:00,jefri,True
kupang-kini.example,Kupang,2021-10-25,31,0.142,0.215,,https://kupang-kini.example/fixture/metrik/2021-10-25,,2026-09-09,2026-09-09T00:00:00+07:00,2026-09-09T00:00:00+07:00,jefri,True
kupang-kini.example,Kupang,2021-11-01,24,0.154,0.239,,https://kupang-kini.example/fixture/metrik/2021-11-01,,2026-09-09,2026-09-09T00:00:00+07:00,2026-09-09T00:00:00+07:00,jefri,True
kupang-kini.example,Kupang,2021-11-08,28,0.16,0.2,,https://kupang-kini.example/fixture/metrik/2021-11-08,,2026-09-09,2026-09-09T00:00:00+07:00,2026-09-09T00:00:00+07:00,jefri,True
kupang-kini.example,Kupang,2021-11-15,24,0.13,0.189,,https://kupang-kini.example/fixture/metrik/2021-11-15,,2026-09-09,2026-09-09T00:00:00+07:00,2026-09-09T00:00:00+07:00,jefri,True
kupang-kini.example,Kupang,2021-11-22,27,0.126,0.31,,https://kupang-kini.example/fixture/metrik/2021-11-22,,2026-09-09,2026-09-09T00:00:00+07:00,2026-09-09T00:00:00+07:00,jefri,True
kupang-kini.example,Kupang,2021-11-29,17,0.172,0.248,,https://kupang-kini.example/fixture/metrik/2021-11-29,,2026-09-09,2026-09-09T00:00:00+07:00,2026-09-09T00:00:00+07:00,jefri,True
kupang-kini.example,Kupang,2021-12-06,30,0.191,0.134,,https://kupang-kini.example/fixture/metrik/2021-12-06,,2026-09-09,2026-09-09T00:00:00+07:00,2026-09-09T00:00:00+07:00,jefri,True
kupang-kini.example,Kupang,2021-12-13,8,0.083,0.187,,https://kupang-kini.example/fixture/metrik/2021-12-13,,2026-09-09,2026-09-09T00:00:00+07:00,2026-09-09T00:00:00+07:00,jefri,True
kupang-kini.example,Kupang,2021-12-20,11,0.16,0.245,,https://kupang-kini.example/fixture/metrik/2021-12-20,,2026-09-09,2026-09-09T00:00:00+07:00,2026-09-09T00:00:00+07:00,jefri,True
kupang-kini.example,Kupang,2021-12-27,19,0.148,0.244,,https://kupang-kini.example/fixture/metrik/2021-12-27,,2026-09-09,2026-09-09T00:00:00+07:00,2026-09-09T00:00:00+07:00,jefri,True
kupang-kini.example,Kupang,2022-01-03,35,0.145,0.174,,https://kupang-kini.example/fixture/metrik/2022-01-03,,2026-09-09,2026-09-09T00:00:00+07:00,2026-09-09T00:00:00+07:00,jefri,True
kupang-kini.example,Kupang,2022-01-10,12,0.125,0.237,,https://kupang-kini.example/fixture/metrik/2022-01-10,,2026-09-09,2026-09-09T00:00:00+07:00,2026-09-09T00:00:00+07:00,jefri,True
kupang-kini.example,Kupang,2022-01-17,9,0.152,0.124,,https://kupang-kini.example/fixture/metrik/2022-01-17,,2026-09-09,2026-09-09T00:00:00+07:00,2026-09-09T00:00:00+07:00,jefri,True
kupang-kini.example,Kupang,2022-01-24,28,0.157,0.128,,https://kupang-kini.example/fixture/metrik/2022-01-24,,2026-09-09,2026-09-09T00:00:00+07:00,2026-09-09T00:00:00+07:00,jefri,True
kupang-kini.example,Kupang,2022-01-31,26,0.136,0.151,,https://kupang-kini.example/fixture/metrik/2022-01-31,,2026-09-09,2026-09-09T00:00:00+07:00,2026-09-09T00:00:00+07:00,jefri,True
kupang-kini.example,Kupang,2022-02-07,21,0.157,0.228,,https://kupang-kini.example/fixture/metrik/2022-02-07,,2026-09-09,2026-09-09T00:00:00+07:00,2026-09-09T00:00:00+07:00,jefri,True
kupang-kini.example,Kupang,2022-02-14,29,0.146,0.217,,https://kupang-kini.example/fixture/metrik/2022-02-14,,2026-09-09,2026-09-09T00:00:00+07:00,2026-09-09T00:00:00+07:00,jefri,True
kupang-kini.example,Kupang,2022-02-21,8,0.155,0.263,,https://kupang-kini.example/fixture/metrik/2022-02-21,,2026-09-09,2026-09-09T00:00:00+07:00,2026-09-09T00:00:00+07:00,jefri,True
kupang-kini.example,Kupang,2022-02-28,23,0.17,0.25,,https://kupang-kini.example/fixture/metrik/2022-02-28,,2026-09-09,2026-09-09T00:00:00+07:00,2026-09-09T00:00:00+07:00,jefri,True
kupang-kini.example,Kupang,2022-03-07,27,0.109,0.224,,https://kupang-kini.example/fixture/metrik/2022-03-07,,2026-09-09,2026-09-09T00:00:00+07:00,2026-09-09T00:00:00+07:00,jefri,True
kupang-kini.example,Kupang,2022-03-14,30,0.198,0.27,,https://kupang-kini.example/fixture/metrik/2022-03-14,,2026-09-09,2026-09-09T00:00:00+07:00,2026-09-09T00:00:00+07:00,jefri,True
kupang-kini.example,Kupang,2022-03-21,15,0.143,0.26,,https://kupang-kini.example/fixture/metrik/2022-03-21,,2026-09-09,2026-09-09T00:00:00+07:00,2026-09-09T00:00:00+07:00,jefri,True
kupang-kini.example,Kupang,2022-03-28,30,0.152,0.24,,https://kupang-kini.example/fixture/metrik/2022-03-28,,2026-09-09,2026-09-09T00:00:00+07:00,2026-09-09T00:00:00+07:00,jefri,True
kupang-kini.example,Kupang,2022-04-04,20,0.128,0.182,,https://kupang-kini.example/fixture/metrik/2022-04-04,,2026-09-09,2026-09-09T00:00:00+07:00,2026-09-09T00:00:00+07:00,jefri,True
kupang-kini.example,Kupang,2022-04-11,23,0.157,0.246,,https://kupang-kini.example/fixture/metrik/2022-04-11,,2026-09-09,2026-09-09T00:00:00+07:00,2026-09-09T00:00:00+07:00,jefri,True
kupang-kini.example,Kupang,2022-04-18,20,0.126,0.225,,https://kupang-kini.example/fixture/metrik/2022-04-18,,2026-09-09,2026-09-09T00:00:00+07:00,2026-09-09T00:00:00+07:00,jefri,True
kupang-kini.example,Kupang,2022-04-25,35,0.13,0.232,,https://kupang-kini.example/fixture/metrik/2022-04-25,,2026-09-09,2026-09-09T00:00:00+07:00,2026-09-09T00:00:00+07:00,jefri,True
kupang-kini.example,Kupang,2022-05-02,31,0.106,0.283,,https://kupang-kini.example/fixture/metrik/2022-05-02,,2026-09-09,2026-09-09T00:00:00+07:00,2026-09-09T00:00:00+07:00,jefri,True
kupang-kini.example,Kupang,2022-05-09,19,0.133,0.217,,https://kupang-kini.example/fixture/metrik/2022-05-09,,2026-09-09,2026-09-09T00:00:00+07:00,2026-09-09T00:00:00+07:00,jefri,True
kupang-kini.example,Kupang,2022-05-16,16,0.092,0.159,,https://kupang-kini.example/fixture/metrik/2022-05-16,,2026-09-09,2026-09-09T00:00:00+07:00,2026-09-09T00:00:00+07:00,jefri,True
kupang-kini.example,Kupang,2022-05-23,25,0.089,0.197,,https://kupang-kini.example/fixture/metrik/2022-05-23,,2026-09-09,2026-09-09T00:00:00+07:00,2026-09-09T00:00:00+07:00,jefri,True
kupang-kini.example,Kupang,2022-05-30,24,0.223,0.276,,https://kupang-kini.example/fixture/metrik/2022-05-30,,2026-09-09,2026-09-09T00:00:00+07:00,2026-09-09T00:00:00+07:00,jefri,True
kupang-kini.example,Kupang,2022-06-06,23,0.164,0.242,,https://kupang-kini.example/fixture/metrik/2022-06-06,,2026-09-09,2026-09-09T00:00:00+07:00,2026-09-09T00:00:00+07:00,jefri,True
kupang-kini.example,Kupang,2022-06-13,19,0.188,0.191,,https://kupang-kini.example/fixture/metrik/2022-06-13,,2026-09-09,2026-09-09T00:00:00+07:00,2026-09-09T00:00:00+07:00,jefri,True
kupang-kini.example,Kupang,2022-06-20,16,0.091,0.262,,https://kupang-kini.example/fixture/metrik/2022-06-20,,2026-09-09,2026-09-09T00:00:00+07:00,2026-09-09T00:00:00+07:00,jefri,True
kupang-kini.example,Kupang,2022-06-27,16,0.111,0.173,,https://kupang-kini.example/fixture/metrik/2022-06-27,,2026-09-09,2026-09-09T00:00:00+07:00,2026-09-09T00:00:00+07:00,jefri,True
kupang-kini.example,Kupang,2022-07-04,22,0.112,0.158,,https://kupang-kini.example/fixture/metrik/2022-07-04,,2026-09-09,2026-09-09T00:00:00+07:00,2026-09-09T00:00:00+07:00,jefri,True
kupang-kini.example,Kupang,2022-07-11,18,0.135,0.14,,https://kupang-kini.example/fixture/metrik/2022-07-11,,2026-09-09,2026-09-09T00:00:00+07:00,2026-09-09T00:00:00+07:00,jefri,True
kupang-kini.example,Kupang,2022-07-18,24,0.199,0.27,,https://kupang-kini.example/fixture/metrik/2022-07-18,,2026-09-09,2026-09-09T00:00:00+07:00,2026-09-09T00:00:00+07:00,jefri,True
kupang-kini.example,Kupang,2022-07-25,29,0.126,0.211,,https://kupang-kini.example/fixture/metrik/2022-07-25,,2026-09-09,2026-09-09T00:00:00+07:00,2026-09-09T00:00:00+07:00,jefri,True
kupang-kini.example,Kupang,2022-08-01,24,0.144,0.179,,https://kupang-kini.example/fixture/metrik/2022-08-01,,2026-09-09,2026-09-09T00:00:00+07:00,2026-09-09T00:00:00+07:00,jefri,True
kupang-kini.example,Kupang,2022-08-08,22,0.147,0.29,,https://kupang-kini.example/fixture/metrik/2022-08-08,,2026-09-09,2026-09-09T00:00:00+07:00,2026-09-09T00:00:00+07:00,jefri,True
kupang-kini.example,Kupang,2022-08-15,20,0.095,0.192,,https://kupang-kini.example/fixture/metrik/2022-08-15,,2026-09-09,2026-09-09T00:00:00+07:00,2026-09-09T00:00:00+07:00,jefri,True
kupang-kini.example,Kupang,2022-08-22,17,0.113,0.241,,https://kupang-kini.example/fixture/metrik/2022-08-22,,2026-09-09,2026-09-09T00:00:00+07:00,2026-09-09T00:00:00+07:00,pj,True
kupang-kini.example,Kupang,2022-08-29,22,0.053,0.243,,https://kupang-kini.example/fixture/metrik/2022-08-29,,2026-09-09,2026-09-09T00:00:00+07:00,2026-09-09T00:00:00+07:00,pj,True
kupang-kini.example,Kupang,2022-09-05,23,0.146,0.167,,https://kupang-kini.example/fixture/metrik/2022-09-05,,2026-09-09,2026-09-09T00:00:00+07:00,2026-09-09T00:00:00+07:00,pj,True
kupang-kini.example,Kupang,2022-09-12,22,0.062,0.177,,https://kupang-kini.example/fixture/metrik/2022-09-12,,2026-09-09,2026-09-09T00:00:00+07:00,2026-09-09T00:00:00+07:00,pj,True
kupang-kini.example,Kupang,2022-09-19,25,0.177,0.215,,https://kupang-kini.example/fixture/metrik/2022-09-19,,2026-09-09,2026-09-09T00:00:00+07:00,2026-09-09T00:00:00+07:00,pj,True
kupang-kini.example,Kupang,2022-09-26,13,0.189,0.234,,https://kupang-kini.example/fixture/metrik/2022-09-26,,2026-09-09,2026-09-09T00:00:00+07:00,2026-09-09T00:00:00+07:00,pj,True
kupang-kini.example,Kupang,2022-10-03,11,0.144,0.115,,https://kupang-kini.example/fixture/metrik/2022-10-03,,2026-09-09,2026-09-09T00:00:00+07:00,2026-09-09T00:00:00+07:00,pj,True
kupang-kini.example,Kupang,2022-10-10,21,0.138,0.153,,https://kupang-kini.example/fixture/metrik/2022-10-10,,2026-09-09,2026-09-09T00:00:00+07:00,2026-09-09T00:00:00+07:00,pj,True
kupang-kini.example,Kupang,2022-10-17,9,0.15,0.137,,https://kupang-kini.example/fixture/metrik/2022-10-17,,2026-09-09,2026-09-09T00:00:00+07:00,2026-09-09T00:00:00+07:00,pj,True
kupang-kini.example,Kupang,2022-10-24,17,0.14,0.245,,https://kupang-kini.example/fixture/metrik/2022-10-24,,2026-09-09,2026-09-09T00:00:00+07:00,2026-09-09T00:00:00+07:00,pj,True
kupang-kini.example,Kupang,2022-10-31,26,0.182,0.187,,https://kupang-kini.example/fixture/metrik/2022-10-31,,2026-09-09,2026-09-09T00:00:00+07:00,2026-09-09T00:00:00+07:00,pj,True
kupang-kini.example,Kupang,2022-11-07,13,0.17,0.163,,https://kupang-kini.example/fixture/metrik/2022-11-07,,2026-09-09,2026-09-09T00:00:00+07:00,2026-09-09T00:00:00+07:00,pj,True
kupang-kini.example,Kupang,2022-11-14,26,0.16,0.169,,https://kupang-kini.example/fixture/metrik/2022-11-14,,2026-09-09,2026-09-09T00:00:00+07:00,2026-09-09T00:00:00+07:00,pj,True
kupang-kini.example,Kupang,2022-11-21,22,0.153,0.243,,https://kupang-kini.example/fixture/metrik/2022-11-21,,2026-09-09,2026-09-09T00:00:00+07:00,2026-09-09T00:00:00+07:00,pj,True
kupang-kini.example,Kupang,2022-11-28,22,0.131,0.104,,https://kupang-kini.example/fixture/metrik/2022-11-28,,2026-09-09,2026-09-09T00:00:00+07:00,2026-09-09T00:00:00+07:00,pj,True
kupang-kini.example,Kupang,2022-12-05,24,0.115,0.175,,https://kupang-kini.example/fixture/metrik/2022-12-05,,2026-09-09,2026-09-09T00:00:00+07:00,2026-09-09T00:00:00+07:00,pj,True
kupang-kini.example,Kupang,2022-12-12,12,0.132,0.151,,https://kupang-kini.example/fixture/metrik/2022-12-12,,2026-09-09,2026-09-09T00:00:00+07:00,2026-09-09T00:00:00+07:00,pj,True
kupang-kini.example,Kupang,2022-12-19,12,0.134,0.171,,https://kupang-kini.example/fixture/metrik/2022-12-19,,2026-09-09,2026-09-09T00:00:00+07:00,2026-09-09T00:00:00+07:00,pj,True
kupang-kini.example,Kupang,2022-12-26,32,0.116,0.313,,https://kupang-kini.example/fixture/metrik/2022-12-26,,2026-09-09,2026-09-09T00:00:00+07:00,2026-09-09T00:00:00+07:00,pj,True
kupang-kini.example,Kupang,2023-01-02,26,0.202,0.142,,https://kupang-kini.example/fixture/metrik/2023-01-02,,2026-09-09,2026-09-09T00:00:00+07:00,2026-09-09T00:00:00+07:00,pj,True
kupang-kini.example,Kupang,2023-01-09,32,0.146,0.207,,https://kupang-kini.example/fixture/metrik/2023-01-09,,2026-09-09,2026-09-09T00:00:00+07:00,2026-09-09T00:00:00+07:00,pj,True
kupang-kini.example,Kupang,2023-01-16,20,0.082,0.292,,https://kupang-kini.example/fixture/metrik/2023-01-16,,2026-09-09,2026-09-09T00:00:00+07:00,2026-09-09T00:00:00+07:00,pj,True
kupang-kini.example,Kupang,2023-01-23,25,0.145,0.157,,https://kupang-kini.example/fixture/metrik/2023-01-23,,2026-09-09,2026-09-09T00:00:00+07:00,2026-09-09T00:00:00+07:00,pj,True
kupang-kini.example,Kupang,2023-01-30,28,0.138,0.135,,https://kupang-kini.example/fixture/metrik/2023-01-30,,2026-09-09,2026-09-09T00:00:00+07:00,2026-09-09T00:00:00+07:00,pj,True
kupang-kini.example,Kupang,2023-02-06,8,0.103,0.187,,https://kupang-kini.example/fixture/metrik/2023-02-06,,2026-09-09,2026-09-09T00:00:00+07:00,2026-09-09T00:00:00+07:00,pj,True
kupang-kini.example,Kupang,2023-02-13,26,0.145,0.211,,https://kupang-kini.example/fixture/metrik/2023-02-13,,2026-09-09,2026-09-09T00:00:00+07:00,2026-09-09T00:00:00+07:00,pj,True
kupang-kini.example,Kupang,2023-02-20,23,0.131,0.222,,https://kupang-kini.example/fixture/metrik/2023-02-20,,2026-09-09,2026-09-09T00:00:00+07:00,2026-09-09T00:00:00+07:00,pj,True
kupang-kini.example,Kupang,2023-02-27,18,0.197,0.281,,https://kupang-kini.example/fixture/metrik/2023-02-27,,2026-09-09,2026-09-09T00:00:00+07:00,2026-09-09T00:00:00+07:00,pj,True
kupang-kini.example,Kupang,2023-03-06,30,0.139,0.227,,https://kupang-kini.example/fixture/metrik/2023-03-06,,2026-09-09,2026-09-09T00:00:00+07:00,2026-09-09T00:00:00+07:00,pj,True
kupang-kini.example,Kupang,2023-03-13,16,0.076,0.263,,https://kupang-kini.example/fixture/metrik/2023-03-13,,2026-09-09,2026-09-09T00:00:00+07:00,2026-09-09T00:00:00+07:00,pj,True
kupang-kini.example,Kupang,2023-03-20,20,0.109,0.372,,https://kupang-kini.example/fixture/metrik/2023-03-20,,2026-09-09,2026-09-09T00:00:00+07:00,2026-09-09T00:00:00+07:00,pj,True
kupang-kini.example,Kupang,2023-03-27,36,0.118,0.17,,https://kupang-kini.example/fixture/metrik/2023-03-27,,2026-09-09,2026-09-09T00:00:00+07:00,2026-09-09T00:00:00+07:00,pj,True
kupang-kini.example,Kupang,2023-04-03,12,0.14,0.221,,https://kupang-kini.example/fixture/metrik/2023-04-03,,2026-09-09,2026-09-09T00:00:00+07:00,2026-09-09T00:00:00+07:00,pj,True
kupang-kini.example,Kupang,2023-04-10,37,0.144,0.199,,https://kupang-kini.example/fixture/metrik/2023-04-10,,2026-09-09,2026-09-09T00:00:00+07:00,2026-09-09T00:00:00+07:00,pj,True
kupang-kini.example,Kupang,2023-04-17,20,0.174,0.177,,https://kupang-kini.example/fixture/metrik/2023-04-17,,2026-09-09,2026-09-09T00:00:00+07:00,2026-09-09T00:00:00+07:00,pj,True
kupang-kini.example,Kupang,2023-04-24,30,0.131,0.291,,https://kupang-kini.example/fixture/metrik/2023-04-24,,2026-09-09,2026-09-09T00:00:00+07:00,2026-09-09T00:00:00+07:00,pj,True
kupang-kini.example,Kupang,2023-05-01,25,0.2,0.247,,https://kupang-kini.example/fixture/metrik/2023-05-01,,2026-09-09,2026-09-09T00:00:00+07:00,2026-09-09T00:00:00+07:00,pj,True
kupang-kini.example,Kupang,2023-05-08,25,0.09,0.176,,https://kupang-kini.example/fixture/metrik/2023-05-08,,2026-09-09,2026-09-09T00:00:00+07:00,2026-09-09T00:00:00+07:00,pj,True
kupang-kini.example,Kupang,2023-05-15,32,0.151,0.287,,https://kupang-kini.example/fixture/metrik/2023-05-15,,2026-09-09,2026-09-09T00:00:00+07:00,2026-09-09T00:00:00+07:00,pj,True
kupang-kini.example,Kupang,2023-05-22,23,0.153,0.221,,https://kupang-kini.example/fixture/metrik/2023-05-22,,2026-09-09,2026-09-09T00:00:00+07:00,2026-09-09T00:00:00+07:00,pj,True
kupang-kini.example,Kupang,2023-05-29,6,0.133,0.173,,https://kupang-kini.example/fixture/metrik/2023-05-29,,2026-09-09,2026-09-09T00:00:00+07:00,2026-09-09T00:00:00+07:00,pj,True
kupang-kini.example,Kupang,2023-06-05,22,0.152,0.169,,https://kupang-kini.example/fixture/metrik/2023-06-05,,2026-09-09,2026-09-09T00:00:00+07:00,2026-09-09T00:00:00+07:00,pj,True
kupang-kini.example,Kupang,2023-06-12,4,0.114,0.156,,https://kupang-kini.example/fixture/metrik/2023-06-12,,2026-09-09,2026-09-09T00:00:00+07:00,2026-09-09T00:00:00+07:00,pj,True
kupang-kini.example,Kupang,2023-06-19,22,0.149,0.213,,https://kupang-kini.example/fixture/metrik/2023-06-19,,2026-09-09,2026-09-09T00:00:00+07:00,2026-09-09T00:00:00+07:00,pj,True
kupang-kini.example,Kupang,2023-06-26,14,0.139,0.197,,https://kupang-kini.example/fixture/metrik/2023-06-26,,2026-09-09,2026-09-09T00:00:00+07:00,2026-09-09T00:00:00+07:00,pj,True
kupang-kini.example,Kupang,2023-07-03,22,0.155,0.159,,https://kupang-kini.example/fixture/metrik/2023-07-03,,2026-09-09,2026-09-09T00:00:00+07:00,2026-09-09T00:00:00+07:00,pj,True
kupang-kini.example,Kupang,2023-07-10,14,0.143,0.221,,https://kupang-kini.example/fixture/metrik/2023-07-10,,2026-09-09,2026-09-09T00:00:00+07:00,2026-09-09T00:00:00+07:00,pj,True
kupang-kini.example,Kupang,2023-07-17,13,0.082,0.217,,https://kupang-kini.example/fixture/metrik/2023-07-17,,2026-09-09,2026-09-09T00:00:00+07:00,2026-09-09T00:00:00+07:00,pj,True
kupang-kini.example,Kupang,2023-07-24,25,0.123,0.16,,https://kupang-kini.example/fixture/metrik/2023-07-24,,2026-09-09,2026-09-09T00:00:00+07:00,2026-09-09T00:00:00+07:00,pj,True
kupang-kini.example,Kupang,2023-07-31,29,0.138,0.25,,https://kupang-kini.example/fixture/metrik/2023-07-31,,2026-09-09,2026-09-09T00:00:00+07:00,2026-09-09T00:00:00+07:00,pj,True
kupang-kini.example,Kupang,2023-08-07,21,0.193,0.178,,https://kupang-kini.example/fixture/metrik/2023-08-07,,2026-09-09,2026-09-09T00:00:00+07:00,2026-09-09T00:00:00+07:00,pj,True
kupang-kini.example,Kupang,2023-08-14,20,0.15,0.195,,https://kupang-kini.example/fixture/metrik/2023-08-14,,2026-09-09,2026-09-09T00:00:00+07:00,2026-09-09T00:00:00+07:00,pj,True
kupang-kini.example,Kupang,2023-08-21,29,0.129,0.23,,https://kupang-kini.example/fixture/metrik/2023-08-21,,2026-09-09,2026-09-09T00:00:00+07:00,2026-09-09T00:00:00+07:00,pj,True
kupang-kini.example,Kupang,2023-08-28,12,0.089,0.197,,https://kupang-kini.example/fixture/metrik/2023-08-28,,2026-09-09,2026-09-09T00:00:00+07:00,2026-09-09T00:00:00+07:00,pj,True
kupang-kini.example,Kupang,2023-09-04,18,0.051,0.229,,https://kupang-kini.example/fixture/metrik/2023-09-04,,2026-09-09,2026-09-09T00:00:00+07:00,2026-09-09T00:00:00+07:00,pj,True
kupang-kini.example,Kupang,2023-09-11,18,0.1,0.216,,https://kupang-kini.example/fixture/metrik/2023-09-11,,2026-09-09,2026-09-09T00:00:00+07:00,2026-09-09T00:00:00+07:00,pj,True
kupang-kini.example,Kupang,2023-09-18,18,0.159,0.202,,https://kupang-kini.example/fixture/metrik/2023-09-18,,2026-09-09,2026-09-09T00:00:00+07:00,2026-09-09T00:00:00+07:00,pj,True
kupang-kini.example,Kupang,2023-09-25,25,0.131,0.227,,https://kupang-kini.example/fixture/metrik/2023-09-25,,2026-09-09,2026-09-09T00:00:00+07:00,2026-09-09T00:00:00+07:00,pj,True
kupang-kini.example,Kupang,2023-10-02,27,0.109,0.209,,https://kupang-kini.example/fixture/metrik/2023-10-02,,2026-09-09,2026-09-09T00:00:00+07:00,2026-09-09T00:00:00+07:00,pj,True
kupang-kini.example,Kupang,2023-10-09,22,0.15,0.318,,https://kupang-kini.example/fixture/metrik/2023-10-09,,2026-09-09,2026-09-09T00:00:00+07:00,2026-09-09T00:00:00+07:00,pj,True
kupang-kini.example,Kupang,2023-10-16,27,0.145,0.251,,https://kupang-kini.example/fixture/metrik/2023-10-16,,2026-09-09,2026-09-09T00:00:00+07:00,2026-09-09T00:00:00+07:00,pj,True
kupang-kini.example,Kupang,2023-10-23,16,0.189,0.31,,https://kupang-kini.example/fixture/metrik/2023-10-23,,2026-09-09,2026-09-09T00:00:00+07:00,2026-09-09T00:00:00+07:00,pj,True
kupang-kini.example,Kupang,2023-10-30,25,0.143,0.192,,https://kupang-kini.example/fixture/metrik/2023-10-30,,2026-09-09,2026-09-09T00:00:00+07:00,2026-09-09T00:00:00+07:00,pj,True
kupang-kini.example,Kupang,2023-11-06,19,0.093,0.181,,https://kupang-kini.example/fixture/metrik/2023-11-06,,2026-09-09,2026-09-09T00:00:00+07:00,2026-09-09T00:00:00+07:00,pj,True
kupang-kini.example,Kupang,2023-11-13,17,0.132,0.257,,https://kupang-kini.example/fixture/metrik/2023-11-13,,2026-09-09,2026-09-09T00:00:00+07:00,2026-09-09T00:00:00+07:00,pj,True
kupang-kini.example,Kupang,2023-11-20,7,0.158,0.184,,https://kupang-kini.example/fixture/metrik/2023-11-20,,2026-09-09,2026-09-09T00:00:00+07:00,2026-09-09T00:00:00+07:00,pj,True
kupang-kini.example,Kupang,2023-11-27,35,0.129,0.223,,https://kupang-kini.example/fixture/metrik/2023-11-27,,2026-09-09,2026-09-09T00:00:00+07:00,2026-09-09T00:00:00+07:00,pj,True
kupang-kini.example,Kupang,2023-12-04,22,0.184,0.179,,https://kupang-kini.example/fixture/metrik/2023-12-04,,2026-09-09,2026-09-09T00:00:00+07:00,2026-09-09T00:00:00+07:00,pj,True
kupang-kini.example,Kupang,2023-12-11,31,0.102,0.164,,https://kupang-kini.example/fixture/metrik/2023-12-11,,2026-09-09,2026-09-09T00:00:00+07:00,2026-09-09T00:00:00+07:00,pj,True
kupang-kini.example,Kupang,2023-12-18,18,0.139,0.163,,https://kupang-kini.example/fixture/metrik/2023-12-18,,2026-09-09,2026-09-09T00:00:00+07:00,2026-09-09T00:00:00+07:00,pj,True
kupang-kini.example,Kupang,2023-12-25,24,0.182,0.202,,https://kupang-kini.example/fixture/metrik/2023-12-25,,2026-09-09,2026-09-09T00:00:00+07:00,2026-09-09T00:00:00+07:00,pj,True
kupang-kini.example,Kupang,2024-01-01,27,0.125,0.145,,https://kupang-kini.example/fixture/metrik/2024-01-01,,2026-09-09,2026-09-09T00:00:00+07:00,2026-09-09T00:00:00+07:00,pj,True
kupang-kini.example,Kupang,2024-01-08,21,0.129,0.158,,https://kupang-kini.example/fixture/metrik/2024-01-08,,2026-09-09,2026-09-09T00:00:00+07:00,2026-09-09T00:00:00+07:00,pj,True
kupang-kini.example,Kupang,2024-01-15,32,0.129,0.22,,https://kupang-kini.example/fixture/metrik/2024-01-15,,2026-09-09,2026-09-09T00:00:00+07:00,2026-09-09T00:00:00+07:00,pj,True
kupang-kini.example,Kupang,2024-01-22,18,0.207,0.214,,https://kupang-kini.example/fixture/metrik/2024-01-22,,2026-09-09,2026-09-09T00:00:00+07:00,2026-09-09T00:00:00+07:00,pj,True
kupang-kini.example,Kupang,2024-01-29,22,0.235,0.224,,https://kupang-kini.example/fixture/metrik/2024-01-29,,2026-09-09,2026-09-09T00:00:00+07:00,2026-09-09T00:00:00+07:00,pj,True
kupang-kini.example,Kupang,2024-02-05,18,0.11,0.104,,https://kupang-kini.example/fixture/metrik/2024-02-05,,2026-09-09,2026-09-09T00:00:00+07:00,2026-09-09T00:00:00+07:00,pj,True
kupang-kini.example,Kupang,2024-02-12,34,0.151,0.184,,https://kupang-kini.example/fixture/metrik/2024-02-12,,2026-09-09,2026-09-09T00:00:00+07:00,2026-09-09T00:00:00+07:00,pj,True
kupang-kini.example,Kupang,2024-02-19,23,0.111,0.191,,https://kupang-kini.example/fixture/metrik/2024-02-19,,2026-09-09,2026-09-09T00:00:00+07:00,2026-09-09T00:00:00+07:00,pj,True
kupang-kini.example,Kupang,2024-02-26,26,0.207,0.246,,https://kupang-kini.example/fixture/metrik/2024-02-26,,2026-09-09,2026-09-09T00:00:00+07:00,2026-09-09T00:00:00+07:00,pj,True
kupang-kini.example,Kupang,2024-03-04,25,0.071,0.276,,https://kupang-kini.example/fixture/metrik/2024-03-04,,2026-09-09,2026-09-09T00:00:00+07:00,2026-09-09T00:00:00+07:00,pj,True
kupang-kini.example,Kupang,2024-03-11,13,0.166,0.173,,https://kupang-kini.example/fixture/metrik/2024-03-11,,2026-09-09,2026-09-09T00:00:00+07:00,2026-09-09T00:00:00+07:00,pj,True
kupang-kini.example,Kupang,2024-03-18,20,0.133,0.172,,https://kupang-kini.example/fixture/metrik/2024-03-18,,2026-09-09,2026-09-09T00:00:00+07:00,2026-09-09T00:00:00+07:00,pj,True
kupang-kini.example,Kupang,2024-03-25,21,0.098,0.221,,https://kupang-kini.example/fixture/metrik/2024-03-25,,2026-09-09,2026-09-09T00:00:00+07:00,2026-09-09T00:00:00+07:00,pj,True
kupang-kini.example,Kupang,2024-04-01,24,0.171,0.294,,https://kupang-kini.example/fixture/metrik/2024-04-01,,2026-09-09,2026-09-09T00:00:00+07:00,2026-09-09T00:00:00+07:00,pj,True
kupang-kini.example,Kupang,2024-04-08,14,0.174,0.208,,https://kupang-kini.example/fixture/metrik/2024-04-08,,2026-09-09,2026-09-09T00:00:00+07:00,2026-09-09T00:00:00+07:00,pj,True
kupang-kini.example,Kupang,2024-04-15,23,0.149,0.226,,https://kupang-kini.example/fixture/metrik/2024-04-15,,2026-09-09,2026-09-09T00:00:00+07:00,2026-09-09T00:00:00+07:00,pj,True
kupang-kini.example,Kupang,2024-04-22,20,0.119,0.184,,https://kupang-kini.example/fixture/metrik/2024-04-22,,2026-09-09,2026-09-09T00:00:00+07:00,2026-09-09T00:00:00+07:00,pj,True
kupang-kini.example,Kupang,2024-04-29,22,0.14,0.221,,https://kupang-kini.example/fixture/metrik/2024-04-29,,2026-09-09,2026-09-09T00:00:00+07:00,2026-09-09T00:00:00+07:00,pj,True
kupang-kini.example,Kupang,2024-05-06,10,0.117,0.274,,https://kupang-kini.example/fixture/metrik/2024-05-06,,2026-09-09,2026-09-09T00:00:00+07:00,2026-09-09T00:00:00+07:00,pj,True
kupang-kini.example,Kupang,2024-05-13,14,0.081,0.12,,https://kupang-kini.example/fixture/metrik/2024-05-13,,2026-09-09,2026-09-09T00:00:00+07:00,2026-09-09T00:00:00+07:00,pj,True
kupang-kini.example,Kupang,2024-05-20,29,0.126,0.228,,https://kupang-kini.example/fixture/metrik/2024-05-20,,2026-09-09,2026-09-09T00:00:00+07:00,2026-09-09T00:00:00+07:00,pj,True
kupang-kini.example,Kupang,2024-05-27,27,0.167,0.135,,https://kupang-kini.example/fixture/metrik/2024-05-27,,2026-09-09,2026-09-09T00:00:00+07:00,2026-09-09T00:00:00+07:00,pj,True
kupang-kini.example,Kupang,2024-06-03,16,0.175,0.161,,https://kupang-kini.example/fixture/metrik/2024-06-03,,2026-09-09,2026-09-09T00:00:00+07:00,2026-09-09T00:00:00+07:00,pj,True
kupang-kini.example,Kupang,2024-06-10,26,0.226,0.209,,https://kupang-kini.example/fixture/metrik/2024-06-10,,2026-09-09,2026-09-09T00:00:00+07:00,2026-09-09T00:00:00+07:00,pj,True
kupang-kini.example,Kupang,2024-06-17,27,0.067,0.174,,https://kupang-kini.example/fixture/metrik/2024-06-17,,2026-09-09,2026-09-09T00:00:00+07:00,2026-09-09T00:00:00+07:00,pj,True
kupang-kini.example,Kupang,2024-06-24,21,0.161,0.188,,https://kupang-kini.example/fixture/metrik/2024-06-24,,2026-09-09,2026-09-09T00:00:00+07:00,2026-09-09T00:00:00+07:00,pj,True
kupang-kini.example,Kupang,2024-07-01,31,0.1,0.274,,https://kupang-kini.example/fixture/metrik/2024-07-01,,2026-09-09,2026-09-09T00:00:00+07:00,2026-09-09T00:00:00+07:00,pj,True
kupang-kini.example,Kupang,2024-07-08,24,0.11,0.16,,https://kupang-kini.example/fixture/metrik/2024-07-08,,2026-09-09,2026-09-09T00:00:00+07:00,2026-09-09T00:00:00+07:00,pj,True
kupang-kini.example,Kupang,2024-07-15,17,0.179,0.186,,https://kupang-kini.example/fixture/metrik/2024-07-15,,2026-09-09,2026-09-09T00:00:00+07:00,2026-09-09T00:00:00+07:00,pj,True
kupang-kini.example,Kupang,2024-07-22,28,0.097,0.179,,https://kupang-kini.example/fixture/metrik/2024-07-22,,2026-09-09,2026-09-09T00:00:00+07:00,2026-09-09T00:00:00+07:00,pj,True
kupang-kini.example,Kupang,2024-07-29,18,0.247,0.236,,https://kupang-kini.example/fixture/metrik/2024-07-29,,2026-09-09,2026-09-09T00:00:00+07:00,2026-09-09T00:00:00+07:00,pj,True
kupang-kini.example,Kupang,2024-08-05,23,0.096,0.26,,https://kupang-kini.example/fixture/metrik/2024-08-05,,2026-09-09,2026-09-09T00:00:00+07:00,2026-09-09T00:00:00+07:00,pj,True
kupang-kini.example,Kupang,2024-08-12,35,0.107,0.18,,https://kupang-kini.example/fixture/metrik/2024-08-12,,2026-09-09,2026-09-09T00:00:00+07:00,2026-09-09T00:00:00+07:00,pj,True
kupang-kini.example,Kupang,2024-08-19,30,0.139,0.21,,https://kupang-kini.example/fixture/metrik/2024-08-19,,2026-09-09,2026-09-09T00:00:00+07:00,2026-09-09T00:00:00+07:00,pj,True
kupang-kini.example,Kupang,2024-08-26,18,0.135,0.191,,https://kupang-kini.example/fixture/metrik/2024-08-26,,2026-09-09,2026-09-09T00:00:00+07:00,2026-09-09T00:00:00+07:00,pj,True
kupang-kini.example,Kupang,2024-09-02,22,0.114,0.184,,https://kupang-kini.example/fixture/metrik/2024-09-02,,2026-09-09,2026-09-09T00:00:00+07:00,2026-09-09T00:00:00+07:00,pj,True
kupang-kini.example,Kupang,2024-09-09,15,0.175,0.266,,https://kupang-kini.example/fixture/metrik/2024-09-09,,2026-09-09,2026-09-09T00:00:00+07:00,2026-09-09T00:00:00+07:00,pj,True
kupang-kini.example,Kupang,2024-09-16,15,0.17,0.139,,https://kupang-kini.example/fixture/metrik/2024-09-16,,2026-09-09,2026-09-09T00:00:00+07:00,2026-09-09T00:00:00+07:00,pj,True
kupang-kini.example,Kupang,2024-09-23,16,0.094,0.266,,https://kupang-kini.example/fixture/metrik/2024-09-23,,2026-09-09,2026-09-09T00:00:00+07:00,2026-09-09T00:00:00+07:00,pj,True
kupang-kini.example,Kupang,2024-09-30,14,0.206,0.166,,https://kupang-kini.example/fixture/metrik/2024-09-30,,2026-09-09,2026-09-09T00:00:00+07:00,2026-09-09T00:00:00+07:00,pj,True
kupang-kini.example,Kupang,2024-10-07,25,0.092,0.293,,https://kupang-kini.example/fixture/metrik/2024-10-07,,2026-09-09,2026-09-09T00:00:00+07:00,2026-09-09T00:00:00+07:00,pj,True
kupang-kini.example,Kupang,2024-10-14,12,0.058,0.141,,https://kupang-kini.example/fixture/metrik/2024-10-14,,2026-09-09,2026-09-09T00:00:00+07:00,2026-09-09T00:00:00+07:00,pj,True
kupang-kini.example,Kupang,2024-10-21,25,0.103,0.156,,https://kupang-kini.example/fixture/metrik/2024-10-21,,2026-09-09,2026-09-09T00:00:00+07:00,2026-09-09T00:00:00+07:00,pj,True
kupang-kini.example,Kupang,2024-10-28,19,0.106,0.204,,https://kupang-kini.example/fixture/metrik/2024-10-28,,2026-09-09,2026-09-09T00:00:00+07:00,2026-09-09T00:00:00+07:00,pj,True
kupang-kini.example,Kupang,2024-11-04,31,0.166,0.172,,https://kupang-kini.example/fixture/metrik/2024-11-04,,2026-09-09,2026-09-09T00:00:00+07:00,2026-09-09T00:00:00+07:00,pj,True
kupang-kini.example,Kupang,2024-11-11,16,0.11,0.099,,https://kupang-kini.example/fixture/metrik/2024-11-11,,2026-09-09,2026-09-09T00:00:00+07:00,2026-09-09T00:00:00+07:00,pj,True
kupang-kini.example,Kupang,2024-11-18,18,0.174,0.226,,https://kupang-kini.example/fixture/metrik/2024-11-18,,2026-09-09,2026-09-09T00:00:00+07:00,2026-09-09T00:00:00+07:00,pj,True
kupang-kini.example,Kupang,2024-11-25,32,0.115,0.218,,https://kupang-kini.example/fixture/metrik/2024-11-25,,2026-09-09,2026-09-09T00:00:00+07:00,2026-09-09T00:00:00+07:00,pj,True
kupang-kini.example,Kupang,2024-12-02,15,0.152,0.251,,https://kupang-kini.example/fixture/metrik/2024-12-02,,2026-09-09,2026-09-09T00:00:00+07:00,2026-09-09T00:00:00+07:00,pj,True
kupang-kini.example,Kupang,2024-12-09,33,0.13,0.232,,https://kupang-kini.example/fixture/metrik/2024-12-09,,2026-09-09,2026-09-09T00:00:00+07:00,2026-09-09T00:00:00+07:00,pj,True
kupang-kini.example,Kupang,2024-12-16,17,0.123,0.243,,https://kupang-kini.example/fixture/metrik/2024-12-16,,2026-09-09,2026-09-09T00:00:00+07:00,2026-09-09T00:00:00+07:00,pj,True
kupang-kini.example,Kupang,2024-12-23,12,0.173,0.18,,https://kupang-kini.example/fixture/metrik/2024-12-23,,2026-09-09,2026-09-09T00:00:00+07:00,2026-09-09T00:00:00+07:00,pj,True
kupang-kini.example,Kupang,2024-12-30,26,0.206,0.231,,https://kupang-kini.example/fixture/metrik/2024-12-30,,2026-09-09,2026-09-09T00:00:00+07:00,2026-09-09T00:00:00+07:00,pj,True
kupang-kini.example,Kupang,2025-01-06,5,0.113,0.158,,https://kupang-kini.example/fixture/metrik/2025-01-06,,2026-09-09,2026-09-09T00:00:00+07:00,2026-09-09T00:00:00+07:00,pj,True
kupang-kini.example,Kupang,2025-01-13,23,0.176,0.34,,https://kupang-kini.example/fixture/metrik/2025-01-13,,2026-09-09,2026-09-09T00:00:00+07:00,2026-09-09T00:00:00+07:00,pj,True
kupang-kini.example,Kupang,2025-01-20,23,0.136,0.211,,https://kupang-kini.example/fixture/metrik/2025-01-20,,2026-09-09,2026-09-09T00:00:00+07:00,2026-09-09T00:00:00+07:00,pj,True
kupang-kini.example,Kupang,2025-01-27,25,0.143,0.213,,https://kupang-kini.example/fixture/metrik/2025-01-27,,2026-09-09,2026-09-09T00:00:00+07:00,2026-09-09T00:00:00+07:00,pj,True
kupang-kini.example,Kupang,2025-02-03,18,0.141,0.144,,https://kupang-kini.example/fixture/metrik/2025-02-03,,2026-09-09,2026-09-09T00:00:00+07:00,2026-09-09T00:00:00+07:00,pj,True
kupang-kini.example,Kupang,2025-02-10,25,0.184,0.174,,https://kupang-kini.example/fixture/metrik/2025-02-10,,2026-09-09,2026-09-09T00:00:00+07:00,2026-09-09T00:00:00+07:00,pj,True
kupang-kini.example,Kupang,2025-02-17,35,0.103,0.245,,https://kupang-kini.example/fixture/metrik/2025-02-17,,2026-09-09,2026-09-09T00:00:00+07:00,2026-09-09T00:00:00+07:00,pj,True
kupang-kini.example,Kupang,2025-02-24,22,0.113,0.232,,https://kupang-kini.example/fixture/metrik/2025-02-24,,2026-09-09,2026-09-09T00:00:00+07:00,2026-09-09T00:00:00+07:00,christian,True
kupang-kini.example,Kupang,2025-03-03,29,0.155,0.244,,https://kupang-kini.example/fixture/metrik/2025-03-03,,2026-09-09,2026-09-09T00:00:00+07:00,2026-09-09T00:00:00+07:00,christian,True
kupang-kini.example,Kupang,2025-03-10,25,0.164,0.185,,https://kupang-kini.example/fixture/metrik/2025-03-10,,2026-09-09,2026-09-09T00:00:00+07:00,2026-09-09T00:00:00+07:00,christian,True
kupang-kini.example,Kupang,2025-03-17,16,0.128,0.19,,https://kupang-kini.example/fixture/metrik/2025-03-17,,2026-09-09,2026-09-09T00:00:00+07:00,2026-09-09T00:00:00+07:00,christian,True
kupang-kini.example,Kupang,2025-03-24,25,0.184,0.235,,https://kupang-kini.example/fixture/metrik/2025-03-24,,2026-09-09,2026-09-09T00:00:00+07:00,2026-09-09T00:00:00+07:00,christian,True
kupang-kini.example,Kupang,2025-03-31,34,0.135,0.119,,https://kupang-kini.example/fixture/metrik/2025-03-31,,2026-09-09,2026-09-09T00:00:00+07:00,2026-09-09T00:00:00+07:00,christian,True
kupang-kini.example,Kupang,2025-04-07,3,0.148,0.17,,https://kupang-kini.example/fixture/metrik/2025-04-07,,2026-09-09,2026-09-09T00:00:00+07:00,2026-09-09T00:00:00+07:00,christian,True
kupang-kini.example,Kupang,2025-04-14,10,0.15,0.201,,https://kupang-kini.example/fixture/metrik/2025-04-14,,2026-09-09,2026-09-09T00:00:00+07:00,2026-09-09T00:00:00+07:00,christian,True
kupang-kini.example,Kupang,2025-04-21,3,0.169,0.278,,https://kupang-kini.example/fixture/metrik/2025-04-21,,2026-09-09,2026-09-09T00:00:00+07:00,2026-09-09T00:00:00+07:00,christian,True
kupang-kini.example,Kupang,2025-04-28,19,0.171,0.224,,https://kupang-kini.example/fixture/metrik/2025-04-28,,2026-09-09,2026-09-09T00:00:00+07:00,2026-09-09T00:00:00+07:00,christian,True
kupang-kini.example,Kupang,2025-05-05,28,0.166,0.199,,https://kupang-kini.example/fixture/metrik/2025-05-05,,2026-09-09,2026-09-09T00:00:00+07:00,2026-09-09T00:00:00+07:00,christian,True
kupang-kini.example,Kupang,2025-05-12,28,0.139,0.213,,https://kupang-kini.example/fixture/metrik/2025-05-12,,2026-09-09,2026-09-09T00:00:00+07:00,2026-09-09T00:00:00+07:00,christian,True
kupang-kini.example,Kupang,2025-05-19,13,0.179,0.09,,https://kupang-kini.example/fixture/metrik/2025-05-19,,2026-09-09,2026-09-09T00:00:00+07:00,2026-09-09T00:00:00+07:00,christian,True
kupang-kini.example,Kupang,2025-05-26,14,0.119,0.232,,https://kupang-kini.example/fixture/metrik/2025-05-26,,2026-09-09,2026-09-09T00:00:00+07:00,2026-09-09T00:00:00+07:00,christian,True
kupang-kini.example,Kupang,2025-06-02,23,0.197,0.197,,https://kupang-kini.example/fixture/metrik/2025-06-02,,2026-09-09,2026-09-09T00:00:00+07:00,2026-09-09T00:00:00+07:00,christian,True
kupang-kini.example,Kupang,2025-06-09,13,0.172,0.237,,https://kupang-kini.example/fixture/metrik/2025-06-09,,2026-09-09,2026-09-09T00:00:00+07:00,2026-09-09T00:00:00+07:00,christian,True
kupang-kini.example,Kupang,2025-06-16,18,0.233,0.201,,https://kupang-kini.example/fixture/metrik/2025-06-16,,2026-09-09,2026-09-09T00:00:00+07:00,2026-09-09T00:00:00+07:00,christian,True
kupang-kini.example,Kupang,2025-06-23,33,0.109,0.178,,https://kupang-kini.example/fixture/metrik/2025-06-23,,2026-09-09,2026-09-09T00:00:00+07:00,2026-09-09T00:00:00+07:00,christian,True
kupang-kini.example,Kupang,2025-06-30,19,0.144,0.217,,https://kupang-kini.example/fixture/metrik/2025-06-30,,2026-09-09,2026-09-09T00:00:00+07:00,2026-09-09T00:00:00+07:00,christian,True
kupang-kini.example,Kupang,2025-07-07,26,0.2,0.19,,https://kupang-kini.example/fixture/metrik/2025-07-07,,2026-09-09,2026-09-09T00:00:00+07:00,2026-09-09T00:00:00+07:00,christian,True
kupang-kini.example,Kupang,2025-07-14,25,0.104,0.195,,https://kupang-kini.example/fixture/metrik/2025-07-14,,2026-09-09,2026-09-09T00:00:00+07:00,2026-09-09T00:00:00+07:00,christian,True
kupang-kini.example,Kupang,2025-07-21,21,0.133,0.287,,https://kupang-kini.example/fixture/metrik/2025-07-21,,2026-09-09,2026-09-09T00:00:00+07:00,2026-09-09T00:00:00+07:00,christian,True
kupang-kini.example,Kupang,2025-07-28,25,0.162,0.172,,https://kupang-kini.example/fixture/metrik/2025-07-28,,2026-09-09,2026-09-09T00:00:00+07:00,2026-09-09T00:00:00+07:00,christian,True
kupang-kini.example,Kupang,2025-08-04,16,0.141,0.261,,https://kupang-kini.example/fixture/metrik/2025-08-04,,2026-09-09,2026-09-09T00:00:00+07:00,2026-09-09T00:00:00+07:00,christian,True
kupang-kini.example,Kupang,2025-08-11,37,0.161,0.219,,https://kupang-kini.example/fixture/metrik/2025-08-11,,2026-09-09,2026-09-09T00:00:00+07:00,2026-09-09T00:00:00+07:00,christian,True
kupang-kini.example,Kupang,2025-08-18,28,0.18,0.28,,https://kupang-kini.example/fixture/metrik/2025-08-18,,2026-09-09,2026-09-09T00:00:00+07:00,2026-09-09T00:00:00+07:00,christian,True
kupang-kini.example,Kupang,2025-08-25,25,0.198,0.2,,https://kupang-kini.example/fixture/metrik/2025-08-25,,2026-09-09,2026-09-09T00:00:00+07:00,2026-09-09T00:00:00+07:00,christian,True
kupang-kini.example,Kupang,2025-09-01,27,0.119,0.254,,https://kupang-kini.example/fixture/metrik/2025-09-01,,2026-09-09,2026-09-09T00:00:00+07:00,2026-09-09T00:00:00+07:00,christian,True
kupang-kini.example,Kupang,2025-09-08,21,0.143,0.245,,https://kupang-kini.example/fixture/metrik/2025-09-08,,2026-09-09,2026-09-09T00:00:00+07:00,2026-09-09T00:00:00+07:00,christian,True
kupang-kini.example,Kupang,2025-09-15,26,0.155,0.277,,https://kupang-kini.example/fixture/metrik/2025-09-15,,2026-09-09,2026-09-09T00:00:00+07:00,2026-09-09T00:00:00+07:00,christian,True
kupang-kini.example,Kupang,2025-09-22,13,0.179,0.142,,https://kupang-kini.example/fixture/metrik/2025-09-22,,2026-09-09,2026-09-09T00:00:00+07:00,2026-09-09T00:00:00+07:00,christian,True
kupang-kini.example,Kupang,2025-09-29,17,0.16,0.229,,https://kupang-kini.example/fixture/metrik/2025-09-29,,2026-09-09,2026-09-09T00:00:00+07:00,2026-09-09T00:00:00+07:00,christian,True
kupang-kini.example,Kupang,2025-10-06,23,0.159,0.256,,https://kupang-kini.example/fixture/metrik/2025-10-06,,2026-09-09,2026-09-09T00:00:00+07:00,2026-09-09T00:00:00+07:00,christian,True
kupang-kini.example,Kupang,2025-10-13,23,0.122,0.213,,https://kupang-kini.example/fixture/metrik/2025-10-13,,2026-09-09,2026-09-09T00:00:00+07:00,2026-09-09T00:00:00+07:00,christian,True
kupang-kini.example,Kupang,2025-10-20,24,0.094,0.243,,https://kupang-kini.example/fixture/metrik/2025-10-20,,2026-09-09,2026-09-09T00:00:00+07:00,2026-09-09T00:00:00+07:00,christian,True
kupang-kini.example,Kupang,2025-10-27,22,0.159,0.129,,https://kupang-kini.example/fixture/metrik/2025-10-27,,2026-09-09,2026-09-09T00:00:00+07:00,2026-09-09T00:00:00+07:00,christian,True
kupang-kini.example,Kupang,2025-11-03,21,0.177,0.224,,https://kupang-kini.example/fixture/metrik/2025-11-03,,2026-09-09,2026-09-09T00:00:00+07:00,2026-09-09T00:00:00+07:00,christian,True
kupang-kini.example,Kupang,2025-11-10,27,0.142,0.221,,https://kupang-kini.example/fixture/metrik/2025-11-10,,2026-09-09,2026-09-09T00:00:00+07:00,2026-09-09T00:00:00+07:00,christian,True
kupang-kini.example,Kupang,2025-11-17,17,0.054,0.264,,https://kupang-kini.example/fixture/metrik/2025-11-17,,2026-09-09,2026-09-09T00:00:00+07:00,2026-09-09T00:00:00+07:00,christian,True
kupang-kini.example,Kupang,2025-11-24,18,0.092,0.182,,https://kupang-kini.example/fixture/metrik/2025-11-24,,2026-09-09,2026-09-09T00:00:00+07:00,2026-09-09T00:00:00+07:00,christian,True
kupang-kini.example,Kupang,2025-12-01,33,0.17,0.173,,https://kupang-kini.example/fixture/metrik/2025-12-01,,2026-09-09,2026-09-09T00:00:00+07:00,2026-09-09T00:00:00+07:00,christian,True
kupang-kini.example,Kupang,2025-12-08,35,0.173,0.186,,https://kupang-kini.example/fixture/metrik/2025-12-08,,2026-09-09,2026-09-09T00:00:00+07:00,2026-09-09T00:00:00+07:00,christian,True
kupang-kini.example,Kupang,2025-12-15,18,0.104,0.201,,https://kupang-kini.example/fixture/metrik/2025-12-15,,2026-09-09,2026-09-09T00:00:00+07:00,2026-09-09T00:00:00+07:00,christian,True
kupang-kini.example,Kupang,2025-12-22,30,0.108,0.211,,https://kupang-kini.example/fixture/metrik/2025-12-22,,2026-09-09,2026-09-09T00:00:00+07:00,2026-09-09T00:00:00+07:00,christian,True
kupang-kini.example,Kupang,2025-12-29,24,0.169,0.098,,https://kupang-kini.example/fixture/metrik/2025-12-29,,2026-09-09,2026-09-09T00:00:00+07:00,2026-09-09T00:00:00+07:00,christian,True
